model,trapezoid_index,point_i,point_i_plus_1,fpr_i,tpr_i,fpr_i_plus_1,tpr_i_plus_1,trapezoid_area
Random Forest,0,0,1,0.0,0.0,5.6085249579360626e-05,0.0,0.0
Random Forest,1,1,2,5.6085249579360626e-05,0.0,5.6085249579360626e-05,0.0007930214115781126,0.0
Random Forest,2,2,3,5.6085249579360626e-05,0.0007930214115781126,5.6085249579360626e-05,0.0015860428231562252,0.0
Random Forest,3,3,4,5.6085249579360626e-05,0.0015860428231562252,5.6085249579360626e-05,0.0023790642347343376,0.0
Random Forest,4,4,5,5.6085249579360626e-05,0.0023790642347343376,5.6085249579360626e-05,0.0031720856463124504,0.0
Random Forest,5,5,6,5.6085249579360626e-05,0.0031720856463124504,0.00011217049915872125,0.0031720856463124504,1.7790721516054124e-07
Random Forest,6,6,7,0.00011217049915872125,0.0031720856463124504,0.00011217049915872125,0.003965107057890563,0.0
Random Forest,7,7,8,0.00011217049915872125,0.003965107057890563,0.0001682557487380819,0.003965107057890563,2.223840189506766e-07
Random Forest,8,8,9,0.0001682557487380819,0.003965107057890563,0.0002243409983174425,0.003965107057890563,2.2238401895067648e-07
Random Forest,9,9,10,0.0002243409983174425,0.003965107057890563,0.00028042624789680314,0.003965107057890563,2.223840189506766e-07
Random Forest,10,10,11,0.00028042624789680314,0.003965107057890563,0.00028042624789680314,0.004758128469468675,0.0
Random Forest,11,11,12,0.00028042624789680314,0.004758128469468675,0.00028042624789680314,0.0055511498810467885,0.0
Random Forest,12,12,13,0.00028042624789680314,0.0055511498810467885,0.0003365114974761638,0.0055511498810467885,3.1133762653094725e-07
Random Forest,13,13,14,0.0003365114974761638,0.0055511498810467885,0.0003925967470555244,0.0055511498810467885,3.1133762653094725e-07
Random Forest,14,14,15,0.0003925967470555244,0.0055511498810467885,0.0003925967470555244,0.006344171292624901,0.0
Random Forest,15,15,16,0.0003925967470555244,0.006344171292624901,0.000448681996634885,0.006344171292624901,3.558144303210822e-07
Random Forest,16,16,17,0.000448681996634885,0.006344171292624901,0.000448681996634885,0.007930214115781126,0.0
Random Forest,17,17,18,0.000448681996634885,0.007930214115781126,0.0005047672462142456,0.007930214115781126,4.447680379013532e-07
Random Forest,18,18,19,0.0005047672462142456,0.007930214115781126,0.0005608524957936063,0.007930214115781126,4.447680379013532e-07
Random Forest,19,19,20,0.0005608524957936063,0.007930214115781126,0.0006169377453729669,0.007930214115781126,4.447680379013532e-07
Random Forest,20,20,21,0.0006169377453729669,0.007930214115781126,0.0006730229949523276,0.007930214115781126,4.447680379013532e-07
Random Forest,21,21,22,0.0006730229949523276,0.007930214115781126,0.0006730229949523276,0.00951625693893735,0.0
Random Forest,22,22,23,0.0006730229949523276,0.00951625693893735,0.0006730229949523276,0.010309278350515464,0.0
Random Forest,23,23,24,0.0006730229949523276,0.010309278350515464,0.0006730229949523276,0.011102299762093577,0.0
Random Forest,24,24,25,0.0006730229949523276,0.011102299762093577,0.0007291082445316882,0.011102299762093577,6.226752530618945e-07
Random Forest,25,25,26,0.0007291082445316882,0.011102299762093577,0.0007291082445316882,0.011895321173671689,0.0
Random Forest,26,26,27,0.0007291082445316882,0.011895321173671689,0.0007851934941110488,0.011895321173671689,6.671520568520298e-07
Random Forest,27,27,28,0.0007851934941110488,0.011895321173671689,0.0008412787436904094,0.012688342585249802,6.893904587470961e-07
Random Forest,28,28,29,0.0008412787436904094,0.012688342585249802,0.00089736399326977,0.012688342585249802,7.116288606421652e-07
Random Forest,29,29,30,0.00089736399326977,0.012688342585249802,0.0009534492428491307,0.012688342585249802,7.116288606421652e-07
Random Forest,30,30,31,0.0009534492428491307,0.012688342585249802,0.0010095344924284913,0.012688342585249802,7.116288606421652e-07
Random Forest,31,31,32,0.0010095344924284913,0.012688342585249802,0.0010095344924284913,0.013481363996827915,0.0
Random Forest,32,32,33,0.0010095344924284913,0.013481363996827915,0.001065619742007852,0.013481363996827915,7.561056644323005e-07
Random Forest,33,33,34,0.001065619742007852,0.013481363996827915,0.0011217049915872126,0.013481363996827915,7.561056644323005e-07
Random Forest,34,34,35,0.0011217049915872126,0.013481363996827915,0.0011777902411665732,0.013481363996827915,7.561056644323005e-07
Random Forest,35,35,36,0.0011777902411665732,0.013481363996827915,0.0011777902411665732,0.014274385408406027,0.0
Random Forest,36,36,37,0.0011777902411665732,0.014274385408406027,0.0011777902411665732,0.01506740681998414,0.0
Random Forest,37,37,38,0.0011777902411665732,0.01506740681998414,0.0011777902411665732,0.01586042823156225,0.0
Random Forest,38,38,39,0.0011777902411665732,0.01586042823156225,0.0014021312394840158,0.0190325138778747,3.913958733531908e-06
Random Forest,39,39,40,0.0014021312394840158,0.0190325138778747,0.0014021312394840158,0.019825535289452814,0.0
Random Forest,40,40,41,0.0014021312394840158,0.019825535289452814,0.0014582164890633764,0.019825535289452814,1.111920094753383e-06
Random Forest,41,41,42,0.0014582164890633764,0.019825535289452814,0.0014582164890633764,0.020618556701030927,0.0
Random Forest,42,42,43,0.0014582164890633764,0.020618556701030927,0.001514301738642737,0.020618556701030927,1.1563968985435184e-06
Random Forest,43,43,44,0.001514301738642737,0.020618556701030927,0.0015703869882220977,0.020618556701030927,1.1563968985435184e-06
Random Forest,44,44,45,0.0015703869882220977,0.020618556701030927,0.0015703869882220977,0.02141157811260904,0.0
Random Forest,45,45,46,0.0015703869882220977,0.02141157811260904,0.0016264722378014581,0.02141157811260904,1.200873702333649e-06
Random Forest,46,46,47,0.0016264722378014581,0.02141157811260904,0.0016264722378014581,0.022204599524187154,0.0
Random Forest,47,47,48,0.0016264722378014581,0.022204599524187154,0.0017386427369601794,0.023790642347343377,2.5796546198278488e-06
Random Forest,48,48,49,0.0017386427369601794,0.023790642347343377,0.0017386427369601794,0.02458366375892149,0.0
Random Forest,49,49,50,0.0017386427369601794,0.02458366375892149,0.00179472798653954,0.02458366375892149,1.378780917494195e-06
Random Forest,50,50,51,0.00179472798653954,0.02458366375892149,0.00179472798653954,0.026169706582077717,0.0
Random Forest,51,51,52,0.00179472798653954,0.026169706582077717,0.0019068984856982613,0.026169706582077717,2.935469050148931e-06
Random Forest,52,52,53,0.0019068984856982613,0.026169706582077717,0.001962983735277622,0.026169706582077717,1.4677345250744656e-06
Random Forest,53,53,54,0.001962983735277622,0.026169706582077717,0.0020751542344363432,0.030927835051546393,3.2023298728897435e-06
Random Forest,54,54,55,0.0020751542344363432,0.030927835051546393,0.002243409983174425,0.030927835051546393,5.203786043445833e-06
Random Forest,55,55,56,0.002243409983174425,0.030927835051546393,0.002299495232753786,0.030927835051546393,1.7345953478152775e-06
Random Forest,56,56,57,0.002299495232753786,0.030927835051546393,0.0023555804823331464,0.03330689928628073,1.8013105535004803e-06
Random Forest,57,57,58,0.0023555804823331464,0.03330689928628073,0.0023555804823331464,0.03647898493259318,0.0
Random Forest,58,58,59,0.0023555804823331464,0.03647898493259318,0.0025238362310712283,0.0380650277557494,6.27122933440908e-06
Random Forest,59,59,60,0.0025238362310712283,0.0380650277557494,0.002579921480650589,0.0380650277557494,2.1348865819264952e-06
Random Forest,60,60,61,0.002579921480650589,0.0380650277557494,0.0026360067302299496,0.0380650277557494,2.1348865819264952e-06
Random Forest,61,61,62,0.0026360067302299496,0.0380650277557494,0.0026920919798093103,0.0380650277557494,2.1348865819264952e-06
Random Forest,62,62,63,0.0026920919798093103,0.0380650277557494,0.0028042624789680315,0.03885804916732752,4.3142499676431265e-06
Random Forest,63,63,64,0.0028042624789680315,0.03885804916732752,0.002860347728547392,0.03885804916732752,2.179363385716631e-06
Random Forest,64,64,65,0.002860347728547392,0.03885804916732752,0.002916432978126753,0.03885804916732752,2.179363385716631e-06
Random Forest,65,65,66,0.002916432978126753,0.03885804916732752,0.0029725182277061135,0.03885804916732752,2.179363385716631e-06
Random Forest,66,66,67,0.0029725182277061135,0.03885804916732752,0.003028603477285474,0.03885804916732752,2.179363385716631e-06
Random Forest,67,67,68,0.003028603477285474,0.03885804916732752,0.0031407739764441954,0.03885804916732752,4.358726771433262e-06
Random Forest,68,68,69,0.0031407739764441954,0.03885804916732752,0.003196859226023556,0.03885804916732752,2.179363385716631e-06
Random Forest,69,69,70,0.003196859226023556,0.03885804916732752,0.0032529444756029162,0.03885804916732752,2.179363385716614e-06
Random Forest,70,70,71,0.0032529444756029162,0.03885804916732752,0.003309029725182277,0.03885804916732752,2.179363385716631e-06
Random Forest,71,71,72,0.003309029725182277,0.03885804916732752,0.003421200224340998,0.03885804916732752,4.358726771433262e-06
Random Forest,72,72,73,0.003421200224340998,0.03885804916732752,0.003477285473920359,0.03885804916732752,2.179363385716631e-06
Random Forest,73,73,74,0.003477285473920359,0.03885804916732752,0.003477285473920359,0.03965107057890563,0.0
Random Forest,74,74,75,0.003477285473920359,0.03965107057890563,0.0035333707234997194,0.03965107057890563,2.223840189506766e-06
Random Forest,75,75,76,0.0035333707234997194,0.03965107057890563,0.00358945597307908,0.03965107057890563,2.223840189506766e-06
Random Forest,76,76,77,0.00358945597307908,0.03965107057890563,0.0037016264722378013,0.041237113402061855,4.5366339865938024e-06
Random Forest,77,77,78,0.0037016264722378013,0.041237113402061855,0.003757711721817162,0.041237113402061855,2.312793797087037e-06
Random Forest,78,78,79,0.003757711721817162,0.041237113402061855,0.0038137969713965226,0.041237113402061855,2.312793797087037e-06
Random Forest,79,79,80,0.0038137969713965226,0.041237113402061855,0.0038698822209758833,0.041237113402061855,2.312793797087037e-06
Random Forest,80,80,81,0.0038698822209758833,0.041237113402061855,0.0038698822209758833,0.04203013481363997,0.0
Random Forest,81,81,82,0.0038698822209758833,0.04203013481363997,0.0039820527201346045,0.04203013481363997,4.714541201754344e-06
Random Forest,82,82,83,0.0039820527201346045,0.04203013481363997,0.004038137969713965,0.04203013481363997,2.357270600877172e-06
Random Forest,83,83,84,0.004038137969713965,0.04203013481363997,0.004094223219293326,0.04203013481363997,2.357270600877172e-06
Random Forest,84,84,85,0.004094223219293326,0.04203013481363997,0.0041503084688726865,0.04203013481363997,2.357270600877172e-06
Random Forest,85,85,86,0.0041503084688726865,0.04203013481363997,0.004206393718452047,0.04203013481363997,2.357270600877172e-06
Random Forest,86,86,87,0.004206393718452047,0.04203013481363997,0.004262478968031408,0.04203013481363997,2.357270600877172e-06
Random Forest,87,87,88,0.004262478968031408,0.04203013481363997,0.004655075715086932,0.04203013481363997,1.6500894206140206e-05
Random Forest,88,88,89,0.004655075715086932,0.04203013481363997,0.006057206954570948,0.063441712926249,7.394268630109997e-05
Random Forest,89,89,90,0.006057206954570948,0.063441712926249,0.006113292204150309,0.063441712926249,3.5581443032108254e-06
Random Forest,90,90,91,0.006113292204150309,0.063441712926249,0.0061693774537296695,0.06423473433782712,3.580382705105893e-06
Random Forest,91,91,92,0.0061693774537296695,0.06423473433782712,0.006281547952888391,0.06423473433782712,7.205242214001921e-06
Random Forest,92,92,93,0.006281547952888391,0.06423473433782712,0.006561974200785193,0.06740681998413957,1.8457873572906097e-05
Random Forest,93,93,94,0.006561974200785193,0.06740681998413957,0.006561974200785193,0.06819984139571768,0.0
Random Forest,94,94,95,0.006561974200785193,0.06819984139571768,0.006618059450364554,0.06819984139571768,3.825005125951637e-06
Random Forest,95,95,96,0.006618059450364554,0.06819984139571768,0.007066741446999439,0.07375099127676447,3.184539151373689e-05
Random Forest,96,96,97,0.007066741446999439,0.07375099127676447,0.0071228266965787995,0.07375099127676447,4.136342752482585e-06
Random Forest,97,97,98,0.0071228266965787995,0.07375099127676447,0.007234997195737521,0.07454401268834258,8.317162308755305e-06
Random Forest,98,98,99,0.007234997195737521,0.07454401268834258,0.007234997195737521,0.0753370340999207,0.0
Random Forest,99,99,100,0.007234997195737521,0.0753370340999207,0.007234997195737521,0.0761300555114988,0.0
Random Forest,100,100,101,0.007234997195737521,0.0761300555114988,0.00886146943353898,0.08961141950832673,0.0001347869538860051
Random Forest,101,101,102,0.00886146943353898,0.08961141950832673,0.008917554683118339,0.09040444091990484,5.048117230180281e-06
Random Forest,102,102,103,0.008917554683118339,0.09040444091990484,0.008917554683118339,0.09119746233148295,0.0
Random Forest,103,103,104,0.008917554683118339,0.09119746233148295,0.0089736399326977,0.09119746233148295,5.11483243586564e-06
Random Forest,104,104,105,0.0089736399326977,0.09119746233148295,0.009141895681435782,0.09357652656621729,1.5544642924652216e-05
Random Forest,105,105,106,0.009141895681435782,0.09357652656621729,0.009141895681435782,0.0943695479777954,0.0
Random Forest,106,106,107,0.009141895681435782,0.0943695479777954,0.009197980931015143,0.0943695479777954,5.292739651026185e-06
Random Forest,107,107,108,0.009197980931015143,0.0943695479777954,0.009254066180594503,0.0943695479777954,5.292739651026021e-06
Random Forest,108,108,109,0.009254066180594503,0.0943695479777954,0.009310151430173864,0.0943695479777954,5.292739651026185e-06
Random Forest,109,109,110,0.009310151430173864,0.0943695479777954,0.009366236679753224,0.0943695479777954,5.292739651026021e-06
Random Forest,110,110,111,0.009366236679753224,0.0943695479777954,0.009366236679753224,0.09516256938937351,0.0
Random Forest,111,111,112,0.009366236679753224,0.09516256938937351,0.009422321929332586,0.09595559080095163,5.359454856711389e-06
Random Forest,112,112,113,0.009422321929332586,0.09595559080095163,0.009422321929332586,0.09674861221252974,0.0
Random Forest,113,113,114,0.009422321929332586,0.09674861221252974,0.009478407178911945,0.09674861221252974,5.426170062396426e-06
Random Forest,114,114,115,0.009478407178911945,0.09674861221252974,0.009478407178911945,0.09754163362410785,0.0
Random Forest,115,115,116,0.009478407178911945,0.09754163362410785,0.009534492428491307,0.09754163362410785,5.470646866186729e-06
Random Forest,116,116,117,0.009534492428491307,0.09754163362410785,0.009590577678070667,0.09754163362410785,5.47064686618656e-06
Random Forest,117,117,118,0.009590577678070667,0.09754163362410785,0.009702748177229388,0.09754163362410785,1.094129373237329e-05
Random Forest,118,118,119,0.009702748177229388,0.09754163362410785,0.009702748177229388,0.09833465503568596,0.0
Random Forest,119,119,120,0.009702748177229388,0.09833465503568596,0.00975883342680875,0.09833465503568596,5.515123669976865e-06
Random Forest,120,120,121,0.00975883342680875,0.09833465503568596,0.00981491867638811,0.09833465503568596,5.515123669976694e-06
Random Forest,121,121,122,0.00981491867638811,0.09833465503568596,0.00987100392596747,0.09833465503568596,5.515123669976865e-06
Random Forest,122,122,123,0.00987100392596747,0.09833465503568596,0.00992708917554683,0.09912767644726407,5.537362071871762e-06
Random Forest,123,123,124,0.00992708917554683,0.09912767644726407,0.009983174425126192,0.09912767644726407,5.559600473767001e-06
Random Forest,124,124,125,0.009983174425126192,0.09912767644726407,0.010039259674705552,0.09912767644726407,5.559600473766829e-06
Random Forest,125,125,126,0.010039259674705552,0.09912767644726407,0.010039259674705552,0.0999206978588422,0.0
Random Forest,126,126,127,0.010039259674705552,0.0999206978588422,0.010151430173864273,0.0999206978588422,1.1208154555114102e-05
Random Forest,127,127,128,0.010151430173864273,0.0999206978588422,0.010319685922602356,0.0999206978588422,1.681223183267124e-05
Random Forest,128,128,129,0.010319685922602356,0.0999206978588422,0.010431856421761077,0.0999206978588422,1.1208154555114102e-05
Random Forest,129,129,130,0.010431856421761077,0.0999206978588422,0.010431856421761077,0.1007137192704203,0.0
Random Forest,130,130,131,0.010431856421761077,0.1007137192704203,0.010487941671340437,0.1007137192704203,5.648554081347098e-06
Random Forest,131,131,132,0.010487941671340437,0.1007137192704203,0.0108244531688166,0.10150674068199841,3.402475489945352e-05
Random Forest,132,132,133,0.0108244531688166,0.10150674068199841,0.0108244531688166,0.10229976209357652,0.0
Random Forest,133,133,134,0.0108244531688166,0.10229976209357652,0.010880538418395962,0.10229976209357652,5.737507688927545e-06
Random Forest,134,134,135,0.010880538418395962,0.10229976209357652,0.011721817162086371,0.10309278350515463,8.639619136233776e-05
Random Forest,135,135,136,0.011721817162086371,0.10309278350515463,0.011946158160403814,0.10309278350515463,2.3127937970870364e-05
Random Forest,136,136,137,0.011946158160403814,0.10309278350515463,0.011946158160403814,0.10388580491673276,0.0
Random Forest,137,137,138,0.011946158160403814,0.10388580491673276,0.012002243409983175,0.10388580491673276,5.826461296507818e-06
Random Forest,138,138,139,0.012002243409983175,0.10388580491673276,0.012114413909141896,0.10467882632831087,1.169739939680559e-05
Random Forest,139,139,140,0.012114413909141896,0.10467882632831087,0.012170499158721256,0.10467882632831087,5.870938100297772e-06
Random Forest,140,140,141,0.012170499158721256,0.10467882632831087,0.012226584408300618,0.10467882632831087,5.870938100297954e-06
Random Forest,141,141,142,0.012226584408300618,0.10467882632831087,0.012282669657879977,0.10467882632831087,5.870938100297772e-06
Random Forest,142,142,143,0.012282669657879977,0.10467882632831087,0.012394840157038699,0.10547184773988898,1.178635300438586e-05
Random Forest,143,143,144,0.012394840157038699,0.10547184773988898,0.012394840157038699,0.10626486915146709,0.0
Random Forest,144,144,145,0.012394840157038699,0.10626486915146709,0.01245092540661806,0.10626486915146709,5.959891707878225e-06
Random Forest,145,145,146,0.01245092540661806,0.10626486915146709,0.012619181155356141,0.1070578905630452,1.794639032931951e-05
Random Forest,146,146,147,0.012619181155356141,0.1070578905630452,0.012675266404935503,0.1070578905630452,6.004368511668361e-06
Random Forest,147,147,148,0.012675266404935503,0.1070578905630452,0.012731351654514863,0.1070578905630452,6.0043685116681755e-06
Random Forest,148,148,149,0.012731351654514863,0.1070578905630452,0.012731351654514863,0.10785091197462332,0.0
Random Forest,149,149,150,0.012731351654514863,0.10785091197462332,0.012731351654514863,0.10864393338620143,0.0
Random Forest,150,150,151,0.012731351654514863,0.10864393338620143,0.012787436904094224,0.10864393338620143,6.093322119248633e-06
Random Forest,151,151,152,0.012787436904094224,0.10864393338620143,0.012843522153673584,0.10943695479777954,6.115560521143512e-06
Random Forest,152,152,153,0.012843522153673584,0.10943695479777954,0.013292204150308469,0.11022997620935765,4.9280298599469934e-05
Random Forest,153,153,154,0.013292204150308469,0.11022997620935765,0.013348289399887829,0.11022997620935765,6.182275726828714e-06
Random Forest,154,154,155,0.013348289399887829,0.11022997620935765,0.01340437464946719,0.11022997620935765,6.182275726828905e-06
Random Forest,155,155,156,0.01340437464946719,0.11022997620935765,0.01346045989904655,0.11022997620935765,6.182275726828714e-06
Random Forest,156,156,157,0.01346045989904655,0.11022997620935765,0.013572630398205271,0.11022997620935765,1.2364551453657619e-05
Random Forest,157,157,158,0.013572630398205271,0.11022997620935765,0.013628715647784633,0.11022997620935765,6.182275726828905e-06
Random Forest,158,158,159,0.013628715647784633,0.11022997620935765,0.013684800897363993,0.11022997620935765,6.182275726828714e-06
Random Forest,159,159,160,0.013684800897363993,0.11022997620935765,0.013909141895681435,0.11260904044409199,2.499596373005605e-05
Random Forest,160,160,161,0.013909141895681435,0.11260904044409199,0.013965227145260797,0.11260904044409199,6.315706138199313e-06
Random Forest,161,161,162,0.013965227145260797,0.11260904044409199,0.014021312394840156,0.11260904044409199,6.315706138199118e-06
Random Forest,162,162,163,0.014021312394840156,0.11260904044409199,0.014077397644419518,0.11260904044409199,6.315706138199313e-06
Random Forest,163,163,164,0.014077397644419518,0.11260904044409199,0.014133482893998878,0.11260904044409199,6.315706138199118e-06
Random Forest,164,164,165,0.014133482893998878,0.11260904044409199,0.01418956814357824,0.11260904044409199,6.315706138199313e-06
Random Forest,165,165,166,0.01418956814357824,0.11260904044409199,0.014245653393157599,0.11260904044409199,6.315706138199118e-06
Random Forest,166,166,167,0.014245653393157599,0.11260904044409199,0.01430173864273696,0.11260904044409199,6.315706138199313e-06
Random Forest,167,167,168,0.01430173864273696,0.11260904044409199,0.01435782389231632,0.11260904044409199,6.315706138199118e-06
Random Forest,168,168,169,0.01435782389231632,0.11260904044409199,0.014413909141895682,0.11260904044409199,6.315706138199313e-06
Random Forest,169,169,170,0.014413909141895682,0.11260904044409199,0.014469994391475042,0.11260904044409199,6.315706138199118e-06
Random Forest,170,170,171,0.014469994391475042,0.11260904044409199,0.014526079641054403,0.11260904044409199,6.315706138199313e-06
Random Forest,171,171,172,0.014526079641054403,0.11260904044409199,0.014582164890633763,0.1134020618556701,6.337944540094185e-06
Random Forest,172,172,173,0.014582164890633763,0.1134020618556701,0.014638250140213124,0.1134020618556701,6.360182941989449e-06
Random Forest,173,173,174,0.014638250140213124,0.1134020618556701,0.014638250140213124,0.11419508326724821,0.0
Random Forest,174,174,175,0.014638250140213124,0.11419508326724821,0.014694335389792484,0.11419508326724821,6.404659745779387e-06
Random Forest,175,175,176,0.014694335389792484,0.11419508326724821,0.014750420639371846,0.11419508326724821,6.404659745779585e-06
Random Forest,176,176,177,0.014750420639371846,0.11419508326724821,0.014806505888951205,0.11419508326724821,6.404659745779387e-06
Random Forest,177,177,178,0.014806505888951205,0.11419508326724821,0.014806505888951205,0.11498810467882632,0.0
Random Forest,178,178,179,0.014806505888951205,0.11498810467882632,0.014862591138530567,0.11498810467882632,6.449136549569721e-06
Random Forest,179,179,180,0.014862591138530567,0.11498810467882632,0.014918676388109927,0.11498810467882632,6.449136549569521e-06
Random Forest,180,180,181,0.014918676388109927,0.11498810467882632,0.014974761637689288,0.11498810467882632,6.449136549569721e-06
Random Forest,181,181,182,0.014974761637689288,0.11498810467882632,0.01508693213684801,0.11498810467882632,1.2898273099139243e-05
Random Forest,182,182,183,0.01508693213684801,0.11498810467882632,0.01514301738642737,0.11578112609040445,6.47137495146459e-06
Random Forest,183,183,184,0.01514301738642737,0.11578112609040445,0.01519910263600673,0.11578112609040445,6.493613353359857e-06
Random Forest,184,184,185,0.01519910263600673,0.11578112609040445,0.015591699383062254,0.11736716891356067,4.576663110004915e-05
Random Forest,185,185,186,0.015591699383062254,0.11736716891356067,0.015591699383062254,0.11816019032513878,0.0
Random Forest,186,186,187,0.015591699383062254,0.11816019032513878,0.015647784632641614,0.11816019032513878,6.62704376473006e-06
Random Forest,187,187,188,0.015647784632641614,0.11816019032513878,0.015703869882220976,0.11816019032513878,6.627043764730265e-06
Random Forest,188,188,189,0.015703869882220976,0.11816019032513878,0.015703869882220976,0.11895321173671689,0.0
Random Forest,189,189,190,0.015703869882220976,0.11895321173671689,0.015759955131800337,0.11895321173671689,6.671520568520401e-06
Random Forest,190,190,191,0.015759955131800337,0.11895321173671689,0.015872125630959057,0.11895321173671689,1.334304113704039e-05
Random Forest,191,191,192,0.015872125630959057,0.11895321173671689,0.015928210880538418,0.11895321173671689,6.671520568520401e-06
Random Forest,192,192,193,0.015928210880538418,0.11895321173671689,0.016545148625911384,0.11974623314829501,7.363134867456891e-05
Random Forest,193,193,194,0.016545148625911384,0.11974623314829501,0.016545148625911384,0.12053925455987312,0.0
Random Forest,194,194,195,0.016545148625911384,0.12053925455987312,0.016601233875490746,0.12053925455987312,6.7604741761006735e-06
Random Forest,195,195,196,0.016601233875490746,0.12053925455987312,0.016657319125070107,0.12053925455987312,6.7604741761006735e-06
Random Forest,196,196,197,0.016657319125070107,0.12053925455987312,0.01671340437464947,0.12053925455987312,6.7604741761006735e-06
Random Forest,197,197,198,0.01671340437464947,0.12053925455987312,0.01671340437464947,0.12133227597145123,0.0
Random Forest,198,198,199,0.01671340437464947,0.12133227597145123,0.01671340437464947,0.12212529738302934,0.0
Random Forest,199,199,200,0.01671340437464947,0.12212529738302934,0.016769489624228827,0.12212529738302934,6.849427783680521e-06
Random Forest,200,200,201,0.016769489624228827,0.12212529738302934,0.01682557487380819,0.12212529738302934,6.849427783680945e-06
Random Forest,201,201,202,0.01682557487380819,0.12212529738302934,0.01688166012338755,0.12212529738302934,6.849427783680945e-06
Random Forest,202,202,203,0.01688166012338755,0.12212529738302934,0.01693774537296691,0.12212529738302934,6.849427783680945e-06
Random Forest,203,203,204,0.01693774537296691,0.12212529738302934,0.01699383062254627,0.12291831879460745,6.871666185575588e-06
Random Forest,204,204,205,0.01699383062254627,0.12291831879460745,0.01704991587212563,0.12291831879460745,6.893904587471081e-06
Random Forest,205,205,206,0.01704991587212563,0.12291831879460745,0.017106001121704992,0.12291831879460745,6.893904587471081e-06
Random Forest,206,206,207,0.017106001121704992,0.12291831879460745,0.017106001121704992,0.12371134020618557,0.0
Random Forest,207,207,208,0.017106001121704992,0.12371134020618557,0.017218171620863712,0.12371134020618557,1.3876762782522007e-05
Random Forest,208,208,209,0.017218171620863712,0.12371134020618557,0.017274256870443074,0.12371134020618557,6.938381391261218e-06
Random Forest,209,209,210,0.017274256870443074,0.12371134020618557,0.017330342120022435,0.12371134020618557,6.938381391261218e-06
Random Forest,210,210,211,0.017330342120022435,0.12371134020618557,0.017386427369601793,0.12371134020618557,6.938381391260788e-06
Random Forest,211,211,212,0.017386427369601793,0.12371134020618557,0.017442512619181155,0.12371134020618557,6.938381391261218e-06
Random Forest,212,212,213,0.017442512619181155,0.12371134020618557,0.017610768367919236,0.1252973830293418,2.094857458515363e-05
Random Forest,213,213,214,0.017610768367919236,0.1252973830293418,0.017666853617498597,0.1252973830293418,7.02733499884149e-06
Random Forest,214,214,215,0.017666853617498597,0.1252973830293418,0.017666853617498597,0.1260904044409199,0.0
Random Forest,215,215,216,0.017666853617498597,0.1260904044409199,0.017666853617498597,0.126883425852498,0.0
Random Forest,216,216,217,0.017666853617498597,0.126883425852498,0.017666853617498597,0.12767644726407612,0.0
Random Forest,217,217,218,0.017666853617498597,0.12767644726407612,0.01789119461581604,0.12846946867565423,2.8732015248427414e-05
Random Forest,218,218,219,0.01789119461581604,0.12846946867565423,0.0179472798653954,0.12846946867565423,7.205242214002033e-06
Random Forest,219,219,220,0.0179472798653954,0.12846946867565423,0.018003365114974763,0.12846946867565423,7.205242214002033e-06
Random Forest,220,220,221,0.018003365114974763,0.12846946867565423,0.01805945036455412,0.12846946867565423,7.205242214001587e-06
Random Forest,221,221,222,0.01805945036455412,0.12846946867565423,0.018115535614133482,0.12846946867565423,7.205242214002033e-06
Random Forest,222,222,223,0.018115535614133482,0.12846946867565423,0.018115535614133482,0.12926249008723237,0.0
Random Forest,223,223,224,0.018115535614133482,0.12926249008723237,0.018171620863712844,0.13005551149881048,7.271957419687238e-06
Random Forest,224,224,225,0.018171620863712844,0.13005551149881048,0.018227706113292205,0.13005551149881048,7.294195821582306e-06
Random Forest,225,225,226,0.018227706113292205,0.13005551149881048,0.018283791362871563,0.13005551149881048,7.294195821581854e-06
Random Forest,226,226,227,0.018283791362871563,0.13005551149881048,0.018339876612450925,0.1308485329103886,7.3164342234773735e-06
Random Forest,227,227,228,0.018339876612450925,0.1308485329103886,0.018452047111609648,0.1308485329103886,1.4677345250744884e-05
Random Forest,228,228,229,0.018452047111609648,0.1308485329103886,0.018508132361189006,0.1308485329103886,7.338672625371988e-06
Random Forest,229,229,230,0.018508132361189006,0.1308485329103886,0.018508132361189006,0.1316415543219667,0.0
Random Forest,230,230,231,0.018508132361189006,0.1316415543219667,0.018508132361189006,0.1324345757335448,0.0
Random Forest,231,231,232,0.018508132361189006,0.1324345757335448,0.018564217610768367,0.1324345757335448,7.427626232952713e-06
Random Forest,232,232,233,0.018564217610768367,0.1324345757335448,0.01862030286034773,0.1324345757335448,7.427626232952713e-06
Random Forest,233,233,234,0.01862030286034773,0.1324345757335448,0.01867638810992709,0.1324345757335448,7.427626232952713e-06
Random Forest,234,234,235,0.01867638810992709,0.1324345757335448,0.01873247335950645,0.1324345757335448,7.427626232952254e-06
Random Forest,235,235,236,0.01873247335950645,0.1324345757335448,0.01884464385866517,0.1324345757335448,1.4855252465905426e-05
Random Forest,236,236,237,0.01884464385866517,0.1324345757335448,0.01895681435782389,0.1324345757335448,1.4855252465904967e-05
Random Forest,237,237,238,0.01895681435782389,0.1324345757335448,0.01895681435782389,0.13322759714512292,0.0
Random Forest,238,238,239,0.01895681435782389,0.13322759714512292,0.019068984856982614,0.13322759714512292,1.4944206073485698e-05
Random Forest,239,239,240,0.019068984856982614,0.13322759714512292,0.019125070106561975,0.13322759714512292,7.472103036742849e-06
Random Forest,240,240,241,0.019125070106561975,0.13322759714512292,0.019181155356141334,0.13322759714512292,7.4721030367423875e-06
Random Forest,241,241,242,0.019181155356141334,0.13322759714512292,0.019237240605720695,0.13402061855670103,7.494341438637918e-06
Random Forest,242,242,243,0.019237240605720695,0.13402061855670103,0.01957375210319686,0.13402061855670103,4.509947904319745e-05
Random Forest,243,243,244,0.01957375210319686,0.13402061855670103,0.019798093101514303,0.13481363996827914,3.0155272969711747e-05
Random Forest,244,244,245,0.019798093101514303,0.13481363996827914,0.01985417835109366,0.13481363996827914,7.561056644322654e-06
Random Forest,245,245,246,0.01985417835109366,0.13481363996827914,0.019910263600673023,0.13481363996827914,7.561056644323121e-06
Random Forest,246,246,247,0.019910263600673023,0.13481363996827914,0.019966348850252384,0.13481363996827914,7.561056644323121e-06
Random Forest,247,247,248,0.019966348850252384,0.13481363996827914,0.020022434099831746,0.13481363996827914,7.561056644323121e-06
Random Forest,248,248,249,0.020022434099831746,0.13481363996827914,0.020078519349411104,0.13481363996827914,7.561056644322654e-06
Random Forest,249,249,250,0.020078519349411104,0.13481363996827914,0.020134604598990465,0.13481363996827914,7.561056644323121e-06
Random Forest,250,250,251,0.020134604598990465,0.13481363996827914,0.020190689848569827,0.13481363996827914,7.561056644323121e-06
Random Forest,251,251,252,0.020190689848569827,0.13481363996827914,0.02024677509814919,0.13481363996827914,7.561056644323121e-06
Random Forest,252,252,253,0.02024677509814919,0.13481363996827914,0.020302860347728546,0.13481363996827914,7.561056644322654e-06
Random Forest,253,253,254,0.020302860347728546,0.13481363996827914,0.020358945597307908,0.13481363996827914,7.561056644323121e-06
Random Forest,254,254,255,0.020358945597307908,0.13481363996827914,0.02052720134604599,0.13481363996827914,2.2683169932968897e-05
Random Forest,255,255,256,0.02052720134604599,0.13481363996827914,0.02058328659562535,0.13481363996827914,7.561056644323121e-06
Random Forest,256,256,257,0.02058328659562535,0.13481363996827914,0.020639371845204712,0.13481363996827914,7.561056644323121e-06
Random Forest,257,257,258,0.020639371845204712,0.13481363996827914,0.020695457094784073,0.13481363996827914,7.561056644323121e-06
Random Forest,258,258,259,0.020695457094784073,0.13481363996827914,0.020695457094784073,0.13560666137985725,0.0
Random Forest,259,259,260,0.020695457094784073,0.13560666137985725,0.02075154234436343,0.13560666137985725,7.605533448112786e-06
Random Forest,260,260,261,0.02075154234436343,0.13560666137985725,0.020807627593942793,0.13560666137985725,7.605533448113257e-06
Random Forest,261,261,262,0.020807627593942793,0.13560666137985725,0.020919798093101516,0.13560666137985725,1.5211066896226515e-05
Random Forest,262,262,263,0.020919798093101516,0.13560666137985725,0.020975883342680874,0.13560666137985725,7.605533448112786e-06
Random Forest,263,263,264,0.020975883342680874,0.13560666137985725,0.021031968592260235,0.13560666137985725,7.605533448113257e-06
Random Forest,264,264,265,0.021031968592260235,0.13560666137985725,0.021088053841839597,0.13560666137985725,7.605533448113257e-06
Random Forest,265,265,266,0.021088053841839597,0.13560666137985725,0.02114413909141896,0.13560666137985725,7.605533448113257e-06
Random Forest,266,266,267,0.02114413909141896,0.13560666137985725,0.021200224340998317,0.13560666137985725,7.605533448112786e-06
Random Forest,267,267,268,0.021200224340998317,0.13560666137985725,0.021256309590577678,0.13560666137985725,7.605533448113257e-06
Random Forest,268,268,269,0.021256309590577678,0.13560666137985725,0.02131239484015704,0.13560666137985725,7.605533448113257e-06
Random Forest,269,269,270,0.02131239484015704,0.13560666137985725,0.021368480089736398,0.13560666137985725,7.605533448112786e-06
Random Forest,270,270,271,0.021368480089736398,0.13560666137985725,0.02142456533931576,0.13560666137985725,7.605533448113257e-06
Random Forest,271,271,272,0.02142456533931576,0.13560666137985725,0.02142456533931576,0.13639968279143536,0.0
Random Forest,272,272,273,0.02142456533931576,0.13639968279143536,0.021536735838474482,0.13639968279143536,1.5300020503806785e-05
Random Forest,273,273,274,0.021536735838474482,0.13639968279143536,0.02159282108805384,0.13639968279143536,7.65001025190292e-06
Random Forest,274,274,275,0.02159282108805384,0.13639968279143536,0.0216489063376332,0.13639968279143536,7.650010251903392e-06
Random Forest,275,275,276,0.0216489063376332,0.13639968279143536,0.021704991587212563,0.13639968279143536,7.650010251903392e-06
Random Forest,276,276,277,0.021704991587212563,0.13639968279143536,0.021817162086371283,0.13639968279143536,1.5300020503806314e-05
Random Forest,277,277,278,0.021817162086371283,0.13639968279143536,0.021873247335950644,0.13639968279143536,7.650010251903392e-06
Random Forest,278,278,279,0.021873247335950644,0.13639968279143536,0.021929332585530006,0.13639968279143536,7.650010251903392e-06
Random Forest,279,279,280,0.021929332585530006,0.13639968279143536,0.021985417835109367,0.13639968279143536,7.650010251903392e-06
Random Forest,280,280,281,0.021985417835109367,0.13639968279143536,0.022041503084688725,0.13639968279143536,7.65001025190292e-06
Random Forest,281,281,282,0.022041503084688725,0.13639968279143536,0.022097588334268087,0.13639968279143536,7.650010251903392e-06
Random Forest,282,282,283,0.022097588334268087,0.13639968279143536,0.02215367358384745,0.13639968279143536,7.650010251903392e-06
Random Forest,283,283,284,0.02215367358384745,0.13639968279143536,0.022265844083006168,0.1371927042030135,1.534449730759645e-05
Random Forest,284,284,285,0.022265844083006168,0.1371927042030135,0.022265844083006168,0.1379857256145916,0.0
Random Forest,285,285,286,0.022265844083006168,0.1379857256145916,0.02232192933258553,0.1379857256145916,7.738963859483666e-06
Random Forest,286,286,287,0.02232192933258553,0.1379857256145916,0.022602355580482333,0.14036478984932593,3.9028395325843865e-05
Random Forest,287,287,288,0.022602355580482333,0.14036478984932593,0.022770611329220414,0.14036478984932593,2.3617182812561734e-05
Random Forest,288,288,289,0.022770611329220414,0.14036478984932593,0.023499719573752104,0.14036478984932593,0.00010234112552110149
Random Forest,289,289,290,0.023499719573752104,0.14036478984932593,0.023555804823331465,0.14036478984932593,7.872394270854073e-06
Random Forest,290,290,291,0.023555804823331465,0.14036478984932593,0.023667975322490185,0.14036478984932593,1.574478854170766e-05
Random Forest,291,291,292,0.023667975322490185,0.14036478984932593,0.023724060572069546,0.14036478984932593,7.872394270854073e-06
Random Forest,292,292,293,0.023724060572069546,0.14036478984932593,0.023780145821648908,0.14036478984932593,7.872394270854073e-06
Random Forest,293,293,294,0.023780145821648908,0.14036478984932593,0.023836231071228266,0.14036478984932593,7.872394270853587e-06
Random Forest,294,294,295,0.023836231071228266,0.14036478984932593,0.023892316320807627,0.14036478984932593,7.872394270854073e-06
Random Forest,295,295,296,0.023892316320807627,0.14036478984932593,0.02394840157038699,0.14036478984932593,7.872394270854073e-06
Random Forest,296,296,297,0.02394840157038699,0.14036478984932593,0.02417274256870443,0.14036478984932593,3.1489577083415806e-05
Random Forest,297,297,298,0.02417274256870443,0.14036478984932593,0.024340998317442512,0.14115781126090404,2.3683898018246936e-05
Random Forest,298,298,299,0.024340998317442512,0.14115781126090404,0.024397083567021874,0.14115781126090404,7.916871074644209e-06
Random Forest,299,299,300,0.024397083567021874,0.14115781126090404,0.024453168816601235,0.14115781126090404,7.916871074644209e-06
Random Forest,300,300,301,0.024453168816601235,0.14115781126090404,0.024621424565339316,0.14195083267248215,2.381732842961734e-05
Random Forest,301,301,302,0.024621424565339316,0.14195083267248215,0.024677509814918678,0.14195083267248215,7.961347878434346e-06
Random Forest,302,302,303,0.024677509814918678,0.14195083267248215,0.024733595064498036,0.14195083267248215,7.961347878433853e-06
Random Forest,303,303,304,0.024733595064498036,0.14195083267248215,0.024789680314077397,0.14195083267248215,7.961347878434346e-06
Random Forest,304,304,305,0.024789680314077397,0.14195083267248215,0.02484576556365676,0.14195083267248215,7.961347878434346e-06
Random Forest,305,305,306,0.02484576556365676,0.14195083267248215,0.02501402131239484,0.14195083267248215,2.3884043635302542e-05
Random Forest,306,306,307,0.02501402131239484,0.14195083267248215,0.02518227706113292,0.14353687549563837,2.401747404667295e-05
Random Forest,307,307,308,0.02518227706113292,0.14353687549563837,0.025294447560291644,0.14353687549563837,1.6100602972029235e-05
Random Forest,308,308,309,0.025294447560291644,0.14353687549563837,0.025350532809871006,0.14353687549563837,8.050301486014618e-06
Random Forest,309,309,310,0.025350532809871006,0.14353687549563837,0.025406618059450364,0.14353687549563837,8.05030148601412e-06
Random Forest,310,310,311,0.025406618059450364,0.14353687549563837,0.025462703309029725,0.14353687549563837,8.050301486014618e-06
Random Forest,311,311,312,0.025462703309029725,0.14353687549563837,0.025518788558609087,0.14353687549563837,8.050301486014618e-06
Random Forest,312,312,313,0.025518788558609087,0.14353687549563837,0.025574873808188448,0.14353687549563837,8.050301486014618e-06
Random Forest,313,313,314,0.025574873808188448,0.14353687549563837,0.025630959057767806,0.14353687549563837,8.05030148601412e-06
Random Forest,314,314,315,0.025630959057767806,0.14353687549563837,0.025687044307347168,0.14353687549563837,8.050301486014618e-06
Random Forest,315,315,316,0.025687044307347168,0.14353687549563837,0.02574312955692653,0.14353687549563837,8.050301486014618e-06
Random Forest,316,316,317,0.02574312955692653,0.14353687549563837,0.025799214806505887,0.14353687549563837,8.05030148601412e-06
Random Forest,317,317,318,0.025799214806505887,0.14353687549563837,0.02585530005608525,0.14353687549563837,8.050301486014618e-06
Random Forest,318,318,319,0.02585530005608525,0.14353687549563837,0.02591138530566461,0.14353687549563837,8.050301486014618e-06
Random Forest,319,319,320,0.02591138530566461,0.14353687549563837,0.02591138530566461,0.14432989690721648,0.0
Random Forest,320,320,321,0.02591138530566461,0.14432989690721648,0.02591138530566461,0.14512291831879462,0.0
Random Forest,321,321,322,0.02591138530566461,0.14512291831879462,0.025967470555243972,0.14591593973037273,8.161493495489958e-06
Random Forest,322,322,323,0.025967470555243972,0.14591593973037273,0.026135726303982053,0.14670896114195084,2.4617910897839773e-05
Random Forest,323,323,324,0.026135726303982053,0.14670896114195084,0.026191811553561414,0.14670896114195084,8.228208701175162e-06
Random Forest,324,324,325,0.026191811553561414,0.14670896114195084,0.026247896803140772,0.14670896114195084,8.228208701174653e-06
Random Forest,325,325,326,0.026247896803140772,0.14670896114195084,0.026303982052720134,0.14670896114195084,8.228208701175162e-06
Random Forest,326,326,327,0.026303982052720134,0.14670896114195084,0.026360067302299495,0.14670896114195084,8.228208701175162e-06
Random Forest,327,327,328,0.026360067302299495,0.14670896114195084,0.026416152551878857,0.14670896114195084,8.228208701175162e-06
Random Forest,328,328,329,0.026416152551878857,0.14670896114195084,0.026472237801458215,0.14670896114195084,8.228208701174653e-06
Random Forest,329,329,330,0.026472237801458215,0.14670896114195084,0.0266404935501963,0.14829500396510706,2.4818056514895894e-05
Random Forest,330,330,331,0.0266404935501963,0.14829500396510706,0.0266404935501963,0.14908802537668517,0.0
Random Forest,331,331,332,0.0266404935501963,0.14908802537668517,0.026696578799775657,0.14908802537668517,8.361639112545052e-06
Random Forest,332,332,333,0.026696578799775657,0.14908802537668517,0.026696578799775657,0.14988104678826328,0.0
Random Forest,333,333,334,0.026696578799775657,0.14988104678826328,0.02675266404935502,0.14988104678826328,8.406115916335706e-06
Random Forest,334,334,335,0.02675266404935502,0.14988104678826328,0.02680874929893438,0.14988104678826328,8.406115916335706e-06
Random Forest,335,335,336,0.02680874929893438,0.14988104678826328,0.026864834548513742,0.14988104678826328,8.406115916335706e-06
Random Forest,336,336,337,0.026864834548513742,0.14988104678826328,0.027201346045989904,0.1506740681998414,5.05701259093836e-05
Random Forest,337,337,338,0.027201346045989904,0.1506740681998414,0.027257431295569266,0.1506740681998414,8.450592720125841e-06
Random Forest,338,338,339,0.027257431295569266,0.1506740681998414,0.027313516545148627,0.1506740681998414,8.450592720125841e-06
Random Forest,339,339,340,0.027313516545148627,0.1506740681998414,0.027369601794727985,0.1506740681998414,8.45059272012532e-06
Random Forest,340,340,341,0.027369601794727985,0.1506740681998414,0.027425687044307347,0.1506740681998414,8.450592720125841e-06
Random Forest,341,341,342,0.027425687044307347,0.1506740681998414,0.027425687044307347,0.1514670896114195,0.0
Random Forest,342,342,343,0.027425687044307347,0.1514670896114195,0.027481772293886708,0.1514670896114195,8.495069523915976e-06
Random Forest,343,343,344,0.027481772293886708,0.1514670896114195,0.02753785754346607,0.1514670896114195,8.495069523915976e-06
Random Forest,344,344,345,0.02753785754346607,0.1514670896114195,0.02765002804262479,0.1514670896114195,1.6990139047831427e-05
Random Forest,345,345,346,0.02765002804262479,0.1514670896114195,0.02781828379136287,0.1514670896114195,2.5485208571747405e-05
Random Forest,346,346,347,0.02781828379136287,0.1514670896114195,0.027874369040942232,0.1514670896114195,8.495069523915976e-06
Random Forest,347,347,348,0.027874369040942232,0.1514670896114195,0.027874369040942232,0.1522601110229976,0.0
Random Forest,348,348,349,0.027874369040942232,0.1522601110229976,0.029052159282108806,0.1570182394924663,0.00018213251152060427
Random Forest,349,349,350,0.029052159282108806,0.1570182394924663,0.029052159282108806,0.1578112609040444,0.0
Random Forest,350,350,351,0.029052159282108806,0.1578112609040444,0.029108244531688168,0.1578112609040444,8.850883954237066e-06
Random Forest,351,351,352,0.029108244531688168,0.1578112609040444,0.029164329781267526,0.1578112609040444,8.850883954236517e-06
Random Forest,352,352,353,0.029164329781267526,0.1578112609040444,0.029164329781267526,0.1586042823156225,0.0
Random Forest,353,353,354,0.029164329781267526,0.1586042823156225,0.029220415030846887,0.1586042823156225,8.895360758027201e-06
Random Forest,354,354,355,0.029220415030846887,0.1586042823156225,0.02927650028042625,0.1586042823156225,8.895360758027201e-06
Random Forest,355,355,356,0.02927650028042625,0.1586042823156225,0.02933258553000561,0.1586042823156225,8.895360758027201e-06
Random Forest,356,356,357,0.02933258553000561,0.1586042823156225,0.029388670779584968,0.1586042823156225,8.89536075802665e-06
Random Forest,357,357,358,0.029388670779584968,0.1586042823156225,0.02944475602916433,0.1586042823156225,8.895360758027201e-06
Random Forest,358,358,359,0.02944475602916433,0.1586042823156225,0.02950084127874369,0.1586042823156225,8.895360758027201e-06
Random Forest,359,359,360,0.02950084127874369,0.1586042823156225,0.029669097027481772,0.1586042823156225,2.6686082274081053e-05
Random Forest,360,360,361,0.029669097027481772,0.1586042823156225,0.029669097027481772,0.16019032513877876,0.0
Random Forest,361,361,362,0.029669097027481772,0.16019032513877876,0.029669097027481772,0.16098334655035687,0.0
Random Forest,362,362,363,0.029669097027481772,0.16098334655035687,0.029725182277061134,0.16098334655035687,9.02879116939761e-06
Random Forest,363,363,364,0.029725182277061134,0.16098334655035687,0.029781267526640495,0.16098334655035687,9.02879116939761e-06
Random Forest,364,364,365,0.029781267526640495,0.16098334655035687,0.029949523275378576,0.16098334655035687,2.7086373508192272e-05
Random Forest,365,365,366,0.029949523275378576,0.16098334655035687,0.029949523275378576,0.16177636796193498,0.0
Random Forest,366,366,367,0.029949523275378576,0.16177636796193498,0.030005608524957934,0.16177636796193498,9.073267973187185e-06
Random Forest,367,367,368,0.030005608524957934,0.16177636796193498,0.030117779024116657,0.16177636796193498,1.814653594637549e-05
Random Forest,368,368,369,0.030117779024116657,0.16177636796193498,0.03017386427369602,0.16177636796193498,9.073267973187745e-06
Random Forest,369,369,370,0.03017386427369602,0.16177636796193498,0.030229949523275377,0.16177636796193498,9.073267973187185e-06
Random Forest,370,370,371,0.030229949523275377,0.16177636796193498,0.03028603477285474,0.16177636796193498,9.073267973187745e-06
Random Forest,371,371,372,0.03028603477285474,0.16177636796193498,0.0303421200224341,0.16177636796193498,9.073267973187745e-06
Random Forest,372,372,373,0.0303421200224341,0.16177636796193498,0.03045429052159282,0.16177636796193498,1.8146535946374932e-05
Random Forest,373,373,374,0.03045429052159282,0.16177636796193498,0.03045429052159282,0.1625693893735131,0.0
Random Forest,374,374,375,0.03045429052159282,0.1625693893735131,0.03051037577117218,0.1625693893735131,9.117744776977882e-06
Random Forest,375,375,376,0.03051037577117218,0.1625693893735131,0.030622546270330904,0.1625693893735131,1.8235489553955765e-05
Random Forest,376,376,377,0.030622546270330904,0.1625693893735131,0.030790802019068985,0.1633624107850912,2.7419949536618285e-05
Random Forest,377,377,378,0.030790802019068985,0.1633624107850912,0.030902972518227705,0.1641554321966693,1.8368919965325603e-05
Random Forest,378,378,379,0.030902972518227705,0.1641554321966693,0.030902972518227705,0.16494845360824742,0.0
Random Forest,379,379,380,0.030902972518227705,0.16494845360824742,0.031015143017386428,0.16574147501982553,1.8546827180486716e-05
Random Forest,380,380,381,0.031015143017386428,0.16574147501982553,0.031127313516545147,0.16574147501982553,1.8591303984276277e-05
Random Forest,381,381,382,0.031127313516545147,0.16574147501982553,0.03123948401570387,0.16574147501982553,1.859130398427685e-05
Random Forest,382,382,383,0.03123948401570387,0.16574147501982553,0.03129556926528323,0.16574147501982553,9.29565199213785e-06
Random Forest,383,383,384,0.03129556926528323,0.16574147501982553,0.03140773976444195,0.16574147501982553,1.859130398427685e-05
Random Forest,384,384,385,0.03140773976444195,0.16574147501982553,0.03146382501402131,0.16574147501982553,9.295651992138425e-06
Random Forest,385,385,386,0.03146382501402131,0.16574147501982553,0.031519910263600674,0.16574147501982553,9.295651992138425e-06
Random Forest,386,386,387,0.031519910263600674,0.16574147501982553,0.031575995513180036,0.16653449643140364,9.317890394033493e-06
Random Forest,387,387,388,0.031575995513180036,0.16653449643140364,0.0316320807627594,0.16653449643140364,9.340128795928562e-06
Random Forest,388,388,389,0.0316320807627594,0.16653449643140364,0.03168816601233875,0.16653449643140364,9.340128795927406e-06
Random Forest,389,389,390,0.03168816601233875,0.16653449643140364,0.03168816601233875,0.16732751784298175,0.0
Random Forest,390,390,391,0.03168816601233875,0.16732751784298175,0.03174425126191811,0.16732751784298175,9.384605599718697e-06
Random Forest,391,391,392,0.03174425126191811,0.16732751784298175,0.031856421761076836,0.16732751784298175,1.8769211199437394e-05
Random Forest,392,392,393,0.031856421761076836,0.16732751784298175,0.0319125070106562,0.16732751784298175,9.384605599718697e-06
Random Forest,393,393,394,0.0319125070106562,0.16732751784298175,0.03213684800897364,0.1681205392545599,3.76273760064539e-05
Random Forest,394,394,395,0.03213684800897364,0.1681205392545599,0.032192933258553,0.1681205392545599,9.429082403508834e-06
Random Forest,395,395,396,0.032192933258553,0.1681205392545599,0.03224901850813236,0.1681205392545599,9.429082403508834e-06
Random Forest,396,396,397,0.03224901850813236,0.1681205392545599,0.03230510375771172,0.1681205392545599,9.429082403508834e-06
Random Forest,397,397,398,0.03230510375771172,0.1681205392545599,0.03236118900729108,0.1681205392545599,9.429082403508834e-06
Random Forest,398,398,399,0.03236118900729108,0.1681205392545599,0.032417274256870444,0.1681205392545599,9.429082403508834e-06
Random Forest,399,399,400,0.032417274256870444,0.1681205392545599,0.032473359506449806,0.1681205392545599,9.429082403508834e-06
Random Forest,400,400,401,0.032473359506449806,0.1681205392545599,0.03252944475602917,0.1681205392545599,9.429082403508834e-06
Random Forest,401,401,402,0.03252944475602917,0.1681205392545599,0.03258553000560852,0.1681205392545599,9.429082403507668e-06
Random Forest,402,402,403,0.03258553000560852,0.1681205392545599,0.032641615255187884,0.1681205392545599,9.429082403508834e-06
Random Forest,403,403,404,0.032641615255187884,0.1681205392545599,0.032697700504767245,0.1681205392545599,9.429082403508834e-06
Random Forest,404,404,405,0.032697700504767245,0.1681205392545599,0.03275378575434661,0.1681205392545599,9.429082403508834e-06
Random Forest,405,405,406,0.03275378575434661,0.1681205392545599,0.03280987100392597,0.1681205392545599,9.429082403508834e-06
Random Forest,406,406,407,0.03280987100392597,0.1681205392545599,0.03292204150308469,0.1681205392545599,1.8858164807017667e-05
Random Forest,407,407,408,0.03292204150308469,0.1681205392545599,0.03297812675266405,0.1681205392545599,9.429082403508834e-06
Random Forest,408,408,409,0.03297812675266405,0.1681205392545599,0.03303421200224341,0.1681205392545599,9.429082403507668e-06
Random Forest,409,409,410,0.03303421200224341,0.1681205392545599,0.03325855300056085,0.1681205392545599,3.7716329614035335e-05
Random Forest,410,410,411,0.03325855300056085,0.1681205392545599,0.033314638250140215,0.1681205392545599,9.429082403508834e-06
Random Forest,411,411,412,0.033314638250140215,0.1681205392545599,0.03342680874929894,0.1681205392545599,1.8858164807017667e-05
Random Forest,412,412,413,0.03342680874929894,0.1681205392545599,0.03415591699383062,0.168913560666138,0.0001228671704702484
Random Forest,413,413,414,0.03415591699383062,0.168913560666138,0.03415591699383062,0.1697065820777161,0.0
Random Forest,414,414,415,0.03415591699383062,0.1697065820777161,0.0343241727425687,0.1697065820777161,2.8554108033266142e-05
Random Forest,415,415,416,0.0343241727425687,0.1697065820777161,0.03438025799214806,0.1697065820777161,9.518036011089106e-06
Random Forest,416,416,417,0.03438025799214806,0.1697065820777161,0.034436343241727424,0.1697065820777161,9.518036011089106e-06
Random Forest,417,417,418,0.034436343241727424,0.1697065820777161,0.034492428491306786,0.1697065820777161,9.518036011089106e-06
Random Forest,418,418,419,0.034492428491306786,0.1697065820777161,0.03460459899046551,0.17049960348929422,1.908054882596835e-05
Random Forest,419,419,420,0.03460459899046551,0.17049960348929422,0.03466068424004487,0.17049960348929422,9.562512814879243e-06
Random Forest,420,420,421,0.03466068424004487,0.17049960348929422,0.03471676948962423,0.17049960348929422,9.562512814879243e-06
Random Forest,421,421,422,0.03471676948962423,0.17049960348929422,0.034772854739203586,0.17049960348929422,9.562512814878059e-06
Random Forest,422,422,423,0.034772854739203586,0.17049960348929422,0.03482893998878295,0.17049960348929422,9.562512814879243e-06
Random Forest,423,423,424,0.03482893998878295,0.17049960348929422,0.03494111048794167,0.17049960348929422,1.9125025629758485e-05
Random Forest,424,424,425,0.03494111048794167,0.17049960348929422,0.03499719573752103,0.17049960348929422,9.562512814879243e-06
Random Forest,425,425,426,0.03499719573752103,0.17049960348929422,0.035053280987100394,0.17049960348929422,9.562512814879243e-06
Random Forest,426,426,427,0.035053280987100394,0.17049960348929422,0.035053280987100394,0.17129262490087233,0.0
Random Forest,427,427,428,0.035053280987100394,0.17129262490087233,0.035109366236679755,0.17129262490087233,9.606989618669378e-06
Random Forest,428,428,429,0.035109366236679755,0.17129262490087233,0.03516545148625912,0.17129262490087233,9.606989618669378e-06
Random Forest,429,429,430,0.03516545148625912,0.17129262490087233,0.03527762198541783,0.17287866772402855,1.9302932844917833e-05
Random Forest,430,430,431,0.03527762198541783,0.17287866772402855,0.03527762198541783,0.17367168913560665,0.0
Random Forest,431,431,432,0.03527762198541783,0.17367168913560665,0.035333707234997194,0.17446471054718476,9.762658431934854e-06
Random Forest,432,432,433,0.035333707234997194,0.17446471054718476,0.03544587773415592,0.17446471054718476,1.9569793667659844e-05
Random Forest,433,433,434,0.03544587773415592,0.17446471054718476,0.03550196298373528,0.17446471054718476,9.784896833829922e-06
Random Forest,434,434,435,0.03550196298373528,0.17446471054718476,0.03555804823331464,0.17446471054718476,9.784896833829922e-06
Random Forest,435,435,436,0.03555804823331464,0.17446471054718476,0.03555804823331464,0.17525773195876287,0.0
Random Forest,436,436,437,0.03555804823331464,0.17525773195876287,0.035614133482894,0.17525773195876287,9.829373637620057e-06
Random Forest,437,437,438,0.035614133482894,0.17525773195876287,0.03583847448121144,0.17525773195876287,3.9317494550479016e-05
Random Forest,438,438,439,0.03583847448121144,0.17525773195876287,0.03583847448121144,0.176050753370341,0.0
Random Forest,439,439,440,0.03583847448121144,0.176050753370341,0.03583847448121144,0.17684377478191912,0.0
Random Forest,440,440,441,0.03583847448121144,0.17684377478191912,0.0358945597307908,0.17684377478191912,9.918327245200331e-06
Random Forest,441,441,442,0.0358945597307908,0.17684377478191912,0.035950644980370164,0.17842981760507534,9.962804048990466e-06
Random Forest,442,442,443,0.035950644980370164,0.17842981760507534,0.036006730229949525,0.17842981760507534,1.0007280852780603e-05
Random Forest,443,443,444,0.036006730229949525,0.17842981760507534,0.03606281547952889,0.17842981760507534,1.0007280852780603e-05
Random Forest,444,444,445,0.03606281547952889,0.17842981760507534,0.03611890072910824,0.17842981760507534,1.0007280852779365e-05
Random Forest,445,445,446,0.03611890072910824,0.17842981760507534,0.0361749859786876,0.17842981760507534,1.0007280852780603e-05
Random Forest,446,446,447,0.0361749859786876,0.17842981760507534,0.036231071228266964,0.17842981760507534,1.0007280852780603e-05
Random Forest,447,447,448,0.036231071228266964,0.17842981760507534,0.036287156477846326,0.17842981760507534,1.0007280852780603e-05
Random Forest,448,448,449,0.036287156477846326,0.17842981760507534,0.03634324172742569,0.17842981760507534,1.0007280852780603e-05
Random Forest,449,449,450,0.03634324172742569,0.17842981760507534,0.03639932697700505,0.17842981760507534,1.0007280852780603e-05
Random Forest,450,450,451,0.03639932697700505,0.17842981760507534,0.03645541222658441,0.17842981760507534,1.0007280852780603e-05
Random Forest,451,451,452,0.03645541222658441,0.17842981760507534,0.03651149747616377,0.17842981760507534,1.0007280852780603e-05
Random Forest,452,452,453,0.03651149747616377,0.17842981760507534,0.03656758272574313,0.17842981760507534,1.0007280852779365e-05
Random Forest,453,453,454,0.03656758272574313,0.17842981760507534,0.03656758272574313,0.17922283901665345,0.0
Random Forest,454,454,455,0.03656758272574313,0.17922283901665345,0.03662366797532249,0.17922283901665345,1.0051757656570738e-05
Random Forest,455,455,456,0.03662366797532249,0.17922283901665345,0.03667975322490185,0.17922283901665345,1.0051757656570738e-05
Random Forest,456,456,457,0.03667975322490185,0.17922283901665345,0.03673583847448121,0.17922283901665345,1.0051757656570738e-05
Random Forest,457,457,458,0.03673583847448121,0.17922283901665345,0.03673583847448121,0.18001586042823156,0.0
Random Forest,458,458,459,0.03673583847448121,0.18001586042823156,0.03696017947279866,0.18001586042823156,4.0384937841443493e-05
Random Forest,459,459,460,0.03696017947279866,0.18001586042823156,0.03701626472237801,0.18001586042823156,1.0096234460359625e-05
Random Forest,460,460,461,0.03701626472237801,0.18001586042823156,0.03707234997195737,0.18001586042823156,1.0096234460360873e-05
Random Forest,461,461,462,0.03707234997195737,0.18001586042823156,0.037128435221536735,0.18001586042823156,1.0096234460360873e-05
Random Forest,462,462,463,0.037128435221536735,0.18001586042823156,0.037184520471116096,0.18001586042823156,1.0096234460360873e-05
Random Forest,463,463,464,0.037184520471116096,0.18001586042823156,0.03813796971396523,0.18160190325138778,0.00017239209149056466
Random Forest,464,464,465,0.03813796971396523,0.18160190325138778,0.03819405496354459,0.18160190325138778,1.0185188067941145e-05
Random Forest,465,465,466,0.03819405496354459,0.18160190325138778,0.03825014021312395,0.18160190325138778,1.0185188067941145e-05
Random Forest,466,466,467,0.03825014021312395,0.18160190325138778,0.03836231071228267,0.18160190325138778,2.037037613588103e-05
Random Forest,467,467,468,0.03836231071228267,0.18160190325138778,0.03853056646102075,0.18160190325138778,3.055556420382344e-05
Random Forest,468,468,469,0.03853056646102075,0.18160190325138778,0.03858665171060011,0.18160190325138778,1.0185188067941145e-05
Random Forest,469,469,470,0.03858665171060011,0.18160190325138778,0.038698822209758836,0.1823949246629659,2.0414852939672428e-05
Random Forest,470,470,471,0.038698822209758836,0.1823949246629659,0.03881099270891755,0.183187946074544,2.050380654725143e-05
Random Forest,471,471,472,0.03881099270891755,0.183187946074544,0.03881099270891755,0.18398096748612214,0.0
Random Forest,472,472,473,0.03881099270891755,0.18398096748612214,0.038867077958496914,0.18398096748612214,1.0318618479311554e-05
Random Forest,473,473,474,0.038867077958496914,0.18398096748612214,0.038923163208076275,0.18398096748612214,1.0318618479311554e-05
Random Forest,474,474,475,0.038923163208076275,0.18398096748612214,0.039035333707235,0.18398096748612214,2.063723695862311e-05
Random Forest,475,475,476,0.039035333707235,0.18398096748612214,0.03909141895681436,0.18398096748612214,1.0318618479311554e-05
Random Forest,476,476,477,0.03909141895681436,0.18398096748612214,0.03914750420639372,0.18398096748612214,1.0318618479311554e-05
Random Forest,477,477,478,0.03914750420639372,0.18398096748612214,0.039203589455973076,0.18398096748612214,1.0318618479310279e-05
Random Forest,478,478,479,0.039203589455973076,0.18398096748612214,0.03937184520471116,0.18398096748612214,3.0955855437934665e-05
Random Forest,479,479,480,0.03937184520471116,0.18398096748612214,0.03942793045429052,0.18398096748612214,1.0318618479311554e-05
Random Forest,480,480,481,0.03942793045429052,0.18398096748612214,0.03948401570386988,0.18398096748612214,1.0318618479311554e-05
Random Forest,481,481,482,0.03948401570386988,0.18398096748612214,0.039540100953449245,0.18398096748612214,1.0318618479311554e-05
Random Forest,482,482,483,0.039540100953449245,0.18398096748612214,0.039596186203028606,0.18398096748612214,1.0318618479311554e-05
Random Forest,483,483,484,0.039596186203028606,0.18398096748612214,0.03965227145260796,0.18398096748612214,1.0318618479310279e-05
Random Forest,484,484,485,0.03965227145260796,0.18398096748612214,0.03970835670218732,0.18398096748612214,1.0318618479311554e-05
Random Forest,485,485,486,0.03970835670218732,0.18398096748612214,0.039820527201346045,0.18398096748612214,2.063723695862311e-05
Random Forest,486,486,487,0.039820527201346045,0.18398096748612214,0.03998878295008413,0.18477398889770025,3.102257064361987e-05
Random Forest,487,487,488,0.03998878295008413,0.18477398889770025,0.04004486819966349,0.18477398889770025,1.0363095283101691e-05
Random Forest,488,488,489,0.04004486819966349,0.18477398889770025,0.040437464946719015,0.18636003172085647,7.28530046082415e-05
Random Forest,489,489,490,0.040437464946719015,0.18636003172085647,0.04049355019629838,0.18636003172085647,1.0452048890681962e-05
Random Forest,490,490,491,0.04049355019629838,0.18636003172085647,0.04054963544587773,0.18636003172085647,1.0452048890680669e-05
Random Forest,491,491,492,0.04054963544587773,0.18636003172085647,0.04060572069545709,0.18636003172085647,1.0452048890681962e-05
Random Forest,492,492,493,0.04060572069545709,0.18636003172085647,0.040661805945036454,0.18636003172085647,1.0452048890681962e-05
Random Forest,493,493,494,0.040661805945036454,0.18636003172085647,0.040717891194615816,0.18636003172085647,1.0452048890681962e-05
Random Forest,494,494,495,0.040717891194615816,0.18636003172085647,0.0408861469433539,0.18636003172085647,3.135614667204589e-05
Random Forest,495,495,496,0.0408861469433539,0.18636003172085647,0.04094223219293326,0.18636003172085647,1.0452048890681962e-05
Random Forest,496,496,497,0.04094223219293326,0.18636003172085647,0.04111048794167134,0.1879460745440127,3.148957708341499e-05
Random Forest,497,497,498,0.04111048794167134,0.1879460745440127,0.0411665731912507,0.1879460745440127,1.0541002498262234e-05
Random Forest,498,498,499,0.0411665731912507,0.1879460745440127,0.04122265844083006,0.1879460745440127,1.0541002498262234e-05
Random Forest,499,499,500,0.04122265844083006,0.1879460745440127,0.041278743690409424,0.1879460745440127,1.0541002498262234e-05
Random Forest,500,500,501,0.041278743690409424,0.1879460745440127,0.041334828939988785,0.1879460745440127,1.0541002498262234e-05
Random Forest,501,501,502,0.041334828939988785,0.1879460745440127,0.04139091418956815,0.1879460745440127,1.0541002498262234e-05
Random Forest,502,502,503,0.04139091418956815,0.1879460745440127,0.0414469994391475,0.1879460745440127,1.054100249826093e-05
Random Forest,503,503,504,0.0414469994391475,0.1879460745440127,0.041559169938306224,0.1879460745440127,2.1082004996524467e-05
Random Forest,504,504,505,0.041559169938306224,0.1879460745440127,0.04195176668536175,0.1887390959555908,7.39426863010998e-05
Random Forest,505,505,506,0.04195176668536175,0.1887390959555908,0.04200785193494111,0.1887390959555908,1.058547930205237e-05
Random Forest,506,506,507,0.04200785193494111,0.1887390959555908,0.04206393718452047,0.1887390959555908,1.058547930205237e-05
Random Forest,507,507,508,0.04206393718452047,0.1887390959555908,0.04212002243409983,0.1887390959555908,1.058547930205237e-05
Random Forest,508,508,509,0.04212002243409983,0.1887390959555908,0.042176107683679194,0.1887390959555908,1.058547930205237e-05
Random Forest,509,509,510,0.042176107683679194,0.1887390959555908,0.04234436343241727,0.1895321173671689,3.1823153111841e-05
Random Forest,510,510,511,0.04234436343241727,0.1895321173671689,0.04240044868199663,0.1895321173671689,1.0629956105842506e-05
Random Forest,511,511,512,0.04240044868199663,0.1895321173671689,0.042456533931575995,0.1895321173671689,1.0629956105842506e-05
Random Forest,512,512,513,0.042456533931575995,0.1895321173671689,0.04256870443073472,0.1895321173671689,2.125991221168501e-05
Random Forest,513,513,514,0.04256870443073472,0.1895321173671689,0.04262478968031408,0.1895321173671689,1.0629956105842506e-05
Random Forest,514,514,515,0.04262478968031408,0.1895321173671689,0.04268087492989344,0.1895321173671689,1.0629956105842506e-05
Random Forest,515,515,516,0.04268087492989344,0.1895321173671689,0.042736960179472795,0.1895321173671689,1.0629956105841191e-05
Random Forest,516,516,517,0.042736960179472795,0.1895321173671689,0.04279304542905216,0.1895321173671689,1.0629956105842506e-05
Random Forest,517,517,518,0.04279304542905216,0.1895321173671689,0.04284913067863152,0.1895321173671689,1.0629956105842506e-05
Random Forest,518,518,519,0.04284913067863152,0.1895321173671689,0.04290521592821088,0.19032513877874702,1.0652194507737574e-05
Random Forest,519,519,520,0.04290521592821088,0.19032513877874702,0.04296130117779024,0.19032513877874702,1.0674432909632641e-05
Random Forest,520,520,521,0.04296130117779024,0.19032513877874702,0.04296130117779024,0.19111816019032513,0.0
Random Forest,521,521,522,0.04296130117779024,0.19111816019032513,0.0430173864273696,0.19111816019032513,1.0718909713422778e-05
Random Forest,522,522,523,0.0430173864273696,0.19111816019032513,0.043073471676948964,0.19111816019032513,1.0718909713422778e-05
Random Forest,523,523,524,0.043073471676948964,0.19111816019032513,0.043129556926528326,0.19111816019032513,1.0718909713422778e-05
Random Forest,524,524,525,0.043129556926528326,0.19111816019032513,0.04318564217610768,0.19111816019032513,1.0718909713421451e-05
Random Forest,525,525,526,0.04318564217610768,0.19111816019032513,0.04324172742568704,0.19111816019032513,1.0718909713422778e-05
Random Forest,526,526,527,0.04324172742568704,0.19111816019032513,0.043353897924845765,0.19111816019032513,2.1437819426845556e-05
Random Forest,527,527,528,0.043353897924845765,0.19111816019032513,0.043409983174425126,0.19111816019032513,1.0718909713422778e-05
Random Forest,528,528,529,0.043409983174425126,0.19111816019032513,0.04346606842400449,0.19111816019032513,1.0718909713422778e-05
Random Forest,529,529,530,0.04346606842400449,0.19111816019032513,0.04352215367358385,0.19191118160190326,1.0741148115317845e-05
Random Forest,530,530,531,0.04352215367358385,0.19191118160190326,0.04357823892316321,0.19191118160190326,1.0763386517212915e-05
Random Forest,531,531,532,0.04357823892316321,0.19191118160190326,0.043634324172742565,0.19270420301348137,1.0785624919106648e-05
Random Forest,532,532,533,0.043634324172742565,0.19270420301348137,0.04369040942232193,0.19270420301348137,1.080786332100305e-05
Random Forest,533,533,534,0.04369040942232193,0.19270420301348137,0.04385866517106001,0.19270420301348137,3.2423589963009155e-05
Random Forest,534,534,535,0.04385866517106001,0.19270420301348137,0.043970835670218734,0.19270420301348137,2.16157266420061e-05
Random Forest,535,535,536,0.043970835670218734,0.19270420301348137,0.044026920919798096,0.19270420301348137,1.080786332100305e-05
Random Forest,536,536,537,0.044026920919798096,0.19270420301348137,0.04408300616937745,0.19270420301348137,1.0807863321001713e-05
Random Forest,537,537,538,0.04408300616937745,0.19270420301348137,0.044924284913067866,0.19270420301348137,0.0001621179498150444
Random Forest,538,538,539,0.044924284913067866,0.19270420301348137,0.04498037016264722,0.19270420301348137,1.0807863321001713e-05
Random Forest,539,539,540,0.04498037016264722,0.19270420301348137,0.04503645541222658,0.19270420301348137,1.080786332100305e-05
Random Forest,540,540,541,0.04503645541222658,0.19270420301348137,0.045092540661805944,0.19270420301348137,1.080786332100305e-05
Random Forest,541,541,542,0.045092540661805944,0.19270420301348137,0.045148625911385305,0.19270420301348137,1.080786332100305e-05
Random Forest,542,542,543,0.045148625911385305,0.19270420301348137,0.04520471116096467,0.19270420301348137,1.080786332100305e-05
Random Forest,543,543,544,0.04520471116096467,0.19270420301348137,0.04520471116096467,0.19349722442505948,0.0
Random Forest,544,544,545,0.04520471116096467,0.19349722442505948,0.04548513740886147,0.19349722442505948,5.426170062396459e-05
Random Forest,545,545,546,0.04548513740886147,0.19349722442505948,0.04548513740886147,0.1942902458366376,0.0
Random Forest,546,546,547,0.04548513740886147,0.1942902458366376,0.04610207515423444,0.1958762886597938,0.00012035423105610668
Random Forest,547,547,548,0.04610207515423444,0.1958762886597938,0.04621424565339316,0.1958762886597938,2.1971541072327188e-05
Random Forest,548,548,549,0.04621424565339316,0.1958762886597938,0.046606842400448684,0.1958762886597938,7.69003937531438e-05
Random Forest,549,549,550,0.046606842400448684,0.1958762886597938,0.046662927650028045,0.19666931007137192,1.1008008938058662e-05
Random Forest,550,550,551,0.046662927650028045,0.19666931007137192,0.04671901289960741,0.19666931007137192,1.103024733995373e-05
Random Forest,551,551,552,0.04671901289960741,0.19666931007137192,0.04677509814918676,0.19666931007137192,1.1030247339952365e-05
Random Forest,552,552,553,0.04677509814918676,0.19666931007137192,0.04683118339876612,0.19666931007137192,1.103024733995373e-05
Random Forest,553,553,554,0.04683118339876612,0.19666931007137192,0.046887268648345484,0.19666931007137192,1.103024733995373e-05
Random Forest,554,554,555,0.046887268648345484,0.19666931007137192,0.04699943914750421,0.19746233148295003,2.2104971483697595e-05
Random Forest,555,555,556,0.04699943914750421,0.19746233148295003,0.04705552439708357,0.19746233148295003,1.1074724143743866e-05
Random Forest,556,556,557,0.04705552439708357,0.19746233148295003,0.04733595064498037,0.19746233148295003,5.537362071871796e-05
Random Forest,557,557,558,0.04733595064498037,0.19746233148295003,0.04739203589455973,0.19746233148295003,1.1074724143743866e-05
Random Forest,558,558,559,0.04739203589455973,0.19746233148295003,0.04739203589455973,0.19825535289452814,0.0
Random Forest,559,559,560,0.04739203589455973,0.19825535289452814,0.04744812114413909,0.19825535289452814,1.1119200947534001e-05
Random Forest,560,560,561,0.04744812114413909,0.19825535289452814,0.047504206393718454,0.19825535289452814,1.1119200947534001e-05
Random Forest,561,561,562,0.047504206393718454,0.19825535289452814,0.047560291643297815,0.19825535289452814,1.1119200947534001e-05
Random Forest,562,562,563,0.047560291643297815,0.19825535289452814,0.04761637689287717,0.19825535289452814,1.1119200947532626e-05
Random Forest,563,563,564,0.04761637689287717,0.19825535289452814,0.04767246214245653,0.19825535289452814,1.1119200947534001e-05
Random Forest,564,564,565,0.04767246214245653,0.19825535289452814,0.04772854739203589,0.19825535289452814,1.1119200947534001e-05
Random Forest,565,565,566,0.04772854739203589,0.19825535289452814,0.047840717891194616,0.2006344171292625,2.2371832306438413e-05
Random Forest,566,566,567,0.047840717891194616,0.2006344171292625,0.04789680314077398,0.2006344171292625,1.125263135890441e-05
Random Forest,567,567,568,0.04789680314077398,0.2006344171292625,0.048065058889512055,0.2006344171292625,3.375789407671184e-05
Random Forest,568,568,569,0.048065058889512055,0.2006344171292625,0.04812114413909142,0.2006344171292625,1.125263135890441e-05
Random Forest,569,569,570,0.04812114413909142,0.2006344171292625,0.04817722938867078,0.2006344171292625,1.125263135890441e-05
Random Forest,570,570,571,0.04817722938867078,0.2006344171292625,0.0482893998878295,0.2006344171292625,2.250526271780882e-05
Random Forest,571,571,572,0.0482893998878295,0.2006344171292625,0.04834548513740886,0.2006344171292625,1.125263135890441e-05
Random Forest,572,572,573,0.04834548513740886,0.2006344171292625,0.04834548513740886,0.2014274385408406,0.0
Random Forest,573,573,574,0.04834548513740886,0.2014274385408406,0.048401570386988224,0.2014274385408406,1.1297108162694547e-05
Random Forest,574,574,575,0.048401570386988224,0.2014274385408406,0.048457655636567586,0.2014274385408406,1.1297108162694547e-05
Random Forest,575,575,576,0.048457655636567586,0.2014274385408406,0.04851374088614694,0.2014274385408406,1.129710816269315e-05
Random Forest,576,576,577,0.04851374088614694,0.2014274385408406,0.0485698261357263,0.2014274385408406,1.1297108162694547e-05
Random Forest,577,577,578,0.0485698261357263,0.2014274385408406,0.04862591138530566,0.2014274385408406,1.1297108162694547e-05
Random Forest,578,578,579,0.04862591138530566,0.2014274385408406,0.048681996634885025,0.2014274385408406,1.1297108162694547e-05
Random Forest,579,579,580,0.048681996634885025,0.2014274385408406,0.048738081884464386,0.20222045995241872,1.1319346564589614e-05
Random Forest,580,580,581,0.048738081884464386,0.20222045995241872,0.04879416713404375,0.20222045995241872,1.1341584966484682e-05
Random Forest,581,581,582,0.04879416713404375,0.20222045995241872,0.04890633763320247,0.20222045995241872,2.2683169932969365e-05
Random Forest,582,582,583,0.04890633763320247,0.20222045995241872,0.048962422882781825,0.20222045995241872,1.134158496648328e-05
Random Forest,583,583,584,0.048962422882781825,0.20222045995241872,0.04907459338194055,0.20222045995241872,2.2683169932969365e-05
Random Forest,584,584,585,0.04907459338194055,0.20222045995241872,0.04913067863151991,0.20222045995241872,1.1341584966484682e-05
Random Forest,585,585,586,0.04913067863151991,0.20222045995241872,0.04918676388109927,0.20222045995241872,1.1341584966484682e-05
Random Forest,586,586,587,0.04918676388109927,0.20222045995241872,0.04924284913067863,0.20222045995241872,1.1341584966484682e-05
Random Forest,587,587,588,0.04924284913067863,0.20222045995241872,0.049298934380257994,0.20222045995241872,1.1341584966484682e-05
Random Forest,588,588,589,0.049298934380257994,0.20222045995241872,0.04946719012899607,0.20222045995241872,3.4024754899452646e-05
Random Forest,589,589,590,0.04946719012899607,0.20222045995241872,0.04946719012899607,0.20301348136399683,0.0
Random Forest,590,590,591,0.04946719012899607,0.20301348136399683,0.04969153112731352,0.20459952418715305,4.572215429625982e-05
Random Forest,591,591,592,0.04969153112731352,0.20459952418715305,0.04974761637689288,0.20539254559873116,1.1497253779750158e-05
Random Forest,592,592,593,0.04974761637689288,0.20539254559873116,0.04980370162647224,0.20539254559873116,1.1519492181645226e-05
Random Forest,593,593,594,0.04980370162647224,0.20539254559873116,0.049859786876051596,0.20539254559873116,1.15194921816438e-05
Random Forest,594,594,595,0.049859786876051596,0.20539254559873116,0.04991587212563096,0.20539254559873116,1.1519492181645226e-05
Random Forest,595,595,596,0.04991587212563096,0.20539254559873116,0.05120583286595625,0.20935765265662173,0.0002675057363957687
Random Forest,596,596,597,0.05120583286595625,0.20935765265662173,0.05126191811553561,0.20935765265662173,1.1741876200595907e-05
Random Forest,597,597,598,0.05126191811553561,0.20935765265662173,0.05126191811553561,0.21015067406819984,0.0
Random Forest,598,598,599,0.05126191811553561,0.21015067406819984,0.051318003365114974,0.21094369547977795,1.1808591406281111e-05
Random Forest,599,599,600,0.051318003365114974,0.21094369547977795,0.0514301738642737,0.21094369547977795,2.3661659616352356e-05
Random Forest,600,600,601,0.0514301738642737,0.21094369547977795,0.05148625911385306,0.21094369547977795,1.1830829808176178e-05
Random Forest,601,601,602,0.05148625911385306,0.21094369547977795,0.05154234436343242,0.21094369547977795,1.1830829808176178e-05
Random Forest,602,602,603,0.05154234436343242,0.21094369547977795,0.0517106001121705,0.21094369547977795,3.549248942452707e-05
Random Forest,603,603,604,0.0517106001121705,0.21094369547977795,0.05176668536174986,0.21094369547977795,1.1830829808176178e-05
Random Forest,604,604,605,0.05176668536174986,0.21094369547977795,0.05182277061132922,0.21094369547977795,1.1830829808176178e-05
Random Forest,605,605,606,0.05182277061132922,0.21094369547977795,0.05182277061132922,0.21173671689135606,0.0
Random Forest,606,606,607,0.05182277061132922,0.21173671689135606,0.05187885586090858,0.21173671689135606,1.1875306611966315e-05
Random Forest,607,607,608,0.05187885586090858,0.21173671689135606,0.051934941110487944,0.21173671689135606,1.1875306611966315e-05
Random Forest,608,608,609,0.051934941110487944,0.21173671689135606,0.051991026360067305,0.21173671689135606,1.1875306611966315e-05
Random Forest,609,609,610,0.051991026360067305,0.21173671689135606,0.05204711160964666,0.21173671689135606,1.1875306611964844e-05
Random Forest,610,610,611,0.05204711160964666,0.21173671689135606,0.05210319685922602,0.21173671689135606,1.1875306611966315e-05
Random Forest,611,611,612,0.05210319685922602,0.21173671689135606,0.05238362310712283,0.21173671689135606,5.937653305983157e-05
Random Forest,612,612,613,0.05238362310712283,0.21173671689135606,0.05243970835670219,0.21173671689135606,1.1875306611966315e-05
Random Forest,613,613,614,0.05243970835670219,0.21173671689135606,0.052551878855860906,0.21173671689135606,2.375061322393116e-05
Random Forest,614,614,615,0.052551878855860906,0.21173671689135606,0.05260796410544027,0.21173671689135606,1.1875306611966315e-05
Random Forest,615,615,616,0.05260796410544027,0.21173671689135606,0.05417835109366237,0.2196669310071372,0.00033873533766567136
Random Forest,616,616,617,0.05417835109366237,0.2196669310071372,0.05423443634324173,0.2196669310071372,1.2320074649867675e-05
Random Forest,617,617,618,0.05423443634324173,0.2196669310071372,0.054290521592821085,0.2196669310071372,1.232007464986615e-05
Random Forest,618,618,619,0.054290521592821085,0.2196669310071372,0.05434660684240045,0.2196669310071372,1.2320074649867675e-05
Random Forest,619,619,620,0.05434660684240045,0.2196669310071372,0.05445877734155917,0.2196669310071372,2.464014929973535e-05
Random Forest,620,620,621,0.05445877734155917,0.2196669310071372,0.054627033090297254,0.2196669310071372,3.696022394960302e-05
Random Forest,621,621,622,0.054627033090297254,0.2196669310071372,0.054627033090297254,0.2204599524187153,0.0
Random Forest,622,622,623,0.054627033090297254,0.2204599524187153,0.054963544587773416,0.2204599524187153,7.418730872194533e-05
Random Forest,623,623,624,0.054963544587773416,0.2204599524187153,0.05501962983735278,0.2204599524187153,1.236455145365781e-05
Random Forest,624,624,625,0.05501962983735278,0.2204599524187153,0.05507571508693214,0.2204599524187153,1.236455145365781e-05
Random Forest,625,625,626,0.05507571508693214,0.2204599524187153,0.0551318003365115,0.2204599524187153,1.236455145365781e-05
Random Forest,626,626,627,0.0551318003365115,0.2204599524187153,0.055187885586090855,0.2204599524187153,1.236455145365628e-05
Random Forest,627,627,628,0.055187885586090855,0.2204599524187153,0.05530005608524958,0.2212529738302934,2.4773579711105757e-05
Random Forest,628,628,629,0.05530005608524958,0.2212529738302934,0.0554122265844083,0.2212529738302934,2.481805651489589e-05
Random Forest,629,629,630,0.0554122265844083,0.2212529738302934,0.05546831183398766,0.2212529738302934,1.2409028257447945e-05
Random Forest,630,630,631,0.05546831183398766,0.2212529738302934,0.055524397083567024,0.2212529738302934,1.2409028257447945e-05
Random Forest,631,631,632,0.055524397083567024,0.2212529738302934,0.055524397083567024,0.22204599524187152,0.0
Random Forest,632,632,633,0.055524397083567024,0.22204599524187152,0.05558048233314638,0.22204599524187152,1.245350506123654e-05
Random Forest,633,633,634,0.05558048233314638,0.22204599524187152,0.05563656758272574,0.22204599524187152,1.2453505061238082e-05
Random Forest,634,634,635,0.05563656758272574,0.22204599524187152,0.0556926528323051,0.22204599524187152,1.2453505061238082e-05
Random Forest,635,635,636,0.0556926528323051,0.22204599524187152,0.055748738081884464,0.22204599524187152,1.2453505061238082e-05
Random Forest,636,636,637,0.055748738081884464,0.22204599524187152,0.055804823331463825,0.22204599524187152,1.2453505061238082e-05
Random Forest,637,637,638,0.055804823331463825,0.22204599524187152,0.05591699383062255,0.22204599524187152,2.4907010122476164e-05
Random Forest,638,638,639,0.05591699383062255,0.22204599524187152,0.056085249579360626,0.22204599524187152,3.73605151837127e-05
Random Forest,639,639,640,0.056085249579360626,0.22204599524187152,0.05614133482893999,0.22283901665344966,1.2475743463133149e-05
Random Forest,640,640,641,0.05614133482893999,0.22283901665344966,0.05709478407178912,0.22521808088818399,0.0002135998502021251
Random Forest,641,641,642,0.05709478407178912,0.22521808088818399,0.05709478407178912,0.2260111022997621,0.0
Random Forest,642,642,643,0.05709478407178912,0.2260111022997621,0.05715086932136848,0.2260111022997621,1.2675889080188763e-05
Random Forest,643,643,644,0.05715086932136848,0.2260111022997621,0.05720695457094784,0.2260111022997621,1.2675889080188763e-05
Random Forest,644,644,645,0.05720695457094784,0.2260111022997621,0.0572630398205272,0.2260111022997621,1.2675889080188763e-05
Random Forest,645,645,646,0.0572630398205272,0.2260111022997621,0.05776780706674145,0.22759714512291832,0.00011448329295580852
Random Forest,646,646,647,0.05776780706674145,0.22759714512291832,0.057879977565900166,0.22759714512291832,2.552968537553649e-05
Random Forest,647,647,648,0.057879977565900166,0.22759714512291832,0.05793606281547953,0.22759714512291832,1.2764842687769034e-05
Random Forest,648,648,649,0.05793606281547953,0.22759714512291832,0.05804823331463825,0.22759714512291832,2.5529685375538067e-05
Random Forest,649,649,650,0.05804823331463825,0.22759714512291832,0.05810431856421761,0.22759714512291832,1.2764842687769034e-05
Random Forest,650,650,651,0.05810431856421761,0.22759714512291832,0.058160403813796974,0.22759714512291832,1.2764842687769034e-05
Random Forest,651,651,652,0.058160403813796974,0.22759714512291832,0.058216489063376335,0.22759714512291832,1.2764842687769034e-05
Random Forest,652,652,653,0.058216489063376335,0.22759714512291832,0.06219854178351094,0.24345757335448057,0.0009378823615225833
Random Forest,653,653,654,0.06219854178351094,0.24345757335448057,0.06219854178351094,0.24425059476605868,0.0
Random Forest,654,654,655,0.06219854178351094,0.24425059476605868,0.062254627033090294,0.24425059476605868,1.3698855567360195e-05
Random Forest,655,655,656,0.062254627033090294,0.24425059476605868,0.06236679753224902,0.24425059476605868,2.739771113472378e-05
Random Forest,656,656,657,0.06236679753224902,0.24425059476605868,0.06242288278182838,0.24425059476605868,1.369885556736189e-05
Random Forest,657,657,658,0.06242288278182838,0.24425059476605868,0.06247896803140774,0.24425059476605868,1.369885556736189e-05
Random Forest,658,658,659,0.06247896803140774,0.24425059476605868,0.06259113853056646,0.2458366375892149,2.7486664742302352e-05
Random Forest,659,659,660,0.06259113853056646,0.2458366375892149,0.06264722378014582,0.2458366375892149,1.3787809174943867e-05
Random Forest,660,660,661,0.06264722378014582,0.2458366375892149,0.06270330902972518,0.2458366375892149,1.3787809174940456e-05
Random Forest,661,661,662,0.06270330902972518,0.2458366375892149,0.06275939427930455,0.2458366375892149,1.3787809174943867e-05
Random Forest,662,662,663,0.06275939427930455,0.2458366375892149,0.0628154795288839,0.2458366375892149,1.3787809174940456e-05
Random Forest,663,663,664,0.0628154795288839,0.2458366375892149,0.06287156477846327,0.2458366375892149,1.3787809174943867e-05
Random Forest,664,664,665,0.06287156477846327,0.2458366375892149,0.06298373527762198,0.2458366375892149,2.757561834988091e-05
Random Forest,665,665,666,0.06298373527762198,0.2458366375892149,0.06303982052720135,0.2458366375892149,1.3787809174943867e-05
Random Forest,666,666,667,0.06303982052720135,0.2458366375892149,0.0630959057767807,0.2458366375892149,1.3787809174940456e-05
Random Forest,667,667,668,0.0630959057767807,0.2458366375892149,0.06315199102636007,0.2458366375892149,1.3787809174943867e-05
Random Forest,668,668,669,0.06315199102636007,0.2458366375892149,0.06320807627593943,0.2458366375892149,1.3787809174940456e-05
Random Forest,669,669,670,0.06320807627593943,0.2458366375892149,0.06348850252383623,0.24662965900079303,6.905023788418445e-05
Random Forest,670,670,671,0.06348850252383623,0.24662965900079303,0.06365675827257432,0.24662965900079303,4.149685793619861e-05
Random Forest,671,671,672,0.06365675827257432,0.24662965900079303,0.06371284352215367,0.24662965900079303,1.3832285978730587e-05
Random Forest,672,672,673,0.06371284352215367,0.24662965900079303,0.0638250140213124,0.24742268041237114,2.7709048761254734e-05
Random Forest,673,673,674,0.0638250140213124,0.24742268041237114,0.06393718452047112,0.24742268041237114,2.775352556504487e-05
Random Forest,674,674,675,0.06393718452047112,0.24742268041237114,0.06399326977005047,0.24742268041237114,1.387676278252072e-05
Random Forest,675,675,676,0.06399326977005047,0.24742268041237114,0.06404935501962984,0.24742268041237114,1.3876762782524151e-05
Random Forest,676,676,677,0.06404935501962984,0.24742268041237114,0.0641054402692092,0.24821570182394925,1.3899001184415784e-05
Random Forest,677,677,678,0.0641054402692092,0.24821570182394925,0.06416152551878856,0.24821570182394925,1.3921239586314293e-05
Random Forest,678,678,679,0.06416152551878856,0.24821570182394925,0.06421761076836792,0.24821570182394925,1.392123958631085e-05
Random Forest,679,679,680,0.06421761076836792,0.24821570182394925,0.06432978126752664,0.24821570182394925,2.784247917262514e-05
Random Forest,680,680,681,0.06432978126752664,0.24821570182394925,0.064385866517106,0.24821570182394925,1.392123958631085e-05
Random Forest,681,681,682,0.064385866517106,0.24821570182394925,0.06444195176668537,0.24821570182394925,1.3921239586314293e-05
Random Forest,682,682,683,0.06444195176668537,0.24821570182394925,0.06449803701626472,0.24821570182394925,1.392123958631085e-05
Random Forest,683,683,684,0.06449803701626472,0.24821570182394925,0.06455412226584409,0.24821570182394925,1.3921239586314293e-05
Random Forest,684,684,685,0.06455412226584409,0.24821570182394925,0.06461020751542344,0.24821570182394925,1.392123958631085e-05
Random Forest,685,685,686,0.06461020751542344,0.24821570182394925,0.06472237801458217,0.24821570182394925,2.784247917262514e-05
Random Forest,686,686,687,0.06472237801458217,0.24821570182394925,0.06477846326416152,0.24821570182394925,1.392123958631085e-05
Random Forest,687,687,688,0.06477846326416152,0.24821570182394925,0.06483454851374089,0.24821570182394925,1.3921239586314293e-05
Random Forest,688,688,689,0.06483454851374089,0.24821570182394925,0.06489063376332024,0.24821570182394925,1.392123958631085e-05
Random Forest,689,689,690,0.06489063376332024,0.24821570182394925,0.06494671901289961,0.24821570182394925,1.3921239586314293e-05
Random Forest,690,690,691,0.06494671901289961,0.24821570182394925,0.06494671901289961,0.24900872323552736,0.0
Random Forest,691,691,692,0.06494671901289961,0.24900872323552736,0.06500280426247897,0.24900872323552736,1.396571639010098e-05
Random Forest,692,692,693,0.06500280426247897,0.24900872323552736,0.06505888951205833,0.24900872323552736,1.3965716390104435e-05
Random Forest,693,693,694,0.06505888951205833,0.24900872323552736,0.06511497476163769,0.24900872323552736,1.396571639010098e-05
Random Forest,694,694,695,0.06511497476163769,0.24900872323552736,0.06517106001121704,0.24900872323552736,1.396571639010098e-05
Random Forest,695,695,696,0.06517106001121704,0.24900872323552736,0.06522714526079641,0.24900872323552736,1.3965716390104435e-05
Random Forest,696,696,697,0.06522714526079641,0.24900872323552736,0.06528323051037577,0.24900872323552736,1.396571639010098e-05
Random Forest,697,697,698,0.06528323051037577,0.24900872323552736,0.06533931575995514,0.24900872323552736,1.3965716390104435e-05
Random Forest,698,698,699,0.06533931575995514,0.24900872323552736,0.06550757150869321,0.2505947660586836,4.2030579581676796e-05
Random Forest,699,699,700,0.06550757150869321,0.2505947660586836,0.06561974200785194,0.2505947660586836,2.810933999536596e-05
Random Forest,700,700,701,0.06561974200785194,0.2505947660586836,0.06573191250701066,0.2505947660586836,2.810933999536596e-05
Random Forest,701,701,702,0.06573191250701066,0.2505947660586836,0.06578799775659001,0.2505947660586836,1.405466999768124e-05
Random Forest,702,702,703,0.06578799775659001,0.2505947660586836,0.06629276500280426,0.2521808088818398,0.00012689232121325627
Random Forest,703,703,704,0.06629276500280426,0.2521808088818398,0.06769489624228828,0.253766851704996,0.0003547025102263294
Random Forest,704,704,705,0.06769489624228828,0.253766851704996,0.06775098149186765,0.253766851704996,1.4232577212845284e-05
Random Forest,705,705,706,0.06775098149186765,0.253766851704996,0.067807066741447,0.253766851704996,1.4232577212841762e-05
Random Forest,706,706,707,0.067807066741447,0.253766851704996,0.06786315199102635,0.253766851704996,1.4232577212841762e-05
Random Forest,707,707,708,0.06786315199102635,0.253766851704996,0.06791923724060572,0.253766851704996,1.4232577212845284e-05
Random Forest,708,708,709,0.06791923724060572,0.253766851704996,0.06797532249018508,0.253766851704996,1.4232577212841762e-05
Random Forest,709,709,710,0.06797532249018508,0.253766851704996,0.06803140773976445,0.253766851704996,1.4232577212845284e-05
Random Forest,710,710,711,0.06803140773976445,0.253766851704996,0.06825574873808188,0.253766851704996,5.6930308851370564e-05
Random Forest,711,711,712,0.06825574873808188,0.253766851704996,0.06831183398766125,0.253766851704996,1.4232577212845284e-05
Random Forest,712,712,713,0.06831183398766125,0.253766851704996,0.0683679192372406,0.253766851704996,1.4232577212841762e-05
Random Forest,713,713,714,0.0683679192372406,0.253766851704996,0.06848008973639932,0.253766851704996,2.8465154425687044e-05
Random Forest,714,714,715,0.06848008973639932,0.253766851704996,0.0686483454851374,0.253766851704996,4.26977316385288e-05
Random Forest,715,715,716,0.0686483454851374,0.253766851704996,0.06870443073471677,0.253766851704996,1.4232577212845284e-05
Random Forest,716,716,717,0.06870443073471677,0.253766851704996,0.06876051598429612,0.253766851704996,1.4232577212841762e-05
Random Forest,717,717,718,0.06876051598429612,0.253766851704996,0.06887268648345485,0.253766851704996,2.8465154425687044e-05
Random Forest,718,718,719,0.06887268648345485,0.253766851704996,0.06892877173303422,0.253766851704996,1.4232577212845284e-05
Random Forest,719,719,720,0.06892877173303422,0.253766851704996,0.06898485698261357,0.253766851704996,1.4232577212841762e-05
Random Forest,720,720,721,0.06898485698261357,0.253766851704996,0.0690970274817723,0.253766851704996,2.8465154425687044e-05
Random Forest,721,721,722,0.0690970274817723,0.253766851704996,0.06915311273135165,0.253766851704996,1.4232577212841762e-05
Random Forest,722,722,723,0.06915311273135165,0.253766851704996,0.06920919798093102,0.253766851704996,1.4232577212845284e-05
Random Forest,723,723,724,0.06920919798093102,0.253766851704996,0.06926528323051037,0.253766851704996,1.4232577212841762e-05
Random Forest,724,724,725,0.06926528323051037,0.253766851704996,0.06932136848008974,0.253766851704996,1.4232577212845284e-05
Random Forest,725,725,726,0.06932136848008974,0.253766851704996,0.06932136848008974,0.25455987311657413,0.0
Random Forest,726,726,727,0.06932136848008974,0.25455987311657413,0.06943353897924846,0.25455987311657413,2.8554108033267317e-05
Random Forest,727,727,728,0.06943353897924846,0.25455987311657413,0.06948962422882782,0.25455987311657413,1.4277054016631892e-05
Random Forest,728,728,729,0.06948962422882782,0.25455987311657413,0.0696578799775659,0.25535289452815224,4.289787725558441e-05
Random Forest,729,729,730,0.0696578799775659,0.25535289452815224,0.06971396522714526,0.25535289452815224,1.4321530820425566e-05
Random Forest,730,730,731,0.06971396522714526,0.25535289452815224,0.06977005047672462,0.25535289452815224,1.4321530820422022e-05
Random Forest,731,731,732,0.06977005047672462,0.25535289452815224,0.07173303421200225,0.26090404440919907,0.0005067019871791191
Random Forest,732,732,733,0.07173303421200225,0.26090404440919907,0.0717891194615816,0.26090404440919907,1.4632868446952938e-05
Random Forest,733,733,734,0.0717891194615816,0.26090404440919907,0.07184520471116096,0.26090404440919907,1.4632868446952938e-05
Random Forest,734,734,735,0.07184520471116096,0.26090404440919907,0.07195737521031968,0.26090404440919907,2.9265736893909494e-05
Random Forest,735,735,736,0.07195737521031968,0.26090404440919907,0.07195737521031968,0.2616970658207772,0.0
Random Forest,736,736,737,0.07195737521031968,0.2616970658207772,0.07223780145821648,0.2624900872323553,7.349791826319793e-05
Random Forest,737,737,738,0.07223780145821648,0.2624900872323553,0.07229388670779585,0.2624900872323553,1.472182205453684e-05
Random Forest,738,738,739,0.07229388670779585,0.2624900872323553,0.0723499719573752,0.2624900872323553,1.4721822054533198e-05
Random Forest,739,739,740,0.0723499719573752,0.2624900872323553,0.07240605720695457,0.2624900872323553,1.472182205453684e-05
Random Forest,740,740,741,0.07240605720695457,0.2624900872323553,0.0725182277061133,0.2624900872323553,2.9443644109070038e-05
Random Forest,741,741,742,0.0725182277061133,0.2624900872323553,0.07257431295569265,0.2624900872323553,1.4721822054533198e-05
Random Forest,742,742,743,0.07257431295569265,0.2624900872323553,0.07268648345485137,0.2624900872323553,2.9443644109070038e-05
Random Forest,743,743,744,0.07268648345485137,0.2624900872323553,0.07274256870443073,0.2624900872323553,1.4721822054533198e-05
Random Forest,744,744,745,0.07274256870443073,0.2624900872323553,0.07285473920358945,0.2624900872323553,2.9443644109070038e-05
Random Forest,745,745,746,0.07285473920358945,0.2624900872323553,0.07291082445316882,0.2624900872323553,1.472182205453684e-05
Random Forest,746,746,747,0.07291082445316882,0.2624900872323553,0.07291082445316882,0.2632831086439334,0.0
Random Forest,747,747,748,0.07291082445316882,0.2632831086439334,0.07291082445316882,0.2640761300555115,0.0
Random Forest,748,748,749,0.07291082445316882,0.2640761300555115,0.07296690970274818,0.2640761300555115,1.4810775662113458e-05
Random Forest,749,749,750,0.07296690970274818,0.2640761300555115,0.07302299495232754,0.2640761300555115,1.4810775662117124e-05
Random Forest,750,750,751,0.07302299495232754,0.2640761300555115,0.0730790802019069,0.2640761300555115,1.4810775662113458e-05
Random Forest,751,751,752,0.0730790802019069,0.2640761300555115,0.07313516545148625,0.2648691514670896,1.4833014064008523e-05
Random Forest,752,752,753,0.07313516545148625,0.2648691514670896,0.07369601794727987,0.2648691514670896,0.00014855252465905428
Random Forest,753,753,754,0.07369601794727987,0.2648691514670896,0.07375210319685922,0.2648691514670896,1.485525246590359e-05
Random Forest,754,754,755,0.07375210319685922,0.2648691514670896,0.07392035894559731,0.2648691514670896,4.456575739771812e-05
Random Forest,755,755,756,0.07392035894559731,0.2648691514670896,0.07397644419517667,0.2648691514670896,1.485525246590359e-05
Random Forest,756,756,757,0.07397644419517667,0.2648691514670896,0.07403252944475602,0.2648691514670896,1.485525246590359e-05
Random Forest,757,757,758,0.07403252944475602,0.2648691514670896,0.07425687044307347,0.2648691514670896,5.9421009863621705e-05
Random Forest,758,758,759,0.07425687044307347,0.2648691514670896,0.07448121144139092,0.2648691514670896,5.9421009863621705e-05
Random Forest,759,759,760,0.07448121144139092,0.2648691514670896,0.07453729669097027,0.2648691514670896,1.485525246590359e-05
Random Forest,760,760,761,0.07453729669097027,0.2648691514670896,0.07459338194054964,0.2648691514670896,1.4855252465907264e-05
Random Forest,761,761,762,0.07459338194054964,0.2648691514670896,0.07459338194054964,0.2656621728786677,0.0
Random Forest,762,762,763,0.07459338194054964,0.2656621728786677,0.07470555243970836,0.2656621728786677,2.9799458539391126e-05
Random Forest,763,763,764,0.07470555243970836,0.2656621728786677,0.07481772293886708,0.2656621728786677,2.9799458539391126e-05
Random Forest,764,764,765,0.07481772293886708,0.2656621728786677,0.07846326416152552,0.2751784298176051,0.0009858283560083478
Random Forest,765,765,766,0.07846326416152552,0.2751784298176051,0.07851934941110487,0.2751784298176051,1.5433450915175288e-05
Random Forest,766,766,767,0.07851934941110487,0.2751784298176051,0.07868760515984297,0.2759714512291832,4.6367067951218706e-05
Random Forest,767,767,768,0.07868760515984297,0.2759714512291832,0.07879977565900169,0.2759714512291832,3.0955855437934665e-05
Random Forest,768,768,769,0.07879977565900169,0.2759714512291832,0.07885586090858104,0.2759714512291832,1.5477927718965418e-05
Random Forest,769,769,770,0.07885586090858104,0.2759714512291832,0.07885586090858104,0.2767644726407613,0.0
Random Forest,770,770,771,0.07885586090858104,0.2767644726407613,0.0789119461581604,0.2767644726407613,1.5522404522755548e-05
Random Forest,771,771,772,0.0789119461581604,0.2767644726407613,0.0789119461581604,0.2775574940523394,0.0
Random Forest,772,772,773,0.0789119461581604,0.2775574940523394,0.07902411665731912,0.2775574940523394,3.1133762653095206e-05
Random Forest,773,773,774,0.07902411665731912,0.2775574940523394,0.07969713965227146,0.27914353687549565,0.00018733629756405288
Random Forest,774,774,775,0.07969713965227146,0.27914353687549565,0.07975322490185081,0.27914353687549565,1.565583493412594e-05
Random Forest,775,775,776,0.07975322490185081,0.27914353687549565,0.07980931015143017,0.27914353687549565,1.565583493412594e-05
Random Forest,776,776,777,0.07980931015143017,0.27914353687549565,0.07986539540100954,0.27914353687549565,1.565583493412981e-05
Random Forest,777,777,778,0.07986539540100954,0.27914353687549565,0.07997756590016826,0.27914353687549565,3.131166986825575e-05
Random Forest,778,778,779,0.07997756590016826,0.27914353687549565,0.08003365114974761,0.27914353687549565,1.565583493412594e-05
Random Forest,779,779,780,0.08003365114974761,0.27914353687549565,0.08008973639932698,0.27914353687549565,1.565583493412981e-05
Random Forest,780,780,781,0.08008973639932698,0.27914353687549565,0.08014582164890634,0.27914353687549565,1.565583493412594e-05
Random Forest,781,781,782,0.08014582164890634,0.27914353687549565,0.08020190689848569,0.27914353687549565,1.565583493412594e-05
Random Forest,782,782,783,0.08020190689848569,0.27914353687549565,0.08031407739764442,0.27914353687549565,3.131166986825575e-05
Random Forest,783,783,784,0.08031407739764442,0.27914353687549565,0.08037016264722378,0.27914353687549565,1.565583493412981e-05
Random Forest,784,784,785,0.08037016264722378,0.27914353687549565,0.08042624789680314,0.27914353687549565,1.565583493412594e-05
Random Forest,785,785,786,0.08042624789680314,0.27914353687549565,0.08059450364554123,0.27914353687549565,4.696750480238556e-05
Random Forest,786,786,787,0.08059450364554123,0.27914353687549565,0.08065058889512058,0.27914353687549565,1.565583493412594e-05
Random Forest,787,787,788,0.08065058889512058,0.27914353687549565,0.08098710039259675,0.2831086439333862,9.460216166161929e-05
Random Forest,788,788,789,0.08098710039259675,0.2831086439333862,0.08104318564217611,0.2831086439333862,1.587821895307659e-05
Random Forest,789,789,790,0.08104318564217611,0.2831086439333862,0.08109927089175546,0.2831086439333862,1.587821895307659e-05
Random Forest,790,790,791,0.08109927089175546,0.2831086439333862,0.08115535614133483,0.2831086439333862,1.587821895308052e-05
Random Forest,791,791,792,0.08115535614133483,0.2831086439333862,0.08121144139091419,0.2831086439333862,1.587821895307659e-05
Random Forest,792,792,793,0.08121144139091419,0.2831086439333862,0.08126752664049355,0.2831086439333862,1.587821895308052e-05
Random Forest,793,793,794,0.08126752664049355,0.2831086439333862,0.08132361189007291,0.2831086439333862,1.587821895307659e-05
Random Forest,794,794,795,0.08132361189007291,0.2831086439333862,0.08143578238923163,0.2831086439333862,3.175643790615711e-05
Random Forest,795,795,796,0.08143578238923163,0.2831086439333862,0.08149186763881099,0.2831086439333862,1.587821895307659e-05
Random Forest,796,796,797,0.08149186763881099,0.2831086439333862,0.08149186763881099,0.2839016653449643,0.0
Random Forest,797,797,798,0.08149186763881099,0.2839016653449643,0.08154795288839035,0.2839016653449643,1.592269575687066e-05
Random Forest,798,798,799,0.08154795288839035,0.2839016653449643,0.08160403813796971,0.2839016653449643,1.592269575686672e-05
Random Forest,799,799,800,0.08160403813796971,0.2839016653449643,0.08166012338754908,0.2839016653449643,1.592269575687066e-05
Random Forest,800,800,801,0.08166012338754908,0.2839016653449643,0.08171620863712843,0.2839016653449643,1.592269575686672e-05
Random Forest,801,801,802,0.08171620863712843,0.2839016653449643,0.0817722938867078,0.2839016653449643,1.592269575687066e-05
Random Forest,802,802,803,0.0817722938867078,0.2839016653449643,0.08182837913628715,0.2839016653449643,1.592269575686672e-05
Random Forest,803,803,804,0.08182837913628715,0.2839016653449643,0.08188446438586652,0.2839016653449643,1.592269575687066e-05
Random Forest,804,804,805,0.08188446438586652,0.2839016653449643,0.08188446438586652,0.2846946867565424,0.0
Random Forest,805,805,806,0.08188446438586652,0.2846946867565424,0.08194054963544588,0.2846946867565424,1.5967172560656853e-05
Random Forest,806,806,807,0.08194054963544588,0.2846946867565424,0.08199663488502523,0.2846946867565424,1.5967172560656853e-05
Random Forest,807,807,808,0.08199663488502523,0.2846946867565424,0.08210880538418396,0.2846946867565424,3.1934345121317656e-05
Random Forest,808,808,809,0.08210880538418396,0.2846946867565424,0.08216489063376332,0.2846946867565424,1.5967172560660803e-05
Random Forest,809,809,810,0.08216489063376332,0.2846946867565424,0.08222097588334268,0.2846946867565424,1.5967172560656853e-05
Random Forest,810,810,811,0.08222097588334268,0.2846946867565424,0.08238923163208076,0.2854877081681205,4.7968232887659704e-05
Random Forest,811,811,812,0.08238923163208076,0.2854877081681205,0.08244531688166012,0.2854877081681205,1.6011649364450943e-05
Random Forest,812,812,813,0.08244531688166012,0.2854877081681205,0.08250140213123948,0.2854877081681205,1.6011649364446983e-05
Random Forest,813,813,814,0.08250140213123948,0.2854877081681205,0.08255748738081885,0.2854877081681205,1.6011649364450943e-05
Random Forest,814,814,815,0.08255748738081885,0.2854877081681205,0.0826135726303982,0.2854877081681205,1.6011649364446983e-05
Random Forest,815,815,816,0.0826135726303982,0.2854877081681205,0.0826135726303982,0.28628072957969863,0.0
Random Forest,816,816,817,0.0826135726303982,0.28628072957969863,0.08266965787997757,0.28628072957969863,1.6056126168241084e-05
Random Forest,817,817,818,0.08266965787997757,0.28628072957969863,0.08272574312955693,0.28707375099127674,1.6078364570132178e-05
Random Forest,818,818,819,0.08272574312955693,0.28707375099127674,0.08317442512619182,0.28865979381443296,0.00012916063820655495
Random Forest,819,819,820,0.08317442512619182,0.28865979381443296,0.08317442512619182,0.28945281522601113,0.0
Random Forest,820,820,821,0.08317442512619182,0.28945281522601113,0.08323051037577117,0.28945281522601113,1.6234033383397637e-05
Random Forest,821,821,822,0.08323051037577117,0.28945281522601113,0.08328659562535053,0.28945281522601113,1.6234033383397637e-05
Random Forest,822,822,823,0.08328659562535053,0.28945281522601113,0.0833426808749299,0.28945281522601113,1.623403338340165e-05
Random Forest,823,823,824,0.0833426808749299,0.28945281522601113,0.08339876612450925,0.28945281522601113,1.6234033383397637e-05
Random Forest,824,824,825,0.08339876612450925,0.28945281522601113,0.08345485137408862,0.28945281522601113,1.623403338340165e-05
Random Forest,825,825,826,0.08345485137408862,0.28945281522601113,0.08351093662366797,0.28945281522601113,1.6234033383397637e-05
Random Forest,826,826,827,0.08351093662366797,0.28945281522601113,0.08356702187324734,0.28945281522601113,1.623403338340165e-05
Random Forest,827,827,828,0.08356702187324734,0.28945281522601113,0.0836231071228267,0.29024583663758924,1.6256271785292702e-05
Random Forest,828,828,829,0.0836231071228267,0.29024583663758924,0.08367919237240606,0.29024583663758924,1.6278510187191795e-05
Random Forest,829,829,830,0.08367919237240606,0.29024583663758924,0.08373527762198542,0.29024583663758924,1.6278510187187767e-05
Random Forest,830,830,831,0.08373527762198542,0.29024583663758924,0.08379136287156477,0.29024583663758924,1.6278510187187767e-05
Random Forest,831,831,832,0.08379136287156477,0.29024583663758924,0.08384744812114414,0.29024583663758924,1.6278510187191795e-05
Random Forest,832,832,833,0.08384744812114414,0.29024583663758924,0.0839035333707235,0.29024583663758924,1.6278510187187767e-05
Random Forest,833,833,834,0.0839035333707235,0.29024583663758924,0.08395961862030286,0.29024583663758924,1.6278510187191795e-05
Random Forest,834,834,835,0.08395961862030286,0.29024583663758924,0.08401570386988222,0.29024583663758924,1.6278510187187767e-05
Random Forest,835,835,836,0.08401570386988222,0.29024583663758924,0.08407178911946159,0.29024583663758924,1.6278510187191795e-05
Random Forest,836,836,837,0.08407178911946159,0.29024583663758924,0.08412787436904094,0.29024583663758924,1.6278510187187767e-05
Random Forest,837,837,838,0.08412787436904094,0.29024583663758924,0.0841839596186203,0.29024583663758924,1.6278510187187767e-05
Random Forest,838,838,839,0.0841839596186203,0.29024583663758924,0.08424004486819966,0.29024583663758924,1.6278510187191795e-05
Random Forest,839,839,840,0.08424004486819966,0.29024583663758924,0.08435221536735839,0.29024583663758924,3.255702037437956e-05
Random Forest,840,840,841,0.08435221536735839,0.29024583663758924,0.08440830061693774,0.29024583663758924,1.6278510187187767e-05
Random Forest,841,841,842,0.08440830061693774,0.29024583663758924,0.08457655636567583,0.29024583663758924,4.883553056157136e-05
Random Forest,842,842,843,0.08457655636567583,0.29024583663758924,0.08463264161525519,0.29024583663758924,1.6278510187187767e-05
Random Forest,843,843,844,0.08463264161525519,0.29024583663758924,0.08485698261357263,0.29024583663758924,6.511404074875912e-05
Random Forest,844,844,845,0.08485698261357263,0.29024583663758924,0.08491306786315199,0.29024583663758924,1.6278510187187767e-05
Random Forest,845,845,846,0.08491306786315199,0.29024583663758924,0.08491306786315199,0.29103885804916735,0.0
Random Forest,846,846,847,0.08491306786315199,0.29103885804916735,0.08496915311273136,0.29103885804916735,1.6322986990981936e-05
Random Forest,847,847,848,0.08496915311273136,0.29103885804916735,0.08502523836231071,0.29103885804916735,1.6322986990977897e-05
Random Forest,848,848,849,0.08502523836231071,0.29103885804916735,0.08508132361189007,0.29103885804916735,1.6322986990977897e-05
Random Forest,849,849,850,0.08508132361189007,0.29103885804916735,0.08513740886146944,0.29103885804916735,1.6322986990981936e-05
Random Forest,850,850,851,0.08513740886146944,0.29103885804916735,0.08519349411104879,0.29103885804916735,1.6322986990977897e-05
Random Forest,851,851,852,0.08519349411104879,0.29103885804916735,0.08524957936062816,0.29103885804916735,1.6322986990981936e-05
Random Forest,852,852,853,0.08524957936062816,0.29103885804916735,0.08536174985978688,0.29103885804916735,3.264597398195983e-05
Random Forest,853,853,854,0.08536174985978688,0.29103885804916735,0.08547392035894559,0.29183187946074546,3.2690450785745924e-05
Random Forest,854,854,855,0.08547392035894559,0.29183187946074546,0.08553000560852496,0.29183187946074546,1.6367463794772076e-05
Random Forest,855,855,856,0.08553000560852496,0.29183187946074546,0.08558609085810431,0.29183187946074546,1.6367463794768027e-05
Random Forest,856,856,857,0.08558609085810431,0.29183187946074546,0.08569826135726304,0.29183187946074546,3.2734927589540106e-05
Random Forest,857,857,858,0.08569826135726304,0.29183187946074546,0.08581043185642176,0.29183187946074546,3.2734927589540106e-05
Random Forest,858,858,859,0.08581043185642176,0.29183187946074546,0.08586651710600113,0.29183187946074546,1.6367463794772076e-05
Random Forest,859,859,860,0.08586651710600113,0.29183187946074546,0.08597868760515984,0.29183187946074546,3.2734927589536054e-05
Random Forest,860,860,861,0.08597868760515984,0.29183187946074546,0.08609085810431856,0.29183187946074546,3.2734927589540106e-05
Random Forest,861,861,862,0.08609085810431856,0.29183187946074546,0.08620302860347728,0.29262490087232357,3.277940439333024e-05
Random Forest,862,862,863,0.08620302860347728,0.29262490087232357,0.08637128435221536,0.29262490087232357,4.923582179567854e-05
Random Forest,863,863,864,0.08637128435221536,0.29262490087232357,0.08642736960179473,0.29262490087232357,1.641194059856222e-05
Random Forest,864,864,865,0.08642736960179473,0.29262490087232357,0.08642736960179473,0.2934179222839017,0.0
Random Forest,865,865,866,0.08642736960179473,0.2934179222839017,0.08648345485137408,0.2934179222839017,1.6456417402348287e-05
Random Forest,866,866,867,0.08648345485137408,0.2934179222839017,0.08653954010095345,0.2934179222839017,1.645641740235236e-05
Random Forest,867,867,868,0.08653954010095345,0.2934179222839017,0.0865956253505328,0.2934179222839017,1.6456417402348287e-05
Random Forest,868,868,869,0.0865956253505328,0.2934179222839017,0.08665171060011218,0.2934179222839017,1.645641740235236e-05
Random Forest,869,869,870,0.08665171060011218,0.2934179222839017,0.08670779584969153,0.2934179222839017,1.6456417402348287e-05
Random Forest,870,870,871,0.08670779584969153,0.2934179222839017,0.0867638810992709,0.2934179222839017,1.645641740235236e-05
Random Forest,871,871,872,0.0867638810992709,0.2934179222839017,0.08681996634885025,0.2934179222839017,1.6456417402348287e-05
Random Forest,872,872,873,0.08681996634885025,0.2934179222839017,0.08693213684800898,0.2934179222839017,3.291283480470065e-05
Random Forest,873,873,874,0.08693213684800898,0.2934179222839017,0.08698822209758833,0.2934179222839017,1.6456417402348287e-05
Random Forest,874,874,875,0.08698822209758833,0.2934179222839017,0.0870443073471677,0.2934179222839017,1.645641740235236e-05
Random Forest,875,875,876,0.0870443073471677,0.2934179222839017,0.08710039259674705,0.2934179222839017,1.6456417402348287e-05
Random Forest,876,876,877,0.08710039259674705,0.2934179222839017,0.08715647784632642,0.2934179222839017,1.645641740235236e-05
Random Forest,877,877,878,0.08715647784632642,0.2934179222839017,0.08749298934380258,0.2934179222839017,9.873850441409787e-05
Random Forest,878,878,879,0.08749298934380258,0.2934179222839017,0.08754907459338195,0.2934179222839017,1.645641740235236e-05
Random Forest,879,879,880,0.08754907459338195,0.2934179222839017,0.0876051598429613,0.2934179222839017,1.6456417402348287e-05
Random Forest,880,880,881,0.0876051598429613,0.2934179222839017,0.08766124509254067,0.2934179222839017,1.645641740235236e-05
Random Forest,881,881,882,0.08766124509254067,0.2934179222839017,0.08771733034212002,0.2934179222839017,1.6456417402348287e-05
Random Forest,882,882,883,0.08771733034212002,0.2934179222839017,0.08777341559169938,0.2934179222839017,1.6456417402348287e-05
Random Forest,883,883,884,0.08777341559169938,0.2934179222839017,0.08782950084127875,0.2934179222839017,1.645641740235236e-05
Random Forest,884,884,885,0.08782950084127875,0.2934179222839017,0.0878855860908581,0.2942109436954798,1.6478655804243352e-05
Random Forest,885,885,886,0.0878855860908581,0.2942109436954798,0.08794167134043747,0.2942109436954798,1.65008942061425e-05
Random Forest,886,886,887,0.08794167134043747,0.2942109436954798,0.08810992708917555,0.2942109436954798,4.950268261841934e-05
Random Forest,887,887,888,0.08810992708917555,0.2942109436954798,0.0881660123387549,0.2942109436954798,1.6500894206138417e-05
Random Forest,888,888,889,0.0881660123387549,0.2942109436954798,0.08822209758833427,0.2942109436954798,1.65008942061425e-05
Random Forest,889,889,890,0.08822209758833427,0.2942109436954798,0.08827818283791362,0.2942109436954798,1.6500894206138417e-05
Random Forest,890,890,891,0.08827818283791362,0.2942109436954798,0.08827818283791362,0.2950039651070579,0.0
Random Forest,891,891,892,0.08827818283791362,0.2950039651070579,0.0888951205832866,0.295796986518636,0.00018224370353008026
Random Forest,892,892,893,0.0888951205832866,0.295796986518636,0.08895120583286596,0.295796986518636,1.6589847813722784e-05
Random Forest,893,893,894,0.08895120583286596,0.295796986518636,0.08895120583286596,0.2965900079302141,0.0
Random Forest,894,894,895,0.08895120583286596,0.2965900079302141,0.08900729108244532,0.2965900079302141,1.663432461750881e-05
Random Forest,895,895,896,0.08900729108244532,0.2965900079302141,0.08906337633202467,0.2965900079302141,1.663432461750881e-05
Random Forest,896,896,897,0.08906337633202467,0.2965900079302141,0.08911946158160404,0.2965900079302141,1.6634324617512924e-05
Random Forest,897,897,898,0.08911946158160404,0.2965900079302141,0.08956814357823892,0.2973830293417922,0.00013325250415524337
Random Forest,898,898,899,0.08956814357823892,0.2973830293417922,0.08956814357823892,0.29817605075337034,0.0
Random Forest,899,899,900,0.08956814357823892,0.29817605075337034,0.08968031407739764,0.29817605075337034,3.3446556450182276e-05
Random Forest,900,900,901,0.08968031407739764,0.29817605075337034,0.08973639932697701,0.29817605075337034,1.6723278225093208e-05
Random Forest,901,901,902,0.08973639932697701,0.29817605075337034,0.08979248457655636,0.29817605075337034,1.672327822508907e-05
Random Forest,902,902,903,0.08979248457655636,0.29817605075337034,0.08984856982613573,0.29817605075337034,1.6723278225093208e-05
Random Forest,903,903,904,0.08984856982613573,0.29817605075337034,0.08990465507571509,0.29817605075337034,1.672327822508907e-05
Random Forest,904,904,905,0.08990465507571509,0.29817605075337034,0.09001682557487381,0.29817605075337034,3.3446556450182276e-05
Random Forest,905,905,906,0.09001682557487381,0.29817605075337034,0.09007291082445316,0.29817605075337034,1.672327822508907e-05
Random Forest,906,906,907,0.09007291082445316,0.29817605075337034,0.09046550757150869,0.29896907216494845,0.00011721861638890137
Random Forest,907,907,908,0.09046550757150869,0.29896907216494845,0.09057767807066741,0.29896907216494845,3.353551005776255e-05
Random Forest,908,908,909,0.09057767807066741,0.29896907216494845,0.09063376332024678,0.29896907216494845,1.676775502888335e-05
Random Forest,909,909,910,0.09063376332024678,0.29896907216494845,0.09068984856982613,0.29896907216494845,1.67677550288792e-05
Random Forest,910,910,911,0.09068984856982613,0.29896907216494845,0.0907459338194055,0.29896907216494845,1.676775502888335e-05
Random Forest,911,911,912,0.0907459338194055,0.29896907216494845,0.09080201906898486,0.29896907216494845,1.67677550288792e-05
Random Forest,912,912,913,0.09080201906898486,0.29896907216494845,0.09097027481772293,0.29896907216494845,5.030326508664175e-05
Random Forest,913,913,914,0.09097027481772293,0.29896907216494845,0.09097027481772293,0.30055511498810467,0.0
Random Forest,914,914,915,0.09097027481772293,0.30055511498810467,0.0910263600673023,0.30055511498810467,1.6856708636463632e-05
Random Forest,915,915,916,0.0910263600673023,0.30055511498810467,0.09108244531688166,0.30055511498810467,1.685670863645946e-05
Random Forest,916,916,917,0.09108244531688166,0.30055511498810467,0.09113853056646103,0.30055511498810467,1.6856708636463632e-05
Random Forest,917,917,918,0.09113853056646103,0.30055511498810467,0.09119461581604038,0.30055511498810467,1.685670863645946e-05
Random Forest,918,918,919,0.09119461581604038,0.30055511498810467,0.09125070106561974,0.30055511498810467,1.685670863645946e-05
Random Forest,919,919,920,0.09125070106561974,0.30055511498810467,0.0913067863151991,0.30055511498810467,1.6856708636463632e-05
Random Forest,920,920,921,0.0913067863151991,0.30055511498810467,0.09141895681435783,0.30055511498810467,3.371341727292309e-05
Random Forest,921,921,922,0.09141895681435783,0.30055511498810467,0.09164329781267527,0.30055511498810467,6.742683454584618e-05
Random Forest,922,922,923,0.09164329781267527,0.30055511498810467,0.09169938306225463,0.30055511498810467,1.685670863645946e-05
Random Forest,923,923,924,0.09169938306225463,0.30055511498810467,0.0918676388109927,0.30055511498810467,5.0570125909382555e-05
Random Forest,924,924,925,0.0918676388109927,0.30055511498810467,0.09192372406057207,0.30055511498810467,1.6856708636463632e-05
Random Forest,925,925,926,0.09192372406057207,0.30055511498810467,0.09197980931015143,0.30055511498810467,1.685670863645946e-05
Random Forest,926,926,927,0.09197980931015143,0.30055511498810467,0.0920358945597308,0.30055511498810467,1.6856708636463632e-05
Random Forest,927,927,928,0.0920358945597308,0.30055511498810467,0.09209197980931015,0.30055511498810467,1.685670863645946e-05
Random Forest,928,928,929,0.09209197980931015,0.30055511498810467,0.09209197980931015,0.3013481363996828,0.0
Random Forest,929,929,930,0.09209197980931015,0.3013481363996828,0.0921480650588895,0.3013481363996828,1.690118544024959e-05
Random Forest,930,930,931,0.0921480650588895,0.3013481363996828,0.0923163208076276,0.3013481363996828,5.070355632075714e-05
Random Forest,931,931,932,0.0923163208076276,0.3013481363996828,0.09237240605720695,0.3013481363996828,1.690118544024959e-05
Random Forest,932,932,933,0.09237240605720695,0.3013481363996828,0.09242849130678632,0.3013481363996828,1.6901185440253773e-05
Random Forest,933,933,934,0.09242849130678632,0.3013481363996828,0.09248457655636567,0.3013481363996828,1.690118544024959e-05
Random Forest,934,934,935,0.09248457655636567,0.3013481363996828,0.09254066180594504,0.3013481363996828,1.6901185440253773e-05
Random Forest,935,935,936,0.09254066180594504,0.3013481363996828,0.0925967470555244,0.3013481363996828,1.690118544024959e-05
Random Forest,936,936,937,0.0925967470555244,0.3013481363996828,0.09265283230510375,0.3013481363996828,1.690118544024959e-05
Random Forest,937,937,938,0.09265283230510375,0.3013481363996828,0.09276500280426248,0.3013481363996828,3.3802370880503364e-05
Random Forest,938,938,939,0.09276500280426248,0.3013481363996828,0.09282108805384184,0.3013481363996828,1.6901185440253773e-05
Random Forest,939,939,940,0.09282108805384184,0.3013481363996828,0.09298934380257992,0.3013481363996828,5.070355632075296e-05
Random Forest,940,940,941,0.09298934380257992,0.3013481363996828,0.09321368480089737,0.3021411578112609,6.7693695368587e-05
Random Forest,941,941,942,0.09321368480089737,0.3021411578112609,0.09326977005047672,0.3021411578112609,1.694566224403972e-05
Random Forest,942,942,943,0.09326977005047672,0.3021411578112609,0.09332585530005609,0.3021411578112609,1.6945662244043916e-05
Random Forest,943,943,944,0.09332585530005609,0.3021411578112609,0.09338194054963544,0.3021411578112609,1.694566224403972e-05
Random Forest,944,944,945,0.09338194054963544,0.3021411578112609,0.09349411104879417,0.3021411578112609,3.389132448808364e-05
Random Forest,945,945,946,0.09349411104879417,0.3021411578112609,0.09355019629837352,0.3021411578112609,1.694566224403972e-05
Random Forest,946,946,947,0.09355019629837352,0.3021411578112609,0.09366236679753225,0.3021411578112609,3.389132448808364e-05
Random Forest,947,947,948,0.09366236679753225,0.3021411578112609,0.09371845204711161,0.3021411578112609,1.6945662244043916e-05
Random Forest,948,948,949,0.09371845204711161,0.3021411578112609,0.09377453729669097,0.3021411578112609,1.694566224403972e-05
Random Forest,949,949,950,0.09377453729669097,0.3021411578112609,0.09377453729669097,0.302934179222839,0.0
Random Forest,950,950,951,0.09377453729669097,0.302934179222839,0.09383062254627034,0.302934179222839,1.6990139047834056e-05
Random Forest,951,951,952,0.09383062254627034,0.302934179222839,0.09388670779584969,0.302934179222839,1.6990139047829852e-05
Random Forest,952,952,953,0.09388670779584969,0.302934179222839,0.09399887829500841,0.302934179222839,3.3980278095663905e-05
Random Forest,953,953,954,0.09399887829500841,0.302934179222839,0.09405496354458777,0.302934179222839,1.6990139047829852e-05
Random Forest,954,954,955,0.09405496354458777,0.302934179222839,0.09411104879416714,0.302934179222839,1.6990139047834056e-05
Random Forest,955,955,956,0.09411104879416714,0.302934179222839,0.09427930454290522,0.302934179222839,5.097041714349376e-05
Random Forest,956,956,957,0.09427930454290522,0.302934179222839,0.09433538979248457,0.302934179222839,1.6990139047829852e-05
Random Forest,957,957,958,0.09433538979248457,0.302934179222839,0.09439147504206394,0.302934179222839,1.6990139047834056e-05
Random Forest,958,958,959,0.09439147504206394,0.302934179222839,0.09444756029164329,0.302934179222839,1.6990139047829852e-05
Random Forest,959,959,960,0.09444756029164329,0.302934179222839,0.09450364554122266,0.302934179222839,1.6990139047834056e-05
Random Forest,960,960,961,0.09450364554122266,0.302934179222839,0.09455973079080202,0.302934179222839,1.6990139047829852e-05
Random Forest,961,961,962,0.09455973079080202,0.302934179222839,0.09461581604038138,0.302934179222839,1.6990139047834056e-05
Random Forest,962,962,963,0.09461581604038138,0.302934179222839,0.09467190128996074,0.302934179222839,1.6990139047829852e-05
Random Forest,963,963,964,0.09467190128996074,0.302934179222839,0.09472798653954011,0.302934179222839,1.6990139047834056e-05
Random Forest,964,964,965,0.09472798653954011,0.302934179222839,0.09478407178911946,0.302934179222839,1.6990139047829852e-05
Random Forest,965,965,966,0.09478407178911946,0.302934179222839,0.09484015703869882,0.302934179222839,1.6990139047829852e-05
Random Forest,966,966,967,0.09484015703869882,0.302934179222839,0.09489624228827818,0.302934179222839,1.6990139047834056e-05
Random Forest,967,967,968,0.09489624228827818,0.302934179222839,0.09495232753785754,0.302934179222839,1.6990139047829852e-05
Random Forest,968,968,969,0.09495232753785754,0.302934179222839,0.09500841278743691,0.302934179222839,1.6990139047834056e-05
Random Forest,969,969,970,0.09500841278743691,0.302934179222839,0.09506449803701626,0.302934179222839,1.6990139047829852e-05
Random Forest,970,970,971,0.09506449803701626,0.302934179222839,0.09512058328659563,0.302934179222839,1.6990139047834056e-05
Random Forest,971,971,972,0.09512058328659563,0.302934179222839,0.09517666853617499,0.302934179222839,1.6990139047829852e-05
Random Forest,972,972,973,0.09517666853617499,0.302934179222839,0.09523275378575434,0.302934179222839,1.6990139047829852e-05
Random Forest,973,973,974,0.09523275378575434,0.302934179222839,0.09545709478407179,0.302934179222839,6.796055619132781e-05
Random Forest,974,974,975,0.09545709478407179,0.302934179222839,0.09568143578238923,0.302934179222839,6.796055619132781e-05
Random Forest,975,975,976,0.09568143578238923,0.302934179222839,0.09573752103196859,0.302934179222839,1.6990139047829852e-05
Random Forest,976,976,977,0.09573752103196859,0.302934179222839,0.09573752103196859,0.3037272006344171,0.0
Random Forest,977,977,978,0.09573752103196859,0.3037272006344171,0.09579360628154795,0.3037272006344171,1.7034615851624197e-05
Random Forest,978,978,979,0.09579360628154795,0.3037272006344171,0.09584969153112731,0.3037272006344171,1.7034615851619982e-05
Random Forest,979,979,980,0.09584969153112731,0.3037272006344171,0.09596186203028603,0.3037272006344171,3.406923170324418e-05
Random Forest,980,980,981,0.09596186203028603,0.3037272006344171,0.0960179472798654,0.3037272006344171,1.7034615851624197e-05
Random Forest,981,981,982,0.0960179472798654,0.3037272006344171,0.09613011777902411,0.3037272006344171,3.4069231703239964e-05
Random Forest,982,982,983,0.09613011777902411,0.3037272006344171,0.09624228827818283,0.3037272006344171,3.406923170324418e-05
Random Forest,983,983,984,0.09624228827818283,0.3037272006344171,0.09635445877734156,0.3037272006344171,3.406923170324418e-05
Random Forest,984,984,985,0.09635445877734156,0.3037272006344171,0.09641054402692092,0.3037272006344171,1.7034615851624197e-05
Random Forest,985,985,986,0.09641054402692092,0.3037272006344171,0.096578799775659,0.3045202220459952,5.117056276054936e-05
Random Forest,986,986,987,0.096578799775659,0.3045202220459952,0.09663488502523836,0.3053132434575734,1.710133105730518e-05
Random Forest,987,987,988,0.09663488502523836,0.3053132434575734,0.0968592260235558,0.3053132434575734,6.849427783680947e-05
Random Forest,988,988,989,0.0968592260235558,0.3053132434575734,0.09691531127313517,0.3053132434575734,1.7123569459204484e-05
Random Forest,989,989,990,0.09691531127313517,0.3053132434575734,0.09697139652271453,0.3053132434575734,1.7123569459200245e-05
Random Forest,990,990,991,0.09697139652271453,0.3053132434575734,0.09702748177229388,0.3053132434575734,1.7123569459200245e-05
Random Forest,991,991,992,0.09702748177229388,0.3053132434575734,0.09708356702187325,0.3053132434575734,1.7123569459204484e-05
Random Forest,992,992,993,0.09708356702187325,0.3053132434575734,0.0971396522714526,0.3053132434575734,1.7123569459200245e-05
Random Forest,993,993,994,0.0971396522714526,0.3053132434575734,0.09719573752103197,0.3053132434575734,1.7123569459204484e-05
Random Forest,994,994,995,0.09719573752103197,0.3053132434575734,0.09725182277061133,0.3053132434575734,1.7123569459200245e-05
Random Forest,995,995,996,0.09725182277061133,0.3053132434575734,0.09770050476724622,0.3061062648691515,0.00013716646288877945
Random Forest,996,996,997,0.09770050476724622,0.3061062648691515,0.09781267526640494,0.3061062648691515,3.4336092525985e-05
Random Forest,997,997,998,0.09781267526640494,0.3061062648691515,0.0978687605159843,0.3061062648691515,1.7168046262990376e-05
Random Forest,998,998,999,0.0978687605159843,0.3061062648691515,0.09792484576556365,0.3061062648691515,1.7168046262990376e-05
Random Forest,999,999,1000,0.09792484576556365,0.3061062648691515,0.09798093101514302,0.3061062648691515,1.7168046262994624e-05
Random Forest,1000,1000,1001,0.09798093101514302,0.3061062648691515,0.09803701626472237,0.3061062648691515,1.7168046262990376e-05
Random Forest,1001,1001,1002,0.09803701626472237,0.3061062648691515,0.09809310151430174,0.3061062648691515,1.7168046262994624e-05
Random Forest,1002,1002,1003,0.09809310151430174,0.3061062648691515,0.0981491867638811,0.3061062648691515,1.7168046262990376e-05
Random Forest,1003,1003,1004,0.0981491867638811,0.3061062648691515,0.09826135726303982,0.3068992862807296,3.438056932977514e-05
Random Forest,1004,1004,1005,0.09826135726303982,0.3068992862807296,0.09837352776219854,0.3068992862807296,3.4425046133565274e-05
Random Forest,1005,1005,1006,0.09837352776219854,0.3068992862807296,0.0984296130117779,0.3068992862807296,1.7212523066780506e-05
Random Forest,1006,1006,1007,0.0984296130117779,0.3068992862807296,0.09871003925967471,0.3068992862807296,8.606261533391531e-05
Random Forest,1007,1007,1008,0.09871003925967471,0.3068992862807296,0.09882220975883342,0.3068992862807296,3.442504613356101e-05
Random Forest,1008,1008,1009,0.09882220975883342,0.3068992862807296,0.09887829500841279,0.3068992862807296,1.7212523066784765e-05
Random Forest,1009,1009,1010,0.09887829500841279,0.3068992862807296,0.09893438025799214,0.3068992862807296,1.7212523066780506e-05
Random Forest,1010,1010,1011,0.09893438025799214,0.3068992862807296,0.09899046550757151,0.3068992862807296,1.7212523066784765e-05
Random Forest,1011,1011,1012,0.09899046550757151,0.3068992862807296,0.09904655075715087,0.3068992862807296,1.7212523066780506e-05
Random Forest,1012,1012,1013,0.09904655075715087,0.3068992862807296,0.09921480650588894,0.3068992862807296,5.163756920034578e-05
Random Forest,1013,1013,1014,0.09921480650588894,0.3068992862807296,0.09932697700504767,0.3068992862807296,3.4425046133565274e-05
Random Forest,1014,1014,1015,0.09932697700504767,0.3068992862807296,0.09938306225462704,0.3068992862807296,1.7212523066784765e-05
Random Forest,1015,1015,1016,0.09938306225462704,0.3068992862807296,0.09943914750420639,0.3068992862807296,1.7212523066780506e-05
Random Forest,1016,1016,1017,0.09943914750420639,0.3068992862807296,0.09955131800336511,0.3068992862807296,3.4425046133565274e-05
Random Forest,1017,1017,1018,0.09955131800336511,0.3068992862807296,0.09960740325294448,0.3068992862807296,1.7212523066784765e-05
Random Forest,1018,1018,1019,0.09960740325294448,0.3068992862807296,0.09966348850252384,0.3068992862807296,1.7212523066780506e-05
Random Forest,1019,1019,1020,0.09966348850252384,0.3068992862807296,0.09971957375210319,0.3068992862807296,1.7212523066780506e-05
Random Forest,1020,1020,1021,0.09971957375210319,0.3068992862807296,0.09983174425126191,0.3068992862807296,3.4425046133565274e-05
Random Forest,1021,1021,1022,0.09983174425126191,0.3068992862807296,0.09988782950084128,0.3068992862807296,1.7212523066784765e-05
Random Forest,1022,1022,1023,0.09988782950084128,0.3068992862807296,0.09994391475042064,0.3068992862807296,1.7212523066780506e-05
Random Forest,1023,1023,1024,0.09994391475042064,0.3068992862807296,0.1,0.3068992862807296,1.7212523066784765e-05
Random Forest,1024,1024,1025,0.1,0.3068992862807296,0.10005608524957936,0.3068992862807296,1.7212523066780506e-05
Random Forest,1025,1025,1026,0.10005608524957936,0.3068992862807296,0.10022434099831744,0.3068992862807296,5.163756920034578e-05
Random Forest,1026,1026,1027,0.10022434099831744,0.3068992862807296,0.1002804262478968,0.3068992862807296,1.7212523066784765e-05
Random Forest,1027,1027,1028,0.1002804262478968,0.3068992862807296,0.10033651149747616,0.3068992862807296,1.7212523066780506e-05
Random Forest,1028,1028,1029,0.10033651149747616,0.3068992862807296,0.10050476724621425,0.3076923076923077,5.170428440603525e-05
Random Forest,1029,1029,1030,0.10050476724621425,0.3076923076923077,0.1005608524957936,0.3076923076923077,1.7256999870570636e-05
Random Forest,1030,1030,1031,0.1005608524957936,0.3076923076923077,0.1005608524957936,0.3084853291038858,0.0
Random Forest,1031,1031,1032,0.1005608524957936,0.3084853291038858,0.10067302299495233,0.3084853291038858,3.4602953348725814e-05
Random Forest,1032,1032,1033,0.10067302299495233,0.3084853291038858,0.10179472798653955,0.31245043616177637,0.0003482533736767606
Random Forest,1033,1033,1034,0.10179472798653955,0.31245043616177637,0.10190689848569826,0.31245043616177637,3.504772138662284e-05
Random Forest,1034,1034,1035,0.10190689848569826,0.31245043616177637,0.10196298373527762,0.31245043616177637,1.7523860693315757e-05
Random Forest,1035,1035,1036,0.10196298373527762,0.31245043616177637,0.10201906898485698,0.31245043616177637,1.752386069331142e-05
Random Forest,1036,1036,1037,0.10201906898485698,0.31245043616177637,0.10207515423443635,0.31245043616177637,1.7523860693315757e-05
Random Forest,1037,1037,1038,0.10207515423443635,0.31245043616177637,0.1021312394840157,0.31245043616177637,1.752386069331142e-05
Random Forest,1038,1038,1039,0.1021312394840157,0.31245043616177637,0.10218732473359507,0.31245043616177637,1.7523860693315757e-05
Random Forest,1039,1039,1040,0.10218732473359507,0.31245043616177637,0.10224340998317442,0.31245043616177637,1.752386069331142e-05
Random Forest,1040,1040,1041,0.10224340998317442,0.31245043616177637,0.10224340998317442,0.3132434575733545,0.0
Random Forest,1041,1041,1042,0.10224340998317442,0.3132434575733545,0.10229949523275379,0.3132434575733545,1.7568337497105897e-05
Random Forest,1042,1042,1043,0.10229949523275379,0.3132434575733545,0.1024116657319125,0.3132434575733545,3.51366749942031e-05
Random Forest,1043,1043,1044,0.1024116657319125,0.3132434575733545,0.10246775098149187,0.3132434575733545,1.7568337497105897e-05
Random Forest,1044,1044,1045,0.10246775098149187,0.3132434575733545,0.10252383623107122,0.3132434575733545,1.756833749710155e-05
Random Forest,1045,1045,1046,0.10252383623107122,0.3132434575733545,0.1025799214806506,0.3140364789849326,1.759057589900097e-05
Random Forest,1046,1046,1047,0.1025799214806506,0.3140364789849326,0.10263600673022995,0.3140364789849326,1.761281430089168e-05
Random Forest,1047,1047,1048,0.10263600673022995,0.3140364789849326,0.10269209197980932,0.3140364789849326,1.7612814300896037e-05
Random Forest,1048,1048,1049,0.10269209197980932,0.3140364789849326,0.10274817722938867,0.3140364789849326,1.761281430089168e-05
Random Forest,1049,1049,1050,0.10274817722938867,0.3140364789849326,0.10280426247896803,0.3140364789849326,1.761281430089168e-05
Random Forest,1050,1050,1051,0.10280426247896803,0.3140364789849326,0.10291643297812675,0.3140364789849326,3.522562860178772e-05
Random Forest,1051,1051,1052,0.10291643297812675,0.3140364789849326,0.10297251822770612,0.3140364789849326,1.7612814300896037e-05
Random Forest,1052,1052,1053,0.10297251822770612,0.3140364789849326,0.10297251822770612,0.3148295003965107,0.0
Random Forest,1053,1053,1054,0.10297251822770612,0.3148295003965107,0.10308468872686484,0.3164155432196669,3.5403535816948265e-05
Random Forest,1054,1054,1055,0.10308468872686484,0.3164155432196669,0.1031407739764442,0.3164155432196669,1.774624471226207e-05
Random Forest,1055,1055,1056,0.1031407739764442,0.3164155432196669,0.1031407739764442,0.317208564631245,0.0
Random Forest,1056,1056,1057,0.1031407739764442,0.317208564631245,0.10319685922602355,0.317208564631245,1.77907215160522e-05
Random Forest,1057,1057,1058,0.10319685922602355,0.317208564631245,0.10325294447560292,0.317208564631245,1.7790721516056605e-05
Random Forest,1058,1058,1059,0.10325294447560292,0.317208564631245,0.10330902972518227,0.317208564631245,1.77907215160522e-05
Random Forest,1059,1059,1060,0.10330902972518227,0.317208564631245,0.10330902972518227,0.31800158604282314,0.0
Random Forest,1060,1060,1061,0.10330902972518227,0.31800158604282314,0.10336511497476164,0.31800158604282314,1.7835198319846745e-05
Random Forest,1061,1061,1062,0.10336511497476164,0.31800158604282314,0.10347728547392036,0.31879460745440125,3.571487344347921e-05
Random Forest,1062,1062,1063,0.10347728547392036,0.31879460745440125,0.10347728547392036,0.31958762886597936,0.0
Random Forest,1063,1063,1064,0.10347728547392036,0.31958762886597936,0.10375771172181716,0.31958762886597936,8.962075963712183e-05
Random Forest,1064,1064,1065,0.10375771172181716,0.31958762886597936,0.10386988222097589,0.31958762886597936,3.584830385484962e-05
Random Forest,1065,1065,1066,0.10386988222097589,0.31958762886597936,0.10392596747055524,0.31958762886597936,1.7924151927422594e-05
Random Forest,1066,1066,1067,0.10392596747055524,0.31958762886597936,0.10398205272013461,0.31958762886597936,1.792415192742703e-05
Random Forest,1067,1067,1068,0.10398205272013461,0.31958762886597936,0.10398205272013461,0.3203806502775575,0.0
Random Forest,1068,1068,1069,0.10398205272013461,0.3203806502775575,0.10415030846887269,0.3203806502775575,5.3905886193642625e-05
Random Forest,1069,1069,1070,0.10415030846887269,0.3203806502775575,0.10426247896803141,0.3203806502775575,3.59372574624299e-05
Random Forest,1070,1070,1071,0.10426247896803141,0.3203806502775575,0.10426247896803141,0.32117367168913563,0.0
Random Forest,1071,1071,1072,0.10426247896803141,0.32117367168913563,0.10431856421761077,0.32117367168913563,1.8013105535002858e-05
Random Forest,1072,1072,1073,0.10431856421761077,0.32117367168913563,0.10437464946719013,0.32117367168913563,1.8013105535007313e-05
Random Forest,1073,1073,1074,0.10437464946719013,0.32117367168913563,0.10437464946719013,0.32196669310071374,0.0
Random Forest,1074,1074,1075,0.10437464946719013,0.32196669310071374,0.10443073471676949,0.32196669310071374,1.8057582338792988e-05
Random Forest,1075,1075,1076,0.10443073471676949,0.32196669310071374,0.10448681996634886,0.32196669310071374,1.8057582338797453e-05
Random Forest,1076,1076,1077,0.10448681996634886,0.32196669310071374,0.10448681996634886,0.32275971451229185,0.0
Random Forest,1077,1077,1078,0.10448681996634886,0.32275971451229185,0.10454290521592821,0.32275971451229185,1.8102059142583118e-05
Random Forest,1078,1078,1079,0.10454290521592821,0.32275971451229185,0.10459899046550757,0.32275971451229185,1.8102059142583118e-05
Random Forest,1079,1079,1080,0.10459899046550757,0.32275971451229185,0.10465507571508693,0.32275971451229185,1.8102059142587597e-05
Random Forest,1080,1080,1081,0.10465507571508693,0.32275971451229185,0.10471116096466629,0.32275971451229185,1.8102059142583118e-05
Random Forest,1081,1081,1082,0.10471116096466629,0.32275971451229185,0.10476724621424566,0.32275971451229185,1.8102059142587597e-05
Random Forest,1082,1082,1083,0.10476724621424566,0.32275971451229185,0.10482333146382501,0.32275971451229185,1.8102059142583118e-05
Random Forest,1083,1083,1084,0.10482333146382501,0.32275971451229185,0.10487941671340438,0.32275971451229185,1.8102059142587597e-05
Random Forest,1084,1084,1085,0.10487941671340438,0.32275971451229185,0.10493550196298373,0.32275971451229185,1.8102059142583118e-05
Random Forest,1085,1085,1086,0.10493550196298373,0.32275971451229185,0.10499158721256309,0.32275971451229185,1.8102059142583118e-05
Random Forest,1086,1086,1087,0.10499158721256309,0.32275971451229185,0.10504767246214246,0.32275971451229185,1.8102059142587597e-05
Random Forest,1087,1087,1088,0.10504767246214246,0.32275971451229185,0.10510375771172181,0.32275971451229185,1.8102059142583118e-05
Random Forest,1088,1088,1089,0.10510375771172181,0.32275971451229185,0.10515984296130118,0.32275971451229185,1.8102059142587597e-05
Random Forest,1089,1089,1090,0.10515984296130118,0.32275971451229185,0.1052720134604599,0.32275971451229185,3.6204118285170715e-05
Random Forest,1090,1090,1091,0.1052720134604599,0.32275971451229185,0.10532809871003926,0.32275971451229185,1.8102059142583118e-05
Random Forest,1091,1091,1092,0.10532809871003926,0.32275971451229185,0.10532809871003926,0.32355273592386996,0.0
Random Forest,1092,1092,1093,0.10532809871003926,0.32355273592386996,0.10538418395961863,0.32355273592386996,1.8146535946377737e-05
Random Forest,1093,1093,1094,0.10538418395961863,0.32355273592386996,0.10544026920919798,0.32355273592386996,1.8146535946373248e-05
Random Forest,1094,1094,1095,0.10544026920919798,0.32355273592386996,0.10560852495793606,0.32355273592386996,5.443960783912423e-05
Random Forest,1095,1095,1096,0.10560852495793606,0.32355273592386996,0.10566461020751543,0.32355273592386996,1.8146535946377737e-05
Random Forest,1096,1096,1097,0.10566461020751543,0.32355273592386996,0.10572069545709478,0.32355273592386996,1.8146535946373248e-05
Random Forest,1097,1097,1098,0.10572069545709478,0.32355273592386996,0.10577678070667415,0.32355273592386996,1.8146535946377737e-05
Random Forest,1098,1098,1099,0.10577678070667415,0.32355273592386996,0.1058328659562535,0.32355273592386996,1.8146535946373248e-05
Random Forest,1099,1099,1100,0.1058328659562535,0.32355273592386996,0.10588895120583286,0.32355273592386996,1.8146535946373248e-05
Random Forest,1100,1100,1101,0.10588895120583286,0.32355273592386996,0.10594503645541223,0.32355273592386996,1.8146535946377737e-05
Random Forest,1101,1101,1102,0.10594503645541223,0.32355273592386996,0.10605720695457095,0.32355273592386996,3.629307189275098e-05
Random Forest,1102,1102,1103,0.10605720695457095,0.32355273592386996,0.10633763320246775,0.32355273592386996,9.073267973187522e-05
Random Forest,1103,1103,1104,0.10633763320246775,0.32355273592386996,0.1063937184520471,0.32355273592386996,1.8146535946373248e-05
Random Forest,1104,1104,1105,0.1063937184520471,0.32355273592386996,0.10644980370162647,0.32434575733544807,1.816877434827281e-05
Random Forest,1105,1105,1106,0.10644980370162647,0.32434575733544807,0.10650588895120583,0.32434575733544807,1.8191012750163378e-05
Random Forest,1106,1106,1107,0.10650588895120583,0.32434575733544807,0.1065619742007852,0.32434575733544807,1.8191012750167878e-05
Random Forest,1107,1107,1108,0.1065619742007852,0.32434575733544807,0.10661805945036455,0.32434575733544807,1.8191012750163378e-05
Random Forest,1108,1108,1109,0.10661805945036455,0.32434575733544807,0.10667414469994392,0.32434575733544807,1.8191012750167878e-05
Random Forest,1109,1109,1110,0.10667414469994392,0.32434575733544807,0.10673022994952328,0.32434575733544807,1.8191012750163378e-05
Random Forest,1110,1110,1111,0.10673022994952328,0.32434575733544807,0.10678631519910263,0.32434575733544807,1.8191012750163378e-05
Random Forest,1111,1111,1112,0.10678631519910263,0.32434575733544807,0.106842400448682,0.32434575733544807,1.8191012750167878e-05
Random Forest,1112,1112,1113,0.106842400448682,0.32434575733544807,0.10689848569826135,0.32434575733544807,1.8191012750163378e-05
Random Forest,1113,1113,1114,0.10689848569826135,0.32434575733544807,0.10695457094784072,0.32434575733544807,1.8191012750167878e-05
Random Forest,1114,1114,1115,0.10695457094784072,0.32434575733544807,0.10701065619742008,0.32434575733544807,1.8191012750163378e-05
Random Forest,1115,1115,1116,0.10701065619742008,0.32434575733544807,0.10706674144699944,0.32434575733544807,1.8191012750167878e-05
Random Forest,1116,1116,1117,0.10706674144699944,0.32434575733544807,0.10717891194615815,0.32434575733544807,3.6382025500326756e-05
Random Forest,1117,1117,1118,0.10717891194615815,0.32434575733544807,0.10729108244531688,0.32434575733544807,3.6382025500331256e-05
Random Forest,1118,1118,1119,0.10729108244531688,0.32434575733544807,0.1074032529444756,0.32434575733544807,3.6382025500331256e-05
Random Forest,1119,1119,1120,0.1074032529444756,0.32434575733544807,0.10751542344363432,0.32434575733544807,3.6382025500331256e-05
Random Forest,1120,1120,1121,0.10751542344363432,0.32434575733544807,0.10757150869321369,0.32434575733544807,1.8191012750167878e-05
Random Forest,1121,1121,1122,0.10757150869321369,0.32434575733544807,0.10762759394279305,0.32434575733544807,1.8191012750163378e-05
Random Forest,1122,1122,1123,0.10762759394279305,0.32434575733544807,0.1076836791923724,0.32434575733544807,1.8191012750163378e-05
Random Forest,1123,1123,1124,0.1076836791923724,0.32434575733544807,0.10773976444195177,0.32434575733544807,1.8191012750167878e-05
Random Forest,1124,1124,1125,0.10773976444195177,0.32434575733544807,0.10779584969153112,0.32434575733544807,1.8191012750163378e-05
Random Forest,1125,1125,1126,0.10779584969153112,0.32434575733544807,0.10785193494111049,0.32434575733544807,1.8191012750167878e-05
Random Forest,1126,1126,1127,0.10785193494111049,0.32434575733544807,0.10796410544026921,0.32434575733544807,3.6382025500331256e-05
Random Forest,1127,1127,1128,0.10796410544026921,0.32434575733544807,0.10796410544026921,0.3251387787470262,0.0
Random Forest,1128,1128,1129,0.10796410544026921,0.3251387787470262,0.10802019068984857,0.3251387787470262,1.8235489553953508e-05
Random Forest,1129,1129,1130,0.10802019068984857,0.3251387787470262,0.10807627593942792,0.3251387787470262,1.8235489553953508e-05
Random Forest,1130,1130,1131,0.10807627593942792,0.3251387787470262,0.10813236118900729,0.3251387787470262,1.823548955395802e-05
Random Forest,1131,1131,1132,0.10813236118900729,0.3251387787470262,0.10813236118900729,0.3259318001586043,0.0
Random Forest,1132,1132,1133,0.10813236118900729,0.3259318001586043,0.10824453168816602,0.3259318001586043,3.65599327154918e-05
Random Forest,1133,1133,1134,0.10824453168816602,0.3259318001586043,0.10830061693774537,0.3267248215701824,1.8302204759638703e-05
Random Forest,1134,1134,1135,0.10830061693774537,0.3267248215701824,0.10841278743690409,0.3267248215701824,3.664888632307207e-05
Random Forest,1135,1135,1136,0.10841278743690409,0.3267248215701824,0.10846887268648346,0.3267248215701824,1.8324443161538302e-05
Random Forest,1136,1136,1137,0.10846887268648346,0.3267248215701824,0.10852495793606282,0.3275178429817605,1.8346681563428833e-05
Random Forest,1137,1137,1138,0.10852495793606282,0.3275178429817605,0.10858104318564217,0.3275178429817605,1.83689199653239e-05
Random Forest,1138,1138,1139,0.10858104318564217,0.3275178429817605,0.1086932136848009,0.3275178429817605,3.6737839930652344e-05
Random Forest,1139,1139,1140,0.1086932136848009,0.3275178429817605,0.10874929893438026,0.3275178429817605,1.8368919965328445e-05
Random Forest,1140,1140,1141,0.10874929893438026,0.3275178429817605,0.10880538418395962,0.3275178429817605,1.83689199653239e-05
Random Forest,1141,1141,1142,0.10880538418395962,0.3275178429817605,0.10891755468311834,0.3275178429817605,3.6737839930652344e-05
Random Forest,1142,1142,1143,0.10891755468311834,0.3275178429817605,0.1089736399326977,0.3275178429817605,1.83689199653239e-05
Random Forest,1143,1143,1144,0.1089736399326977,0.3275178429817605,0.10908581043185642,0.3275178429817605,3.6737839930652344e-05
Random Forest,1144,1144,1145,0.10908581043185642,0.3275178429817605,0.10914189568143579,0.3275178429817605,1.8368919965328445e-05
Random Forest,1145,1145,1146,0.10914189568143579,0.3275178429817605,0.10931015143017386,0.3275178429817605,5.5106759895976246e-05
Random Forest,1146,1146,1147,0.10931015143017386,0.3275178429817605,0.10936623667975323,0.3275178429817605,1.8368919965328445e-05
Random Forest,1147,1147,1148,0.10936623667975323,0.3275178429817605,0.10936623667975323,0.3283108643933386,0.0
Random Forest,1148,1148,1149,0.10936623667975323,0.3283108643933386,0.10942232192933259,0.3283108643933386,1.841339676911403e-05
Random Forest,1149,1149,1150,0.10942232192933259,0.3283108643933386,0.10959057767807066,0.3283108643933386,5.524019030734664e-05
Random Forest,1150,1150,1151,0.10959057767807066,0.3283108643933386,0.10970274817722939,0.3283108643933386,3.682679353823262e-05
Random Forest,1151,1151,1152,0.10970274817722939,0.3283108643933386,0.10992708917554683,0.3283108643933386,7.365358707646524e-05
Random Forest,1152,1152,1153,0.10992708917554683,0.3283108643933386,0.10998317442512619,0.3283108643933386,1.841339676911403e-05
Random Forest,1153,1153,1154,0.10998317442512619,0.3283108643933386,0.11015143017386428,0.32910388580491673,5.530690551303641e-05
Random Forest,1154,1154,1155,0.11015143017386428,0.32910388580491673,0.11020751542344363,0.32910388580491673,1.845787357290416e-05
Random Forest,1155,1155,1156,0.11020751542344363,0.32910388580491673,0.110263600673023,0.32910388580491673,1.8457873572908726e-05
Random Forest,1156,1156,1157,0.110263600673023,0.32910388580491673,0.11037577117218171,0.32910388580491673,3.691574714580832e-05
Random Forest,1157,1157,1158,0.11037577117218171,0.32910388580491673,0.11043185642176108,0.32910388580491673,1.8457873572908726e-05
Random Forest,1158,1158,1159,0.11043185642176108,0.32910388580491673,0.11048794167134043,0.32910388580491673,1.845787357290416e-05
Random Forest,1159,1159,1160,0.11048794167134043,0.32910388580491673,0.1105440269209198,0.32910388580491673,1.8457873572908726e-05
Random Forest,1160,1160,1161,0.1105440269209198,0.32910388580491673,0.11060011217049916,0.32910388580491673,1.845787357290416e-05
Random Forest,1161,1161,1162,0.11060011217049916,0.32910388580491673,0.11071228266965788,0.32910388580491673,3.6915747145812885e-05
Random Forest,1162,1162,1163,0.11071228266965788,0.32910388580491673,0.11076836791923723,0.32910388580491673,1.845787357290416e-05
Random Forest,1163,1163,1164,0.11076836791923723,0.32910388580491673,0.1108244531688166,0.32910388580491673,1.8457873572908726e-05
Random Forest,1164,1164,1165,0.1108244531688166,0.32910388580491673,0.11088053841839596,0.32910388580491673,1.845787357290416e-05
Random Forest,1165,1165,1166,0.11088053841839596,0.32910388580491673,0.11273135165451487,0.32910388580491673,0.0006091098279059058
Random Forest,1166,1166,1167,0.11273135165451487,0.32910388580491673,0.11278743690409422,0.32910388580491673,1.845787357290416e-05
Random Forest,1167,1167,1168,0.11278743690409422,0.32910388580491673,0.11278743690409422,0.33068992862807295,0.0
Random Forest,1168,1168,1169,0.11278743690409422,0.33068992862807295,0.11289960740325294,0.33068992862807295,3.709365436097343e-05
Random Forest,1169,1169,1170,0.11289960740325294,0.33068992862807295,0.1129556926528323,0.33068992862807295,1.854682718048442e-05
Random Forest,1170,1170,1171,0.1129556926528323,0.33068992862807295,0.11329220415030847,0.33068992862807295,0.00011128096308292029
Random Forest,1171,1171,1172,0.11329220415030847,0.33068992862807295,0.11329220415030847,0.33148295003965106,0.0
Random Forest,1172,1172,1173,0.11329220415030847,0.33148295003965106,0.11334828939988784,0.33148295003965106,1.859130398427915e-05
Random Forest,1173,1173,1174,0.11334828939988784,0.33148295003965106,0.11340437464946719,0.33148295003965106,1.8591303984274552e-05
Random Forest,1174,1174,1175,0.11340437464946719,0.33148295003965106,0.11346045989904655,0.33148295003965106,1.8591303984274552e-05
Random Forest,1175,1175,1176,0.11346045989904655,0.33148295003965106,0.11351654514862591,0.33148295003965106,1.859130398427915e-05
Random Forest,1176,1176,1177,0.11351654514862591,0.33148295003965106,0.11357263039820527,0.33148295003965106,1.8591303984274552e-05
Random Forest,1177,1177,1178,0.11357263039820527,0.33148295003965106,0.11362871564778464,0.33227597145122917,1.8613542386174222e-05
Random Forest,1178,1178,1179,0.11362871564778464,0.33227597145122917,0.11368480089736399,0.33227597145122917,1.8635780788064683e-05
Random Forest,1179,1179,1180,0.11368480089736399,0.33227597145122917,0.11368480089736399,0.3330689928628073,0.0
Random Forest,1180,1180,1181,0.11368480089736399,0.3330689928628073,0.11379697139652271,0.3330689928628073,3.736051518371425e-05
Random Forest,1181,1181,1182,0.11379697139652271,0.3330689928628073,0.11385305664610207,0.3330689928628073,1.8680257591854813e-05
Random Forest,1182,1182,1183,0.11385305664610207,0.3330689928628073,0.11390914189568144,0.3330689928628073,1.8680257591859434e-05
Random Forest,1183,1183,1184,0.11390914189568144,0.3330689928628073,0.11396522714526079,0.3330689928628073,1.8680257591854813e-05
Random Forest,1184,1184,1185,0.11396522714526079,0.3330689928628073,0.11402131239484016,0.3330689928628073,1.8680257591859434e-05
Random Forest,1185,1185,1186,0.11402131239484016,0.3330689928628073,0.11407739764441951,0.3330689928628073,1.8680257591854813e-05
Random Forest,1186,1186,1187,0.11407739764441951,0.3330689928628073,0.11413348289399888,0.3330689928628073,1.8680257591859434e-05
Random Forest,1187,1187,1188,0.11413348289399888,0.3330689928628073,0.11441390914189568,0.3330689928628073,9.34012879592833e-05
Random Forest,1188,1188,1189,0.11441390914189568,0.3330689928628073,0.11458216489063376,0.3338620142743854,5.610748798125426e-05
Random Forest,1189,1189,1190,0.11458216489063376,0.3338620142743854,0.11463825014021313,0.3338620142743854,1.8724734395649574e-05
Random Forest,1190,1190,1191,0.11463825014021313,0.3338620142743854,0.11469433538979248,0.3338620142743854,1.8724734395644943e-05
Random Forest,1191,1191,1192,0.11469433538979248,0.3338620142743854,0.11486259113853056,0.3338620142743854,5.6174203186939456e-05
Random Forest,1192,1192,1193,0.11486259113853056,0.3338620142743854,0.11491867638810993,0.3338620142743854,1.8724734395649574e-05
Random Forest,1193,1193,1194,0.11491867638810993,0.3338620142743854,0.11497476163768929,0.3338620142743854,1.8724734395644943e-05
Random Forest,1194,1194,1195,0.11497476163768929,0.3338620142743854,0.11503084688726865,0.3338620142743854,1.8724734395649574e-05
Random Forest,1195,1195,1196,0.11503084688726865,0.3338620142743854,0.11508693213684801,0.3338620142743854,1.8724734395644943e-05
Random Forest,1196,1196,1197,0.11508693213684801,0.3338620142743854,0.11514301738642738,0.3338620142743854,1.8724734395649574e-05
Random Forest,1197,1197,1198,0.11514301738642738,0.3338620142743854,0.11519910263600673,0.3338620142743854,1.8724734395644943e-05
Random Forest,1198,1198,1199,0.11519910263600673,0.3338620142743854,0.11525518788558609,0.3338620142743854,1.8724734395644943e-05
Random Forest,1199,1199,1200,0.11525518788558609,0.3338620142743854,0.11547952888390353,0.3346550356859635,7.49878911901693e-05
Random Forest,1200,1200,1201,0.11547952888390353,0.3346550356859635,0.11564778463264161,0.3346550356859635,5.630763359830986e-05
Random Forest,1201,1201,1202,0.11564778463264161,0.3346550356859635,0.11575995513180033,0.3346550356859635,3.753842239887479e-05
Random Forest,1202,1202,1203,0.11575995513180033,0.3346550356859635,0.1158160403813797,0.3346550356859635,1.8769211199439718e-05
Random Forest,1203,1203,1204,0.1158160403813797,0.3346550356859635,0.11587212563095906,0.3346550356859635,1.8769211199435073e-05
Random Forest,1204,1204,1205,0.11587212563095906,0.3346550356859635,0.11592821088053842,0.3346550356859635,1.8769211199439718e-05
Random Forest,1205,1205,1206,0.11592821088053842,0.3346550356859635,0.1173864273696018,0.3362410785091198,0.0004891558880839066
Random Forest,1206,1206,1207,0.1173864273696018,0.3362410785091198,0.11744251261918115,0.3362410785091198,1.8858164807015336e-05
Random Forest,1207,1207,1208,0.11744251261918115,0.3362410785091198,0.11749859786876052,0.3362410785091198,1.8858164807020002e-05
Random Forest,1208,1208,1209,0.11749859786876052,0.3362410785091198,0.11755468311833987,0.3362410785091198,1.8858164807015336e-05
Random Forest,1209,1209,1210,0.11755468311833987,0.3362410785091198,0.11777902411665732,0.3362410785091198,7.543265922807067e-05
Random Forest,1210,1210,1211,0.11777902411665732,0.3362410785091198,0.11783510936623667,0.3362410785091198,1.8858164807015336e-05
Random Forest,1211,1211,1212,0.11783510936623667,0.3362410785091198,0.11789119461581604,0.3362410785091198,1.8858164807020002e-05
Random Forest,1212,1212,1213,0.11789119461581604,0.3362410785091198,0.11817162086371284,0.3362410785091198,9.429082403508601e-05
Random Forest,1213,1213,1214,0.11817162086371284,0.3362410785091198,0.11822770611329221,0.3362410785091198,1.8858164807020002e-05
Random Forest,1214,1214,1215,0.11822770611329221,0.3362410785091198,0.11828379136287157,0.3362410785091198,1.8858164807015336e-05
Random Forest,1215,1215,1216,0.11828379136287157,0.3362410785091198,0.11845204711160964,0.3362410785091198,5.6574494421050675e-05
Random Forest,1216,1216,1217,0.11845204711160964,0.3362410785091198,0.11850813236118901,0.3362410785091198,1.8858164807020002e-05
Random Forest,1217,1217,1218,0.11850813236118901,0.3362410785091198,0.11856421761076837,0.3370340999206979,1.88804032089104e-05
Random Forest,1218,1218,1219,0.11856421761076837,0.3370340999206979,0.11867638810992709,0.3370340999206979,3.780528322161561e-05
Random Forest,1219,1219,1220,0.11867638810992709,0.3370340999206979,0.11873247335950644,0.3370340999206979,1.8902641610805467e-05
Random Forest,1220,1220,1221,0.11873247335950644,0.3370340999206979,0.11878855860908581,0.3370340999206979,1.8902641610810142e-05
Random Forest,1221,1221,1222,0.11878855860908581,0.3370340999206979,0.11878855860908581,0.337827121332276,0.0
Random Forest,1222,1222,1223,0.11878855860908581,0.337827121332276,0.11884464385866517,0.337827121332276,1.8947118414595597e-05
Random Forest,1223,1223,1224,0.11884464385866517,0.337827121332276,0.11884464385866517,0.3386201427438541,0.0
Random Forest,1224,1224,1225,0.11884464385866517,0.3386201427438541,0.11890072910824454,0.3386201427438541,1.8991595218390426e-05
Random Forest,1225,1225,1226,0.11890072910824454,0.3386201427438541,0.11895681435782389,0.3386201427438541,1.8991595218385727e-05
Random Forest,1226,1226,1227,0.11895681435782389,0.3386201427438541,0.11895681435782389,0.3394131641554322,0.0
Random Forest,1227,1227,1228,0.11895681435782389,0.3394131641554322,0.11895681435782389,0.3402061855670103,0.0
Random Forest,1228,1228,1229,0.11895681435782389,0.3402061855670103,0.11901289960740326,0.3402061855670103,1.908054882597071e-05
Random Forest,1229,1229,1230,0.11901289960740326,0.3402061855670103,0.12378014582164891,0.34258524980174465,0.001627517442690526
Random Forest,1230,1230,1231,0.12378014582164891,0.34258524980174465,0.12383623107122826,0.34258524980174465,1.9213979237336377e-05
Random Forest,1231,1231,1232,0.12383623107122826,0.34258524980174465,0.12389231632080763,0.34258524980174465,1.9213979237341134e-05
Random Forest,1232,1232,1233,0.12389231632080763,0.34258524980174465,0.12389231632080763,0.34337827121332276,0.0
Random Forest,1233,1233,1234,0.12389231632080763,0.34337827121332276,0.12394840157038699,0.34337827121332276,1.925845604112651e-05
Random Forest,1234,1234,1235,0.12394840157038699,0.34337827121332276,0.12400448681996634,0.34337827121332276,1.925845604112651e-05
Random Forest,1235,1235,1236,0.12400448681996634,0.34337827121332276,0.12406057206954571,0.34337827121332276,1.9258456041131274e-05
Random Forest,1236,1236,1237,0.12406057206954571,0.34337827121332276,0.12411665731912506,0.34337827121332276,1.925845604112651e-05
Random Forest,1237,1237,1238,0.12411665731912506,0.34337827121332276,0.12417274256870443,0.34337827121332276,1.9258456041131274e-05
Random Forest,1238,1238,1239,0.12417274256870443,0.34337827121332276,0.12445316881660123,0.34417129262490087,9.640347221511741e-05
Random Forest,1239,1239,1240,0.12445316881660123,0.34417129262490087,0.12473359506449803,0.34417129262490087,9.651466422459275e-05
Random Forest,1240,1240,1241,0.12473359506449803,0.34417129262490087,0.1247896803140774,0.34417129262490087,1.9302932844921415e-05
Random Forest,1241,1241,1242,0.1247896803140774,0.34417129262490087,0.12484576556365676,0.34417129262490087,1.930293284491664e-05
Random Forest,1242,1242,1243,0.12484576556365676,0.34417129262490087,0.12490185081323611,0.34417129262490087,1.930293284491664e-05
Random Forest,1243,1243,1244,0.12490185081323611,0.34417129262490087,0.12495793606281548,0.34417129262490087,1.9302932844921415e-05
Random Forest,1244,1244,1245,0.12495793606281548,0.34417129262490087,0.12501402131239484,0.34417129262490087,1.930293284491664e-05
Random Forest,1245,1245,1246,0.12501402131239484,0.34417129262490087,0.1250701065619742,0.34417129262490087,1.9302932844921415e-05
Random Forest,1246,1246,1247,0.1250701065619742,0.34417129262490087,0.12512619181155357,0.34417129262490087,1.9302932844921415e-05
Random Forest,1247,1247,1248,0.12512619181155357,0.34417129262490087,0.1251822770611329,0.34417129262490087,1.9302932844911864e-05
Random Forest,1248,1248,1249,0.1251822770611329,0.34417129262490087,0.12523836231071228,0.34417129262490087,1.9302932844921415e-05
Random Forest,1249,1249,1250,0.12523836231071228,0.34417129262490087,0.12529444756029165,0.34417129262490087,1.9302932844921415e-05
Random Forest,1250,1250,1251,0.12529444756029165,0.34417129262490087,0.12529444756029165,0.344964314036479,0.0
Random Forest,1251,1251,1252,0.12529444756029165,0.344964314036479,0.125350532809871,0.344964314036479,1.9347409648701984e-05
Random Forest,1252,1252,1253,0.125350532809871,0.344964314036479,0.12540661805945036,0.344964314036479,1.934740964871156e-05
Random Forest,1253,1253,1254,0.12540661805945036,0.344964314036479,0.12596747055524396,0.3457573354480571,0.00019369648050603753
Random Forest,1254,1254,1255,0.12596747055524396,0.3457573354480571,0.12602355580482333,0.3457573354480571,1.93918864525017e-05
Random Forest,1255,1255,1256,0.12602355580482333,0.3457573354480571,0.1261918115535614,0.3457573354480571,5.81756593574955e-05
Random Forest,1256,1256,1257,0.1261918115535614,0.3457573354480571,0.12624789680314077,0.3457573354480571,1.93918864525017e-05
Random Forest,1257,1257,1258,0.12624789680314077,0.3457573354480571,0.12630398205272014,0.3457573354480571,1.93918864525017e-05
Random Forest,1258,1258,1259,0.12630398205272014,0.3457573354480571,0.12636006730229948,0.3457573354480571,1.9391886452492103e-05
Random Forest,1259,1259,1260,0.12636006730229948,0.3457573354480571,0.12641615255187885,0.3457573354480571,1.93918864525017e-05
Random Forest,1260,1260,1261,0.12641615255187885,0.3457573354480571,0.12647223780145822,0.3457573354480571,1.93918864525017e-05
Random Forest,1261,1261,1262,0.12647223780145822,0.3457573354480571,0.1265283230510376,0.3457573354480571,1.93918864525017e-05
Random Forest,1262,1262,1263,0.1265283230510376,0.3457573354480571,0.12658440830061693,0.3457573354480571,1.9391886452492103e-05
Random Forest,1263,1263,1264,0.12658440830061693,0.3457573354480571,0.1266404935501963,0.3457573354480571,1.93918864525017e-05
Random Forest,1264,1264,1265,0.1266404935501963,0.3457573354480571,0.12669657879977567,0.3457573354480571,1.93918864525017e-05
Random Forest,1265,1265,1266,0.12669657879977567,0.3457573354480571,0.12725743129556927,0.3465503568596352,0.00019414124854393887
Random Forest,1266,1266,1267,0.12725743129556927,0.3465503568596352,0.12731351654514864,0.3465503568596352,1.943636325629184e-05
Random Forest,1267,1267,1268,0.12731351654514864,0.3465503568596352,0.12736960179472798,0.3465503568596352,1.943636325628222e-05
Random Forest,1268,1268,1269,0.12736960179472798,0.3465503568596352,0.12742568704430735,0.3465503568596352,1.943636325629184e-05
Random Forest,1269,1269,1270,0.12742568704430735,0.3465503568596352,0.1274817722938867,0.3465503568596352,1.943636325629184e-05
Random Forest,1270,1270,1271,0.1274817722938867,0.3465503568596352,0.1276500280426248,0.3465503568596352,5.83090897688659e-05
Random Forest,1271,1271,1272,0.1276500280426248,0.3465503568596352,0.1276500280426248,0.3473433782712133,0.0
Random Forest,1272,1272,1273,0.1276500280426248,0.3473433782712133,0.12770611329220416,0.3473433782712133,1.9480840060081983e-05
Random Forest,1273,1273,1274,0.12770611329220416,0.3473433782712133,0.12770611329220416,0.3481363996827914,0.0
Random Forest,1274,1274,1275,0.12770611329220416,0.3481363996827914,0.1277621985417835,0.3481363996827914,1.952531686386246e-05
Random Forest,1275,1275,1276,0.1277621985417835,0.3481363996827914,0.12781828379136287,0.3481363996827914,1.9525316863872123e-05
Random Forest,1276,1276,1277,0.12781828379136287,0.3481363996827914,0.12787436904094224,0.3481363996827914,1.9525316863872123e-05
Random Forest,1277,1277,1278,0.12787436904094224,0.3481363996827914,0.1279304542905216,0.3481363996827914,1.9525316863872123e-05
Random Forest,1278,1278,1279,0.1279304542905216,0.3481363996827914,0.12798653954010095,0.3481363996827914,1.952531686386246e-05
Random Forest,1279,1279,1280,0.12798653954010095,0.3481363996827914,0.12804262478968031,0.3481363996827914,1.9525316863872123e-05
Random Forest,1280,1280,1281,0.12804262478968031,0.3481363996827914,0.12809871003925968,0.3481363996827914,1.9525316863872123e-05
Random Forest,1281,1281,1282,0.12809871003925968,0.3481363996827914,0.12809871003925968,0.34892942109436953,0.0
Random Forest,1282,1282,1283,0.12809871003925968,0.34892942109436953,0.12815479528883902,0.34892942109436953,1.956979366765258e-05
Random Forest,1283,1283,1284,0.12815479528883902,0.34892942109436953,0.1282108805384184,0.34892942109436953,1.9569793667662263e-05
Random Forest,1284,1284,1285,0.1282108805384184,0.34892942109436953,0.12826696578799776,0.34892942109436953,1.9569793667662263e-05
Random Forest,1285,1285,1286,0.12826696578799776,0.34892942109436953,0.12832305103757713,0.34892942109436953,1.9569793667662263e-05
Random Forest,1286,1286,1287,0.12832305103757713,0.34892942109436953,0.12837913628715647,0.34892942109436953,1.956979366765258e-05
Random Forest,1287,1287,1288,0.12837913628715647,0.34892942109436953,0.12843522153673584,0.34892942109436953,1.9569793667662263e-05
Random Forest,1288,1288,1289,0.12843522153673584,0.34892942109436953,0.1284913067863152,0.34892942109436953,1.9569793667662263e-05
Random Forest,1289,1289,1290,0.1284913067863152,0.34892942109436953,0.1284913067863152,0.34972244250594764,0.0
Random Forest,1290,1290,1291,0.1284913067863152,0.34972244250594764,0.12854739203589455,0.34972244250594764,1.96142704714427e-05
Random Forest,1291,1291,1292,0.12854739203589455,0.34972244250594764,0.12860347728547392,0.34972244250594764,1.9614270471452407e-05
Random Forest,1292,1292,1293,0.12860347728547392,0.34972244250594764,0.1300616937745373,0.35051546391752575,0.0005105492307069663
Random Forest,1293,1293,1294,0.1300616937745373,0.35051546391752575,0.1303421200224341,0.35051546391752575,9.829373637619327e-05
Random Forest,1294,1294,1295,0.1303421200224341,0.35051546391752575,0.13039820527201346,0.35051546391752575,1.9658747275242547e-05
Random Forest,1295,1295,1296,0.13039820527201346,0.35051546391752575,0.13039820527201346,0.35130848532910386,0.0
Random Forest,1296,1296,1297,0.13039820527201346,0.35130848532910386,0.13045429052159283,0.35130848532910386,1.9703224079032687e-05
Random Forest,1297,1297,1298,0.13045429052159283,0.35130848532910386,0.13056646102075153,0.35130848532910386,3.9406448158055624e-05
Random Forest,1298,1298,1299,0.13056646102075153,0.35130848532910386,0.1306225462703309,0.35130848532910386,1.9703224079032687e-05
Random Forest,1299,1299,1300,0.1306225462703309,0.35130848532910386,0.13067863151991027,0.35130848532910386,1.9703224079032687e-05
Random Forest,1300,1300,1301,0.13067863151991027,0.35130848532910386,0.1307347167694896,0.35130848532910386,1.9703224079022936e-05
Random Forest,1301,1301,1302,0.1307347167694896,0.35130848532910386,0.13079080201906898,0.35130848532910386,1.9703224079032687e-05
Random Forest,1302,1302,1303,0.13079080201906898,0.35130848532910386,0.13084688726864835,0.35130848532910386,1.9703224079032687e-05
Random Forest,1303,1303,1304,0.13084688726864835,0.35130848532910386,0.13090297251822772,0.35130848532910386,1.9703224079032687e-05
Random Forest,1304,1304,1305,0.13090297251822772,0.35130848532910386,0.13095905776780706,0.35130848532910386,1.9703224079022936e-05
Random Forest,1305,1305,1306,0.13095905776780706,0.35130848532910386,0.13101514301738643,0.35130848532910386,1.9703224079032687e-05
Random Forest,1306,1306,1307,0.13101514301738643,0.35130848532910386,0.1310712282669658,0.35130848532910386,1.9703224079032687e-05
Random Forest,1307,1307,1308,0.1310712282669658,0.35130848532910386,0.13112731351654514,0.35130848532910386,1.9703224079022936e-05
Random Forest,1308,1308,1309,0.13112731351654514,0.35130848532910386,0.1311833987661245,0.35130848532910386,1.9703224079032687e-05
Random Forest,1309,1309,1310,0.1311833987661245,0.35130848532910386,0.13123948401570387,0.35130848532910386,1.9703224079032687e-05
Random Forest,1310,1310,1311,0.13123948401570387,0.35130848532910386,0.13129556926528324,0.35130848532910386,1.9703224079032687e-05
Random Forest,1311,1311,1312,0.13129556926528324,0.35130848532910386,0.13129556926528324,0.352101506740682,0.0
Random Forest,1312,1312,1313,0.13129556926528324,0.352101506740682,0.13135165451486258,0.352101506740682,1.974770088281306e-05
Random Forest,1313,1313,1314,0.13135165451486258,0.352101506740682,0.13135165451486258,0.35289452815226013,0.0
Random Forest,1314,1314,1315,0.13135165451486258,0.35289452815226013,0.13140773976444195,0.35289452815226013,1.9792177686612975e-05
Random Forest,1315,1315,1316,0.13140773976444195,0.35289452815226013,0.13146382501402132,0.35289452815226013,1.9792177686612975e-05
Random Forest,1316,1316,1317,0.13146382501402132,0.35289452815226013,0.1315199102636007,0.35289452815226013,1.9792177686612975e-05
Random Forest,1317,1317,1318,0.1315199102636007,0.35289452815226013,0.13157599551318003,0.35289452815226013,1.979217768660318e-05
Random Forest,1318,1318,1319,0.13157599551318003,0.35289452815226013,0.1316320807627594,0.35289452815226013,1.9792177686612975e-05
Random Forest,1319,1319,1320,0.1316320807627594,0.35289452815226013,0.13168816601233876,0.35289452815226013,1.9792177686612975e-05
Random Forest,1320,1320,1321,0.13168816601233876,0.35289452815226013,0.1317442512619181,0.35289452815226013,1.979217768660318e-05
Random Forest,1321,1321,1322,0.1317442512619181,0.35289452815226013,0.13180033651149747,0.35289452815226013,1.9792177686612975e-05
Random Forest,1322,1322,1323,0.13180033651149747,0.35289452815226013,0.13185642176107684,0.35289452815226013,1.9792177686612975e-05
Random Forest,1323,1323,1324,0.13185642176107684,0.35289452815226013,0.13196859226023555,0.35289452815226013,3.958435537321615e-05
Random Forest,1324,1324,1325,0.13196859226023555,0.35289452815226013,0.13196859226023555,0.35368754956383824,0.0
Random Forest,1325,1325,1326,0.13196859226023555,0.35368754956383824,0.13202467750981492,0.35368754956383824,1.9836654490403115e-05
Random Forest,1326,1326,1327,0.13202467750981492,0.35368754956383824,0.1320807627593943,0.35368754956383824,1.9836654490403115e-05
Random Forest,1327,1327,1328,0.1320807627593943,0.35368754956383824,0.13213684800897363,0.35368754956383824,1.98366544903933e-05
Random Forest,1328,1328,1329,0.13213684800897363,0.35368754956383824,0.132192933258553,0.35368754956383824,1.9836654490403115e-05
Random Forest,1329,1329,1330,0.132192933258553,0.35368754956383824,0.13224901850813237,0.35368754956383824,1.9836654490403115e-05
Random Forest,1330,1330,1331,0.13224901850813237,0.35368754956383824,0.13230510375771173,0.35368754956383824,1.9836654490403115e-05
Random Forest,1331,1331,1332,0.13230510375771173,0.35368754956383824,0.13269770050476726,0.35368754956383824,0.00013885658143280216
Random Forest,1332,1332,1333,0.13269770050476726,0.35368754956383824,0.13269770050476726,0.35448057097541635,0.0
Random Forest,1333,1333,1334,0.13269770050476726,0.35448057097541635,0.1327537857543466,0.35448057097541635,1.988113129418342e-05
Random Forest,1334,1334,1335,0.1327537857543466,0.35448057097541635,0.13286595625350534,0.35448057097541635,3.976226258838651e-05
Random Forest,1335,1335,1336,0.13286595625350534,0.35448057097541635,0.13292204150308468,0.35448057097541635,1.988113129418342e-05
Random Forest,1336,1336,1337,0.13292204150308468,0.35448057097541635,0.13309029725182278,0.35448057097541635,5.964339388257977e-05
Random Forest,1337,1337,1338,0.13309029725182278,0.35448057097541635,0.13314638250140212,0.35448057097541635,1.988113129418342e-05
Random Forest,1338,1338,1339,0.13314638250140212,0.35448057097541635,0.1332024677509815,0.35448057097541635,1.9881131294193255e-05
Random Forest,1339,1339,1340,0.1332024677509815,0.35448057097541635,0.13325855300056086,0.35448057097541635,1.9881131294193255e-05
Random Forest,1340,1340,1341,0.13325855300056086,0.35448057097541635,0.13337072349971957,0.35448057097541635,3.976226258837667e-05
Random Forest,1341,1341,1342,0.13337072349971957,0.35448057097541635,0.13342680874929894,0.35448057097541635,1.9881131294193255e-05
Random Forest,1342,1342,1343,0.13342680874929894,0.35448057097541635,0.13342680874929894,0.35527359238699446,0.0
Random Forest,1343,1343,1344,0.13342680874929894,0.35527359238699446,0.13353897924845765,0.35527359238699446,3.985121619595694e-05
Random Forest,1344,1344,1345,0.13353897924845765,0.35527359238699446,0.13359506449803701,0.35527359238699446,1.99256080979834e-05
Random Forest,1345,1345,1346,0.13359506449803701,0.35527359238699446,0.13398766124509254,0.3568596352101507,0.00013979059431239502
Random Forest,1346,1346,1347,0.13398766124509254,0.3568596352101507,0.1340437464946719,0.3568596352101507,2.001456170556368e-05
Random Forest,1347,1347,1348,0.1340437464946719,0.3568596352101507,0.13415591699383062,0.3568596352101507,4.002912341111746e-05
Random Forest,1348,1348,1349,0.13415591699383062,0.3568596352101507,0.13421200224340998,0.3568596352101507,2.001456170556368e-05
Random Forest,1349,1349,1350,0.13421200224340998,0.3568596352101507,0.13426808749298935,0.3568596352101507,2.001456170556368e-05
Random Forest,1350,1350,1351,0.13426808749298935,0.3568596352101507,0.1343241727425687,0.3568596352101507,2.0014561705553776e-05
Random Forest,1351,1351,1352,0.1343241727425687,0.3568596352101507,0.1344924284913068,0.3568596352101507,6.004368511669104e-05
Random Forest,1352,1352,1353,0.1344924284913068,0.3568596352101507,0.13454851374088614,0.3568596352101507,2.0014561705553776e-05
Random Forest,1353,1353,1354,0.13454851374088614,0.3568596352101507,0.1346045989904655,0.3568596352101507,2.001456170556368e-05
Random Forest,1354,1354,1355,0.1346045989904655,0.3568596352101507,0.13466068424004488,0.3568596352101507,2.001456170556368e-05
Random Forest,1355,1355,1356,0.13466068424004488,0.3568596352101507,0.13471676948962422,0.3568596352101507,2.0014561705553776e-05
Random Forest,1356,1356,1357,0.13471676948962422,0.3568596352101507,0.13589455973079081,0.3679619349722443,0.0004268438859739378
Random Forest,1357,1357,1358,0.13589455973079081,0.3679619349722443,0.13600673022994952,0.3679619349722443,4.1274473917241115e-05
Random Forest,1358,1358,1359,0.13600673022994952,0.3679619349722443,0.13634324172742568,0.3687549563838224,0.00012395685216310396
Random Forest,1359,1359,1360,0.13634324172742568,0.3687549563838224,0.13645541222658442,0.3687549563838224,4.136342752483161e-05
Random Forest,1360,1360,1361,0.13645541222658442,0.3687549563838224,0.13651149747616376,0.3687549563838224,2.0681713762405568e-05
Random Forest,1361,1361,1362,0.13651149747616376,0.3687549563838224,0.13656758272574313,0.3687549563838224,2.0681713762415804e-05
Random Forest,1362,1362,1363,0.13656758272574313,0.3687549563838224,0.1366236679753225,0.3687549563838224,2.0681713762415804e-05
Random Forest,1363,1363,1364,0.1366236679753225,0.3687549563838224,0.13667975322490186,0.3687549563838224,2.0681713762415804e-05
Random Forest,1364,1364,1365,0.13667975322490186,0.3687549563838224,0.1367358384744812,0.3687549563838224,2.0681713762405568e-05
Random Forest,1365,1365,1366,0.1367358384744812,0.3687549563838224,0.13679192372406057,0.3695479777954005,2.0703952164310876e-05
Random Forest,1366,1366,1367,0.13679192372406057,0.3695479777954005,0.13679192372406057,0.3703409992069786,0.0
Random Forest,1367,1367,1368,0.13679192372406057,0.3703409992069786,0.13684800897363994,0.3703409992069786,2.0770667369996088e-05
Random Forest,1368,1368,1369,0.13684800897363994,0.3703409992069786,0.13690409422321928,0.3703409992069786,2.0770667369985808e-05
Random Forest,1369,1369,1370,0.13690409422321928,0.3703409992069786,0.13696017947279865,0.3703409992069786,2.0770667369996088e-05
Random Forest,1370,1370,1371,0.13696017947279865,0.3703409992069786,0.13701626472237802,0.3703409992069786,2.0770667369996088e-05
Random Forest,1371,1371,1372,0.13701626472237802,0.3703409992069786,0.13707234997195739,0.3703409992069786,2.0770667369996088e-05
Random Forest,1372,1372,1373,0.13707234997195739,0.3703409992069786,0.13740886146943354,0.3703409992069786,0.00012462400421995597
Random Forest,1373,1373,1374,0.13740886146943354,0.3703409992069786,0.13752103196859225,0.3703409992069786,4.1541334739981896e-05
Random Forest,1374,1374,1375,0.13752103196859225,0.3703409992069786,0.13757711721817162,0.37272006344171293,2.08373825756813e-05
Random Forest,1375,1375,1376,0.13757711721817162,0.37272006344171293,0.137633202467751,0.37272006344171293,2.0904097781366512e-05
Random Forest,1376,1376,1377,0.137633202467751,0.37272006344171293,0.13768928771733036,0.37272006344171293,2.0904097781366512e-05
Random Forest,1377,1377,1378,0.13768928771733036,0.37272006344171293,0.13780145821648906,0.37272006344171293,4.1808195562722676e-05
Random Forest,1378,1378,1379,0.13780145821648906,0.37272006344171293,0.13785754346606843,0.37272006344171293,2.0904097781366512e-05
Random Forest,1379,1379,1380,0.13785754346606843,0.37272006344171293,0.13791362871564777,0.37272006344171293,2.0904097781356164e-05
Random Forest,1380,1380,1381,0.13791362871564777,0.37272006344171293,0.13796971396522714,0.37272006344171293,2.0904097781366512e-05
Random Forest,1381,1381,1382,0.13796971396522714,0.37272006344171293,0.13796971396522714,0.37351308485329104,0.0
Random Forest,1382,1382,1383,0.13796971396522714,0.37351308485329104,0.1380257992148065,0.37351308485329104,2.0948574585156652e-05
Random Forest,1383,1383,1384,0.1380257992148065,0.37351308485329104,0.13813796971396522,0.37351308485329104,4.1897149170302936e-05
Random Forest,1384,1384,1385,0.13813796971396522,0.37351308485329104,0.1381940549635446,0.37351308485329104,2.0948574585156652e-05
Random Forest,1385,1385,1386,0.1381940549635446,0.37351308485329104,0.13825014021312396,0.37351308485329104,2.0948574585156652e-05
Random Forest,1386,1386,1387,0.13825014021312396,0.37351308485329104,0.1383062254627033,0.37351308485329104,2.0948574585146284e-05
Random Forest,1387,1387,1388,0.1383062254627033,0.37351308485329104,0.13836231071228267,0.37351308485329104,2.0948574585156652e-05
Random Forest,1388,1388,1389,0.13836231071228267,0.37351308485329104,0.13841839596186203,0.37351308485329104,2.0948574585156652e-05
Random Forest,1389,1389,1390,0.13841839596186203,0.37351308485329104,0.1385866517106001,0.37351308485329104,6.284572375545959e-05
Random Forest,1390,1390,1391,0.1385866517106001,0.37351308485329104,0.13864273696017948,0.37351308485329104,2.0948574585156652e-05
Random Forest,1391,1391,1392,0.13864273696017948,0.37351308485329104,0.13869882220975882,0.37351308485329104,2.0948574585146284e-05
Random Forest,1392,1392,1393,0.13869882220975882,0.37351308485329104,0.1387549074593382,0.37351308485329104,2.0948574585156652e-05
Random Forest,1393,1393,1394,0.1387549074593382,0.37351308485329104,0.139035333707235,0.3782712133227597,0.00010541002498262495
Random Forest,1394,1394,1395,0.139035333707235,0.3782712133227597,0.13909141895681434,0.3782712133227597,2.1215435407887e-05
Random Forest,1395,1395,1396,0.13909141895681434,0.3782712133227597,0.13920358945597308,0.3782712133227597,4.2430870815795e-05
Random Forest,1396,1396,1397,0.13920358945597308,0.3782712133227597,0.13925967470555245,0.3782712133227597,2.12154354078975e-05
Random Forest,1397,1397,1398,0.13925967470555245,0.3782712133227597,0.1393157599551318,0.3782712133227597,2.1215435407887e-05
Random Forest,1398,1398,1399,0.1393157599551318,0.3782712133227597,0.1393157599551318,0.3798572561459159,0.0
Random Forest,1399,1399,1400,0.1393157599551318,0.3798572561459159,0.13942793045429053,0.3798572561459159,4.260877803095557e-05
Random Forest,1400,1400,1401,0.13942793045429053,0.3798572561459159,0.1394840157038699,0.3798572561459159,2.1304389015477784e-05
Random Forest,1401,1401,1402,0.1394840157038699,0.3798572561459159,0.1395961862030286,0.3798572561459159,4.2608778030945025e-05
Random Forest,1402,1402,1403,0.1395961862030286,0.3798572561459159,0.1395961862030286,0.38065027755749403,0.0
Random Forest,1403,1403,1404,0.1395961862030286,0.38065027755749403,0.13965227145260797,0.38065027755749403,2.1348865819267925e-05
Random Forest,1404,1404,1405,0.13965227145260797,0.38065027755749403,0.13970835670218731,0.38065027755749403,2.134886581925736e-05
Random Forest,1405,1405,1406,0.13970835670218731,0.38065027755749403,0.13976444195176668,0.38065027755749403,2.1348865819267925e-05
Random Forest,1406,1406,1407,0.13976444195176668,0.38065027755749403,0.14038137969713965,0.38065027755749403,0.00023483752401191549
Random Forest,1407,1407,1408,0.14038137969713965,0.38065027755749403,0.14043746494671902,0.38065027755749403,2.1348865819267925e-05
Random Forest,1408,1408,1409,0.14043746494671902,0.38065027755749403,0.14049355019629836,0.38065027755749403,2.134886581925736e-05
Random Forest,1409,1409,1410,0.14049355019629836,0.38065027755749403,0.14054963544587773,0.38065027755749403,2.1348865819267925e-05
Random Forest,1410,1410,1411,0.14054963544587773,0.38065027755749403,0.1407178911946158,0.38223632038065025,6.418002786916361e-05
Random Forest,1411,1411,1412,0.1407178911946158,0.38223632038065025,0.14077397644419518,0.38223632038065025,2.143781942684821e-05
Random Forest,1412,1412,1413,0.14077397644419518,0.38223632038065025,0.14077397644419518,0.3830293417922284,0.0
Random Forest,1413,1413,1414,0.14077397644419518,0.3830293417922284,0.1416152551878856,0.3917525773195876,0.0003259037797722189
Random Forest,1414,1414,1415,0.1416152551878856,0.3917525773195876,0.14167134043746496,0.3917525773195876,2.1971541072329905e-05
Random Forest,1415,1415,1416,0.14167134043746496,0.3917525773195876,0.1417274256870443,0.3917525773195876,2.1971541072319033e-05
Random Forest,1416,1416,1417,0.1417274256870443,0.3917525773195876,0.14178351093662367,0.3917525773195876,2.1971541072329905e-05
Random Forest,1417,1417,1418,0.14178351093662367,0.3917525773195876,0.14183959618620304,0.3917525773195876,2.1971541072329905e-05
Random Forest,1418,1418,1419,0.14183959618620304,0.3917525773195876,0.1421761076836792,0.39254559873116573,0.00013196267684532808
Random Forest,1419,1419,1420,0.1421761076836792,0.39254559873116573,0.14223219293325856,0.39254559873116573,2.201601787612005e-05
Random Forest,1420,1420,1421,0.14223219293325856,0.39254559873116573,0.1422882781828379,0.39254559873116573,2.2016017876109153e-05
Random Forest,1421,1421,1422,0.1422882781828379,0.39254559873116573,0.14234436343241727,0.39254559873116573,2.201601787612005e-05
Random Forest,1422,1422,1423,0.14234436343241727,0.39254559873116573,0.14240044868199664,0.39254559873116573,2.201601787612005e-05
Random Forest,1423,1423,1424,0.14240044868199664,0.39254559873116573,0.142456533931576,0.39333862014274384,2.2038256278015117e-05
Random Forest,1424,1424,1425,0.142456533931576,0.39333862014274384,0.14262478968031408,0.39333862014274384,6.618148403971965e-05
Random Forest,1425,1425,1426,0.14262478968031408,0.39333862014274384,0.14268087492989343,0.39333862014274384,2.2060494679899273e-05
Random Forest,1426,1426,1427,0.14268087492989343,0.39333862014274384,0.1427369601794728,0.39333862014274384,2.206049467991019e-05
Random Forest,1427,1427,1428,0.1427369601794728,0.39333862014274384,0.14279304542905216,0.39333862014274384,2.206049467991019e-05
Random Forest,1428,1428,1429,0.14279304542905216,0.39333862014274384,0.14290521592821087,0.39333862014274384,4.412098935980946e-05
Random Forest,1429,1429,1430,0.14290521592821087,0.39333862014274384,0.14296130117779024,0.39333862014274384,2.206049467991019e-05
Random Forest,1430,1430,1431,0.14296130117779024,0.39333862014274384,0.1430173864273696,0.39333862014274384,2.206049467991019e-05
Random Forest,1431,1431,1432,0.1430173864273696,0.39333862014274384,0.14307347167694895,0.39333862014274384,2.2060494679899273e-05
Random Forest,1432,1432,1433,0.14307347167694895,0.39333862014274384,0.14312955692652832,0.39333862014274384,2.206049467991019e-05
Random Forest,1433,1433,1434,0.14312955692652832,0.39333862014274384,0.14312955692652832,0.39413164155432195,0.0
Random Forest,1434,1434,1435,0.14312955692652832,0.39413164155432195,0.14318564217610769,0.39413164155432195,2.210497148370033e-05
Random Forest,1435,1435,1436,0.14318564217610769,0.39413164155432195,0.14324172742568705,0.39413164155432195,2.210497148370033e-05
Random Forest,1436,1436,1437,0.14324172742568705,0.39413164155432195,0.14324172742568705,0.39492466296590006,0.0
Random Forest,1437,1437,1438,0.14324172742568705,0.39492466296590006,0.1432978126752664,0.39492466296590006,2.214944828747951e-05
Random Forest,1438,1438,1439,0.1432978126752664,0.39492466296590006,0.14335389792484576,0.39492466296590006,2.2149448287490473e-05
Random Forest,1439,1439,1440,0.14335389792484576,0.39492466296590006,0.1434660684240045,0.39492466296590006,4.4298896574980946e-05
Random Forest,1440,1440,1441,0.1434660684240045,0.39492466296590006,0.14352215367358384,0.39492466296590006,2.214944828747951e-05
Random Forest,1441,1441,1442,0.14352215367358384,0.39492466296590006,0.1435782389231632,0.39492466296590006,2.2149448287490473e-05
Random Forest,1442,1442,1443,0.1435782389231632,0.39492466296590006,0.14363432417274258,0.39492466296590006,2.2149448287490473e-05
Random Forest,1443,1443,1444,0.14363432417274258,0.39492466296590006,0.14369040942232192,0.39492466296590006,2.214944828747951e-05
Random Forest,1444,1444,1445,0.14369040942232192,0.39492466296590006,0.14385866517106002,0.39492466296590006,6.644834486247141e-05
Random Forest,1445,1445,1446,0.14385866517106002,0.39492466296590006,0.14397083567021873,0.39492466296590006,4.429889657496998e-05
Random Forest,1446,1446,1447,0.14397083567021873,0.39492466296590006,0.1440269209197981,0.3957176843774782,2.217168668938554e-05
Random Forest,1447,1447,1448,0.1440269209197981,0.3957176843774782,0.1440269209197981,0.3965107057890563,0.0
Random Forest,1448,1448,1449,0.1440269209197981,0.3965107057890563,0.14408300616937744,0.3965107057890563,2.223840189505975e-05
Random Forest,1449,1449,1450,0.14408300616937744,0.3965107057890563,0.1441390914189568,0.3965107057890563,2.2238401895070754e-05
Random Forest,1450,1450,1451,0.1441390914189568,0.3965107057890563,0.1443073471676949,0.3965107057890563,6.671520568520125e-05
Random Forest,1451,1451,1452,0.1443073471676949,0.3965107057890563,0.14453168816601233,0.3965107057890563,8.895360758027201e-05
Random Forest,1452,1452,1453,0.14453168816601233,0.3965107057890563,0.1445877734155917,0.3965107057890563,2.2238401895070754e-05
Random Forest,1453,1453,1454,0.1445877734155917,0.3965107057890563,0.14464385866517107,0.3965107057890563,2.2238401895070754e-05
Random Forest,1454,1454,1455,0.14464385866517107,0.3965107057890563,0.1446999439147504,0.3965107057890563,2.223840189505975e-05
Random Forest,1455,1455,1456,0.1446999439147504,0.3965107057890563,0.14481211441390915,0.3965107057890563,4.447680379014151e-05
Random Forest,1456,1456,1457,0.14481211441390915,0.3965107057890563,0.14492428491306786,0.3965107057890563,4.44768037901305e-05
Random Forest,1457,1457,1458,0.14492428491306786,0.3965107057890563,0.14498037016264723,0.3965107057890563,2.2238401895070754e-05
Random Forest,1458,1458,1459,0.14498037016264723,0.3965107057890563,0.1450364554122266,0.3965107057890563,2.2238401895070754e-05
Random Forest,1459,1459,1460,0.1450364554122266,0.3965107057890563,0.14509254066180594,0.3965107057890563,2.223840189505975e-05
Random Forest,1460,1460,1461,0.14509254066180594,0.3965107057890563,0.1451486259113853,0.3965107057890563,2.2238401895070754e-05
Random Forest,1461,1461,1462,0.1451486259113853,0.3965107057890563,0.14542905215928212,0.3973037272006344,0.00011130320148481812
Random Forest,1462,1462,1463,0.14542905215928212,0.3973037272006344,0.14548513740886146,0.3973037272006344,2.228287869884987e-05
Random Forest,1463,1463,1464,0.14548513740886146,0.3973037272006344,0.14565339315759956,0.3980967486122125,6.69153513022679e-05
Random Forest,1464,1464,1465,0.14565339315759956,0.3980967486122125,0.14565339315759956,0.39888977002379067,0.0
Random Forest,1465,1465,1466,0.14565339315759956,0.39888977002379067,0.14565339315759956,0.3996827914353688,0.0
Random Forest,1466,1466,1467,0.14565339315759956,0.3996827914353688,0.1460459899046551,0.3996827914353688,0.00015691416377159708
Random Forest,1467,1467,1468,0.1460459899046551,0.3996827914353688,0.1461581604038138,0.3996827914353688,4.483261822045155e-05
Random Forest,1468,1468,1469,0.1461581604038138,0.3996827914353688,0.14621424565339317,0.3996827914353688,2.241630911023132e-05
Random Forest,1469,1469,1470,0.14621424565339317,0.3996827914353688,0.1462703309029725,0.3996827914353688,2.241630911022023e-05
Random Forest,1470,1470,1471,0.1462703309029725,0.3996827914353688,0.14632641615255187,0.3996827914353688,2.241630911023132e-05
Random Forest,1471,1471,1472,0.14632641615255187,0.3996827914353688,0.14655075715086932,0.3996827914353688,8.96652364409142e-05
Random Forest,1472,1472,1473,0.14655075715086932,0.3996827914353688,0.14666292765002803,0.3996827914353688,4.483261822045155e-05
Random Forest,1473,1473,1474,0.14666292765002803,0.3996827914353688,0.1467190128996074,0.3996827914353688,2.241630911023132e-05
Random Forest,1474,1474,1475,0.1467190128996074,0.3996827914353688,0.14677509814918677,0.3996827914353688,2.241630911023132e-05
Random Forest,1475,1475,1476,0.14677509814918677,0.3996827914353688,0.14683118339876614,0.3996827914353688,2.241630911023132e-05
Random Forest,1476,1476,1477,0.14683118339876614,0.3996827914353688,0.1469994391475042,0.4028548770816812,6.751578815342368e-05
Random Forest,1477,1477,1478,0.1469994391475042,0.4028548770816812,0.14711160964666292,0.4028548770816812,4.51884326507726e-05
Random Forest,1478,1478,1479,0.14711160964666292,0.4028548770816812,0.1471676948962423,0.4028548770816812,2.259421632539189e-05
Random Forest,1479,1479,1480,0.1471676948962423,0.4028548770816812,0.14722378014582166,0.4028548770816812,2.259421632539189e-05
Random Forest,1480,1480,1481,0.14722378014582166,0.4028548770816812,0.14733595064498037,0.4028548770816812,4.51884326507726e-05
Random Forest,1481,1481,1482,0.14733595064498037,0.4028548770816812,0.14739203589455974,0.4028548770816812,2.259421632539189e-05
Random Forest,1482,1482,1483,0.14739203589455974,0.4028548770816812,0.14991587212563096,0.4195083267248216,0.0010377550244333284
Random Forest,1483,1483,1484,0.14991587212563096,0.4195083267248216,0.14997195737521032,0.4195083267248216,2.352822920498486e-05
Random Forest,1484,1484,1485,0.14997195737521032,0.4195083267248216,0.1500280426247897,0.4195083267248216,2.352822920498486e-05
Random Forest,1485,1485,1486,0.1500280426247897,0.4195083267248216,0.15019629837352777,0.4195083267248216,7.058468761494293e-05
Random Forest,1486,1486,1487,0.15019629837352777,0.4195083267248216,0.1502523836231071,0.4195083267248216,2.3528229204973217e-05
Random Forest,1487,1487,1488,0.1502523836231071,0.4195083267248216,0.15030846887268648,0.4195083267248216,2.352822920498486e-05
Random Forest,1488,1488,1489,0.15030846887268648,0.4195083267248216,0.15036455412226585,0.4195083267248216,2.352822920498486e-05
Random Forest,1489,1489,1490,0.15036455412226585,0.4195083267248216,0.15047672462142456,0.4203013481363997,4.7100935213748206e-05
Random Forest,1490,1490,1491,0.15047672462142456,0.4203013481363997,0.15075715086932137,0.4203013481363997,0.00011786353004386334
Random Forest,1491,1491,1492,0.15075715086932137,0.4203013481363997,0.15081323611890074,0.4203013481363997,2.3572706008775002e-05
Random Forest,1492,1492,1493,0.15081323611890074,0.4203013481363997,0.15086932136848008,0.4203013481363997,2.3572706008763337e-05
Random Forest,1493,1493,1494,0.15086932136848008,0.4203013481363997,0.15092540661805945,0.4203013481363997,2.3572706008775002e-05
Random Forest,1494,1494,1495,0.15092540661805945,0.4203013481363997,0.15098149186763882,0.4203013481363997,2.3572706008775002e-05
Random Forest,1495,1495,1496,0.15098149186763882,0.4203013481363997,0.1511497476163769,0.4210943695479778,7.078483323199854e-05
Random Forest,1496,1496,1497,0.1511497476163769,0.4210943695479778,0.15120583286595626,0.4210943695479778,2.3617182812565143e-05
Random Forest,1497,1497,1498,0.15120583286595626,0.4210943695479778,0.15120583286595626,0.4218873909595559,0.0
Random Forest,1498,1498,1499,0.15120583286595626,0.4218873909595559,0.1512619181155356,0.4218873909595559,2.3661659616343574e-05
Random Forest,1499,1499,1500,0.1512619181155356,0.4218873909595559,0.15137408861469434,0.4218873909595559,4.7323319232710566e-05
Random Forest,1500,1500,1501,0.15137408861469434,0.4218873909595559,0.15148625911385305,0.4218873909595559,4.7323319232698856e-05
Random Forest,1501,1501,1502,0.15148625911385305,0.4218873909595559,0.15154234436343242,0.4218873909595559,2.3661659616355283e-05
Random Forest,1502,1502,1503,0.15154234436343242,0.4218873909595559,0.1515984296130118,0.4218873909595559,2.3661659616355283e-05
Random Forest,1503,1503,1504,0.1515984296130118,0.4218873909595559,0.15165451486259113,0.4218873909595559,2.3661659616343574e-05
Random Forest,1504,1504,1505,0.15165451486259113,0.4218873909595559,0.1517106001121705,0.4218873909595559,2.3661659616355283e-05
Random Forest,1505,1505,1506,0.1517106001121705,0.4218873909595559,0.15176668536174986,0.4218873909595559,2.3661659616355283e-05
Random Forest,1506,1506,1507,0.15176668536174986,0.4218873909595559,0.15182277061132923,0.4218873909595559,2.3661659616355283e-05
Random Forest,1507,1507,1508,0.15182277061132923,0.4218873909595559,0.15187885586090857,0.4218873909595559,2.3661659616343574e-05
Random Forest,1508,1508,1509,0.15187885586090857,0.4218873909595559,0.1519910263600673,0.4218873909595559,4.7323319232710566e-05
Random Forest,1509,1509,1510,0.1519910263600673,0.4218873909595559,0.15204711160964665,0.4218873909595559,2.3661659616343574e-05
Random Forest,1510,1510,1511,0.15204711160964665,0.4218873909595559,0.15210319685922602,0.4218873909595559,2.3661659616355283e-05
Random Forest,1511,1511,1512,0.15210319685922602,0.4218873909595559,0.1521592821088054,0.4218873909595559,2.3661659616355283e-05
Random Forest,1512,1512,1513,0.1521592821088054,0.4218873909595559,0.15238362310712283,0.422680412371134,9.47355920729897e-05
Random Forest,1513,1513,1514,0.15238362310712283,0.422680412371134,0.15243970835670217,0.422680412371134,2.3706136420133693e-05
Random Forest,1514,1514,1515,0.15243970835670217,0.422680412371134,0.15260796410544028,0.422680412371134,7.111840926043627e-05
Random Forest,1515,1515,1516,0.15260796410544028,0.422680412371134,0.15266404935501962,0.422680412371134,2.3706136420133693e-05
Random Forest,1516,1516,1517,0.15266404935501962,0.422680412371134,0.152720134604599,0.422680412371134,2.3706136420145427e-05
Random Forest,1517,1517,1518,0.152720134604599,0.422680412371134,0.15277621985417836,0.422680412371134,2.3706136420145427e-05
Random Forest,1518,1518,1519,0.15277621985417836,0.422680412371134,0.1528323051037577,0.422680412371134,2.3706136420133693e-05
Random Forest,1519,1519,1520,0.1528323051037577,0.422680412371134,0.15288839035333707,0.422680412371134,2.3706136420145427e-05
Random Forest,1520,1520,1521,0.15288839035333707,0.422680412371134,0.15294447560291644,0.422680412371134,2.3706136420145427e-05
Random Forest,1521,1521,1522,0.15294447560291644,0.422680412371134,0.15294447560291644,0.4234734337827121,0.0
Random Forest,1522,1522,1523,0.15294447560291644,0.4234734337827121,0.1530005608524958,0.4234734337827121,2.3750613223935567e-05
Random Forest,1523,1523,1524,0.1530005608524958,0.4234734337827121,0.15305664610207514,0.4234734337827121,2.3750613223923813e-05
Random Forest,1524,1524,1525,0.15305664610207514,0.4234734337827121,0.15316881660123388,0.4234734337827121,4.7501226447871134e-05
Random Forest,1525,1525,1526,0.15316881660123388,0.4234734337827121,0.1532809871003926,0.4234734337827121,4.750122644785938e-05
Random Forest,1526,1526,1527,0.1532809871003926,0.4234734337827121,0.1540100953449243,0.4234734337827121,0.0003087579719111271
Random Forest,1527,1527,1528,0.1540100953449243,0.4234734337827121,0.15406618059450364,0.4234734337827121,2.3750613223923813e-05
Random Forest,1528,1528,1529,0.15406618059450364,0.4234734337827121,0.154122265844083,0.4234734337827121,2.3750613223935567e-05
Random Forest,1529,1529,1530,0.154122265844083,0.4234734337827121,0.15490745933819405,0.4234734337827121,0.0003325085851350509
Random Forest,1530,1530,1531,0.15490745933819405,0.4234734337827121,0.15496354458777342,0.4234734337827121,2.3750613223935567e-05
Random Forest,1531,1531,1532,0.15496354458777342,0.4234734337827121,0.15507571508693213,0.4234734337827121,4.750122644785938e-05
Random Forest,1532,1532,1533,0.15507571508693213,0.4234734337827121,0.1551318003365115,0.4234734337827121,2.3750613223935567e-05
Random Forest,1533,1533,1534,0.1551318003365115,0.4234734337827121,0.15518788558609087,0.4234734337827121,2.3750613223935567e-05
Random Forest,1534,1534,1535,0.15518788558609087,0.4234734337827121,0.1552439708356702,0.4234734337827121,2.3750613223923813e-05
Random Forest,1535,1535,1536,0.1552439708356702,0.4234734337827121,0.1552439708356702,0.42426645519429024,0.0
Random Forest,1536,1536,1537,0.1552439708356702,0.42426645519429024,0.15530005608524958,0.42426645519429024,2.3795090027725707e-05
Random Forest,1537,1537,1538,0.15530005608524958,0.42426645519429024,0.15535614133482895,0.42426645519429024,2.3795090027725707e-05
Random Forest,1538,1538,1539,0.15535614133482895,0.42426645519429024,0.15552439708356702,0.42426645519429024,7.138527008316535e-05
Random Forest,1539,1539,1540,0.15552439708356702,0.42426645519429024,0.1555804823331464,0.42426645519429024,2.3795090027725707e-05
Random Forest,1540,1540,1541,0.1555804823331464,0.42426645519429024,0.15563656758272573,0.42426645519429024,2.3795090027713933e-05
Random Forest,1541,1541,1542,0.15563656758272573,0.42426645519429024,0.1556926528323051,0.42426645519429024,2.3795090027725707e-05
Random Forest,1542,1542,1543,0.1556926528323051,0.42426645519429024,0.15574873808188447,0.42426645519429024,2.3795090027725707e-05
Random Forest,1543,1543,1544,0.15574873808188447,0.42426645519429024,0.15586090858104318,0.42426645519429024,4.759018005543964e-05
Random Forest,1544,1544,1545,0.15586090858104318,0.42426645519429024,0.15591699383062255,0.42426645519429024,2.3795090027725707e-05
Random Forest,1545,1545,1546,0.15591699383062255,0.42426645519429024,0.15597307908020192,0.42426645519429024,2.3795090027725707e-05
Random Forest,1546,1546,1547,0.15597307908020192,0.42426645519429024,0.15602916432978126,0.42426645519429024,2.3795090027713933e-05
Random Forest,1547,1547,1548,0.15602916432978126,0.42426645519429024,0.15602916432978126,0.42505947660586835,0.0
Random Forest,1548,1548,1549,0.15602916432978126,0.42505947660586835,0.15608524957936062,0.42505947660586835,2.383956683151585e-05
Random Forest,1549,1549,1550,0.15608524957936062,0.42505947660586835,0.1562535053280987,0.42505947660586835,7.151870049453575e-05
Random Forest,1550,1550,1551,0.1562535053280987,0.42505947660586835,0.15630959057767807,0.42585249801744646,2.386180523341092e-05
Random Forest,1551,1551,1552,0.15630959057767807,0.42585249801744646,0.15636567582725744,0.42585249801744646,2.388404363530599e-05
Random Forest,1552,1552,1553,0.15636567582725744,0.42585249801744646,0.15642176107683678,0.42585249801744646,2.388404363529417e-05
Random Forest,1553,1553,1554,0.15642176107683678,0.42585249801744646,0.15647784632641615,0.42585249801744646,2.388404363530599e-05
Random Forest,1554,1554,1555,0.15647784632641615,0.42585249801744646,0.15659001682557488,0.42664551942902457,4.7812564074402126e-05
Random Forest,1555,1555,1556,0.15659001682557488,0.42664551942902457,0.15664610207515423,0.42664551942902457,2.392852043908429e-05
Random Forest,1556,1556,1557,0.15664610207515423,0.42664551942902457,0.15664610207515423,0.4274385408406027,0.0
Random Forest,1557,1557,1558,0.15664610207515423,0.4274385408406027,0.1567021873247336,0.4274385408406027,2.3972997242886275e-05
Random Forest,1558,1558,1559,0.1567021873247336,0.4274385408406027,0.15675827257431296,0.4274385408406027,2.3972997242886275e-05
Random Forest,1559,1559,1560,0.15675827257431296,0.4274385408406027,0.15715086932136849,0.4282315622521808,0.00016796664951344566
Random Forest,1560,1560,1561,0.15715086932136849,0.4282315622521808,0.15720695457094785,0.4282315622521808,2.4017474046676415e-05
Random Forest,1561,1561,1562,0.15720695457094785,0.4282315622521808,0.15720695457094785,0.4290245836637589,0.0
Random Forest,1562,1562,1563,0.15720695457094785,0.4290245836637589,0.1572630398205272,0.4290245836637589,2.406195085045465e-05
Random Forest,1563,1563,1564,0.1572630398205272,0.4290245836637589,0.15743129556926527,0.43061062648691517,7.231928296275817e-05
Random Forest,1564,1564,1565,0.15743129556926527,0.43061062648691517,0.15748738081884464,0.43061062648691517,2.4150904458046843e-05
Random Forest,1565,1565,1566,0.15748738081884464,0.43061062648691517,0.1577117218171621,0.4314036478984933,9.669257143975569e-05
Random Forest,1566,1566,1567,0.1577117218171621,0.4314036478984933,0.15776780706674146,0.4314036478984933,2.4195381261836983e-05
Random Forest,1567,1567,1568,0.15776780706674146,0.4314036478984933,0.1578238923163208,0.4314036478984933,2.419538126182501e-05
Random Forest,1568,1568,1569,0.1578238923163208,0.4314036478984933,0.15793606281547953,0.4314036478984933,4.8390762523673966e-05
Random Forest,1569,1569,1570,0.15793606281547953,0.4314036478984933,0.15804823331463824,0.4314036478984933,4.839076252366199e-05
Random Forest,1570,1570,1571,0.15804823331463824,0.4314036478984933,0.1581043185642176,0.4314036478984933,2.4195381261836983e-05
Random Forest,1571,1571,1572,0.1581043185642176,0.4314036478984933,0.15816040381379698,0.4314036478984933,2.4195381261836983e-05
Random Forest,1572,1572,1573,0.15816040381379698,0.4314036478984933,0.15849691531127313,0.4314036478984933,0.00014517228757099796
Random Forest,1573,1573,1574,0.15849691531127313,0.4314036478984933,0.1585530005608525,0.4314036478984933,2.4195381261836983e-05
Random Forest,1574,1574,1575,0.1585530005608525,0.4314036478984933,0.15860908581043184,0.4314036478984933,2.419538126182501e-05
Random Forest,1575,1575,1576,0.15860908581043184,0.4314036478984933,0.1586651710600112,0.4314036478984933,2.4195381261836983e-05
Random Forest,1576,1576,1577,0.1586651710600112,0.4314036478984933,0.1586651710600112,0.4321966693100714,0.0
Random Forest,1577,1577,1578,0.1586651710600112,0.4321966693100714,0.15872125630959058,0.4321966693100714,2.4239858065627123e-05
Random Forest,1578,1578,1579,0.15872125630959058,0.4321966693100714,0.15872125630959058,0.4329896907216495,0.0
Random Forest,1579,1579,1580,0.15872125630959058,0.4329896907216495,0.1588334268087493,0.4329896907216495,4.856866973882251e-05
Random Forest,1580,1580,1581,0.1588334268087493,0.4329896907216495,0.15900168255748737,0.4329896907216495,7.285300460823978e-05
Random Forest,1581,1581,1582,0.15900168255748737,0.4329896907216495,0.15905776780706674,0.4329896907216495,2.4284334869417267e-05
Random Forest,1582,1582,1583,0.15905776780706674,0.4329896907216495,0.1591138530566461,0.4329896907216495,2.4284334869417267e-05
Random Forest,1583,1583,1584,0.1591138530566461,0.4329896907216495,0.15916993830622547,0.4329896907216495,2.4284334869417267e-05
Random Forest,1584,1584,1585,0.15916993830622547,0.4329896907216495,0.1592260235558048,0.4329896907216495,2.428433486940525e-05
Random Forest,1585,1585,1586,0.1592260235558048,0.4329896907216495,0.15928210880538418,0.4329896907216495,2.4284334869417267e-05
Random Forest,1586,1586,1587,0.15928210880538418,0.4329896907216495,0.15933819405496355,0.4329896907216495,2.4284334869417267e-05
Random Forest,1587,1587,1588,0.15933819405496355,0.4329896907216495,0.15939427930454292,0.4329896907216495,2.4284334869417267e-05
Random Forest,1588,1588,1589,0.15939427930454292,0.4329896907216495,0.15945036455412226,0.4329896907216495,2.428433486940525e-05
Random Forest,1589,1589,1590,0.15945036455412226,0.4329896907216495,0.15945036455412226,0.4337827121332276,0.0
Random Forest,1590,1590,1591,0.15945036455412226,0.4337827121332276,0.159562535053281,0.4337827121332276,4.8657623346414814e-05
Random Forest,1591,1591,1592,0.159562535053281,0.4337827121332276,0.159562535053281,0.4345757335448057,0.0
Random Forest,1592,1592,1593,0.159562535053281,0.4345757335448057,0.15961862030286034,0.4345757335448057,2.4373288476985486e-05
Random Forest,1593,1593,1594,0.15961862030286034,0.4345757335448057,0.1596747055524397,0.4345757335448057,2.4373288476997548e-05
Random Forest,1594,1594,1595,0.1596747055524397,0.4345757335448057,0.15973079080201907,0.4345757335448057,2.4373288476997548e-05
Random Forest,1595,1595,1596,0.15973079080201907,0.4345757335448057,0.15984296130117778,0.4345757335448057,4.874657695398303e-05
Random Forest,1596,1596,1597,0.15984296130117778,0.4345757335448057,0.15989904655075715,0.4345757335448057,2.4373288476997548e-05
Random Forest,1597,1597,1598,0.15989904655075715,0.4345757335448057,0.16001121704991586,0.4345757335448057,4.874657695398303e-05
Random Forest,1598,1598,1599,0.16001121704991586,0.4345757335448057,0.16006730229949523,0.4345757335448057,2.4373288476997548e-05
Random Forest,1599,1599,1600,0.16006730229949523,0.4345757335448057,0.1601233875490746,0.4345757335448057,2.4373288476997548e-05
Random Forest,1600,1600,1601,0.1601233875490746,0.4345757335448057,0.16045989904655075,0.43536875495638383,0.00014637316127333157
Random Forest,1601,1601,1602,0.16045989904655075,0.43536875495638383,0.16051598429613012,0.43536875495638383,2.441776528078769e-05
Random Forest,1602,1602,1603,0.16051598429613012,0.43536875495638383,0.1605720695457095,0.43536875495638383,2.441776528078769e-05
Random Forest,1603,1603,1604,0.1605720695457095,0.43536875495638383,0.16062815479528883,0.43536875495638383,2.4417765280775606e-05
Random Forest,1604,1604,1605,0.16062815479528883,0.43536875495638383,0.1606842400448682,0.43536875495638383,2.441776528078769e-05
Random Forest,1605,1605,1606,0.1606842400448682,0.43536875495638383,0.16074032529444757,0.43536875495638383,2.441776528078769e-05
Random Forest,1606,1606,1607,0.16074032529444757,0.43536875495638383,0.1607964105440269,0.43536875495638383,2.4417765280775606e-05
Random Forest,1607,1607,1608,0.1607964105440269,0.43536875495638383,0.16085249579360628,0.43536875495638383,2.441776528078769e-05
Random Forest,1608,1608,1609,0.16085249579360628,0.43536875495638383,0.16090858104318564,0.43536875495638383,2.441776528078769e-05
Random Forest,1609,1609,1610,0.16090858104318564,0.43536875495638383,0.160964666292765,0.43536875495638383,2.441776528078769e-05
Random Forest,1610,1610,1611,0.160964666292765,0.43536875495638383,0.16102075154234435,0.43536875495638383,2.4417765280775606e-05
Random Forest,1611,1611,1612,0.16102075154234435,0.43536875495638383,0.16107683679192372,0.43536875495638383,2.441776528078769e-05
Random Forest,1612,1612,1613,0.16107683679192372,0.43536875495638383,0.16118900729108246,0.43536875495638383,4.883553056157538e-05
Random Forest,1613,1613,1614,0.16118900729108246,0.43536875495638383,0.1612450925406618,0.43536875495638383,2.4417765280775606e-05
Random Forest,1614,1614,1615,0.1612450925406618,0.43536875495638383,0.16130117779024117,0.43536875495638383,2.441776528078769e-05
Random Forest,1615,1615,1616,0.16130117779024117,0.43536875495638383,0.16135726303982054,0.43536875495638383,2.441776528078769e-05
Random Forest,1616,1616,1617,0.16135726303982054,0.43536875495638383,0.16141334828939988,0.43536875495638383,2.4417765280775606e-05
Random Forest,1617,1617,1618,0.16141334828939988,0.43536875495638383,0.16141334828939988,0.43616177636796194,0.0
Random Forest,1618,1618,1619,0.16141334828939988,0.43616177636796194,0.16146943353897925,0.43616177636796194,2.446224208457783e-05
Random Forest,1619,1619,1620,0.16146943353897925,0.43616177636796194,0.16152551878855861,0.43616177636796194,2.446224208457783e-05
Random Forest,1620,1620,1621,0.16152551878855861,0.43616177636796194,0.16158160403813798,0.43616177636796194,2.446224208457783e-05
Random Forest,1621,1621,1622,0.16158160403813798,0.43616177636796194,0.16163768928771732,0.43616177636796194,2.4462242084565726e-05
Random Forest,1622,1622,1623,0.16163768928771732,0.43616177636796194,0.1616937745372967,0.43616177636796194,2.446224208457783e-05
Random Forest,1623,1623,1624,0.1616937745372967,0.43616177636796194,0.16174985978687606,0.43616177636796194,2.446224208457783e-05
Random Forest,1624,1624,1625,0.16174985978687606,0.43616177636796194,0.16186203028603477,0.43616177636796194,4.892448416914356e-05
Random Forest,1625,1625,1626,0.16186203028603477,0.43616177636796194,0.16214245653393158,0.43616177636796194,0.00012231121042287704
Random Forest,1626,1626,1627,0.16214245653393158,0.43616177636796194,0.16219854178351092,0.43616177636796194,2.4462242084565726e-05
Random Forest,1627,1627,1628,0.16219854178351092,0.43616177636796194,0.1622546270330903,0.43616177636796194,2.446224208457783e-05
Random Forest,1628,1628,1629,0.1622546270330903,0.43616177636796194,0.16231071228266966,0.43616177636796194,2.446224208457783e-05
Random Forest,1629,1629,1630,0.16231071228266966,0.43616177636796194,0.16236679753224903,0.43616177636796194,2.446224208457783e-05
Random Forest,1630,1630,1631,0.16236679753224903,0.43616177636796194,0.16236679753224903,0.43695479777954005,0.0
Random Forest,1631,1631,1632,0.16236679753224903,0.43695479777954005,0.16236679753224903,0.43774781919111816,0.0
Random Forest,1632,1632,1633,0.16236679753224903,0.43774781919111816,0.16275939427930455,0.4393338620142744,0.00017216970747161345
Random Forest,1633,1633,1634,0.16275939427930455,0.4393338620142744,0.1628154795288839,0.4393338620142744,2.4640149299726202e-05
Random Forest,1634,1634,1635,0.1628154795288839,0.4393338620142744,0.16287156477846326,0.4393338620142744,2.4640149299738396e-05
Random Forest,1635,1635,1636,0.16287156477846326,0.4393338620142744,0.16292765002804263,0.4393338620142744,2.4640149299738396e-05
Random Forest,1636,1636,1637,0.16292765002804263,0.4393338620142744,0.16298373527762197,0.4393338620142744,2.4640149299726202e-05
Random Forest,1637,1637,1638,0.16298373527762197,0.4393338620142744,0.16303982052720134,0.4393338620142744,2.4640149299738396e-05
Random Forest,1638,1638,1639,0.16303982052720134,0.4393338620142744,0.16320807627593942,0.4393338620142744,7.3920447899203e-05
Random Forest,1639,1639,1640,0.16320807627593942,0.4393338620142744,0.16343241727425686,0.4393338620142744,9.85605971989414e-05
Random Forest,1640,1640,1641,0.16343241727425686,0.4393338620142744,0.16348850252383623,0.4393338620142744,2.4640149299738396e-05
Random Forest,1641,1641,1642,0.16348850252383623,0.4393338620142744,0.1635445877734156,0.4393338620142744,2.4640149299738396e-05
Random Forest,1642,1642,1643,0.1635445877734156,0.4393338620142744,0.16360067302299494,0.4393338620142744,2.4640149299726202e-05
Random Forest,1643,1643,1644,0.16360067302299494,0.4393338620142744,0.1636567582725743,0.4393338620142744,2.4640149299738396e-05
Random Forest,1644,1644,1645,0.1636567582725743,0.4393338620142744,0.16371284352215368,0.4393338620142744,2.4640149299738396e-05
Random Forest,1645,1645,1646,0.16371284352215368,0.4393338620142744,0.16376892877173305,0.4401268834258525,2.4662387701633468e-05
Random Forest,1646,1646,1647,0.16376892877173305,0.4401268834258525,0.1638250140213124,0.4401268834258525,2.4684626103516322e-05
Random Forest,1647,1647,1648,0.1638250140213124,0.4401268834258525,0.16388109927089176,0.4401268834258525,2.468462610352854e-05
Random Forest,1648,1648,1649,0.16388109927089176,0.4401268834258525,0.16399326977005046,0.4401268834258525,4.936925220704486e-05
Random Forest,1649,1649,1650,0.16399326977005046,0.4401268834258525,0.16399326977005046,0.4409199048374306,0.0
Random Forest,1650,1650,1651,0.16399326977005046,0.4409199048374306,0.16427369601794728,0.4409199048374306,0.00012364551453658115
Random Forest,1651,1651,1652,0.16427369601794728,0.4409199048374306,0.16432978126752665,0.4409199048374306,2.472910290731868e-05
Random Forest,1652,1652,1653,0.16432978126752665,0.4409199048374306,0.16444195176668536,0.4409199048374306,4.945820581462512e-05
Random Forest,1653,1653,1654,0.16444195176668536,0.4409199048374306,0.16449803701626473,0.4409199048374306,2.472910290731868e-05
Random Forest,1654,1654,1655,0.16449803701626473,0.4409199048374306,0.16461020751542343,0.4417129262490087,4.950268261841525e-05
Random Forest,1655,1655,1656,0.16461020751542343,0.4417129262490087,0.1646662927650028,0.4417129262490087,2.477357971110882e-05
Random Forest,1656,1656,1657,0.1646662927650028,0.4417129262490087,0.16472237801458217,0.4417129262490087,2.477357971110882e-05
Random Forest,1657,1657,1658,0.16472237801458217,0.4417129262490087,0.1647784632641615,0.4417129262490087,2.4773579711096562e-05
Random Forest,1658,1658,1659,0.1647784632641615,0.4417129262490087,0.16483454851374088,0.4417129262490087,2.477357971110882e-05
Random Forest,1659,1659,1660,0.16483454851374088,0.4417129262490087,0.16489063376332025,0.4417129262490087,2.477357971110882e-05
Random Forest,1660,1660,1661,0.16489063376332025,0.4417129262490087,0.16489063376332025,0.4425059476605868,0.0
Random Forest,1661,1661,1662,0.16489063376332025,0.4425059476605868,0.16494671901289962,0.4425059476605868,2.4818056514898964e-05
Random Forest,1662,1662,1663,0.16494671901289962,0.4425059476605868,0.1652271452607964,0.4425059476605868,0.00012409028257447024
Random Forest,1663,1663,1664,0.1652271452607964,0.4425059476605868,0.16528323051037577,0.4425059476605868,2.4818056514898964e-05
Random Forest,1664,1664,1665,0.16528323051037577,0.4425059476605868,0.16533931575995514,0.4425059476605868,2.4818056514898964e-05
Random Forest,1665,1665,1666,0.16533931575995514,0.4425059476605868,0.16539540100953448,0.4425059476605868,2.4818056514886682e-05
Random Forest,1666,1666,1667,0.16539540100953448,0.4425059476605868,0.16545148625911385,0.4425059476605868,2.4818056514898964e-05
Random Forest,1667,1667,1668,0.16545148625911385,0.4425059476605868,0.16573191250701066,0.44329896907216493,0.00012420147458395788
Random Forest,1668,1668,1669,0.16573191250701066,0.44329896907216493,0.16578799775659,0.44329896907216493,2.4862533318676798e-05
Random Forest,1669,1669,1670,0.16578799775659,0.44329896907216493,0.16584408300616937,0.44329896907216493,2.4862533318689104e-05
Random Forest,1670,1670,1671,0.16584408300616937,0.44329896907216493,0.16618059450364553,0.44329896907216493,0.00014917519991211
Random Forest,1671,1671,1672,0.16618059450364553,0.44329896907216493,0.1662366797532249,0.44329896907216493,2.4862533318689104e-05
Random Forest,1672,1672,1673,0.1662366797532249,0.44329896907216493,0.16629276500280427,0.44329896907216493,2.4862533318689104e-05
Random Forest,1673,1673,1674,0.16629276500280427,0.44329896907216493,0.16646102075154234,0.44329896907216493,7.4587599956055e-05
Random Forest,1674,1674,1675,0.16646102075154234,0.44329896907216493,0.1665171060011217,0.44329896907216493,2.4862533318689104e-05
Random Forest,1675,1675,1676,0.1665171060011217,0.44329896907216493,0.16657319125070105,0.44329896907216493,2.4862533318676798e-05
Random Forest,1676,1676,1677,0.16657319125070105,0.44329896907216493,0.1666853617498598,0.44329896907216493,4.972506663737821e-05
Random Forest,1677,1677,1678,0.1666853617498598,0.44329896907216493,0.16674144699943916,0.44329896907216493,2.4862533318689104e-05
Random Forest,1678,1678,1679,0.16674144699943916,0.44329896907216493,0.1667975322490185,0.44329896907216493,2.4862533318676798e-05
Random Forest,1679,1679,1680,0.1667975322490185,0.44329896907216493,0.16685361749859787,0.44329896907216493,2.4862533318689104e-05
Random Forest,1680,1680,1681,0.16685361749859787,0.44329896907216493,0.16685361749859787,0.44409199048374304,0.0
Random Forest,1681,1681,1682,0.16685361749859787,0.44409199048374304,0.16690970274817724,0.44409199048374304,2.4907010122479244e-05
Random Forest,1682,1682,1683,0.16690970274817724,0.44409199048374304,0.16696578799775658,0.44409199048374304,2.4907010122466918e-05
Random Forest,1683,1683,1684,0.16696578799775658,0.44409199048374304,0.16702187324733594,0.44409199048374304,2.4907010122479244e-05
Random Forest,1684,1684,1685,0.16702187324733594,0.44409199048374304,0.1670779584969153,0.44409199048374304,2.4907010122479244e-05
Random Forest,1685,1685,1686,0.1670779584969153,0.44409199048374304,0.16713404374649468,0.44409199048374304,2.4907010122479244e-05
Random Forest,1686,1686,1687,0.16713404374649468,0.44409199048374304,0.16719012899607402,0.44409199048374304,2.4907010122466918e-05
Random Forest,1687,1687,1688,0.16719012899607402,0.44409199048374304,0.1672462142456534,0.44409199048374304,2.4907010122479244e-05
Random Forest,1688,1688,1689,0.1672462142456534,0.44409199048374304,0.16730229949523276,0.44409199048374304,2.4907010122479244e-05
Random Forest,1689,1689,1690,0.16730229949523276,0.44409199048374304,0.1675266404935502,0.44409199048374304,9.962804048990466e-05
Random Forest,1690,1690,1691,0.1675266404935502,0.44409199048374304,0.16758272574312955,0.44409199048374304,2.4907010122466918e-05
Random Forest,1691,1691,1692,0.16758272574312955,0.44409199048374304,0.16763881099270891,0.44488501189532115,2.4929248524374316e-05
Random Forest,1692,1692,1693,0.16763881099270891,0.44488501189532115,0.16775098149186765,0.44488501189532115,4.9902973852538776e-05
Random Forest,1693,1693,1694,0.16775098149186765,0.44488501189532115,0.167807066741447,0.44488501189532115,2.4951486926257038e-05
Random Forest,1694,1694,1695,0.167807066741447,0.44488501189532115,0.1685361749859787,0.44726407613005553,0.00032523662771537264
Random Forest,1695,1695,1696,0.1685361749859787,0.44726407613005553,0.16859226023555804,0.44726407613005553,2.5084917337627398e-05
Random Forest,1696,1696,1697,0.16859226023555804,0.44726407613005553,0.1686483454851374,0.44726407613005553,2.5084917337639812e-05
Random Forest,1697,1697,1698,0.1686483454851374,0.44726407613005553,0.16870443073471678,0.44726407613005553,2.5084917337639812e-05
Random Forest,1698,1698,1699,0.16870443073471678,0.44726407613005553,0.16876051598429612,0.44726407613005553,2.5084917337627398e-05
Random Forest,1699,1699,1700,0.16876051598429612,0.44726407613005553,0.16881660123387549,0.44726407613005553,2.5084917337639812e-05
Random Forest,1700,1700,1701,0.16881660123387549,0.44726407613005553,0.16887268648345485,0.44726407613005553,2.5084917337639812e-05
Random Forest,1701,1701,1702,0.16887268648345485,0.44726407613005553,0.16892877173303422,0.44726407613005553,2.5084917337639812e-05
Random Forest,1702,1702,1703,0.16892877173303422,0.44726407613005553,0.16898485698261356,0.44726407613005553,2.5084917337627398e-05
Random Forest,1703,1703,1704,0.16898485698261356,0.44726407613005553,0.16948962422882782,0.44805709754163364,0.0002259644016557891
Random Forest,1704,1704,1705,0.16948962422882782,0.44805709754163364,0.1695457094784072,0.44805709754163364,2.5129394141429956e-05
Random Forest,1705,1705,1706,0.1695457094784072,0.44805709754163364,0.16960179472798653,0.44805709754163364,2.5129394141417518e-05
Random Forest,1706,1706,1707,0.16960179472798653,0.44805709754163364,0.1696578799775659,0.44805709754163364,2.5129394141429956e-05
Random Forest,1707,1707,1708,0.1696578799775659,0.44805709754163364,0.16971396522714527,0.44805709754163364,2.5129394141429956e-05
Random Forest,1708,1708,1709,0.16971396522714527,0.44805709754163364,0.1697700504767246,0.44805709754163364,2.5129394141417518e-05
Random Forest,1709,1709,1710,0.1697700504767246,0.44805709754163364,0.16988222097588335,0.44805709754163364,5.025878828285991e-05
Random Forest,1710,1710,1711,0.16988222097588335,0.44805709754163364,0.16993830622546272,0.44805709754163364,2.5129394141429956e-05
Random Forest,1711,1711,1712,0.16993830622546272,0.44805709754163364,0.1701065619742008,0.44885011895321175,7.545489762996263e-05
Random Forest,1712,1712,1713,0.1701065619742008,0.44885011895321175,0.17016264722378013,0.44885011895321175,2.5173870945207638e-05
Random Forest,1713,1713,1714,0.17016264722378013,0.44885011895321175,0.17055524397083566,0.44885011895321175,0.00017621709661651576
Random Forest,1714,1714,1715,0.17055524397083566,0.44885011895321175,0.1706674144699944,0.44885011895321175,5.034774189044019e-05
Random Forest,1715,1715,1716,0.1706674144699944,0.44885011895321175,0.17072349971957376,0.44885011895321175,2.5173870945220096e-05
Random Forest,1716,1716,1717,0.17072349971957376,0.44885011895321175,0.1707795849691531,0.44885011895321175,2.5173870945207638e-05
Random Forest,1717,1717,1718,0.1707795849691531,0.44885011895321175,0.17083567021873247,0.44885011895321175,2.5173870945220096e-05
Random Forest,1718,1718,1719,0.17083567021873247,0.44885011895321175,0.17089175546831184,0.44885011895321175,2.5173870945220096e-05
Random Forest,1719,1719,1720,0.17089175546831184,0.44885011895321175,0.17094784071789118,0.44885011895321175,2.5173870945207638e-05
Random Forest,1720,1720,1721,0.17094784071789118,0.44885011895321175,0.17100392596747055,0.44885011895321175,2.5173870945220096e-05
Random Forest,1721,1721,1722,0.17100392596747055,0.44885011895321175,0.17100392596747055,0.44964314036478986,0.0
Random Forest,1722,1722,1723,0.17100392596747055,0.44964314036478986,0.17106001121704992,0.44964314036478986,2.5218347749010236e-05
Random Forest,1723,1723,1724,0.17106001121704992,0.44964314036478986,0.17111609646662929,0.44964314036478986,2.5218347749010236e-05
Random Forest,1724,1724,1725,0.17111609646662929,0.44964314036478986,0.17117218171620863,0.44964314036478986,2.5218347748997758e-05
Random Forest,1725,1725,1726,0.17117218171620863,0.44964314036478986,0.1717891194615816,0.45043616177636797,0.0002776464476599209
Random Forest,1726,1726,1727,0.1717891194615816,0.45043616177636797,0.17184520471116096,0.45043616177636797,2.526282455280038e-05
Random Forest,1727,1727,1728,0.17184520471116096,0.45043616177636797,0.17190128996074033,0.45043616177636797,2.526282455280038e-05
Random Forest,1728,1728,1729,0.17190128996074033,0.45043616177636797,0.1722378014582165,0.45043616177636797,0.00015157694731677727
Random Forest,1729,1729,1730,0.1722378014582165,0.45043616177636797,0.17481772293886708,0.4520222045995242,0.0011641358624030012
Random Forest,1730,1730,1731,0.17481772293886708,0.4520222045995242,0.17537857543466068,0.4528152260111023,0.00025374016562271966
Random Forest,1731,1731,1732,0.17537857543466068,0.4528152260111023,0.17549074593381941,0.4528152260111023,5.079250992834161e-05
Random Forest,1732,1732,1733,0.17549074593381941,0.4528152260111023,0.17554683118339875,0.4528152260111023,2.5396254964158234e-05
Random Forest,1733,1733,1734,0.17554683118339875,0.4528152260111023,0.17560291643297812,0.4528152260111023,2.5396254964170804e-05
Random Forest,1734,1734,1735,0.17560291643297812,0.4528152260111023,0.1756590016825575,0.4528152260111023,2.5396254964170804e-05
Random Forest,1735,1735,1736,0.1756590016825575,0.4528152260111023,0.17571508693213686,0.4528152260111023,2.5396254964170804e-05
Random Forest,1736,1736,1737,0.17571508693213686,0.4528152260111023,0.1757711721817162,0.4528152260111023,2.5396254964158234e-05
Random Forest,1737,1737,1738,0.1757711721817162,0.4528152260111023,0.17605159842961302,0.4528152260111023,0.00012698127482084145
Random Forest,1738,1738,1739,0.17605159842961302,0.4528152260111023,0.17610768367919238,0.4528152260111023,2.5396254964170804e-05
Random Forest,1739,1739,1740,0.17610768367919238,0.4528152260111023,0.17616376892877172,0.4528152260111023,2.5396254964158234e-05
Random Forest,1740,1740,1741,0.17616376892877172,0.4528152260111023,0.1762198541783511,0.4528152260111023,2.5396254964170804e-05
Random Forest,1741,1741,1742,0.1762198541783511,0.4528152260111023,0.1763320246775098,0.4528152260111023,5.079250992832904e-05
Random Forest,1742,1742,1743,0.1763320246775098,0.4528152260111023,0.17644419517666854,0.4528152260111023,5.079250992834161e-05
Random Forest,1743,1743,1744,0.17644419517666854,0.4528152260111023,0.1765002804262479,0.4536082474226804,2.5418493366065873e-05
Random Forest,1744,1744,1745,0.1765002804262479,0.4536082474226804,0.17655636567582725,0.4536082474226804,2.5440731767948354e-05
Random Forest,1745,1745,1746,0.17655636567582725,0.4536082474226804,0.17661245092540662,0.4536082474226804,2.5440731767960944e-05
Random Forest,1746,1746,1747,0.17661245092540662,0.4536082474226804,0.17666853617498599,0.4536082474226804,2.5440731767960944e-05
Random Forest,1747,1747,1748,0.17666853617498599,0.4536082474226804,0.1767807066741447,0.4536082474226804,5.08814635359093e-05
Random Forest,1748,1748,1749,0.1767807066741447,0.4536082474226804,0.17683679192372406,0.4536082474226804,2.5440731767960944e-05
Random Forest,1749,1749,1750,0.17683679192372406,0.4536082474226804,0.17689287717330343,0.4536082474226804,2.5440731767960944e-05
Random Forest,1750,1750,1751,0.17689287717330343,0.4536082474226804,0.1770611329220415,0.4536082474226804,7.632219530387025e-05
Random Forest,1751,1751,1752,0.1770611329220415,0.4536082474226804,0.17711721817162088,0.4536082474226804,2.5440731767960944e-05
Random Forest,1752,1752,1753,0.17711721817162088,0.4536082474226804,0.17745372966909703,0.45519429024583663,0.0001529112514304813
Random Forest,1753,1753,1754,0.17745372966909703,0.45519429024583663,0.1775098149186764,0.45519429024583663,2.552968537554123e-05
Random Forest,1754,1754,1755,0.1775098149186764,0.45519429024583663,0.1776219854178351,0.45519429024583663,5.105937075106982e-05
Random Forest,1755,1755,1756,0.1776219854178351,0.45519429024583663,0.17767807066741448,0.45519429024583663,2.552968537554123e-05
Random Forest,1756,1756,1757,0.17767807066741448,0.45519429024583663,0.1777902411665732,0.45519429024583663,5.105937075106982e-05
Random Forest,1757,1757,1758,0.1777902411665732,0.45519429024583663,0.17784632641615256,0.45519429024583663,2.552968537554123e-05
Random Forest,1758,1758,1759,0.17784632641615256,0.45519429024583663,0.17790241166573192,0.45519429024583663,2.552968537554123e-05
Random Forest,1759,1759,1760,0.17790241166573192,0.45519429024583663,0.17795849691531127,0.45519429024583663,2.5529685375528594e-05
Random Forest,1760,1760,1761,0.17795849691531127,0.45519429024583663,0.17801458216489063,0.45519429024583663,2.552968537554123e-05
Random Forest,1761,1761,1762,0.17801458216489063,0.45519429024583663,0.17823892316320808,0.45519429024583663,0.00010211874150215227
Random Forest,1762,1762,1763,0.17823892316320808,0.45519429024583663,0.17851934941110487,0.45519429024583663,0.00012764842687768086
Random Forest,1763,1763,1764,0.17851934941110487,0.45519429024583663,0.17857543466068423,0.45519429024583663,2.552968537554123e-05
Random Forest,1764,1764,1765,0.17857543466068423,0.45519429024583663,0.1786315199102636,0.45519429024583663,2.552968537554123e-05
Random Forest,1765,1765,1766,0.1786315199102636,0.45519429024583663,0.17868760515984297,0.45519429024583663,2.552968537554123e-05
Random Forest,1766,1766,1767,0.17868760515984297,0.45519429024583663,0.17879977565900168,0.45519429024583663,5.105937075106982e-05
Random Forest,1767,1767,1768,0.17879977565900168,0.45519429024583663,0.17885586090858105,0.45519429024583663,2.552968537554123e-05
Random Forest,1768,1768,1769,0.17885586090858105,0.45519429024583663,0.17891194615816042,0.45519429024583663,2.552968537554123e-05
Random Forest,1769,1769,1770,0.17891194615816042,0.45519429024583663,0.17896803140773976,0.45519429024583663,2.5529685375528594e-05
Random Forest,1770,1770,1771,0.17896803140773976,0.45519429024583663,0.17930454290521594,0.45519429024583663,0.00015317811225323472
Random Forest,1771,1771,1772,0.17930454290521594,0.45519429024583663,0.17958496915311273,0.45678033306899285,0.00012787081089663153
Random Forest,1772,1772,1773,0.17958496915311273,0.45678033306899285,0.1796410544026921,0.45678033306899285,2.561863898312151e-05
Random Forest,1773,1773,1774,0.1796410544026921,0.45678033306899285,0.1796410544026921,0.45757335448057096,0.0
Random Forest,1774,1774,1775,0.1796410544026921,0.45757335448057096,0.18037016264722378,0.45836637589214907,0.00033390960445443655
Random Forest,1775,1775,1776,0.18037016264722378,0.45836637589214907,0.18042624789680314,0.45836637589214907,2.5707592590701793e-05
Random Forest,1776,1776,1777,0.18042624789680314,0.45836637589214907,0.1804823331463825,0.45836637589214907,2.5707592590701793e-05
Random Forest,1777,1777,1778,0.1804823331463825,0.45836637589214907,0.18053841839596185,0.45836637589214907,2.570759259068907e-05
Random Forest,1778,1778,1779,0.18053841839596185,0.45836637589214907,0.18059450364554122,0.45836637589214907,2.5707592590701793e-05
Random Forest,1779,1779,1780,0.18059450364554122,0.45836637589214907,0.1806505888951206,0.45836637589214907,2.5707592590701793e-05
Random Forest,1780,1780,1781,0.1806505888951206,0.45836637589214907,0.18070667414469993,0.45836637589214907,2.570759259068907e-05
Random Forest,1781,1781,1782,0.18070667414469993,0.45836637589214907,0.18194054963544587,0.4599524187153053,0.0005665455266787461
Random Forest,1782,1782,1783,0.18194054963544587,0.4599524187153053,0.18199663488502524,0.4599524187153053,2.5796546198282077e-05
Random Forest,1783,1783,1784,0.18199663488502524,0.4599524187153053,0.1820527201346046,0.4599524187153053,2.5796546198282077e-05
Random Forest,1784,1784,1785,0.1820527201346046,0.4599524187153053,0.18210880538418395,0.4599524187153053,2.579654619826931e-05
Random Forest,1785,1785,1786,0.18210880538418395,0.4599524187153053,0.18216489063376332,0.4599524187153053,2.5796546198282077e-05
Random Forest,1786,1786,1787,0.18216489063376332,0.4599524187153053,0.18227706113292205,0.4599524187153053,5.1593092396564153e-05
Random Forest,1787,1787,1788,0.18227706113292205,0.4599524187153053,0.1823331463825014,0.4599524187153053,2.579654619826931e-05
Random Forest,1788,1788,1789,0.1823331463825014,0.4599524187153053,0.18238923163208076,0.4607454401268834,2.5818784600177145e-05
Random Forest,1789,1789,1790,0.18238923163208076,0.4607454401268834,0.18278182837913629,0.46153846153846156,0.00018104282982774544
Random Forest,1790,1790,1791,0.18278182837913629,0.46153846153846156,0.18283791362871565,0.46153846153846156,2.588549980586236e-05
Random Forest,1791,1791,1792,0.18283791362871565,0.46153846153846156,0.18289399887829502,0.46153846153846156,2.588549980586236e-05
Random Forest,1792,1792,1793,0.18289399887829502,0.46153846153846156,0.18351093662366796,0.4631245043616178,0.0002852297427061262
Random Forest,1793,1793,1794,0.18351093662366796,0.4631245043616178,0.1836231071228267,0.4631245043616178,5.194890682688529e-05
Random Forest,1794,1794,1795,0.1836231071228267,0.4631245043616178,0.1847448121144139,0.4639175257731959,0.0005199338363066771
Random Forest,1795,1795,1796,0.1847448121144139,0.4639175257731959,0.18710039259674704,0.4662965900079302,0.001095597107762401
Random Forest,1796,1796,1797,0.18710039259674704,0.4662965900079302,0.1871564778463264,0.4662965900079302,2.615236062860321e-05
Random Forest,1797,1797,1798,0.1871564778463264,0.4662965900079302,0.18721256309590578,0.4662965900079302,2.615236062860321e-05
Random Forest,1798,1798,1799,0.18721256309590578,0.4662965900079302,0.18743690409422323,0.46708961141950833,0.00010469839612198017
Random Forest,1799,1799,1800,0.18743690409422323,0.46708961141950833,0.18749298934380257,0.46708961141950833,2.6196837432380386e-05
Random Forest,1800,1800,1801,0.18749298934380257,0.46708961141950833,0.18749298934380257,0.46788263283108644,0.0
Random Forest,1801,1801,1802,0.18749298934380257,0.46788263283108644,0.1876051598429613,0.46788263283108644,5.2482628472366986e-05
Random Forest,1802,1802,1803,0.1876051598429613,0.46788263283108644,0.18766124509254067,0.46788263283108644,2.6241314236183493e-05
Random Forest,1803,1803,1804,0.18766124509254067,0.46788263283108644,0.18771733034212001,0.46788263283108644,2.6241314236170506e-05
Random Forest,1804,1804,1805,0.18771733034212001,0.46788263283108644,0.18782950084127875,0.46788263283108644,5.2482628472366986e-05
Random Forest,1805,1805,1806,0.18782950084127875,0.46788263283108644,0.18782950084127875,0.46867565424266455,0.0
Random Forest,1806,1806,1807,0.18782950084127875,0.46867565424266455,0.18782950084127875,0.46946867565424266,0.0
Random Forest,1807,1807,1808,0.18782950084127875,0.46946867565424266,0.1878855860908581,0.46946867565424266,2.6330267843750743e-05
Random Forest,1808,1808,1809,0.1878855860908581,0.46946867565424266,0.18794167134043746,0.46946867565424266,2.6330267843763773e-05
Random Forest,1809,1809,1810,0.18794167134043746,0.46946867565424266,0.18799775659001683,0.46946867565424266,2.6330267843763773e-05
Random Forest,1810,1810,1811,0.18799775659001683,0.46946867565424266,0.18844643858665172,0.4710547184773989,0.00021099795718040523
Random Forest,1811,1811,1812,0.18844643858665172,0.4710547184773989,0.18850252383623106,0.4710547184773989,2.6419221451330983e-05
Random Forest,1812,1812,1813,0.18850252383623106,0.4710547184773989,0.18855860908581043,0.4710547184773989,2.6419221451344057e-05
Random Forest,1813,1813,1814,0.18855860908581043,0.4710547184773989,0.18867077958496914,0.4710547184773989,5.283844290267504e-05
Random Forest,1814,1814,1815,0.18867077958496914,0.4710547184773989,0.1887268648345485,0.4710547184773989,2.6419221451344057e-05
Random Forest,1815,1815,1816,0.1887268648345485,0.4710547184773989,0.18883903533370724,0.4710547184773989,5.2838442902688115e-05
Random Forest,1816,1816,1817,0.18883903533370724,0.4710547184773989,0.18889512058328659,0.4710547184773989,2.6419221451330983e-05
Random Forest,1817,1817,1818,0.18889512058328659,0.4710547184773989,0.18895120583286595,0.4710547184773989,2.6419221451344057e-05
Random Forest,1818,1818,1819,0.18895120583286595,0.4710547184773989,0.18900729108244532,0.4710547184773989,2.6419221451344057e-05
Random Forest,1819,1819,1820,0.18900729108244532,0.4710547184773989,0.1890633763320247,0.4710547184773989,2.6419221451344057e-05
Random Forest,1820,1820,1821,0.1890633763320247,0.4710547184773989,0.1891755468311834,0.4710547184773989,5.283844290267504e-05
Random Forest,1821,1821,1822,0.1891755468311834,0.4710547184773989,0.18923163208076277,0.4710547184773989,2.6419221451344057e-05
Random Forest,1822,1822,1823,0.18923163208076277,0.4710547184773989,0.1892877173303421,0.4710547184773989,2.6419221451330983e-05
Random Forest,1823,1823,1824,0.1892877173303421,0.4710547184773989,0.1892877173303421,0.471847739888977,0.0
Random Forest,1824,1824,1825,0.1892877173303421,0.471847739888977,0.18934380257992148,0.471847739888977,2.6463698255134198e-05
Random Forest,1825,1825,1826,0.18934380257992148,0.471847739888977,0.18939988782950085,0.471847739888977,2.6463698255134198e-05
Random Forest,1826,1826,1827,0.18939988782950085,0.471847739888977,0.189736399326977,0.471847739888977,0.000158782189530779
Random Forest,1827,1827,1828,0.189736399326977,0.471847739888977,0.19007291082445316,0.471847739888977,0.000158782189530779
Random Forest,1828,1828,1829,0.19007291082445316,0.471847739888977,0.1901850813236119,0.471847739888977,5.2927396510268395e-05
Random Forest,1829,1829,1830,0.1901850813236119,0.471847739888977,0.1901850813236119,0.4726407613005551,0.0
Random Forest,1830,1830,1831,0.1901850813236119,0.4726407613005551,0.19052159282108805,0.4726407613005551,0.0001590490503535198
Random Forest,1831,1831,1832,0.19052159282108805,0.4726407613005551,0.19057767807066742,0.4726407613005551,2.650817505892434e-05
Random Forest,1832,1832,1833,0.19057767807066742,0.4726407613005551,0.1907459338194055,0.4726407613005551,7.95245251767599e-05
Random Forest,1833,1833,1834,0.1907459338194055,0.4726407613005551,0.19085810431856423,0.4726407613005551,5.301635011784868e-05
Random Forest,1834,1834,1835,0.19085810431856423,0.4726407613005551,0.19091418956814357,0.4726407613005551,2.6508175058911222e-05
Random Forest,1835,1835,1836,0.19091418956814357,0.4726407613005551,0.19097027481772294,0.4726407613005551,2.650817505892434e-05
Random Forest,1836,1836,1837,0.19097027481772294,0.4726407613005551,0.19108244531688165,0.4726407613005551,5.3016350117835564e-05
Random Forest,1837,1837,1838,0.19108244531688165,0.4726407613005551,0.19113853056646102,0.4726407613005551,2.650817505892434e-05
Random Forest,1838,1838,1839,0.19113853056646102,0.4726407613005551,0.1911946158160404,0.4726407613005551,2.650817505892434e-05
Random Forest,1839,1839,1840,0.1911946158160404,0.4726407613005551,0.1913067863151991,0.4726407613005551,5.3016350117835564e-05
Random Forest,1840,1840,1841,0.1913067863151991,0.4726407613005551,0.19136287156477846,0.4726407613005551,2.650817505892434e-05
Random Forest,1841,1841,1842,0.19136287156477846,0.4726407613005551,0.19141895681435783,0.4734337827121332,2.653041346081941e-05
Random Forest,1842,1842,1843,0.19141895681435783,0.4734337827121332,0.19147504206393717,0.4734337827121332,2.6552651862701342e-05
Random Forest,1843,1843,1844,0.19147504206393717,0.4734337827121332,0.19164329781267528,0.4734337827121332,7.965795558814344e-05
Random Forest,1844,1844,1845,0.19164329781267528,0.4734337827121332,0.1921480650588895,0.47501982553528943,0.00023937415799850213
Random Forest,1845,1845,1846,0.1921480650588895,0.47501982553528943,0.19220415030846888,0.47501982553528943,2.6641605470294766e-05
Random Forest,1846,1846,1847,0.19220415030846888,0.47501982553528943,0.1923163208076276,0.47501982553528943,5.3283210940576344e-05
Random Forest,1847,1847,1848,0.1923163208076276,0.47501982553528943,0.19254066180594503,0.47581284694686754,0.00010665537548874615
Random Forest,1848,1848,1849,0.19254066180594503,0.47581284694686754,0.19265283230510374,0.4766058683584457,5.3416641351946735e-05
Random Forest,1849,1849,1850,0.19265283230510374,0.4766058683584457,0.1927089175546831,0.4766058683584457,2.673055907787505e-05
Random Forest,1850,1850,1851,0.1927089175546831,0.4766058683584457,0.19298934380257993,0.4766058683584457,0.000133652795389362
Random Forest,1851,1851,1852,0.19298934380257993,0.4766058683584457,0.19321368480089737,0.4766058683584457,0.00010692223631148697
Random Forest,1852,1852,1853,0.19321368480089737,0.4766058683584457,0.1932697700504767,0.4766058683584457,2.6730559077861822e-05
Random Forest,1853,1853,1854,0.1932697700504767,0.4766058683584457,0.19349411104879416,0.4766058683584457,0.00010692223631148697
Random Forest,1854,1854,1855,0.19349411104879416,0.4766058683584457,0.19355019629837353,0.4766058683584457,2.673055907787505e-05
Random Forest,1855,1855,1856,0.19355019629837353,0.4766058683584457,0.1936062815479529,0.4766058683584457,2.673055907787505e-05
Random Forest,1856,1856,1857,0.1936062815479529,0.4766058683584457,0.19366236679753224,0.4766058683584457,2.6730559077861822e-05
Random Forest,1857,1857,1858,0.19366236679753224,0.4766058683584457,0.1937184520471116,0.4766058683584457,2.673055907787505e-05
Random Forest,1858,1858,1859,0.1937184520471116,0.4766058683584457,0.19876612450925407,0.4781919111816019,0.002409753229349536
Random Forest,1859,1859,1860,0.19876612450925407,0.4781919111816019,0.19882220975883344,0.4781919111816019,2.6819512685455333e-05
Random Forest,1860,1860,1861,0.19882220975883344,0.4781919111816019,0.19887829500841278,0.4781919111816019,2.681951268544206e-05
Random Forest,1861,1861,1862,0.19887829500841278,0.4781919111816019,0.19899046550757152,0.4781919111816019,5.363902537091067e-05
Random Forest,1862,1862,1863,0.19899046550757152,0.4781919111816019,0.19904655075715086,0.4781919111816019,2.681951268544206e-05
Random Forest,1863,1863,1864,0.19904655075715086,0.4781919111816019,0.19910263600673023,0.4781919111816019,2.6819512685455333e-05
Random Forest,1864,1864,1865,0.19910263600673023,0.4781919111816019,0.1991587212563096,0.4781919111816019,2.6819512685455333e-05
Random Forest,1865,1865,1866,0.1991587212563096,0.4781919111816019,0.19921480650588896,0.4781919111816019,2.6819512685455333e-05
Random Forest,1866,1866,1867,0.19921480650588896,0.4781919111816019,0.1992708917554683,0.4781919111816019,2.681951268544206e-05
Random Forest,1867,1867,1868,0.1992708917554683,0.4781919111816019,0.19955131800336512,0.4781919111816019,0.00013409756342726338
Random Forest,1868,1868,1869,0.19955131800336512,0.4781919111816019,0.1996074032529445,0.4781919111816019,2.6819512685455333e-05
Random Forest,1869,1869,1870,0.1996074032529445,0.4781919111816019,0.19966348850252383,0.4781919111816019,2.681951268544206e-05
Random Forest,1870,1870,1871,0.19966348850252383,0.4781919111816019,0.19966348850252383,0.47898493259318004,0.0
Random Forest,1871,1871,1872,0.19966348850252383,0.47898493259318004,0.1997195737521032,0.47898493259318004,2.6863989489245474e-05
Random Forest,1872,1872,1873,0.1997195737521032,0.47898493259318004,0.1998317442512619,0.47898493259318004,5.372797897847765e-05
Random Forest,1873,1873,1874,0.1998317442512619,0.47898493259318004,0.19988782950084127,0.47898493259318004,2.6863989489245474e-05
Random Forest,1874,1874,1875,0.19988782950084127,0.47898493259318004,0.19994391475042064,0.47898493259318004,2.6863989489245474e-05
Random Forest,1875,1875,1876,0.19994391475042064,0.47898493259318004,0.2,0.47898493259318004,2.6863989489245474e-05
Random Forest,1876,1876,1877,0.2,0.47898493259318004,0.20005608524957935,0.47898493259318004,2.686398948923218e-05
Random Forest,1877,1877,1878,0.20005608524957935,0.47898493259318004,0.20005608524957935,0.47977795400475814,0.0
Random Forest,1878,1878,1879,0.20005608524957935,0.47977795400475814,0.20011217049915872,0.47977795400475814,2.6908466293035614e-05
Random Forest,1879,1879,1880,0.20011217049915872,0.47977795400475814,0.2001682557487381,0.47977795400475814,2.6908466293035614e-05
Random Forest,1880,1880,1881,0.2001682557487381,0.47977795400475814,0.20022434099831743,0.47977795400475814,2.69084662930223e-05
Random Forest,1881,1881,1882,0.20022434099831743,0.47977795400475814,0.2002804262478968,0.47977795400475814,2.6908466293035614e-05
Random Forest,1882,1882,1883,0.2002804262478968,0.47977795400475814,0.2002804262478968,0.48057097541633625,0.0
Random Forest,1883,1883,1884,0.2002804262478968,0.48057097541633625,0.20033651149747617,0.48057097541633625,2.6952943096825758e-05
Random Forest,1884,1884,1885,0.20033651149747617,0.48057097541633625,0.20039259674705553,0.48057097541633625,2.6952943096825758e-05
Random Forest,1885,1885,1886,0.20039259674705553,0.48057097541633625,0.20044868199663488,0.48057097541633625,2.695294309681242e-05
Random Forest,1886,1886,1887,0.20044868199663488,0.48057097541633625,0.20050476724621424,0.48057097541633625,2.6952943096825758e-05
Random Forest,1887,1887,1888,0.20050476724621424,0.48057097541633625,0.2005608524957936,0.48057097541633625,2.6952943096825758e-05
Random Forest,1888,1888,1889,0.2005608524957936,0.48057097541633625,0.2005608524957936,0.48136399682791436,0.0
Random Forest,1889,1889,1890,0.2005608524957936,0.48136399682791436,0.20061693774537298,0.48136399682791436,2.6997419900615898e-05
Random Forest,1890,1890,1891,0.20061693774537298,0.48136399682791436,0.20067302299495232,0.48136399682791436,2.699741990060254e-05
Random Forest,1891,1891,1892,0.20067302299495232,0.48136399682791436,0.20078519349411106,0.48136399682791436,5.3994839801231796e-05
Random Forest,1892,1892,1893,0.20078519349411106,0.48136399682791436,0.2008412787436904,0.48136399682791436,2.699741990060254e-05
Random Forest,1893,1893,1894,0.2008412787436904,0.48136399682791436,0.20089736399326977,0.48136399682791436,2.6997419900615898e-05
Random Forest,1894,1894,1895,0.20089736399326977,0.48136399682791436,0.20095344924284914,0.48136399682791436,2.6997419900615898e-05
Random Forest,1895,1895,1896,0.20095344924284914,0.48136399682791436,0.20308468872686483,0.4821570182394925,0.0010267470154952697
Random Forest,1896,1896,1897,0.20308468872686483,0.4821570182394925,0.2031407739764442,0.4821570182394925,2.7041896704406038e-05
Random Forest,1897,1897,1898,0.2031407739764442,0.4821570182394925,0.20330902972518228,0.4821570182394925,8.112569011320473e-05
Random Forest,1898,1898,1899,0.20330902972518228,0.4821570182394925,0.2037016264722378,0.4821570182394925,0.0001892932769308155
Random Forest,1899,1899,1900,0.2037016264722378,0.4821570182394925,0.20375771172181717,0.4821570182394925,2.7041896704406038e-05
Random Forest,1900,1900,1901,0.20375771172181717,0.4821570182394925,0.2038137969713965,0.4821570182394925,2.704189670439266e-05
Random Forest,1901,1901,1902,0.2038137969713965,0.4821570182394925,0.20386988222097588,0.4821570182394925,2.7041896704406038e-05
Random Forest,1902,1902,1903,0.20386988222097588,0.4821570182394925,0.20392596747055525,0.4821570182394925,2.7041896704406038e-05
Random Forest,1903,1903,1904,0.20392596747055525,0.4821570182394925,0.20398205272013462,0.4821570182394925,2.7041896704406038e-05
Random Forest,1904,1904,1905,0.20398205272013462,0.4821570182394925,0.20403813796971396,0.4821570182394925,2.704189670439266e-05
Random Forest,1905,1905,1906,0.20403813796971396,0.4821570182394925,0.20409422321929332,0.4821570182394925,2.7041896704406038e-05
Random Forest,1906,1906,1907,0.20409422321929332,0.4821570182394925,0.2041503084688727,0.4821570182394925,2.7041896704406038e-05
Random Forest,1907,1907,1908,0.2041503084688727,0.4821570182394925,0.20437464946719014,0.4829500396510706,0.00010825654042519105
Random Forest,1908,1908,1909,0.20437464946719014,0.4829500396510706,0.20443073471676948,0.4829500396510706,2.7086373508182775e-05
Random Forest,1909,1909,1910,0.20443073471676948,0.4829500396510706,0.20448681996634885,0.4829500396510706,2.7086373508196182e-05
Random Forest,1910,1910,1911,0.20448681996634885,0.4829500396510706,0.20454290521592822,0.4829500396510706,2.7086373508196182e-05
Random Forest,1911,1911,1912,0.20454290521592822,0.4829500396510706,0.20459899046550759,0.4829500396510706,2.7086373508196182e-05
Random Forest,1912,1912,1913,0.20459899046550759,0.4829500396510706,0.20465507571508693,0.4829500396510706,2.7086373508182775e-05
Random Forest,1913,1913,1914,0.20465507571508693,0.4829500396510706,0.2047111609646663,0.4829500396510706,2.7086373508196182e-05
Random Forest,1914,1914,1915,0.2047111609646663,0.4829500396510706,0.20476724621424566,0.4829500396510706,2.7086373508196182e-05
Random Forest,1915,1915,1916,0.20476724621424566,0.4829500396510706,0.20493550196298374,0.4829500396510706,8.125912052457513e-05
Random Forest,1916,1916,1917,0.20493550196298374,0.4829500396510706,0.2049915872125631,0.4829500396510706,2.7086373508196182e-05
Random Forest,1917,1917,1918,0.2049915872125631,0.4829500396510706,0.2051598429613012,0.4829500396510706,8.125912052457513e-05
Random Forest,1918,1918,1919,0.2051598429613012,0.4829500396510706,0.2052720134604599,0.4829500396510706,5.417274701637896e-05
Random Forest,1919,1919,1920,0.2052720134604599,0.4829500396510706,0.20532809871003926,0.4829500396510706,2.7086373508196182e-05
Random Forest,1920,1920,1921,0.20532809871003926,0.4829500396510706,0.20538418395961863,0.4829500396510706,2.7086373508196182e-05
Random Forest,1921,1921,1922,0.20538418395961863,0.4829500396510706,0.20544026920919797,0.4829500396510706,2.7086373508182775e-05
Random Forest,1922,1922,1923,0.20544026920919797,0.4829500396510706,0.20549635445877734,0.4829500396510706,2.7086373508196182e-05
Random Forest,1923,1923,1924,0.20549635445877734,0.4829500396510706,0.2055524397083567,0.4829500396510706,2.7086373508196182e-05
Random Forest,1924,1924,1925,0.2055524397083567,0.4829500396510706,0.20560852495793605,0.4829500396510706,2.7086373508182775e-05
Random Forest,1925,1925,1926,0.20560852495793605,0.4829500396510706,0.20566461020751542,0.4829500396510706,2.7086373508196182e-05
Random Forest,1926,1926,1927,0.20566461020751542,0.4829500396510706,0.2057206954570948,0.4829500396510706,2.7086373508196182e-05
Random Forest,1927,1927,1928,0.2057206954570948,0.4829500396510706,0.20577678070667416,0.4829500396510706,2.7086373508196182e-05
Random Forest,1928,1928,1929,0.20577678070667416,0.4829500396510706,0.2058328659562535,0.4829500396510706,2.7086373508182775e-05
Random Forest,1929,1929,1930,0.2058328659562535,0.4829500396510706,0.20588895120583287,0.4829500396510706,2.7086373508196182e-05
Random Forest,1930,1930,1931,0.20588895120583287,0.4829500396510706,0.2063937184520471,0.4837430610626487,0.000243977507190781
Random Forest,1931,1931,1932,0.2063937184520471,0.4837430610626487,0.20644980370162647,0.4837430610626487,2.7130850311986322e-05
Random Forest,1932,1932,1933,0.20644980370162647,0.4837430610626487,0.2065619742007852,0.4837430610626487,5.4261700623972644e-05
Random Forest,1933,1933,1934,0.2065619742007852,0.4837430610626487,0.20661805945036454,0.4837430610626487,2.7130850311972895e-05
Random Forest,1934,1934,1935,0.20661805945036454,0.4837430610626487,0.20673022994952328,0.4837430610626487,5.4261700623972644e-05
Random Forest,1935,1935,1936,0.20673022994952328,0.4837430610626487,0.20678631519910265,0.4837430610626487,2.7130850311986322e-05
Random Forest,1936,1936,1937,0.20678631519910265,0.4837430610626487,0.20678631519910265,0.4845360824742268,0.0
Random Forest,1937,1937,1938,0.20678631519910265,0.4845360824742268,0.206842400448682,0.4845360824742268,2.7175327115763015e-05
Random Forest,1938,1938,1939,0.206842400448682,0.4845360824742268,0.20689848569826136,0.4845360824742268,2.7175327115776462e-05
Random Forest,1939,1939,1940,0.20689848569826136,0.4845360824742268,0.20695457094784073,0.4845360824742268,2.7175327115776462e-05
Random Forest,1940,1940,1941,0.20695457094784073,0.4845360824742268,0.20701065619742007,0.4845360824742268,2.7175327115763015e-05
Random Forest,1941,1941,1942,0.20701065619742007,0.4845360824742268,0.20701065619742007,0.4853291038858049,0.0
Random Forest,1942,1942,1943,0.20701065619742007,0.4853291038858049,0.20706674144699944,0.4853291038858049,2.7219803919566606e-05
Random Forest,1943,1943,1944,0.20706674144699944,0.4853291038858049,0.2071228266965788,0.4853291038858049,2.7219803919566606e-05
Random Forest,1944,1944,1945,0.2071228266965788,0.4853291038858049,0.20717891194615817,0.4853291038858049,2.7219803919566606e-05
Random Forest,1945,1945,1946,0.20717891194615817,0.4853291038858049,0.2072349971957375,0.4853291038858049,2.7219803919553135e-05
Random Forest,1946,1946,1947,0.2072349971957375,0.4853291038858049,0.20729108244531688,0.4853291038858049,2.7219803919566606e-05
Random Forest,1947,1947,1948,0.20729108244531688,0.4853291038858049,0.20734716769489625,0.4853291038858049,2.7219803919566606e-05
Random Forest,1948,1948,1949,0.20734716769489625,0.4853291038858049,0.2074032529444756,0.4853291038858049,2.7219803919553135e-05
Random Forest,1949,1949,1950,0.2074032529444756,0.4853291038858049,0.20751542344363433,0.4853291038858049,5.443960783913321e-05
Random Forest,1950,1950,1951,0.20751542344363433,0.4853291038858049,0.20762759394279304,0.4853291038858049,5.443960783911974e-05
Random Forest,1951,1951,1952,0.20762759394279304,0.4853291038858049,0.2076836791923724,0.4853291038858049,2.7219803919566606e-05
Random Forest,1952,1952,1953,0.2076836791923724,0.4853291038858049,0.20773976444195177,0.4853291038858049,2.7219803919566606e-05
Random Forest,1953,1953,1954,0.20773976444195177,0.4853291038858049,0.20796410544026922,0.4853291038858049,0.00010887921567825295
Random Forest,1954,1954,1955,0.20796410544026922,0.4853291038858049,0.20807627593942793,0.4853291038858049,5.443960783911974e-05
Random Forest,1955,1955,1956,0.20807627593942793,0.4853291038858049,0.2081323611890073,0.4853291038858049,2.7219803919566606e-05
Random Forest,1956,1956,1957,0.2081323611890073,0.4853291038858049,0.20818844643858664,0.4853291038858049,2.7219803919553135e-05
Random Forest,1957,1957,1958,0.20818844643858664,0.4853291038858049,0.208244531688166,0.4853291038858049,2.7219803919566606e-05
Random Forest,1958,1958,1959,0.208244531688166,0.4853291038858049,0.20830061693774538,0.4853291038858049,2.7219803919566606e-05
Random Forest,1959,1959,1960,0.20830061693774538,0.4853291038858049,0.20835670218732474,0.4853291038858049,2.7219803919566606e-05
Random Forest,1960,1960,1961,0.20835670218732474,0.4853291038858049,0.20841278743690408,0.4853291038858049,2.7219803919553135e-05
Random Forest,1961,1961,1962,0.20841278743690408,0.4853291038858049,0.20852495793606282,0.4853291038858049,5.443960783913321e-05
Random Forest,1962,1962,1963,0.20852495793606282,0.4853291038858049,0.2086932136848009,0.4853291038858049,8.165941175868635e-05
Random Forest,1963,1963,1964,0.2086932136848009,0.4853291038858049,0.20874929893438027,0.4853291038858049,2.7219803919566606e-05
Random Forest,1964,1964,1965,0.20874929893438027,0.4853291038858049,0.2088053841839596,0.4853291038858049,2.7219803919553135e-05
Random Forest,1965,1965,1966,0.2088053841839596,0.4853291038858049,0.20886146943353898,0.4853291038858049,2.7219803919566606e-05
Random Forest,1966,1966,1967,0.20886146943353898,0.4853291038858049,0.20902972518227705,0.4853291038858049,8.165941175868635e-05
Random Forest,1967,1967,1968,0.20902972518227705,0.4853291038858049,0.20908581043185642,0.4853291038858049,2.7219803919566606e-05
Random Forest,1968,1968,1969,0.20908581043185642,0.4853291038858049,0.20919798093101513,0.4853291038858049,5.443960783911974e-05
Random Forest,1969,1969,1970,0.20919798093101513,0.4853291038858049,0.2092540661805945,0.4853291038858049,2.7219803919566606e-05
Random Forest,1970,1970,1971,0.2092540661805945,0.4853291038858049,0.20931015143017387,0.4853291038858049,2.7219803919566606e-05
Random Forest,1971,1971,1972,0.20931015143017387,0.4853291038858049,0.20936623667975324,0.4853291038858049,2.7219803919566606e-05
Random Forest,1972,1972,1973,0.20936623667975324,0.4853291038858049,0.20947840717891195,0.4853291038858049,5.443960783911974e-05
Random Forest,1973,1973,1974,0.20947840717891195,0.4853291038858049,0.2097027481772294,0.4853291038858049,0.00010887921567825295
Random Forest,1974,1974,1975,0.2097027481772294,0.4853291038858049,0.20975883342680876,0.4853291038858049,2.7219803919566606e-05
Random Forest,1975,1975,1976,0.20975883342680876,0.4853291038858049,0.2098149186763881,0.4853291038858049,2.7219803919553135e-05
Random Forest,1976,1976,1977,0.2098149186763881,0.4853291038858049,0.20987100392596747,0.4853291038858049,2.7219803919566606e-05
Random Forest,1977,1977,1978,0.20987100392596747,0.4853291038858049,0.20992708917554684,0.4853291038858049,2.7219803919566606e-05
Random Forest,1978,1978,1979,0.20992708917554684,0.4853291038858049,0.21003925967470555,0.4853291038858049,5.443960783911974e-05
Random Forest,1979,1979,1980,0.21003925967470555,0.4853291038858049,0.21009534492428492,0.4853291038858049,2.7219803919566606e-05
Random Forest,1980,1980,1981,0.21009534492428492,0.4853291038858049,0.21020751542344362,0.4853291038858049,5.443960783911974e-05
Random Forest,1981,1981,1982,0.21020751542344362,0.4853291038858049,0.210263600673023,0.4853291038858049,2.7219803919566606e-05
Random Forest,1982,1982,1983,0.210263600673023,0.4853291038858049,0.21031968592260236,0.4853291038858049,2.7219803919566606e-05
Random Forest,1983,1983,1984,0.21031968592260236,0.4853291038858049,0.2103757711721817,0.4853291038858049,2.7219803919553135e-05
Random Forest,1984,1984,1985,0.2103757711721817,0.4853291038858049,0.21043185642176107,0.4853291038858049,2.7219803919566606e-05
Random Forest,1985,1985,1986,0.21043185642176107,0.4853291038858049,0.21048794167134044,0.4853291038858049,2.7219803919566606e-05
Random Forest,1986,1986,1987,0.21048794167134044,0.4853291038858049,0.21048794167134044,0.486122125297383,0.0
Random Forest,1987,1987,1988,0.21048794167134044,0.486122125297383,0.2105440269209198,0.486122125297383,2.7264280723356746e-05
Random Forest,1988,1988,1989,0.2105440269209198,0.486122125297383,0.21060011217049915,0.486122125297383,2.7264280723343255e-05
Random Forest,1989,1989,1990,0.21060011217049915,0.486122125297383,0.21065619742007852,0.486122125297383,2.7264280723356746e-05
Random Forest,1990,1990,1991,0.21065619742007852,0.486122125297383,0.2108244531688166,0.486122125297383,8.179284217005675e-05
Random Forest,1991,1991,1992,0.2108244531688166,0.486122125297383,0.21088053841839596,0.486122125297383,2.7264280723356746e-05
Random Forest,1992,1992,1993,0.21088053841839596,0.486122125297383,0.21093662366797533,0.486122125297383,2.7264280723356746e-05
Random Forest,1993,1993,1994,0.21093662366797533,0.486122125297383,0.21104879416713404,0.48691514670896113,5.457303825049013e-05
Random Forest,1994,1994,1995,0.21104879416713404,0.48691514670896113,0.2111048794167134,0.48691514670896113,2.7308757527146886e-05
Random Forest,1995,1995,1996,0.2111048794167134,0.48691514670896113,0.21116096466629278,0.48691514670896113,2.7308757527146886e-05
Random Forest,1996,1996,1997,0.21116096466629278,0.48691514670896113,0.2112731351654515,0.48691514670896113,5.461751505428026e-05
Random Forest,1997,1997,1998,0.2112731351654515,0.48691514670896113,0.21132922041503086,0.48691514670896113,2.7308757527146886e-05
Random Forest,1998,1998,1999,0.21132922041503086,0.48691514670896113,0.2113853056646102,0.48691514670896113,2.730875752713337e-05
Random Forest,1999,1999,2000,0.2113853056646102,0.48691514670896113,0.21144139091418956,0.48691514670896113,2.7308757527146886e-05
Random Forest,2000,2000,2001,0.21144139091418956,0.48691514670896113,0.2115535614133483,0.48691514670896113,5.461751505429377e-05
Random Forest,2001,2001,2002,0.2115535614133483,0.48691514670896113,0.211665731912507,0.48691514670896113,5.461751505428026e-05
Random Forest,2002,2002,2003,0.211665731912507,0.48691514670896113,0.21172181716208638,0.48691514670896113,2.7308757527146886e-05
Random Forest,2003,2003,2004,0.21172181716208638,0.48691514670896113,0.21189007291082446,0.48691514670896113,8.192627258142714e-05
Random Forest,2004,2004,2005,0.21189007291082446,0.48691514670896113,0.21194615816040382,0.48691514670896113,2.7308757527146886e-05
Random Forest,2005,2005,2006,0.21194615816040382,0.48691514670896113,0.21200224340998317,0.48691514670896113,2.730875752713337e-05
Random Forest,2006,2006,2007,0.21200224340998317,0.48691514670896113,0.21205832865956253,0.48691514670896113,2.7308757527146886e-05
Random Forest,2007,2007,2008,0.21205832865956253,0.48691514670896113,0.21217049915872124,0.48691514670896113,5.461751505428026e-05
Random Forest,2008,2008,2009,0.21217049915872124,0.48691514670896113,0.21233875490745935,0.48691514670896113,8.192627258144066e-05
Random Forest,2009,2009,2010,0.21233875490745935,0.48691514670896113,0.21245092540661806,0.48691514670896113,5.461751505428026e-05
Random Forest,2010,2010,2011,0.21245092540661806,0.48691514670896113,0.21250701065619743,0.48691514670896113,2.7308757527146886e-05
Random Forest,2011,2011,2012,0.21250701065619743,0.48691514670896113,0.2125630959057768,0.48691514670896113,2.7308757527146886e-05
Random Forest,2012,2012,2013,0.2125630959057768,0.48691514670896113,0.21261918115535614,0.48691514670896113,2.730875752713337e-05
Random Forest,2013,2013,2014,0.21261918115535614,0.48691514670896113,0.2126752664049355,0.48691514670896113,2.7308757527146886e-05
Random Forest,2014,2014,2015,0.2126752664049355,0.48691514670896113,0.21273135165451487,0.48691514670896113,2.7308757527146886e-05
Random Forest,2015,2015,2016,0.21273135165451487,0.48691514670896113,0.21284352215367358,0.48691514670896113,5.461751505428026e-05
Random Forest,2016,2016,2017,0.21284352215367358,0.48691514670896113,0.21289960740325295,0.48691514670896113,2.7308757527146886e-05
Random Forest,2017,2017,2018,0.21289960740325295,0.48691514670896113,0.21301177790241166,0.48691514670896113,5.461751505428026e-05
Random Forest,2018,2018,2019,0.21301177790241166,0.48691514670896113,0.21306786315199103,0.48691514670896113,2.7308757527146886e-05
Random Forest,2019,2019,2020,0.21306786315199103,0.48691514670896113,0.21346045989904655,0.48770816812053924,0.00019131697150326666
Random Forest,2020,2020,2021,0.21346045989904655,0.48770816812053924,0.21351654514862592,0.48770816812053924,2.735323433093703e-05
Random Forest,2021,2021,2022,0.21351654514862592,0.48770816812053924,0.21362871564778463,0.48770816812053924,5.470646866186052e-05
Random Forest,2022,2022,2023,0.21362871564778463,0.48770816812053924,0.213684800897364,0.48770816812053924,2.735323433093703e-05
Random Forest,2023,2023,2024,0.213684800897364,0.48770816812053924,0.21374088614694337,0.48770816812053924,2.735323433093703e-05
Random Forest,2024,2024,2025,0.21374088614694337,0.48770816812053924,0.2137969713965227,0.48770816812053924,2.735323433092349e-05
Random Forest,2025,2025,2026,0.2137969713965227,0.48770816812053924,0.21385305664610207,0.48770816812053924,2.735323433093703e-05
Random Forest,2026,2026,2027,0.21385305664610207,0.48770816812053924,0.21390914189568144,0.48770816812053924,2.735323433093703e-05
Random Forest,2027,2027,2028,0.21390914189568144,0.48770816812053924,0.21396522714526078,0.48850118953211735,2.7375472732818553e-05
Random Forest,2028,2028,2029,0.21396522714526078,0.48850118953211735,0.21402131239484015,0.48850118953211735,2.739771113472717e-05
Random Forest,2029,2029,2030,0.21402131239484015,0.48850118953211735,0.21407739764441952,0.48850118953211735,2.739771113472717e-05
Random Forest,2030,2030,2031,0.21407739764441952,0.48850118953211735,0.2141334828939989,0.48850118953211735,2.739771113472717e-05
Random Forest,2031,2031,2032,0.2141334828939989,0.48850118953211735,0.21418956814357823,0.48850118953211735,2.739771113471361e-05
Random Forest,2032,2032,2033,0.21418956814357823,0.48850118953211735,0.21446999439147504,0.48850118953211735,0.0001369885556736223
Random Forest,2033,2033,2034,0.21446999439147504,0.48850118953211735,0.21446999439147504,0.48929421094369546,0.0
Random Forest,2034,2034,2035,0.21446999439147504,0.48929421094369546,0.2145260796410544,0.48929421094369546,2.744218793851731e-05
Random Forest,2035,2035,2036,0.2145260796410544,0.48929421094369546,0.21458216489063375,0.48929421094369546,2.744218793850373e-05
Random Forest,2036,2036,2037,0.21458216489063375,0.48929421094369546,0.21475042063937186,0.48929421094369546,8.232656381555193e-05
Random Forest,2037,2037,2038,0.21475042063937186,0.48929421094369546,0.21486259113853057,0.49008723235527357,5.492885268081117e-05
Random Forest,2038,2038,2039,0.21486259113853057,0.49008723235527357,0.21491867638810994,0.49008723235527357,2.7486664742307454e-05
Random Forest,2039,2039,2040,0.21491867638810994,0.49008723235527357,0.21497476163768928,0.49008723235527357,2.748666474229385e-05
Random Forest,2040,2040,2041,0.21497476163768928,0.49008723235527357,0.21503084688726865,0.49008723235527357,2.7486664742307454e-05
Random Forest,2041,2041,2042,0.21503084688726865,0.49008723235527357,0.21514301738642738,0.49008723235527357,5.497332948461491e-05
Random Forest,2042,2042,2043,0.21514301738642738,0.49008723235527357,0.2152551878855861,0.49008723235527357,5.49733294846013e-05
Random Forest,2043,2043,2044,0.2152551878855861,0.49008723235527357,0.21531127313516546,0.49008723235527357,2.7486664742307454e-05
Random Forest,2044,2044,2045,0.21531127313516546,0.49008723235527357,0.21542344363432417,0.49008723235527357,5.49733294846013e-05
Random Forest,2045,2045,2046,0.21542344363432417,0.49008723235527357,0.21547952888390354,0.49008723235527357,2.7486664742307454e-05
Random Forest,2046,2046,2047,0.21547952888390354,0.49008723235527357,0.21564778463264161,0.49008723235527357,8.245999422690876e-05
Random Forest,2047,2047,2048,0.21564778463264161,0.49008723235527357,0.21570386988222098,0.49008723235527357,2.7486664742307454e-05
Random Forest,2048,2048,2049,0.21570386988222098,0.49008723235527357,0.21587212563095906,0.49008723235527357,8.245999422690876e-05
Random Forest,2049,2049,2050,0.21587212563095906,0.49008723235527357,0.21592821088053843,0.49008723235527357,2.7486664742307454e-05
Random Forest,2050,2050,2051,0.21592821088053843,0.49008723235527357,0.21598429613011777,0.49008723235527357,2.748666474229385e-05
Random Forest,2051,2051,2052,0.21598429613011777,0.49008723235527357,0.21632080762759395,0.49008723235527357,0.00016491998845383113
Random Forest,2052,2052,2053,0.21632080762759395,0.49008723235527357,0.2163768928771733,0.49008723235527357,2.748666474229385e-05
Random Forest,2053,2053,2054,0.2163768928771733,0.49008723235527357,0.21643297812675266,0.49008723235527357,2.7486664742307454e-05
Random Forest,2054,2054,2055,0.21643297812675266,0.49008723235527357,0.21648906337633203,0.49008723235527357,2.7486664742307454e-05
Random Forest,2055,2055,2056,0.21648906337633203,0.49008723235527357,0.21671340437464948,0.49008723235527357,0.00010994665896921621
Random Forest,2056,2056,2057,0.21671340437464948,0.49008723235527357,0.21688166012338755,0.49008723235527357,8.245999422690876e-05
Random Forest,2057,2057,2058,0.21688166012338755,0.49008723235527357,0.21693774537296692,0.49008723235527357,2.7486664742307454e-05
Random Forest,2058,2058,2059,0.21693774537296692,0.49008723235527357,0.217106001121705,0.49008723235527357,8.245999422690876e-05
Random Forest,2059,2059,2060,0.217106001121705,0.49008723235527357,0.21716208637128434,0.49008723235527357,2.748666474229385e-05
Random Forest,2060,2060,2061,0.21716208637128434,0.49008723235527357,0.2172181716208637,0.49008723235527357,2.7486664742307454e-05
Random Forest,2061,2061,2062,0.2172181716208637,0.49008723235527357,0.21733034212002245,0.49008723235527357,5.497332948461491e-05
Random Forest,2062,2062,2063,0.21733034212002245,0.49008723235527357,0.21744251261918116,0.49008723235527357,5.49733294846013e-05
Random Forest,2063,2063,2064,0.21744251261918116,0.49008723235527357,0.21755468311833986,0.49008723235527357,5.49733294846013e-05
Random Forest,2064,2064,2065,0.21755468311833986,0.49008723235527357,0.21761076836791923,0.49008723235527357,2.7486664742307454e-05
Random Forest,2065,2065,2066,0.21761076836791923,0.49008723235527357,0.2176668536174986,0.49008723235527357,2.7486664742307454e-05
Random Forest,2066,2066,2067,0.2176668536174986,0.49008723235527357,0.21856421761076836,0.49008723235527357,0.00043978663587685124
Random Forest,2067,2067,2068,0.21856421761076836,0.49008723235527357,0.21862030286034773,0.49008723235527357,2.7486664742307454e-05
Random Forest,2068,2068,2069,0.21862030286034773,0.49008723235527357,0.2186763881099271,0.49008723235527357,2.7486664742307454e-05
Random Forest,2069,2069,2070,0.2186763881099271,0.49008723235527357,0.2187885586090858,0.4908802537668517,5.501780628839143e-05
Random Forest,2070,2070,2071,0.2187885586090858,0.4908802537668517,0.21895681435782388,0.4908802537668517,8.259342463827916e-05
Random Forest,2071,2071,2072,0.21895681435782388,0.4908802537668517,0.21901289960740325,0.4908802537668517,2.7531141546097595e-05
Random Forest,2072,2072,2073,0.21901289960740325,0.4908802537668517,0.21906898485698262,0.4908802537668517,2.7531141546097595e-05
Random Forest,2073,2073,2074,0.21906898485698262,0.4908802537668517,0.219125070106562,0.4908802537668517,2.7531141546097595e-05
Random Forest,2074,2074,2075,0.219125070106562,0.4908802537668517,0.21918115535614133,0.4908802537668517,2.753114154608397e-05
Random Forest,2075,2075,2076,0.21918115535614133,0.4908802537668517,0.21996634885025237,0.4908802537668517,0.0003854359816453118
Random Forest,2076,2076,2077,0.21996634885025237,0.4908802537668517,0.220527201346046,0.4908802537668517,0.0002753114154609487
Random Forest,2077,2077,2078,0.220527201346046,0.4908802537668517,0.22058328659562534,0.4908802537668517,2.753114154608397e-05
Random Forest,2078,2078,2079,0.22058328659562534,0.4908802537668517,0.22075154234436342,0.4908802537668517,8.259342463827916e-05
Random Forest,2079,2079,2080,0.22075154234436342,0.4908802537668517,0.2208076275939428,0.4908802537668517,2.7531141546097595e-05
Random Forest,2080,2080,2081,0.2208076275939428,0.4908802537668517,0.22086371284352216,0.4908802537668517,2.7531141546097595e-05
Random Forest,2081,2081,2082,0.22086371284352216,0.4908802537668517,0.22091979809310153,0.4908802537668517,2.7531141546097595e-05
Random Forest,2082,2082,2083,0.22091979809310153,0.4908802537668517,0.22097588334268087,0.4908802537668517,2.753114154608397e-05
Random Forest,2083,2083,2084,0.22097588334268087,0.4908802537668517,0.2210880538418396,0.4908802537668517,5.506228309219519e-05
Random Forest,2084,2084,2085,0.2210880538418396,0.4908802537668517,0.22114413909141895,0.4908802537668517,2.753114154608397e-05
Random Forest,2085,2085,2086,0.22114413909141895,0.4908802537668517,0.2212002243409983,0.4908802537668517,2.7531141546097595e-05
Random Forest,2086,2086,2087,0.2212002243409983,0.4908802537668517,0.22125630959057768,0.4908802537668517,2.7531141546097595e-05
Random Forest,2087,2087,2088,0.22125630959057768,0.4908802537668517,0.22131239484015705,0.4908802537668517,2.7531141546097595e-05
Random Forest,2088,2088,2089,0.22131239484015705,0.4908802537668517,0.2213684800897364,0.4908802537668517,2.753114154608397e-05
Random Forest,2089,2089,2090,0.2213684800897364,0.4908802537668517,0.22142456533931576,0.4908802537668517,2.7531141546097595e-05
Random Forest,2090,2090,2091,0.22142456533931576,0.4908802537668517,0.22153673583847447,0.4916732751784298,5.510675989597169e-05
Random Forest,2091,2091,2092,0.22153673583847447,0.4916732751784298,0.22159282108805384,0.4916732751784298,2.7575618349887735e-05
Random Forest,2092,2092,2093,0.22159282108805384,0.4916732751784298,0.2216489063376332,0.4916732751784298,2.7575618349887735e-05
Random Forest,2093,2093,2094,0.2216489063376332,0.4916732751784298,0.22192933258553,0.4916732751784298,0.0001378780917494114
Random Forest,2094,2094,2095,0.22192933258553,0.4916732751784298,0.2220975883342681,0.4916732751784298,8.27268550496632e-05
Random Forest,2095,2095,2096,0.2220975883342681,0.4916732751784298,0.22226584408300618,0.4916732751784298,8.272685504964955e-05
Random Forest,2096,2096,2097,0.22226584408300618,0.4916732751784298,0.22232192933258552,0.4916732751784298,2.7575618349874087e-05
Random Forest,2097,2097,2098,0.22232192933258552,0.4916732751784298,0.22237801458216488,0.4916732751784298,2.7575618349887735e-05
Random Forest,2098,2098,2099,0.22237801458216488,0.4916732751784298,0.22243409983174425,0.4916732751784298,2.7575618349887735e-05
Random Forest,2099,2099,2100,0.22243409983174425,0.4916732751784298,0.22271452607964107,0.4916732751784298,0.00013787809174942503
Random Forest,2100,2100,2101,0.22271452607964107,0.4916732751784298,0.2227706113292204,0.4916732751784298,2.7575618349874087e-05
Random Forest,2101,2101,2102,0.2227706113292204,0.4916732751784298,0.22282669657879978,0.4916732751784298,2.7575618349887735e-05
Random Forest,2102,2102,2103,0.22282669657879978,0.4916732751784298,0.22293886707795849,0.4916732751784298,5.515123669976182e-05
Random Forest,2103,2103,2104,0.22293886707795849,0.4916732751784298,0.22299495232753785,0.4916732751784298,2.7575618349887735e-05
Random Forest,2104,2104,2105,0.22299495232753785,0.4916732751784298,0.22305103757711722,0.4916732751784298,2.7575618349887735e-05
Random Forest,2105,2105,2106,0.22305103757711722,0.4916732751784298,0.2231071228266966,0.4916732751784298,2.7575618349887735e-05
Random Forest,2106,2106,2107,0.2231071228266966,0.4916732751784298,0.22411665731912506,0.4916732751784298,0.0004963611302978973
Random Forest,2107,2107,2108,0.22411665731912506,0.4916732751784298,0.22417274256870443,0.4916732751784298,2.7575618349887735e-05
Random Forest,2108,2108,2109,0.22417274256870443,0.4916732751784298,0.2242288278182838,0.4916732751784298,2.7575618349887735e-05
Random Forest,2109,2109,2110,0.2242288278182838,0.4916732751784298,0.22428491306786316,0.4916732751784298,2.7575618349887735e-05
Random Forest,2110,2110,2111,0.22428491306786316,0.4916732751784298,0.22445316881660124,0.4916732751784298,8.272685504964955e-05
Random Forest,2111,2111,2112,0.22445316881660124,0.4916732751784298,0.22445316881660124,0.49246629659000796,0.0
Random Forest,2112,2112,2113,0.22445316881660124,0.49246629659000796,0.22495793606281547,0.49246629659000796,0.00024858085638305993
Random Forest,2113,2113,2114,0.22495793606281547,0.49246629659000796,0.22501402131239484,0.49246629659000796,2.762009515367788e-05
Random Forest,2114,2114,2115,0.22501402131239484,0.49246629659000796,0.2250701065619742,0.49246629659000796,2.762009515367788e-05
Random Forest,2115,2115,2116,0.2250701065619742,0.49246629659000796,0.22529444756029166,0.49246629659000796,0.00011048038061469785
Random Forest,2116,2116,2117,0.22529444756029166,0.49246629659000796,0.225350532809871,0.49246629659000796,2.762009515366421e-05
Random Forest,2117,2117,2118,0.225350532809871,0.49246629659000796,0.22540661805945036,0.49246629659000796,2.762009515367788e-05
Random Forest,2118,2118,2119,0.22540661805945036,0.49246629659000796,0.22546270330902973,0.49246629659000796,2.762009515367788e-05
Random Forest,2119,2119,2120,0.22546270330902973,0.49246629659000796,0.22551878855860907,0.49246629659000796,2.762009515366421e-05
Random Forest,2120,2120,2121,0.22551878855860907,0.49246629659000796,0.22557487380818844,0.49246629659000796,2.762009515367788e-05
Random Forest,2121,2121,2122,0.22557487380818844,0.49246629659000796,0.2256309590577678,0.49246629659000796,2.762009515367788e-05
Random Forest,2122,2122,2123,0.2256309590577678,0.49246629659000796,0.22568704430734718,0.49246629659000796,2.762009515367788e-05
Random Forest,2123,2123,2124,0.22568704430734718,0.49246629659000796,0.22574312955692652,0.49325931800158607,2.7642333555559272e-05
Random Forest,2124,2124,2125,0.22574312955692652,0.49325931800158607,0.2257992148065059,0.49325931800158607,2.7664571957468022e-05
Random Forest,2125,2125,2126,0.2257992148065059,0.49325931800158607,0.22585530005608526,0.49325931800158607,2.7664571957468022e-05
Random Forest,2126,2126,2127,0.22585530005608526,0.49325931800158607,0.22596747055524397,0.4940523394131642,5.537362071871248e-05
Random Forest,2127,2127,2128,0.22596747055524397,0.4940523394131642,0.22602355580482333,0.4940523394131642,2.7709048761258162e-05
Random Forest,2128,2128,2129,0.22602355580482333,0.4940523394131642,0.2260796410544027,0.4940523394131642,2.7709048761258162e-05
Random Forest,2129,2129,2130,0.2260796410544027,0.4940523394131642,0.22613572630398204,0.4940523394131642,2.770904876124445e-05
Random Forest,2130,2130,2131,0.22613572630398204,0.4940523394131642,0.2261918115535614,0.4940523394131642,2.7709048761258162e-05
Random Forest,2131,2131,2132,0.2261918115535614,0.4940523394131642,0.22624789680314078,0.4940523394131642,2.7709048761258162e-05
Random Forest,2132,2132,2133,0.22624789680314078,0.4940523394131642,0.2263600673022995,0.4940523394131642,5.541809752250261e-05
Random Forest,2133,2133,2134,0.2263600673022995,0.4940523394131642,0.22686483454851375,0.4940523394131642,0.00024938143885129603
Random Forest,2134,2134,2135,0.22686483454851375,0.4940523394131642,0.2269209197980931,0.4940523394131642,2.770904876124445e-05
Random Forest,2135,2135,2136,0.2269209197980931,0.4940523394131642,0.22697700504767246,0.4940523394131642,2.7709048761258162e-05
Random Forest,2136,2136,2137,0.22697700504767246,0.4940523394131642,0.22703309029725183,0.4940523394131642,2.7709048761258162e-05
Random Forest,2137,2137,2138,0.22703309029725183,0.4940523394131642,0.2283230510375771,0.4940523394131642,0.0006373081215088418
Random Forest,2138,2138,2139,0.2283230510375771,0.4940523394131642,0.22837913628715648,0.4940523394131642,2.7709048761258162e-05
Random Forest,2139,2139,2140,0.22837913628715648,0.4940523394131642,0.22843522153673584,0.4940523394131642,2.7709048761258162e-05
Random Forest,2140,2140,2141,0.22843522153673584,0.4940523394131642,0.2284913067863152,0.4940523394131642,2.7709048761258162e-05
Random Forest,2141,2141,2142,0.2284913067863152,0.4940523394131642,0.22854739203589455,0.4940523394131642,2.770904876124445e-05
Random Forest,2142,2142,2143,0.22854739203589455,0.4940523394131642,0.22882781828379137,0.4948453608247423,0.00013865643581575243
Random Forest,2143,2143,2144,0.22882781828379137,0.4948453608247423,0.22888390353337074,0.4948453608247423,2.7753525565048303e-05
Random Forest,2144,2144,2145,0.22888390353337074,0.4948453608247423,0.22893998878295008,0.4948453608247423,2.775352556503457e-05
Random Forest,2145,2145,2146,0.22893998878295008,0.4948453608247423,0.22910824453168815,0.4948453608247423,8.326057669513118e-05
Random Forest,2146,2146,2147,0.22910824453168815,0.4948453608247423,0.22910824453168815,0.4956383822363204,0.0
Random Forest,2147,2147,2148,0.22910824453168815,0.4956383822363204,0.22916432978126752,0.4956383822363204,2.7798002368838446e-05
Random Forest,2148,2148,2149,0.22916432978126752,0.4956383822363204,0.22916432978126752,0.4964314036478985,0.0
Random Forest,2149,2149,2150,0.22916432978126752,0.4964314036478985,0.22927650028042626,0.4964314036478985,5.568495834525717e-05
Random Forest,2150,2150,2151,0.22927650028042626,0.4964314036478985,0.2293325855300056,0.4964314036478985,2.7842479172614807e-05
Random Forest,2151,2151,2152,0.2293325855300056,0.4964314036478985,0.22938867077958497,0.4964314036478985,2.7842479172628587e-05
Random Forest,2152,2152,2153,0.22938867077958497,0.4964314036478985,0.22944475602916434,0.4964314036478985,2.7842479172628587e-05
Random Forest,2153,2153,2154,0.22944475602916434,0.4964314036478985,0.22966909702748178,0.4964314036478985,0.00011136991669050056
Random Forest,2154,2154,2155,0.22966909702748178,0.4964314036478985,0.2298934380257992,0.4964314036478985,0.0001113699166904868
Random Forest,2155,2155,2156,0.2298934380257992,0.4964314036478985,0.22994952327537857,0.4964314036478985,2.7842479172628587e-05
Random Forest,2156,2156,2157,0.22994952327537857,0.4964314036478985,0.23000560852495794,0.4964314036478985,2.7842479172628587e-05
Random Forest,2157,2157,2158,0.23000560852495794,0.4964314036478985,0.2300616937745373,0.4964314036478985,2.7842479172628587e-05
Random Forest,2158,2158,2159,0.2300616937745373,0.4964314036478985,0.23011777902411665,0.4964314036478985,2.7842479172614807e-05
Random Forest,2159,2159,2160,0.23011777902411665,0.4964314036478985,0.23017386427369602,0.4964314036478985,2.7842479172628587e-05
Random Forest,2160,2160,2161,0.23017386427369602,0.4964314036478985,0.23051037577117217,0.4964314036478985,0.00016705487503574395
Random Forest,2161,2161,2162,0.23051037577117217,0.4964314036478985,0.23056646102075154,0.4964314036478985,2.7842479172628587e-05
Random Forest,2162,2162,2163,0.23056646102075154,0.4964314036478985,0.2306225462703309,0.4964314036478985,2.7842479172628587e-05
Random Forest,2163,2163,2164,0.2306225462703309,0.4964314036478985,0.23067863151991028,0.4964314036478985,2.7842479172628587e-05
Random Forest,2164,2164,2165,0.23067863151991028,0.4964314036478985,0.23073471676948962,0.4964314036478985,2.7842479172614807e-05
Random Forest,2165,2165,2166,0.23073471676948962,0.4964314036478985,0.23095905776780706,0.4964314036478985,0.00011136991669050056
Random Forest,2166,2166,2167,0.23095905776780706,0.4964314036478985,0.23112731351654514,0.4964314036478985,8.352743751787198e-05
Random Forest,2167,2167,2168,0.23112731351654514,0.4964314036478985,0.2311833987661245,0.4972244250594766,2.786471757452366e-05
Random Forest,2168,2168,2169,0.2311833987661245,0.4972244250594766,0.23123948401570388,0.4972244250594766,2.7886955976418727e-05
Random Forest,2169,2169,2170,0.23123948401570388,0.4972244250594766,0.23123948401570388,0.4980174464710547,0.0
Random Forest,2170,2170,2171,0.23123948401570388,0.4980174464710547,0.23129556926528322,0.4980174464710547,2.7931432780195047e-05
Random Forest,2171,2171,2172,0.23129556926528322,0.4980174464710547,0.2313516545148626,0.4980174464710547,2.793143278020887e-05
Random Forest,2172,2172,2173,0.2313516545148626,0.4980174464710547,0.23140773976444196,0.49960348929421095,2.797590958399901e-05
Random Forest,2173,2173,2174,0.23140773976444196,0.49960348929421095,0.23146382501402132,0.49960348929421095,2.802038638778915e-05
Random Forest,2174,2174,2175,0.23146382501402132,0.49960348929421095,0.2316320807627594,0.49960348929421095,8.406115916335359e-05
Random Forest,2175,2175,2176,0.2316320807627594,0.49960348929421095,0.23168816601233874,0.49960348929421095,2.8020386387775287e-05
Random Forest,2176,2176,2177,0.23168816601233874,0.49960348929421095,0.2317442512619181,0.49960348929421095,2.802038638778915e-05
Random Forest,2177,2177,2178,0.2317442512619181,0.49960348929421095,0.23180033651149748,0.49960348929421095,2.802038638778915e-05
Random Forest,2178,2178,2179,0.23180033651149748,0.49960348929421095,0.23185642176107685,0.49960348929421095,2.802038638778915e-05
Random Forest,2179,2179,2180,0.23185642176107685,0.49960348929421095,0.2319125070106562,0.49960348929421095,2.8020386387775287e-05
Random Forest,2180,2180,2181,0.2319125070106562,0.49960348929421095,0.23213684800897363,0.49960348929421095,0.00011208154555114274
Random Forest,2181,2181,2182,0.23213684800897363,0.49960348929421095,0.232192933258553,0.49960348929421095,2.802038638778915e-05
Random Forest,2182,2182,2183,0.232192933258553,0.49960348929421095,0.23224901850813237,0.49960348929421095,2.802038638778915e-05
Random Forest,2183,2183,2184,0.23224901850813237,0.49960348929421095,0.2323051037577117,0.49960348929421095,2.8020386387775287e-05
Random Forest,2184,2184,2185,0.2323051037577117,0.49960348929421095,0.23236118900729108,0.49960348929421095,2.802038638778915e-05
Random Forest,2185,2185,2186,0.23236118900729108,0.49960348929421095,0.23241727425687045,0.49960348929421095,2.802038638778915e-05
Random Forest,2186,2186,2187,0.23241727425687045,0.49960348929421095,0.23247335950644982,0.49960348929421095,2.802038638778915e-05
Random Forest,2187,2187,2188,0.23247335950644982,0.49960348929421095,0.23252944475602916,0.49960348929421095,2.8020386387775287e-05
Random Forest,2188,2188,2189,0.23252944475602916,0.49960348929421095,0.23258553000560853,0.49960348929421095,2.802038638778915e-05
Random Forest,2189,2189,2190,0.23258553000560853,0.49960348929421095,0.23286595625350534,0.49960348929421095,0.0001401019319389319
Random Forest,2190,2190,2191,0.23286595625350534,0.49960348929421095,0.23292204150308468,0.49960348929421095,2.8020386387775287e-05
Random Forest,2191,2191,2192,0.23292204150308468,0.49960348929421095,0.23297812675266405,0.49960348929421095,2.802038638778915e-05
Random Forest,2192,2192,2193,0.23297812675266405,0.49960348929421095,0.23309029725182276,0.49960348929421095,5.604077277556444e-05
Random Forest,2193,2193,2194,0.23309029725182276,0.49960348929421095,0.23314638250140213,0.49960348929421095,2.802038638778915e-05
Random Forest,2194,2194,2195,0.23314638250140213,0.49960348929421095,0.2332024677509815,0.49960348929421095,2.802038638778915e-05
Random Forest,2195,2195,2196,0.2332024677509815,0.49960348929421095,0.2332024677509815,0.500396510705789,0.0
Random Forest,2196,2196,2197,0.2332024677509815,0.500396510705789,0.23325855300056086,0.500396510705789,2.8064863191579295e-05
Random Forest,2197,2197,2198,0.23325855300056086,0.500396510705789,0.2337633202467751,0.5011895321173672,0.0002527839143412276
Random Forest,2198,2198,2199,0.2337633202467751,0.5011895321173672,0.23381940549635447,0.5011895321173672,2.8109339995369435e-05
Random Forest,2199,2199,2200,0.23381940549635447,0.5011895321173672,0.2338754907459338,0.5011895321173672,2.8109339995355523e-05
Random Forest,2200,2200,2201,0.2338754907459338,0.5011895321173672,0.23393157599551317,0.5011895321173672,2.8109339995369435e-05
Random Forest,2201,2201,2202,0.23393157599551317,0.5011895321173672,0.23398766124509254,0.5011895321173672,2.8109339995369435e-05
Random Forest,2202,2202,2203,0.23398766124509254,0.5011895321173672,0.23398766124509254,0.5019825535289453,0.0
Random Forest,2203,2203,2204,0.23398766124509254,0.5019825535289453,0.2340437464946719,0.5019825535289453,2.8153816799159575e-05
Random Forest,2204,2204,2205,0.2340437464946719,0.5019825535289453,0.23421200224341,0.5019825535289453,8.44614503974648e-05
Random Forest,2205,2205,2206,0.23421200224341,0.5019825535289453,0.23426808749298936,0.5019825535289453,2.8153816799159575e-05
Random Forest,2206,2206,2207,0.23426808749298936,0.5019825535289453,0.23438025799214807,0.5019825535289453,5.630763359830522e-05
Random Forest,2207,2207,2208,0.23438025799214807,0.5019825535289453,0.23443634324172744,0.5019825535289453,2.8153816799159575e-05
Random Forest,2208,2208,2209,0.23443634324172744,0.5019825535289453,0.23471676948962422,0.5019825535289453,0.00014076908399577
Random Forest,2209,2209,2210,0.23471676948962422,0.5019825535289453,0.23482893998878296,0.5019825535289453,5.630763359831915e-05
Random Forest,2210,2210,2211,0.23482893998878296,0.5019825535289453,0.2348850252383623,0.5019825535289453,2.8153816799145643e-05
Random Forest,2211,2211,2212,0.2348850252383623,0.5019825535289453,0.23494111048794167,0.5019825535289453,2.8153816799159575e-05
Random Forest,2212,2212,2213,0.23494111048794167,0.5019825535289453,0.23510936623667975,0.5019825535289453,8.44614503974648e-05
Random Forest,2213,2213,2214,0.23510936623667975,0.5019825535289453,0.23516545148625911,0.5019825535289453,2.8153816799159575e-05
Random Forest,2214,2214,2215,0.23516545148625911,0.5019825535289453,0.23527762198541782,0.5019825535289453,5.630763359830522e-05
Random Forest,2215,2215,2216,0.23527762198541782,0.5019825535289453,0.2353337072349972,0.5019825535289453,2.8153816799159575e-05
Random Forest,2216,2216,2217,0.2353337072349972,0.5019825535289453,0.23544587773415593,0.5019825535289453,5.630763359831915e-05
Random Forest,2217,2217,2218,0.23544587773415593,0.5019825535289453,0.23550196298373527,0.5019825535289453,2.8153816799145643e-05
Random Forest,2218,2218,2219,0.23550196298373527,0.5019825535289453,0.23555804823331464,0.5019825535289453,2.8153816799159575e-05
Random Forest,2219,2219,2220,0.23555804823331464,0.5019825535289453,0.235614133482894,0.5019825535289453,2.8153816799159575e-05
Random Forest,2220,2220,2221,0.235614133482894,0.5019825535289453,0.23567021873247335,0.5019825535289453,2.8153816799145643e-05
Random Forest,2221,2221,2222,0.23567021873247335,0.5019825535289453,0.23572630398205272,0.5019825535289453,2.8153816799159575e-05
Random Forest,2222,2222,2223,0.23572630398205272,0.5019825535289453,0.23578238923163208,0.5019825535289453,2.8153816799159575e-05
Random Forest,2223,2223,2224,0.23578238923163208,0.5019825535289453,0.23583847448121145,0.5019825535289453,2.8153816799159575e-05
Random Forest,2224,2224,2225,0.23583847448121145,0.5019825535289453,0.2358945597307908,0.5019825535289453,2.8153816799145643e-05
Random Forest,2225,2225,2226,0.2358945597307908,0.5019825535289453,0.23595064498037016,0.5019825535289453,2.8153816799159575e-05
Random Forest,2226,2226,2227,0.23595064498037016,0.5019825535289453,0.23600673022994953,0.5019825535289453,2.8153816799159575e-05
Random Forest,2227,2227,2228,0.23600673022994953,0.5019825535289453,0.23611890072910824,0.5019825535289453,5.630763359830522e-05
Random Forest,2228,2228,2229,0.23611890072910824,0.5019825535289453,0.23667975322490184,0.5019825535289453,0.00028153816799155395
Random Forest,2229,2229,2230,0.23667975322490184,0.5019825535289453,0.23690409422321929,0.5019825535289453,0.00011261526719662437
Random Forest,2230,2230,2231,0.23690409422321929,0.5019825535289453,0.23696017947279865,0.5019825535289453,2.8153816799159575e-05
Random Forest,2231,2231,2232,0.23696017947279865,0.5019825535289453,0.23707234997195736,0.5019825535289453,5.630763359830522e-05
Random Forest,2232,2232,2233,0.23707234997195736,0.5019825535289453,0.23712843522153673,0.5019825535289453,2.8153816799159575e-05
Random Forest,2233,2233,2234,0.23712843522153673,0.5019825535289453,0.2371845204711161,0.5019825535289453,2.8153816799159575e-05
Random Forest,2234,2234,2235,0.2371845204711161,0.5019825535289453,0.23724060572069547,0.5019825535289453,2.8153816799159575e-05
Random Forest,2235,2235,2236,0.23724060572069547,0.5019825535289453,0.2372966909702748,0.5019825535289453,2.8153816799145643e-05
Random Forest,2236,2236,2237,0.2372966909702748,0.5019825535289453,0.23735277621985418,0.5019825535289453,2.8153816799159575e-05
Random Forest,2237,2237,2238,0.23735277621985418,0.5019825535289453,0.23740886146943355,0.5019825535289453,2.8153816799159575e-05
Random Forest,2238,2238,2239,0.23740886146943355,0.5019825535289453,0.2374649467190129,0.5019825535289453,2.8153816799145643e-05
Random Forest,2239,2239,2240,0.2374649467190129,0.5019825535289453,0.23768928771733033,0.5019825535289453,0.00011261526719662437
Random Forest,2240,2240,2241,0.23768928771733033,0.5019825535289453,0.23791362871564778,0.5019825535289453,0.00011261526719662437
Random Forest,2241,2241,2242,0.23791362871564778,0.5019825535289453,0.23813796971396523,0.5027755749405234,0.00011270422080420464
Random Forest,2242,2242,2243,0.23813796971396523,0.5027755749405234,0.23825014021312396,0.5027755749405234,5.639658720589944e-05
Random Forest,2243,2243,2244,0.23825014021312396,0.5027755749405234,0.23825014021312396,0.5035685963521015,0.0
Random Forest,2244,2244,2245,0.23825014021312396,0.5035685963521015,0.2383062254627033,0.5035685963521015,2.8242770406725883e-05
Random Forest,2245,2245,2246,0.2383062254627033,0.5035685963521015,0.23836231071228267,0.5035685963521015,2.824277040673986e-05
Random Forest,2246,2246,2247,0.23836231071228267,0.5035685963521015,0.23841839596186204,0.5035685963521015,2.824277040673986e-05
Random Forest,2247,2247,2248,0.23841839596186204,0.5035685963521015,0.23847448121144138,0.5035685963521015,2.8242770406725883e-05
Random Forest,2248,2248,2249,0.23847448121144138,0.5035685963521015,0.23853056646102075,0.5035685963521015,2.824277040673986e-05
Random Forest,2249,2249,2250,0.23853056646102075,0.5035685963521015,0.23853056646102075,0.5043616177636796,0.0
Random Forest,2250,2250,2251,0.23853056646102075,0.5043616177636796,0.23858665171060012,0.5043616177636796,2.828724721053e-05
Random Forest,2251,2251,2252,0.23858665171060012,0.5043616177636796,0.2387549074593382,0.5043616177636796,8.4861741631576e-05
Random Forest,2252,2252,2253,0.2387549074593382,0.5043616177636796,0.23881099270891756,0.5043616177636796,2.828724721053e-05
Random Forest,2253,2253,2254,0.23881099270891756,0.5043616177636796,0.2388670779584969,0.5043616177636796,2.8287247210516003e-05
Random Forest,2254,2254,2255,0.2388670779584969,0.5043616177636796,0.23892316320807627,0.5043616177636796,2.828724721053e-05
Random Forest,2255,2255,2256,0.23892316320807627,0.5043616177636796,0.23914750420639372,0.5043616177636796,0.000113148988842106
Random Forest,2256,2256,2257,0.23914750420639372,0.5043616177636796,0.23925967470555243,0.5043616177636796,5.6574494421046e-05
Random Forest,2257,2257,2258,0.23925967470555243,0.5043616177636796,0.2393157599551318,0.5043616177636796,2.828724721053e-05
Random Forest,2258,2258,2259,0.2393157599551318,0.5043616177636796,0.23954010095344924,0.5043616177636796,0.000113148988842106
Random Forest,2259,2259,2260,0.23954010095344924,0.5043616177636796,0.2395961862030286,0.5043616177636796,2.828724721053e-05
Random Forest,2260,2260,2261,0.2395961862030286,0.5043616177636796,0.23965227145260795,0.5043616177636796,2.8287247210516003e-05
Random Forest,2261,2261,2262,0.23965227145260795,0.5043616177636796,0.23970835670218732,0.5043616177636796,2.828724721053e-05
Random Forest,2262,2262,2263,0.23970835670218732,0.5043616177636796,0.2397644419517667,0.5043616177636796,2.828724721053e-05
Random Forest,2263,2263,2264,0.2397644419517667,0.5043616177636796,0.23993269770050477,0.5043616177636796,8.4861741631576e-05
Random Forest,2264,2264,2265,0.23993269770050477,0.5043616177636796,0.24004486819966347,0.5043616177636796,5.6574494421046e-05
Random Forest,2265,2265,2266,0.24004486819966347,0.5043616177636796,0.24010095344924284,0.5043616177636796,2.828724721053e-05
Random Forest,2266,2266,2267,0.24010095344924284,0.5043616177636796,0.2401570386988222,0.5043616177636796,2.828724721053e-05
Random Forest,2267,2267,2268,0.2401570386988222,0.5043616177636796,0.24021312394840158,0.5043616177636796,2.828724721053e-05
Random Forest,2268,2268,2269,0.24021312394840158,0.5043616177636796,0.24026920919798092,0.5043616177636796,2.8287247210516003e-05
Random Forest,2269,2269,2270,0.24026920919798092,0.5043616177636796,0.2403252944475603,0.5043616177636796,2.828724721053e-05
Random Forest,2270,2270,2271,0.2403252944475603,0.5043616177636796,0.24038137969713966,0.5043616177636796,2.828724721053e-05
Random Forest,2271,2271,2272,0.24038137969713966,0.5043616177636796,0.24043746494671903,0.5043616177636796,2.828724721053e-05
Random Forest,2272,2272,2273,0.24043746494671903,0.5043616177636796,0.24066180594503644,0.5043616177636796,0.000113148988842092
Random Forest,2273,2273,2274,0.24066180594503644,0.5043616177636796,0.24077397644419518,0.5043616177636796,5.657449442106e-05
Random Forest,2274,2274,2275,0.24077397644419518,0.5043616177636796,0.24083006169377455,0.5043616177636796,2.828724721053e-05
Random Forest,2275,2275,2276,0.24083006169377455,0.5043616177636796,0.2408861469433539,0.5043616177636796,2.8287247210516003e-05
Random Forest,2276,2276,2277,0.2408861469433539,0.5043616177636796,0.24094223219293326,0.5043616177636796,2.828724721053e-05
Random Forest,2277,2277,2278,0.24094223219293326,0.5043616177636796,0.24094223219293326,0.5051546391752577,0.0
Random Forest,2278,2278,2279,0.24094223219293326,0.5051546391752577,0.24099831744251263,0.5051546391752577,2.8331724014320143e-05
Random Forest,2279,2279,2280,0.24099831744251263,0.5051546391752577,0.24105440269209197,0.5051546391752577,2.833172401430612e-05
Random Forest,2280,2280,2281,0.24105440269209197,0.5051546391752577,0.2411665731912507,0.5051546391752577,5.6663448028640286e-05
Random Forest,2281,2281,2282,0.2411665731912507,0.5051546391752577,0.24127874369040941,0.5051546391752577,5.666344802862626e-05
Random Forest,2282,2282,2283,0.24127874369040941,0.5051546391752577,0.24133482893998878,0.5051546391752577,2.8331724014320143e-05
Random Forest,2283,2283,2284,0.24133482893998878,0.5051546391752577,0.2414469994391475,0.5051546391752577,5.666344802862626e-05
Random Forest,2284,2284,2285,0.2414469994391475,0.5051546391752577,0.24178351093662367,0.5059476605868358,0.00017012377449727724
Random Forest,2285,2285,2286,0.24178351093662367,0.5059476605868358,0.24183959618620302,0.5059476605868358,2.837620081809624e-05
Random Forest,2286,2286,2287,0.24183959618620302,0.5059476605868358,0.24189568143578238,0.5059476605868358,2.8376200818110283e-05
Random Forest,2287,2287,2288,0.24189568143578238,0.5059476605868358,0.24195176668536175,0.5059476605868358,2.8376200818110283e-05
Random Forest,2288,2288,2289,0.24195176668536175,0.5059476605868358,0.24206393718452046,0.5059476605868358,5.6752401636206526e-05
Random Forest,2289,2289,2290,0.24206393718452046,0.5059476605868358,0.24212002243409983,0.5059476605868358,2.8376200818110283e-05
Random Forest,2290,2290,2291,0.24212002243409983,0.5059476605868358,0.2421761076836792,0.5059476605868358,2.8376200818110283e-05
Random Forest,2291,2291,2292,0.2421761076836792,0.5059476605868358,0.2422882781828379,0.5059476605868358,5.6752401636206526e-05
Random Forest,2292,2292,2293,0.2422882781828379,0.5059476605868358,0.24240044868199664,0.5059476605868358,5.675240163622057e-05
Random Forest,2293,2293,2294,0.24240044868199664,0.5059476605868358,0.24245653393157598,0.5059476605868358,2.837620081809624e-05
Random Forest,2294,2294,2295,0.24245653393157598,0.5059476605868358,0.24279304542905217,0.5059476605868358,0.00017025720490864766
Random Forest,2295,2295,2296,0.24279304542905217,0.5059476605868358,0.2428491306786315,0.5059476605868358,2.837620081809624e-05
Random Forest,2296,2296,2297,0.2428491306786315,0.5059476605868358,0.24290521592821088,0.5059476605868358,2.8376200818110283e-05
Random Forest,2297,2297,2298,0.24290521592821088,0.5059476605868358,0.24296130117779025,0.5059476605868358,2.8376200818110283e-05
Random Forest,2298,2298,2299,0.24296130117779025,0.5059476605868358,0.2430173864273696,0.5059476605868358,2.8376200818110283e-05
Random Forest,2299,2299,2300,0.2430173864273696,0.5059476605868358,0.2430173864273696,0.5067406819984139,0.0
Random Forest,2300,2300,2301,0.2430173864273696,0.5067406819984139,0.2431856421761077,0.5067406819984139,8.526203286568721e-05
Random Forest,2301,2301,2302,0.2431856421761077,0.5067406819984139,0.2432978126752664,0.5067406819984139,5.6841355243786787e-05
Random Forest,2302,2302,2303,0.2432978126752664,0.5067406819984139,0.24335389792484577,0.5067406819984139,2.8420677621900424e-05
Random Forest,2303,2303,2304,0.24335389792484577,0.5067406819984139,0.24340998317442514,0.5067406819984139,2.8420677621900424e-05
Random Forest,2304,2304,2305,0.24340998317442514,0.5067406819984139,0.24346606842400448,0.5067406819984139,2.842067762188636e-05
Random Forest,2305,2305,2306,0.24346606842400448,0.5067406819984139,0.24352215367358385,0.5067406819984139,2.8420677621900424e-05
Random Forest,2306,2306,2307,0.24352215367358385,0.5067406819984139,0.24369040942232192,0.5067406819984139,8.526203286568721e-05
Random Forest,2307,2307,2308,0.24369040942232192,0.5067406819984139,0.24380257992148066,0.5067406819984139,5.684135524380085e-05
Random Forest,2308,2308,2309,0.24380257992148066,0.5067406819984139,0.24385866517106,0.5067406819984139,2.842067762188636e-05
Random Forest,2309,2309,2310,0.24385866517106,0.5067406819984139,0.24391475042063937,0.5067406819984139,2.8420677621900424e-05
Random Forest,2310,2310,2311,0.24391475042063937,0.5067406819984139,0.24397083567021874,0.5067406819984139,2.8420677621900424e-05
Random Forest,2311,2311,2312,0.24397083567021874,0.5067406819984139,0.24402692091979808,0.5067406819984139,2.842067762188636e-05
Random Forest,2312,2312,2313,0.24402692091979808,0.5067406819984139,0.24408300616937745,0.5067406819984139,2.8420677621900424e-05
Random Forest,2313,2313,2314,0.24408300616937745,0.5067406819984139,0.24413909141895682,0.5067406819984139,2.8420677621900424e-05
Random Forest,2314,2314,2315,0.24413909141895682,0.5067406819984139,0.24419517666853618,0.5067406819984139,2.8420677621900424e-05
Random Forest,2315,2315,2316,0.24419517666853618,0.5067406819984139,0.24425126191811553,0.5067406819984139,2.842067762188636e-05
Random Forest,2316,2316,2317,0.24425126191811553,0.5067406819984139,0.24441951766685363,0.5067406819984139,8.526203286570127e-05
Random Forest,2317,2317,2318,0.24441951766685363,0.5067406819984139,0.24447560291643297,0.5067406819984139,2.842067762188636e-05
Random Forest,2318,2318,2319,0.24447560291643297,0.5067406819984139,0.2445877734155917,0.5067406819984139,5.684135524380085e-05
Random Forest,2319,2319,2320,0.2445877734155917,0.5067406819984139,0.24464385866517105,0.5067406819984139,2.842067762188636e-05
Random Forest,2320,2320,2321,0.24464385866517105,0.5067406819984139,0.24464385866517105,0.507533703409992,0.0
Random Forest,2321,2321,2322,0.24464385866517105,0.507533703409992,0.2448681996634885,0.507533703409992,0.00011386061770274817
Random Forest,2322,2322,2323,0.2448681996634885,0.507533703409992,0.24509254066180594,0.5083267248215702,0.00011394957131032845
Random Forest,2323,2323,2324,0.24509254066180594,0.5083267248215702,0.24520471116096468,0.5083267248215702,5.7019262458961415e-05
Random Forest,2324,2324,2325,0.24520471116096468,0.5083267248215702,0.2453168816601234,0.5083267248215702,5.701926245894731e-05
Random Forest,2325,2325,2326,0.2453168816601234,0.5083267248215702,0.24537296690970276,0.5083267248215702,2.8509631229480708e-05
Random Forest,2326,2326,2327,0.24537296690970276,0.5083267248215702,0.24548513740886146,0.5083267248215702,5.701926245894731e-05
Random Forest,2327,2327,2328,0.24548513740886146,0.5083267248215702,0.24565339315759954,0.5083267248215702,8.552889368842801e-05
Random Forest,2328,2328,2329,0.24565339315759954,0.5083267248215702,0.2457094784071789,0.5083267248215702,2.8509631229480708e-05
Random Forest,2329,2329,2330,0.2457094784071789,0.5083267248215702,0.24576556365675828,0.5083267248215702,2.8509631229480708e-05
Random Forest,2330,2330,2331,0.24576556365675828,0.5083267248215702,0.245877734155917,0.5083267248215702,5.701926245894731e-05
Random Forest,2331,2331,2332,0.245877734155917,0.5083267248215702,0.24604598990465507,0.5083267248215702,8.552889368842801e-05
Random Forest,2332,2332,2333,0.24604598990465507,0.5083267248215702,0.24610207515423443,0.5083267248215702,2.8509631229480708e-05
Random Forest,2333,2333,2334,0.24610207515423443,0.5083267248215702,0.2461581604038138,0.5083267248215702,2.8509631229480708e-05
Random Forest,2334,2334,2335,0.2461581604038138,0.5083267248215702,0.24621424565339317,0.5083267248215702,2.8509631229480708e-05
Random Forest,2335,2335,2336,0.24621424565339317,0.5083267248215702,0.2462703309029725,0.5083267248215702,2.85096312294666e-05
Random Forest,2336,2336,2337,0.2462703309029725,0.5083267248215702,0.24632641615255188,0.5083267248215702,2.8509631229480708e-05
Random Forest,2337,2337,2338,0.24632641615255188,0.5083267248215702,0.24638250140213125,0.5083267248215702,2.8509631229480708e-05
Random Forest,2338,2338,2339,0.24638250140213125,0.5083267248215702,0.24649467190128996,0.5083267248215702,5.701926245894731e-05
Random Forest,2339,2339,2340,0.24649467190128996,0.5083267248215702,0.24655075715086933,0.5083267248215702,2.8509631229480708e-05
Random Forest,2340,2340,2341,0.24655075715086933,0.5083267248215702,0.2466068424004487,0.5083267248215702,2.8509631229480708e-05
Random Forest,2341,2341,2342,0.2466068424004487,0.5083267248215702,0.24666292765002804,0.5083267248215702,2.85096312294666e-05
Random Forest,2342,2342,2343,0.24666292765002804,0.5083267248215702,0.2467190128996074,0.5083267248215702,2.8509631229480708e-05
Random Forest,2343,2343,2344,0.2467190128996074,0.5083267248215702,0.24677509814918677,0.5083267248215702,2.8509631229480708e-05
Random Forest,2344,2344,2345,0.24677509814918677,0.5083267248215702,0.2468311833987661,0.5083267248215702,2.85096312294666e-05
Random Forest,2345,2345,2346,0.2468311833987661,0.5083267248215702,0.2468311833987661,0.5091197462331483,0.0
Random Forest,2346,2346,2347,0.2468311833987661,0.5091197462331483,0.24694335389792485,0.5091197462331483,5.7108216066541696e-05
Random Forest,2347,2347,2348,0.24694335389792485,0.5091197462331483,0.24699943914750422,0.5091197462331483,2.8554108033270848e-05
Random Forest,2348,2348,2349,0.24699943914750422,0.5091197462331483,0.24705552439708356,0.5091197462331483,2.8554108033256716e-05
Random Forest,2349,2349,2350,0.24705552439708356,0.5091197462331483,0.2471676948962423,0.5091197462331483,5.7108216066541696e-05
Random Forest,2350,2350,2351,0.2471676948962423,0.5091197462331483,0.24722378014582164,0.5091197462331483,2.8554108033256716e-05
Random Forest,2351,2351,2352,0.24722378014582164,0.5091197462331483,0.247279865395401,0.5091197462331483,2.8554108033270848e-05
Random Forest,2352,2352,2353,0.247279865395401,0.5091197462331483,0.24733595064498037,0.5091197462331483,2.8554108033270848e-05
Random Forest,2353,2353,2354,0.24733595064498037,0.5091197462331483,0.24739203589455974,0.5091197462331483,2.8554108033270848e-05
Random Forest,2354,2354,2355,0.24739203589455974,0.5091197462331483,0.24744812114413908,0.5091197462331483,2.8554108033256716e-05
Random Forest,2355,2355,2356,0.24744812114413908,0.5091197462331483,0.24750420639371845,0.5091197462331483,2.8554108033270848e-05
Random Forest,2356,2356,2357,0.24750420639371845,0.5091197462331483,0.24756029164329782,0.5091197462331483,2.8554108033270848e-05
Random Forest,2357,2357,2358,0.24756029164329782,0.5091197462331483,0.24761637689287716,0.5091197462331483,2.8554108033256716e-05
Random Forest,2358,2358,2359,0.24761637689287716,0.5091197462331483,0.2477285473920359,0.5091197462331483,5.7108216066541696e-05
Random Forest,2359,2359,2360,0.2477285473920359,0.5091197462331483,0.24778463264161527,0.5091197462331483,2.8554108033270848e-05
Random Forest,2360,2360,2361,0.24778463264161527,0.5091197462331483,0.2478407178911946,0.5091197462331483,2.8554108033256716e-05
Random Forest,2361,2361,2362,0.2478407178911946,0.5091197462331483,0.24789680314077397,0.5091197462331483,2.8554108033270848e-05
Random Forest,2362,2362,2363,0.24789680314077397,0.5091197462331483,0.24795288839035334,0.5091197462331483,2.8554108033270848e-05
Random Forest,2363,2363,2364,0.24795288839035334,0.5091197462331483,0.24800897363993268,0.5099127676447264,2.8576346435151778e-05
Random Forest,2364,2364,2365,0.24800897363993268,0.5099127676447264,0.24800897363993268,0.5114988104678826,0.0
Random Forest,2365,2365,2366,0.24800897363993268,0.5114988104678826,0.24806505888951205,0.5122918318794607,2.8709776846536344e-05
Random Forest,2366,2366,2367,0.24806505888951205,0.5122918318794607,0.24806505888951205,0.5130848532910388,0.0
Random Forest,2367,2367,2368,0.24806505888951205,0.5130848532910388,0.24812114413909142,0.5130848532910388,2.8776492052221556e-05
Random Forest,2368,2368,2369,0.24812114413909142,0.5130848532910388,0.2481772293886708,0.5130848532910388,2.8776492052221556e-05
Random Forest,2369,2369,2370,0.2481772293886708,0.5130848532910388,0.24823331463825013,0.5130848532910388,2.8776492052207316e-05
Random Forest,2370,2370,2371,0.24823331463825013,0.5130848532910388,0.2482893998878295,0.5130848532910388,2.8776492052221556e-05
Random Forest,2371,2371,2372,0.2482893998878295,0.5130848532910388,0.24834548513740887,0.5130848532910388,2.8776492052221556e-05
Random Forest,2372,2372,2373,0.24834548513740887,0.5130848532910388,0.24840157038698824,0.5130848532910388,2.8776492052221556e-05
Random Forest,2373,2373,2374,0.24840157038698824,0.5130848532910388,0.24845765563656758,0.5130848532910388,2.8776492052207316e-05
Random Forest,2374,2374,2375,0.24845765563656758,0.5130848532910388,0.24862591138530565,0.5130848532910388,8.632947615665042e-05
Random Forest,2375,2375,2376,0.24862591138530565,0.5130848532910388,0.24868199663488502,0.5130848532910388,2.8776492052221556e-05
Random Forest,2376,2376,2377,0.24868199663488502,0.5130848532910388,0.24896242288278184,0.5130848532910388,0.00014388246026109352
Random Forest,2377,2377,2378,0.24896242288278184,0.5130848532910388,0.24946719012899607,0.5130848532910388,0.0002589884284699513
Random Forest,2378,2378,2379,0.24946719012899607,0.5130848532910388,0.24946719012899607,0.5138778747026169,0.0
Random Forest,2379,2379,2380,0.24946719012899607,0.5138778747026169,0.24952327537857544,0.5138778747026169,2.8820968856011696e-05
Random Forest,2380,2380,2381,0.24952327537857544,0.5138778747026169,0.2495793606281548,0.5138778747026169,2.8820968856011696e-05
Random Forest,2381,2381,2382,0.2495793606281548,0.5138778747026169,0.2495793606281548,0.514670896114195,0.0
Random Forest,2382,2382,2383,0.2495793606281548,0.514670896114195,0.24963544587773415,0.514670896114195,2.8865445659787552e-05
Random Forest,2383,2383,2384,0.24963544587773415,0.514670896114195,0.24969153112731352,0.514670896114195,2.8865445659801836e-05
Random Forest,2384,2384,2385,0.24969153112731352,0.514670896114195,0.24974761637689288,0.514670896114195,2.8865445659801836e-05
Random Forest,2385,2385,2386,0.24974761637689288,0.514670896114195,0.24980370162647222,0.514670896114195,2.8865445659787552e-05
Random Forest,2386,2386,2387,0.24980370162647222,0.514670896114195,0.24991587212563096,0.514670896114195,5.773089131960367e-05
Random Forest,2387,2387,2388,0.24991587212563096,0.514670896114195,0.25008412787436907,0.514670896114195,8.659633697940552e-05
Random Forest,2388,2388,2389,0.25008412787436907,0.514670896114195,0.250701065619742,0.514670896114195,0.0003175199022577488
Random Forest,2389,2389,2390,0.250701065619742,0.514670896114195,0.2507571508693214,0.514670896114195,2.8865445659816124e-05
Random Forest,2390,2390,2391,0.2507571508693214,0.514670896114195,0.25120583286595627,0.5154639175257731,0.00023110147249354667
Random Forest,2391,2391,2392,0.25120583286595627,0.5154639175257731,0.2512619181155356,0.5154639175257731,2.8909922463577672e-05
Random Forest,2392,2392,2393,0.2512619181155356,0.5154639175257731,0.25137408861469435,0.5154639175257731,5.781984492718396e-05
Random Forest,2393,2393,2394,0.25137408861469435,0.5154639175257731,0.2514301738642737,0.5154639175257731,2.8909922463577672e-05
Random Forest,2394,2394,2395,0.2514301738642737,0.5154639175257731,0.2514862591138531,0.5154639175257731,2.8909922463606285e-05
Random Forest,2395,2395,2396,0.2514862591138531,0.5154639175257731,0.2515423443634324,0.5154639175257731,2.8909922463577672e-05
Random Forest,2396,2396,2397,0.2515423443634324,0.5154639175257731,0.25159842961301176,0.5154639175257731,2.8909922463577672e-05
Random Forest,2397,2397,2398,0.25159842961301176,0.5154639175257731,0.25165451486259116,0.5154639175257731,2.8909922463606285e-05
Random Forest,2398,2398,2399,0.25165451486259116,0.5154639175257731,0.2517106001121705,0.5154639175257731,2.8909922463577672e-05
Random Forest,2399,2399,2400,0.2517106001121705,0.5154639175257731,0.25176668536174984,0.5154639175257731,2.8909922463577672e-05
Random Forest,2400,2400,2401,0.25176668536174984,0.5154639175257731,0.25182277061132924,0.5154639175257731,2.8909922463606285e-05
Random Forest,2401,2401,2402,0.25182277061132924,0.5154639175257731,0.2518788558609086,0.5154639175257731,2.8909922463577672e-05
Random Forest,2402,2402,2403,0.2518788558609086,0.5154639175257731,0.2519349411104879,0.5154639175257731,2.8909922463577672e-05
Random Forest,2403,2403,2404,0.2519349411104879,0.5154639175257731,0.25204711160964666,0.5154639175257731,5.781984492718396e-05
Random Forest,2404,2404,2405,0.25204711160964666,0.5154639175257731,0.252103196859226,0.5154639175257731,2.8909922463577672e-05
Random Forest,2405,2405,2406,0.252103196859226,0.5154639175257731,0.2521592821088054,0.5154639175257731,2.8909922463606285e-05
Random Forest,2406,2406,2407,0.2521592821088054,0.5154639175257731,0.25221536735838473,0.5154639175257731,2.8909922463577672e-05
Random Forest,2407,2407,2408,0.25221536735838473,0.5154639175257731,0.2524397083567022,0.5154639175257731,0.00011563968985436792
Random Forest,2408,2408,2409,0.2524397083567022,0.5154639175257731,0.25249579360628155,0.5154639175257731,2.8909922463577672e-05
Random Forest,2409,2409,2410,0.25249579360628155,0.5154639175257731,0.2525518788558609,0.5154639175257731,2.8909922463577672e-05
Random Forest,2410,2410,2411,0.2525518788558609,0.5154639175257731,0.2526079641054403,0.5154639175257731,2.8909922463606285e-05
Random Forest,2411,2411,2412,0.2526079641054403,0.5154639175257731,0.2526640493550196,0.5154639175257731,2.8909922463577672e-05
Random Forest,2412,2412,2413,0.2526640493550196,0.5154639175257731,0.2526640493550196,0.5162569389373514,0.0
Random Forest,2413,2413,2414,0.2526640493550196,0.5162569389373514,0.2526640493550196,0.5170499603489295,0.0
Random Forest,2414,2414,2415,0.2526640493550196,0.5170499603489295,0.2528323051037577,0.5170499603489295,8.699662821350245e-05
Random Forest,2415,2415,2416,0.2528323051037577,0.5170499603489295,0.25288839035333704,0.5170499603489295,2.899887607115792e-05
Random Forest,2416,2416,2417,0.25288839035333704,0.5170499603489295,0.25294447560291644,0.5170499603489295,2.899887607118662e-05
Random Forest,2417,2417,2418,0.25294447560291644,0.5170499603489295,0.2530005608524958,0.5170499603489295,2.899887607115792e-05
Random Forest,2418,2418,2419,0.2530005608524958,0.5170499603489295,0.2530566461020752,0.5170499603489295,2.899887607118662e-05
Random Forest,2419,2419,2420,0.2530566461020752,0.5170499603489295,0.2531127313516545,0.5170499603489295,2.899887607115792e-05
Random Forest,2420,2420,2421,0.2531127313516545,0.5170499603489295,0.25316881660123386,0.5170499603489295,2.899887607115792e-05
Random Forest,2421,2421,2422,0.25316881660123386,0.5170499603489295,0.25322490185081326,0.5170499603489295,2.899887607118662e-05
Random Forest,2422,2422,2423,0.25322490185081326,0.5170499603489295,0.2532809871003926,0.5170499603489295,2.899887607115792e-05
Random Forest,2423,2423,2424,0.2532809871003926,0.5170499603489295,0.25333707234997194,0.5170499603489295,2.899887607115792e-05
Random Forest,2424,2424,2425,0.25333707234997194,0.5170499603489295,0.25339315759955133,0.5178429817605076,2.90211144730817e-05
Random Forest,2425,2425,2426,0.25339315759955133,0.5178429817605076,0.25350532809871,0.5186360031720857,5.8131182553686194e-05
Random Forest,2426,2426,2427,0.25350532809871,0.5186360031720857,0.2535614133482894,0.5186360031720857,2.9087829678766948e-05
Random Forest,2427,2427,2428,0.2535614133482894,0.5186360031720857,0.25361749859786875,0.5186360031720857,2.9087829678738155e-05
Random Forest,2428,2428,2429,0.25361749859786875,0.5186360031720857,0.25361749859786875,0.5194290245836638,0.0
Random Forest,2429,2429,2430,0.25361749859786875,0.5194290245836638,0.25367358384744815,0.5194290245836638,2.9132306482557108e-05
Random Forest,2430,2430,2431,0.25367358384744815,0.5194290245836638,0.2537296690970275,0.5194290245836638,2.9132306482528275e-05
Random Forest,2431,2431,2432,0.2537296690970275,0.5194290245836638,0.25378575434660683,0.5194290245836638,2.9132306482528275e-05
Random Forest,2432,2432,2433,0.25378575434660683,0.5194290245836638,0.2538418395961862,0.5194290245836638,2.9132306482557108e-05
Random Forest,2433,2433,2434,0.2538418395961862,0.5194290245836638,0.25389792484576557,0.5194290245836638,2.9132306482528275e-05
Random Forest,2434,2434,2435,0.25389792484576557,0.5194290245836638,0.25406618059450364,0.5194290245836638,8.739691944761366e-05
Random Forest,2435,2435,2436,0.25406618059450364,0.5194290245836638,0.254122265844083,0.5194290245836638,2.9132306482528275e-05
Random Forest,2436,2436,2437,0.254122265844083,0.5194290245836638,0.2541783510936624,0.5194290245836638,2.9132306482557108e-05
Random Forest,2437,2437,2438,0.2541783510936624,0.5194290245836638,0.2544026920919798,0.5194290245836638,0.00011652922593014194
Random Forest,2438,2438,2439,0.2544026920919798,0.5194290245836638,0.2544587773415592,0.5194290245836638,2.9132306482557108e-05
Random Forest,2439,2439,2440,0.2544587773415592,0.5194290245836638,0.2545709478407179,0.5194290245836638,5.826461296505655e-05
Random Forest,2440,2440,2441,0.2545709478407179,0.5194290245836638,0.2546831183398766,0.5194290245836638,5.826461296508538e-05
Random Forest,2441,2441,2442,0.2546831183398766,0.5194290245836638,0.25473920358945595,0.5194290245836638,2.9132306482528275e-05
Random Forest,2442,2442,2443,0.25473920358945595,0.5194290245836638,0.25479528883903535,0.5194290245836638,2.9132306482557108e-05
Random Forest,2443,2443,2444,0.25479528883903535,0.5194290245836638,0.2548513740886147,0.5194290245836638,2.9132306482528275e-05
Random Forest,2444,2444,2445,0.2548513740886147,0.5194290245836638,0.25490745933819403,0.5194290245836638,2.9132306482528275e-05
Random Forest,2445,2445,2446,0.25490745933819403,0.5194290245836638,0.2549635445877734,0.5194290245836638,2.9132306482557108e-05
Random Forest,2446,2446,2447,0.2549635445877734,0.5194290245836638,0.25524397083567024,0.5194290245836638,0.00014566153241269905
Random Forest,2447,2447,2448,0.25524397083567024,0.5194290245836638,0.2553000560852496,0.5194290245836638,2.9132306482528275e-05
Random Forest,2448,2448,2449,0.2553000560852496,0.5194290245836638,0.2553561413348289,0.5194290245836638,2.9132306482528275e-05
Random Forest,2449,2449,2450,0.2553561413348289,0.5194290245836638,0.2555804823331464,0.5194290245836638,0.00011652922593017077
Random Forest,2450,2450,2451,0.2555804823331464,0.5194290245836638,0.25563656758272574,0.5194290245836638,2.9132306482528275e-05
Random Forest,2451,2451,2452,0.25563656758272574,0.5194290245836638,0.2556926528323051,0.5194290245836638,2.9132306482528275e-05
Random Forest,2452,2452,2453,0.2556926528323051,0.5194290245836638,0.2557487380818845,0.5194290245836638,2.9132306482557108e-05
Random Forest,2453,2453,2454,0.2557487380818845,0.5194290245836638,0.2558048233314638,0.52101506740682,2.9176783286318395e-05
Random Forest,2454,2454,2455,0.2558048233314638,0.52101506740682,0.2558609085810432,0.52101506740682,2.9221260090137436e-05
Random Forest,2455,2455,2456,0.2558609085810432,0.52101506740682,0.25860908581043185,0.5233941316415543,0.0014351107894943838
Random Forest,2456,2456,2457,0.25860908581043185,0.5233941316415543,0.25888951205832866,0.5233941316415543,0.00014677345250745246
Random Forest,2457,2457,2458,0.25888951205832866,0.5233941316415543,0.258945597307908,0.5233941316415543,2.935469050147887e-05
Random Forest,2458,2458,2459,0.258945597307908,0.5233941316415543,0.2592260235558048,0.5241871530531325,0.00014688464451692782
Random Forest,2459,2459,2460,0.2592260235558048,0.5241871530531325,0.25928210880538416,0.5241871530531325,2.939916730526899e-05
Random Forest,2460,2460,2461,0.25928210880538416,0.5241871530531325,0.26017947279865394,0.5241871530531325,0.00047038667688447847
Random Forest,2461,2461,2462,0.26017947279865394,0.5241871530531325,0.26023555804823334,0.5241871530531325,2.939916730529809e-05
Random Forest,2462,2462,2463,0.26023555804823334,0.5241871530531325,0.2602916432978127,0.5241871530531325,2.939916730526899e-05
Random Forest,2463,2463,2464,0.2602916432978127,0.5241871530531325,0.260347728547392,0.5241871530531325,2.939916730526899e-05
Random Forest,2464,2464,2465,0.260347728547392,0.5241871530531325,0.2604038137969714,0.5241871530531325,2.939916730529809e-05
Random Forest,2465,2465,2466,0.2604038137969714,0.5241871530531325,0.26045989904655076,0.5241871530531325,2.939916730526899e-05
Random Forest,2466,2466,2467,0.26045989904655076,0.5241871530531325,0.2605159842961301,0.5241871530531325,2.939916730526899e-05
Random Forest,2467,2467,2468,0.2605159842961301,0.5241871530531325,0.2605720695457095,0.5241871530531325,2.939916730529809e-05
Random Forest,2468,2468,2469,0.2605720695457095,0.5241871530531325,0.26062815479528884,0.5241871530531325,2.939916730526899e-05
Random Forest,2469,2469,2470,0.26062815479528884,0.5241871530531325,0.2606842400448682,0.5241871530531325,2.939916730526899e-05
Random Forest,2470,2470,2471,0.2606842400448682,0.5241871530531325,0.2607403252944476,0.5241871530531325,2.939916730529809e-05
Random Forest,2471,2471,2472,0.2607403252944476,0.5241871530531325,0.2607964105440269,0.5241871530531325,2.939916730526899e-05
Random Forest,2472,2472,2473,0.2607964105440269,0.5241871530531325,0.2610207515423444,0.5241871530531325,0.00011759666922113416
Random Forest,2473,2473,2474,0.2610207515423444,0.5241871530531325,0.2610768367919237,0.5249801744647106,2.942140570716405e-05
Random Forest,2474,2474,2475,0.2610768367919237,0.5249801744647106,0.26113292204150307,0.5249801744647106,2.944364410905911e-05
Random Forest,2475,2475,2476,0.26113292204150307,0.5249801744647106,0.26118900729108246,0.5249801744647106,2.9443644109088253e-05
Random Forest,2476,2476,2477,0.26118900729108246,0.5249801744647106,0.2612450925406618,0.5249801744647106,2.944364410905911e-05
Random Forest,2477,2477,2478,0.2612450925406618,0.5249801744647106,0.26130117779024115,0.5249801744647106,2.944364410905911e-05
Random Forest,2478,2478,2479,0.26130117779024115,0.5249801744647106,0.26135726303982054,0.5249801744647106,2.9443644109088253e-05
Random Forest,2479,2479,2480,0.26135726303982054,0.5249801744647106,0.2616937745372967,0.5257731958762887,0.00017679529506578335
Random Forest,2480,2480,2481,0.2616937745372967,0.5257731958762887,0.26174985978687604,0.5257731958762887,2.948812091284923e-05
Random Forest,2481,2481,2482,0.26174985978687604,0.5257731958762887,0.26180594503645543,0.5257731958762887,2.9488120912878417e-05
Random Forest,2482,2482,2483,0.26180594503645543,0.5257731958762887,0.2618620302860348,0.5257731958762887,2.948812091284923e-05
Random Forest,2483,2483,2484,0.2618620302860348,0.5257731958762887,0.2619181155356141,0.5257731958762887,2.948812091284923e-05
Random Forest,2484,2484,2485,0.2619181155356141,0.5257731958762887,0.2619742007851935,0.5257731958762887,2.9488120912878417e-05
Random Forest,2485,2485,2486,0.2619742007851935,0.5257731958762887,0.26203028603477285,0.5257731958762887,2.948812091284923e-05
Random Forest,2486,2486,2487,0.26203028603477285,0.5257731958762887,0.2620863712843522,0.5257731958762887,2.948812091284923e-05
Random Forest,2487,2487,2488,0.2620863712843522,0.5257731958762887,0.2621424565339316,0.5257731958762887,2.9488120912878417e-05
Random Forest,2488,2488,2489,0.2621424565339316,0.5257731958762887,0.26219854178351093,0.5257731958762887,2.948812091284923e-05
Random Forest,2489,2489,2490,0.26219854178351093,0.5257731958762887,0.26225462703309027,0.5257731958762887,2.948812091284923e-05
Random Forest,2490,2490,2491,0.26225462703309027,0.5257731958762887,0.262366797532249,0.5257731958762887,5.897624182572765e-05
Random Forest,2491,2491,2492,0.262366797532249,0.5257731958762887,0.2624228827818284,0.5257731958762887,2.9488120912878417e-05
Random Forest,2492,2492,2493,0.2624228827818284,0.5257731958762887,0.2625911385305665,0.5257731958762887,8.846436273857687e-05
Random Forest,2493,2493,2494,0.2625911385305665,0.5257731958762887,0.26275939427930456,0.5257731958762887,8.846436273857687e-05
Random Forest,2494,2494,2495,0.26275939427930456,0.5257731958762887,0.26287156477846324,0.5265662172878668,5.902071862948858e-05
Random Forest,2495,2495,2496,0.26287156477846324,0.5265662172878668,0.26292765002804264,0.5265662172878668,2.953259771666858e-05
Random Forest,2496,2496,2497,0.26292765002804264,0.5265662172878668,0.262983735277622,0.5265662172878668,2.9532597716639348e-05
Random Forest,2497,2497,2498,0.262983735277622,0.5265662172878668,0.2630398205272014,0.5265662172878668,2.953259771666858e-05
Random Forest,2498,2498,2499,0.2630398205272014,0.5265662172878668,0.2630959057767807,0.5265662172878668,2.9532597716639348e-05
Random Forest,2499,2499,2500,0.2630959057767807,0.5265662172878668,0.26320807627593945,0.5265662172878668,5.906519543330793e-05
Random Forest,2500,2500,2501,0.26320807627593945,0.5265662172878668,0.26332024677509813,0.5265662172878668,5.9065195433278696e-05
Random Forest,2501,2501,2502,0.26332024677509813,0.5265662172878668,0.26337633202467753,0.5265662172878668,2.953259771666858e-05
Random Forest,2502,2502,2503,0.26337633202467753,0.5265662172878668,0.26343241727425687,0.5265662172878668,2.9532597716639348e-05
Random Forest,2503,2503,2504,0.26343241727425687,0.5265662172878668,0.2634885025238362,0.5265662172878668,2.9532597716639348e-05
Random Forest,2504,2504,2505,0.2634885025238362,0.5265662172878668,0.2636567582725743,0.5265662172878668,8.859779314994728e-05
Random Forest,2505,2505,2506,0.2636567582725743,0.5265662172878668,0.2637128435221537,0.5265662172878668,2.953259771666858e-05
Random Forest,2506,2506,2507,0.2637128435221537,0.5265662172878668,0.263768928771733,0.5265662172878668,2.9532597716639348e-05
Random Forest,2507,2507,2508,0.263768928771733,0.5265662172878668,0.2638250140213124,0.5265662172878668,2.953259771666858e-05
Random Forest,2508,2508,2509,0.2638250140213124,0.5265662172878668,0.26388109927089176,0.5265662172878668,2.9532597716639348e-05
Random Forest,2509,2509,2510,0.26388109927089176,0.5265662172878668,0.26472237801458215,0.5265662172878668,0.0004429889657497364
Random Forest,2510,2510,2511,0.26472237801458215,0.5265662172878668,0.26477846326416155,0.5265662172878668,2.953259771666858e-05
Random Forest,2511,2511,2512,0.26477846326416155,0.5265662172878668,0.2648345485137409,0.5265662172878668,2.9532597716639348e-05
Random Forest,2512,2512,2513,0.2648345485137409,0.5265662172878668,0.2648906337633202,0.5265662172878668,2.9532597716639348e-05
Random Forest,2513,2513,2514,0.2648906337633202,0.5265662172878668,0.2649467190128996,0.5273592386994449,2.9554836118563663e-05
Random Forest,2514,2514,2515,0.2649467190128996,0.5273592386994449,0.26500280426247896,0.5289452815226011,2.9621551324219588e-05
Random Forest,2515,2515,2516,0.26500280426247896,0.5289452815226011,0.2651149747616377,0.5289452815226011,5.933205625604878e-05
Random Forest,2516,2516,2517,0.2651149747616377,0.5289452815226011,0.26517106001121704,0.5297383029341792,2.9688266529904766e-05
Random Forest,2517,2517,2518,0.26517106001121704,0.5297383029341792,0.26522714526079644,0.5297383029341792,2.9710504931829233e-05
Random Forest,2518,2518,2519,0.26522714526079644,0.5297383029341792,0.2652832305103758,0.5297383029341792,2.9710504931799828e-05
Random Forest,2519,2519,2520,0.2652832305103758,0.5297383029341792,0.2655075715086932,0.5297383029341792,0.00011884201972722872
Random Forest,2520,2520,2521,0.2655075715086932,0.5297383029341792,0.2655636567582726,0.5297383029341792,2.9710504931829233e-05
Random Forest,2521,2521,2522,0.2655636567582726,0.5297383029341792,0.26679753224901853,0.5313243457573354,0.0006546095981832144
Random Forest,2522,2522,2523,0.26679753224901853,0.5313243457573354,0.2668536174985979,0.5313243457573354,2.9799458539380064e-05
Random Forest,2523,2523,2524,0.2668536174985979,0.5313243457573354,0.2669097027481772,0.5313243457573354,2.9799458539380064e-05
Random Forest,2524,2524,2525,0.2669097027481772,0.5313243457573354,0.2669657879977566,0.5313243457573354,2.979945853940956e-05
Random Forest,2525,2525,2526,0.2669657879977566,0.5313243457573354,0.26702187324733595,0.5313243457573354,2.9799458539380064e-05
Random Forest,2526,2526,2527,0.26702187324733595,0.5313243457573354,0.2670779584969153,0.5313243457573354,2.9799458539380064e-05
Random Forest,2527,2527,2528,0.2670779584969153,0.5313243457573354,0.2671340437464947,0.5313243457573354,2.979945853940956e-05
Random Forest,2528,2528,2529,0.2671340437464947,0.5313243457573354,0.2674144699943915,0.5313243457573354,0.0001489972926969593
Random Forest,2529,2529,2530,0.2674144699943915,0.5313243457573354,0.26747055524397084,0.5313243457573354,2.9799458539380064e-05
Random Forest,2530,2530,2531,0.26747055524397084,0.5313243457573354,0.2682557487380819,0.5321173671689136,0.00041750375717799934
Random Forest,2531,2531,2532,0.2682557487380819,0.5321173671689136,0.26842400448681997,0.5321173671689136,8.953180602954009e-05
Random Forest,2532,2532,2533,0.26842400448681997,0.5321173671689136,0.2684800897363993,0.5321173671689136,2.9843935343170184e-05
Random Forest,2533,2533,2534,0.2684800897363993,0.5321173671689136,0.2685361749859787,0.5321173671689136,2.9843935343199722e-05
Random Forest,2534,2534,2535,0.2685361749859787,0.5321173671689136,0.26859226023555804,0.5321173671689136,2.9843935343170184e-05
Random Forest,2535,2535,2536,0.26859226023555804,0.5321173671689136,0.2686483454851374,0.5321173671689136,2.9843935343170184e-05
Random Forest,2536,2536,2537,0.2686483454851374,0.5321173671689136,0.2687044307347168,0.5321173671689136,2.9843935343199722e-05
Random Forest,2537,2537,2538,0.2687044307347168,0.5321173671689136,0.2687605159842961,0.5321173671689136,2.9843935343170184e-05
Random Forest,2538,2538,2539,0.2687605159842961,0.5321173671689136,0.2689848569826136,0.5321173671689136,0.00011937574137273981
Random Forest,2539,2539,2540,0.2689848569826136,0.5321173671689136,0.26904094223219294,0.5321173671689136,2.9843935343170184e-05
Random Forest,2540,2540,2541,0.26904094223219294,0.5321173671689136,0.26943353897924843,0.5321173671689136,0.00020890754740225036
Random Forest,2541,2541,2542,0.26943353897924843,0.5321173671689136,0.26948962422882783,0.5321173671689136,2.9843935343199722e-05
Random Forest,2542,2542,2543,0.26948962422882783,0.5321173671689136,0.26948962422882783,0.5329103885804917,0.0
Random Forest,2543,2543,2544,0.26948962422882783,0.5329103885804917,0.26954570947840717,0.5329103885804917,2.9888412146960304e-05
Random Forest,2544,2544,2545,0.26954570947840717,0.5329103885804917,0.26960179472798657,0.5329103885804917,2.9888412146989886e-05
Random Forest,2545,2545,2546,0.26960179472798657,0.5329103885804917,0.2696578799775659,0.5329103885804917,2.9888412146960304e-05
Random Forest,2546,2546,2547,0.2696578799775659,0.5329103885804917,0.26971396522714525,0.5329103885804917,2.9888412146960304e-05
Random Forest,2547,2547,2548,0.26971396522714525,0.5329103885804917,0.26977005047672464,0.5329103885804917,2.9888412146989886e-05
Random Forest,2548,2548,2549,0.26977005047672464,0.5329103885804917,0.269826135726304,0.5329103885804917,2.9888412146960304e-05
Random Forest,2549,2549,2550,0.269826135726304,0.5329103885804917,0.2698822209758833,0.5337034099920698,2.9910650548855362e-05
Random Forest,2550,2550,2551,0.2698822209758833,0.5337034099920698,0.2699383062254627,0.5337034099920698,2.993288895078005e-05
Random Forest,2551,2551,2552,0.2699383062254627,0.5337034099920698,0.26999439147504206,0.5337034099920698,2.9932888950750424e-05
Random Forest,2552,2552,2553,0.26999439147504206,0.5337034099920698,0.2700504767246214,0.5337034099920698,2.9932888950750424e-05
Random Forest,2553,2553,2554,0.2700504767246214,0.5337034099920698,0.2701065619742008,0.5337034099920698,2.993288895078005e-05
Random Forest,2554,2554,2555,0.2701065619742008,0.5337034099920698,0.27016264722378014,0.5337034099920698,2.9932888950750424e-05
Random Forest,2555,2555,2556,0.27016264722378014,0.5337034099920698,0.2702187324733595,0.5337034099920698,2.9932888950750424e-05
Random Forest,2556,2556,2557,0.2702187324733595,0.5337034099920698,0.2704991587212563,0.5337034099920698,0.00014966444475381137
Random Forest,2557,2557,2558,0.2704991587212563,0.5337034099920698,0.2705552439708357,0.5337034099920698,2.993288895078005e-05
Random Forest,2558,2558,2559,0.2705552439708357,0.5337034099920698,0.27061132922041503,0.5337034099920698,2.9932888950750424e-05
Random Forest,2559,2559,2560,0.27061132922041503,0.5337034099920698,0.27083567021873245,0.5337034099920698,0.00011973155580303132
Random Forest,2560,2560,2561,0.27083567021873245,0.5337034099920698,0.2710039259674706,0.5337034099920698,8.979866685231052e-05
Random Forest,2561,2561,2562,0.2710039259674706,0.5337034099920698,0.2710600112170499,0.5337034099920698,2.9932888950750424e-05
Random Forest,2562,2562,2563,0.2710600112170499,0.5337034099920698,0.27117218171620866,0.5337034099920698,5.9865777901530474e-05
Random Forest,2563,2563,2564,0.27117218171620866,0.5337034099920698,0.271228266965788,0.5337034099920698,2.9932888950750424e-05
Random Forest,2564,2564,2565,0.271228266965788,0.5337034099920698,0.27128435221536734,0.5337034099920698,2.9932888950750424e-05
Random Forest,2565,2565,2566,0.27128435221536734,0.5337034099920698,0.27134043746494674,0.5337034099920698,2.993288895078005e-05
Random Forest,2566,2566,2567,0.27134043746494674,0.5337034099920698,0.2713965227145261,0.5337034099920698,2.9932888950750424e-05
Random Forest,2567,2567,2568,0.2713965227145261,0.5337034099920698,0.2714526079641054,0.5337034099920698,2.9932888950750424e-05
Random Forest,2568,2568,2569,0.2714526079641054,0.5337034099920698,0.2715086932136848,0.5337034099920698,2.993288895078005e-05
Random Forest,2569,2569,2570,0.2715086932136848,0.5337034099920698,0.27156477846326416,0.5337034099920698,2.9932888950750424e-05
Random Forest,2570,2570,2571,0.27156477846326416,0.5337034099920698,0.2716208637128435,0.5337034099920698,2.9932888950750424e-05
Random Forest,2571,2571,2572,0.2716208637128435,0.5337034099920698,0.2716769489624229,0.5337034099920698,2.993288895078005e-05
Random Forest,2572,2572,2573,0.2716769489624229,0.5337034099920698,0.27173303421200223,0.5337034099920698,2.9932888950750424e-05
Random Forest,2573,2573,2574,0.27173303421200223,0.5337034099920698,0.27178911946158163,0.5337034099920698,2.993288895078005e-05
Random Forest,2574,2574,2575,0.27178911946158163,0.5337034099920698,0.27184520471116097,0.5337034099920698,2.9932888950750424e-05
Random Forest,2575,2575,2576,0.27184520471116097,0.5337034099920698,0.2719012899607403,0.5337034099920698,2.9932888950750424e-05
Random Forest,2576,2576,2577,0.2719012899607403,0.5337034099920698,0.2719573752103197,0.5337034099920698,2.993288895078005e-05
Random Forest,2577,2577,2578,0.2719573752103197,0.5337034099920698,0.27201346045989905,0.5337034099920698,2.9932888950750424e-05
Random Forest,2578,2578,2579,0.27201346045989905,0.5337034099920698,0.2721817162086371,0.5337034099920698,8.97986668522809e-05
Random Forest,2579,2579,2580,0.2721817162086371,0.5337034099920698,0.27223780145821647,0.5337034099920698,2.9932888950750424e-05
Random Forest,2580,2580,2581,0.27223780145821647,0.5337034099920698,0.27229388670779586,0.5337034099920698,2.993288895078005e-05
Random Forest,2581,2581,2582,0.27229388670779586,0.5337034099920698,0.27246214245653394,0.5337034099920698,8.97986668522809e-05
Random Forest,2582,2582,2583,0.27246214245653394,0.5337034099920698,0.2725182277061133,0.5337034099920698,2.9932888950750424e-05
Random Forest,2583,2583,2584,0.2725182277061133,0.5337034099920698,0.272630398205272,0.5337034099920698,5.9865777901530474e-05
Random Forest,2584,2584,2585,0.272630398205272,0.5337034099920698,0.27268648345485136,0.5337034099920698,2.9932888950750424e-05
Random Forest,2585,2585,2586,0.27268648345485136,0.5337034099920698,0.27291082445316883,0.5344964314036479,0.00011982050941064123
Random Forest,2586,2586,2587,0.27291082445316883,0.5344964314036479,0.2730229949523275,0.5344964314036479,5.995473150908109e-05
Random Forest,2587,2587,2588,0.2730229949523275,0.5344964314036479,0.2730790802019069,0.5344964314036479,2.9977365754570214e-05
Random Forest,2588,2588,2589,0.2730790802019069,0.5344964314036479,0.27313516545148625,0.5344964314036479,2.9977365754540544e-05
Random Forest,2589,2589,2590,0.27313516545148625,0.5344964314036479,0.27319125070106565,0.5344964314036479,2.9977365754570214e-05
Random Forest,2590,2590,2591,0.27319125070106565,0.5344964314036479,0.273247335950645,0.5344964314036479,2.9977365754540544e-05
Random Forest,2591,2591,2592,0.273247335950645,0.5344964314036479,0.27341559169938306,0.535289452815226,8.999881246933649e-05
Random Forest,2592,2592,2593,0.27341559169938306,0.535289452815226,0.2734716769489624,0.535289452815226,3.0021842558330664e-05
Random Forest,2593,2593,2594,0.2734716769489624,0.535289452815226,0.2736960179472799,0.535289452815226,0.00012008737023338208
Random Forest,2594,2594,2595,0.2736960179472799,0.535289452815226,0.27380818844643856,0.535289452815226,6.004368511666133e-05
Random Forest,2595,2595,2596,0.27380818844643856,0.535289452815226,0.27386427369601796,0.535289452815226,3.0021842558360378e-05
Random Forest,2596,2596,2597,0.27386427369601796,0.535289452815226,0.2739203589455973,0.535289452815226,3.0021842558330664e-05
Random Forest,2597,2597,2598,0.2739203589455973,0.535289452815226,0.2739764441951767,0.535289452815226,3.0021842558360378e-05
Random Forest,2598,2598,2599,0.2739764441951767,0.535289452815226,0.27403252944475603,0.535289452815226,3.0021842558330664e-05
Random Forest,2599,2599,2600,0.27403252944475603,0.535289452815226,0.2740886146943354,0.535289452815226,3.0021842558330664e-05
Random Forest,2600,2600,2601,0.2740886146943354,0.535289452815226,0.27414469994391477,0.535289452815226,3.0021842558360378e-05
Random Forest,2601,2601,2602,0.27414469994391477,0.535289452815226,0.27425687044307345,0.535289452815226,6.004368511666133e-05
Random Forest,2602,2602,2603,0.27425687044307345,0.535289452815226,0.27431295569265285,0.535289452815226,3.0021842558360378e-05
Random Forest,2603,2603,2604,0.27431295569265285,0.535289452815226,0.27431295569265285,0.5360824742268041,0.0
Random Forest,2604,2604,2605,0.27431295569265285,0.5360824742268041,0.2743690409422322,0.5360824742268041,3.006631936212078e-05
Random Forest,2605,2605,2606,0.2743690409422322,0.5360824742268041,0.27442512619181153,0.5360824742268041,3.006631936212078e-05
Random Forest,2606,2606,2607,0.27442512619181153,0.5360824742268041,0.2749298934380258,0.5360824742268041,0.00027059687425920605
Random Forest,2607,2607,2608,0.2749298934380258,0.5360824742268041,0.275266404935502,0.5360824742268041,0.0001803979161727842
Random Forest,2608,2608,2609,0.275266404935502,0.5360824742268041,0.2753224901850813,0.5360824742268041,3.006631936212078e-05
Random Forest,2609,2609,2610,0.2753224901850813,0.5360824742268041,0.2753224901850813,0.5368754956383822,0.0
Random Forest,2610,2610,2611,0.2753224901850813,0.5368754956383822,0.2753785754346607,0.5368754956383822,3.0110796165940702e-05
Random Forest,2611,2611,2612,0.2753785754346607,0.5368754956383822,0.27543466068424005,0.5368754956383822,3.01107961659109e-05
Random Forest,2612,2612,2613,0.27543466068424005,0.5368754956383822,0.2755468311833988,0.5368754956383822,6.02215923318516e-05
Random Forest,2613,2613,2614,0.2755468311833988,0.5368754956383822,0.27560291643297813,0.5368754956383822,3.01107961659109e-05
Random Forest,2614,2614,2615,0.27560291643297813,0.5368754956383822,0.27565900168255747,0.5368754956383822,3.01107961659109e-05
Random Forest,2615,2615,2616,0.27565900168255747,0.5368754956383822,0.27571508693213687,0.5368754956383822,3.0110796165940702e-05
Random Forest,2616,2616,2617,0.27571508693213687,0.5368754956383822,0.2757711721817162,0.5368754956383822,3.01107961659109e-05
Random Forest,2617,2617,2618,0.2757711721817162,0.5368754956383822,0.27582725743129555,0.5368754956383822,3.01107961659109e-05
Random Forest,2618,2618,2619,0.27582725743129555,0.5368754956383822,0.27616376892877176,0.5368754956383822,0.00018066477699555481
Random Forest,2619,2619,2620,0.27616376892877176,0.5368754956383822,0.2762198541783511,0.5368754956383822,3.01107961659109e-05
Random Forest,2620,2620,2621,0.2762198541783511,0.5368754956383822,0.2762198541783511,0.5376685170499603,0.0
Random Forest,2621,2621,2622,0.2762198541783511,0.5376685170499603,0.27627593942793044,0.5376685170499603,3.015527296970102e-05
Random Forest,2622,2622,2623,0.27627593942793044,0.5376685170499603,0.27633202467750984,0.5376685170499603,3.0155272969730866e-05
Random Forest,2623,2623,2624,0.27633202467750984,0.5376685170499603,0.2763881099270892,0.5376685170499603,3.015527296970102e-05
Random Forest,2624,2624,2625,0.2763881099270892,0.5376685170499603,0.2764441951766685,0.5376685170499603,3.015527296970102e-05
Random Forest,2625,2625,2626,0.2764441951766685,0.5376685170499603,0.27672462142456533,0.5376685170499603,0.0001507763648485648
Random Forest,2626,2626,2627,0.27672462142456533,0.5376685170499603,0.2767807066741447,0.5376685170499603,3.0155272969730866e-05
Random Forest,2627,2627,2628,0.2767807066741447,0.5376685170499603,0.27683679192372407,0.5376685170499603,3.015527296970102e-05
Random Forest,2628,2628,2629,0.27683679192372407,0.5376685170499603,0.2768928771733034,0.5376685170499603,3.015527296970102e-05
Random Forest,2629,2629,2630,0.2768928771733034,0.5376685170499603,0.2769489624228828,0.5376685170499603,3.0155272969730866e-05
Random Forest,2630,2630,2631,0.2769489624228828,0.5376685170499603,0.27700504767246215,0.5376685170499603,3.015527296970102e-05
Random Forest,2631,2631,2632,0.27700504767246215,0.5376685170499603,0.2781828379136287,0.5400475812846947,0.0006346617516833196
Random Forest,2632,2632,2633,0.2781828379136287,0.5400475812846947,0.2786315199102636,0.5400475812846947,0.00024230962704866097
Random Forest,2633,2633,2634,0.2786315199102636,0.5400475812846947,0.278687605159843,0.5400475812846947,3.0288703381101358e-05
Random Forest,2634,2634,2635,0.278687605159843,0.5400475812846947,0.2787436904094223,0.5400475812846947,3.0288703381071377e-05
Random Forest,2635,2635,2636,0.2787436904094223,0.5400475812846947,0.2789119461581604,0.5400475812846947,9.086611014324411e-05
Random Forest,2636,2636,2637,0.2789119461581604,0.5400475812846947,0.2789680314077398,0.5400475812846947,3.0288703381101358e-05
Random Forest,2637,2637,2638,0.2789680314077398,0.5400475812846947,0.27924845765563655,0.5408406026962728,0.00015155470891486218
Random Forest,2638,2638,2639,0.27924845765563655,0.5408406026962728,0.27924845765563655,0.5416336241078509,0.0
Random Forest,2639,2639,2640,0.27924845765563655,0.5416336241078509,0.27941671340437463,0.5416336241078509,9.113297096598492e-05
Random Forest,2640,2640,2641,0.27941671340437463,0.5416336241078509,0.279472798653954,0.5416336241078509,3.0377656988681683e-05
Random Forest,2641,2641,2642,0.279472798653954,0.5416336241078509,0.27952888390353337,0.5416336241078509,3.0377656988651616e-05
Random Forest,2642,2642,2643,0.27952888390353337,0.5416336241078509,0.2796410544026921,0.5416336241078509,6.07553139773333e-05
Random Forest,2643,2643,2644,0.2796410544026921,0.5416336241078509,0.27969713965227144,0.5416336241078509,3.0377656988651616e-05
Random Forest,2644,2644,2645,0.27969713965227144,0.5416336241078509,0.27975322490185084,0.5416336241078509,3.0377656988681683e-05
Random Forest,2645,2645,2646,0.27975322490185084,0.5416336241078509,0.2798093101514302,0.5416336241078509,3.0377656988651616e-05
Random Forest,2646,2646,2647,0.2798093101514302,0.5416336241078509,0.2798653954010095,0.5416336241078509,3.0377656988651616e-05
Random Forest,2647,2647,2648,0.2798653954010095,0.5416336241078509,0.2799214806505889,0.5416336241078509,3.0377656988681683e-05
Random Forest,2648,2648,2649,0.2799214806505889,0.5416336241078509,0.27997756590016826,0.5416336241078509,3.0377656988651616e-05
Random Forest,2649,2649,2650,0.27997756590016826,0.5416336241078509,0.2800336511497476,0.5416336241078509,3.0377656988651616e-05
Random Forest,2650,2650,2651,0.2800336511497476,0.5416336241078509,0.280089736399327,0.5416336241078509,3.0377656988681683e-05
Random Forest,2651,2651,2652,0.280089736399327,0.5416336241078509,0.28014582164890633,0.5416336241078509,3.0377656988651616e-05
Random Forest,2652,2652,2653,0.28014582164890633,0.5416336241078509,0.2802019068984857,0.5416336241078509,3.0377656988651616e-05
Random Forest,2653,2653,2654,0.2802019068984857,0.5416336241078509,0.28025799214806507,0.5416336241078509,3.0377656988681683e-05
Random Forest,2654,2654,2655,0.28025799214806507,0.5416336241078509,0.28025799214806507,0.542426645519429,0.0
Random Forest,2655,2655,2656,0.28025799214806507,0.542426645519429,0.2803140773976444,0.542426645519429,3.0422133792441736e-05
Random Forest,2656,2656,2657,0.2803140773976444,0.542426645519429,0.28037016264722375,0.542426645519429,3.0422133792441736e-05
Random Forest,2657,2657,2658,0.28037016264722375,0.542426645519429,0.2804823331463825,0.542426645519429,6.084426758491358e-05
Random Forest,2658,2658,2659,0.2804823331463825,0.542426645519429,0.28065058889512057,0.5432196669310071,9.133311658304052e-05
Random Forest,2659,2659,2660,0.28065058889512057,0.5432196669310071,0.28065058889512057,0.5440126883425852,0.0
Random Forest,2660,2660,2661,0.28065058889512057,0.5440126883425852,0.2807627593942793,0.5440126883425852,6.102217480007415e-05
Random Forest,2661,2661,2662,0.2807627593942793,0.5440126883425852,0.2810431856421761,0.5440126883425852,0.00015255543700017028
Random Forest,2662,2662,2663,0.2810431856421761,0.5440126883425852,0.28109927089175546,0.5440126883425852,3.0511087400021976e-05
Random Forest,2663,2663,2664,0.28109927089175546,0.5440126883425852,0.28115535614133486,0.5440126883425852,3.0511087400052175e-05
Random Forest,2664,2664,2665,0.28115535614133486,0.5440126883425852,0.28132361189007293,0.5440126883425852,9.153326220009613e-05
Random Forest,2665,2665,2666,0.28132361189007293,0.5440126883425852,0.2813796971396523,0.5440126883425852,3.0511087400021976e-05
Random Forest,2666,2666,2667,0.2813796971396523,0.5440126883425852,0.2814357823892316,0.5440126883425852,3.0511087400021976e-05
Random Forest,2667,2667,2668,0.2814357823892316,0.5440126883425852,0.281491867638811,0.5440126883425852,3.0511087400052175e-05
Random Forest,2668,2668,2669,0.281491867638811,0.5440126883425852,0.28154795288839035,0.5440126883425852,3.0511087400021976e-05
Random Forest,2669,2669,2670,0.28154795288839035,0.5440126883425852,0.2816040381379697,0.5440126883425852,3.0511087400021976e-05
Random Forest,2670,2670,2671,0.2816040381379697,0.5440126883425852,0.2816601233875491,0.5440126883425852,3.0511087400052175e-05
Random Forest,2671,2671,2672,0.2816601233875491,0.5440126883425852,0.28171620863712843,0.5440126883425852,3.0511087400021976e-05
Random Forest,2672,2672,2673,0.28171620863712843,0.5440126883425852,0.28177229388670777,0.5440126883425852,3.0511087400021976e-05
Random Forest,2673,2673,2674,0.28177229388670777,0.5440126883425852,0.28182837913628717,0.5440126883425852,3.0511087400052175e-05
Random Forest,2674,2674,2675,0.28182837913628717,0.5440126883425852,0.2818844643858665,0.5440126883425852,3.0511087400021976e-05
Random Forest,2675,2675,2676,0.2818844643858665,0.5440126883425852,0.2819405496354459,0.5440126883425852,3.0511087400052175e-05
Random Forest,2676,2676,2677,0.2819405496354459,0.5440126883425852,0.28199663488502524,0.5440126883425852,3.0511087400021976e-05
Random Forest,2677,2677,2678,0.28199663488502524,0.5440126883425852,0.2820527201346046,0.5440126883425852,3.0511087400021976e-05
Random Forest,2678,2678,2679,0.2820527201346046,0.5440126883425852,0.28227706113292206,0.5455987311657414,0.00012222225681530886
Random Forest,2679,2679,2680,0.28227706113292206,0.5455987311657414,0.2823331463825014,0.5455987311657414,3.060004100760221e-05
Random Forest,2680,2680,2681,0.2823331463825014,0.5455987311657414,0.2825014021312395,0.548770816812054,9.206698384557776e-05
Random Forest,2681,2681,2682,0.2825014021312395,0.548770816812054,0.2825574873808188,0.548770816812054,3.07779482227627e-05
Random Forest,2682,2682,2683,0.2825574873808188,0.548770816812054,0.2826135726303982,0.548770816812054,3.077794822279316e-05
Random Forest,2683,2683,2684,0.2826135726303982,0.548770816812054,0.28283791362871563,0.5495638382236321,0.0001232007464986615
Random Forest,2684,2684,2685,0.28283791362871563,0.5495638382236321,0.282893998878295,0.5495638382236321,3.082242502658332e-05
Random Forest,2685,2685,2686,0.282893998878295,0.5495638382236321,0.28295008412787437,0.5495638382236321,3.0822425026552816e-05
Random Forest,2686,2686,2687,0.28295008412787437,0.5495638382236321,0.2836791923724061,0.5519429024583664,0.0004015588230192468
Random Forest,2687,2687,2688,0.2836791923724061,0.5519429024583664,0.2837352776219854,0.5519429024583664,3.095585543792317e-05
Random Forest,2688,2688,2689,0.2837352776219854,0.5519429024583664,0.28379136287156476,0.5519429024583664,3.095585543792317e-05
Random Forest,2689,2689,2690,0.28379136287156476,0.5519429024583664,0.28384744812114415,0.5519429024583664,3.0955855437953815e-05
Random Forest,2690,2690,2691,0.28384744812114415,0.5519429024583664,0.2839035333707235,0.5519429024583664,3.095585543792317e-05
Random Forest,2691,2691,2692,0.2839035333707235,0.5519429024583664,0.28401570386988223,0.5527359238699445,6.195618767966712e-05
Random Forest,2692,2692,2693,0.28401570386988223,0.5527359238699445,0.28412787436904097,0.5527359238699445,6.200066448345727e-05
Random Forest,2693,2693,2694,0.28412787436904097,0.5527359238699445,0.28468872686483454,0.5527359238699445,0.00031000332241722496
Random Forest,2694,2694,2695,0.28468872686483454,0.5527359238699445,0.2848008973639933,0.5527359238699445,6.200066448345727e-05
Random Forest,2695,2695,2696,0.2848008973639933,0.5527359238699445,0.2848569826135726,0.5527359238699445,3.1000332241713296e-05
Random Forest,2696,2696,2697,0.2848569826135726,0.5527359238699445,0.2865956253505328,0.5535289452815226,0.0009616996899521967
Random Forest,2697,2697,2698,0.2865956253505328,0.5535289452815226,0.2866517106001122,0.5535289452815226,3.104480904553414e-05
Random Forest,2698,2698,2699,0.2866517106001122,0.5535289452815226,0.2867077958496915,0.5535289452815226,3.104480904550341e-05
Random Forest,2699,2699,2700,0.2867077958496915,0.5535289452815226,0.28676388109927087,0.5535289452815226,3.104480904550341e-05
Random Forest,2700,2700,2701,0.28676388109927087,0.5535289452815226,0.28681996634885026,0.5535289452815226,3.104480904553414e-05
Random Forest,2701,2701,2702,0.28681996634885026,0.5535289452815226,0.2868760515984296,0.5535289452815226,3.104480904550341e-05
Random Forest,2702,2702,2703,0.2868760515984296,0.5535289452815226,0.286932136848009,0.5535289452815226,3.104480904553414e-05
Random Forest,2703,2703,2704,0.286932136848009,0.5535289452815226,0.28698822209758834,0.5535289452815226,3.104480904550341e-05
Random Forest,2704,2704,2705,0.28698822209758834,0.5535289452815226,0.2870443073471677,0.5535289452815226,3.104480904550341e-05
Random Forest,2705,2705,2706,0.2870443073471677,0.5535289452815226,0.2871003925967471,0.5535289452815226,3.104480904553414e-05
Random Forest,2706,2706,2707,0.2871003925967471,0.5535289452815226,0.2871564778463264,0.5535289452815226,3.104480904550341e-05
Random Forest,2707,2707,2708,0.2871564778463264,0.5535289452815226,0.28721256309590576,0.5535289452815226,3.104480904550341e-05
Random Forest,2708,2708,2709,0.28721256309590576,0.5535289452815226,0.2876051598429613,0.5535289452815226,0.00021731366331861608
Random Forest,2709,2709,2710,0.2876051598429613,0.5535289452815226,0.28766124509254065,0.5535289452815226,3.104480904550341e-05
Random Forest,2710,2710,2711,0.28766124509254065,0.5535289452815226,0.28771733034212005,0.5535289452815226,3.104480904553414e-05
Random Forest,2711,2711,2712,0.28771733034212005,0.5535289452815226,0.2877734155916994,0.5535289452815226,3.104480904550341e-05
Random Forest,2712,2712,2713,0.2877734155916994,0.5535289452815226,0.28782950084127873,0.5535289452815226,3.104480904550341e-05
Random Forest,2713,2713,2714,0.28782950084127873,0.5535289452815226,0.2878855860908581,0.5535289452815226,3.104480904553414e-05
Random Forest,2714,2714,2715,0.2878855860908581,0.5535289452815226,0.28794167134043747,0.5535289452815226,3.104480904550341e-05
Random Forest,2715,2715,2716,0.28794167134043747,0.5535289452815226,0.28883903533370725,0.5543219666931007,0.0004970727591585601
Random Forest,2716,2716,2717,0.28883903533370725,0.5543219666931007,0.2888951205832866,0.5543219666931007,3.1089285849293535e-05
Random Forest,2717,2717,2718,0.2888951205832866,0.5543219666931007,0.28895120583286593,0.5543219666931007,3.1089285849293535e-05
Random Forest,2718,2718,2719,0.28895120583286593,0.5543219666931007,0.28900729108244533,0.5543219666931007,3.1089285849324307e-05
Random Forest,2719,2719,2720,0.28900729108244533,0.5543219666931007,0.2893438025799215,0.5543219666931007,0.00018653571509582274
Random Forest,2720,2720,2721,0.2893438025799215,0.5543219666931007,0.2893998878295008,0.5543219666931007,3.1089285849293535e-05
Random Forest,2721,2721,2722,0.2893998878295008,0.5543219666931007,0.2894559730790802,0.5543219666931007,3.1089285849324307e-05
Random Forest,2722,2722,2723,0.2894559730790802,0.5543219666931007,0.2896242288278183,0.5543219666931007,9.326785754791137e-05
Random Forest,2723,2723,2724,0.2896242288278183,0.5543219666931007,0.28968031407739764,0.5543219666931007,3.1089285849293535e-05
Random Forest,2724,2724,2725,0.28968031407739764,0.5543219666931007,0.289736399326977,0.5543219666931007,3.1089285849293535e-05
Random Forest,2725,2725,2726,0.289736399326977,0.5543219666931007,0.2897924845765564,0.5543219666931007,3.1089285849324307e-05
Random Forest,2726,2726,2727,0.2897924845765564,0.5543219666931007,0.2898485698261357,0.5543219666931007,3.1089285849293535e-05
Random Forest,2727,2727,2728,0.2898485698261357,0.5543219666931007,0.2899046550757151,0.5543219666931007,3.1089285849324307e-05
Random Forest,2728,2728,2729,0.2899046550757151,0.5543219666931007,0.2900168255748738,0.5543219666931007,6.217857169858707e-05
Random Forest,2729,2729,2730,0.2900168255748738,0.5543219666931007,0.2902972518227706,0.5543219666931007,0.0001554464292465292
Random Forest,2730,2730,2731,0.2902972518227706,0.5543219666931007,0.29035333707234995,0.5543219666931007,3.1089285849293535e-05
Random Forest,2731,2731,2732,0.29035333707234995,0.5543219666931007,0.29040942232192934,0.5543219666931007,3.1089285849324307e-05
Random Forest,2732,2732,2733,0.29040942232192934,0.5543219666931007,0.2904655075715087,0.5543219666931007,3.1089285849293535e-05
Random Forest,2733,2733,2734,0.2904655075715087,0.5543219666931007,0.2905215928210881,0.5551149881046789,3.111152425121939e-05
Random Forest,2734,2734,2735,0.2905215928210881,0.5551149881046789,0.29068984856982616,0.5551149881046789,9.340128795928177e-05
Random Forest,2735,2735,2736,0.29068984856982616,0.5551149881046789,0.2907459338194055,0.5551149881046789,3.113376265308365e-05
Random Forest,2736,2736,2737,0.2907459338194055,0.5551149881046789,0.291138530566461,0.5551149881046789,0.00021793633857164718
Random Forest,2737,2737,2738,0.291138530566461,0.5551149881046789,0.2911946158160404,0.5551149881046789,3.1133762653114464e-05
Random Forest,2738,2738,2739,0.2911946158160404,0.5551149881046789,0.29181155356141336,0.5574940523394132,0.0003432052564465807
Random Forest,2739,2739,2740,0.29181155356141336,0.5574940523394132,0.2921480650588895,0.5574940523394132,0.00018760315838678595
Random Forest,2740,2740,2741,0.2921480650588895,0.5574940523394132,0.29226023555804825,0.5574940523394132,6.253438612893897e-05
Random Forest,2741,2741,2742,0.29226023555804825,0.5574940523394132,0.29237240605720693,0.5574940523394132,6.253438612890802e-05
Random Forest,2742,2742,2743,0.29237240605720693,0.5574940523394132,0.29242849130678633,0.5574940523394132,3.1267193064484956e-05
Random Forest,2743,2743,2744,0.29242849130678633,0.5574940523394132,0.29248457655636567,0.5574940523394132,3.126719306445401e-05
Random Forest,2744,2744,2745,0.29248457655636567,0.5574940523394132,0.292540661805945,0.5582870737509913,3.128943146634907e-05
Random Forest,2745,2745,2746,0.292540661805945,0.5582870737509913,0.2925967470555244,0.5582870737509913,3.131166986827512e-05
Random Forest,2746,2746,2747,0.2925967470555244,0.5582870737509913,0.29265283230510375,0.5582870737509913,3.131166986824413e-05
Random Forest,2747,2747,2748,0.29265283230510375,0.5582870737509913,0.2928771733034212,0.5582870737509913,0.0001252466794730385
Random Forest,2748,2748,2749,0.2928771733034212,0.5582870737509913,0.29293325855300056,0.5582870737509913,3.131166986824413e-05
Random Forest,2749,2749,2750,0.29293325855300056,0.5582870737509913,0.2943353897924846,0.5614591593973037,0.0007850155868958889
Random Forest,2750,2750,2751,0.2943353897924846,0.5614591593973037,0.294559730790802,0.5614591593973037,0.0001259583083336496
Random Forest,2751,2751,2752,0.294559730790802,0.5614591593973037,0.2946158160403814,0.5614591593973037,3.1489577083435776e-05
Random Forest,2752,2752,2753,0.2946158160403814,0.5614591593973037,0.2960179472798654,0.5622521808088818,0.0007877953871327723
Random Forest,2753,2753,2754,0.2960179472798654,0.5622521808088818,0.2961301177790241,0.5622521808088818,6.306810777438946e-05
Random Forest,2754,2754,2755,0.2961301177790241,0.5622521808088818,0.2961862030286035,0.5622521808088818,3.153405388722594e-05
Random Forest,2755,2755,2756,0.2961862030286035,0.5622521808088818,0.29624228827818283,0.5622521808088818,3.153405388719473e-05
Random Forest,2756,2756,2757,0.29624228827818283,0.5622521808088818,0.29629837352776217,0.56304520222046,3.155629228908978e-05
Random Forest,2757,2757,2758,0.29629837352776217,0.56304520222046,0.29635445877734157,0.56304520222046,3.1578530691016104e-05
Random Forest,2758,2758,2759,0.29635445877734157,0.56304520222046,0.2964105440269209,0.56304520222046,3.1578530690984845e-05
Random Forest,2759,2759,2760,0.2964105440269209,0.56304520222046,0.2964666292765003,0.56304520222046,3.1578530691016104e-05
Random Forest,2760,2760,2761,0.2964666292765003,0.56304520222046,0.29652271452607964,0.56304520222046,3.1578530690984845e-05
Random Forest,2761,2761,2762,0.29652271452607964,0.56304520222046,0.296578799775659,0.56304520222046,3.1578530690984845e-05
Random Forest,2762,2762,2763,0.296578799775659,0.56304520222046,0.29747616376892877,0.56304520222046,0.0005052564910559451
Random Forest,2763,2763,2764,0.29747616376892877,0.56304520222046,0.2975322490185081,0.56304520222046,3.1578530690984845e-05
Random Forest,2764,2764,2765,0.2975322490185081,0.56304520222046,0.2975883342680875,0.56304520222046,3.1578530691016104e-05
Random Forest,2765,2765,2766,0.2975883342680875,0.56304520222046,0.2977565900168256,0.56304520222046,9.473559207298579e-05
Random Forest,2766,2766,2767,0.2977565900168256,0.56304520222046,0.29882220975883345,0.5638382236320381,0.0006004146127649372
Random Forest,2767,2767,2768,0.29882220975883345,0.5638382236320381,0.2988782950084128,0.5638382236320381,3.162300749477497e-05
Random Forest,2768,2768,2769,0.2988782950084128,0.5638382236320381,0.2989343802579921,0.5638382236320381,3.162300749477497e-05
Random Forest,2769,2769,2770,0.2989343802579921,0.5638382236320381,0.2989904655075715,0.5638382236320381,3.162300749480626e-05
Random Forest,2770,2770,2771,0.2989904655075715,0.5638382236320381,0.29904655075715086,0.5638382236320381,3.162300749477497e-05
Random Forest,2771,2771,2772,0.29904655075715086,0.5638382236320381,0.2991026360067302,0.5638382236320381,3.162300749477497e-05
Random Forest,2772,2772,2773,0.2991026360067302,0.5638382236320381,0.2991587212563096,0.5638382236320381,3.162300749480626e-05
Random Forest,2773,2773,2774,0.2991587212563096,0.5638382236320381,0.29921480650588894,0.5638382236320381,3.162300749477497e-05
Random Forest,2774,2774,2775,0.29921480650588894,0.5638382236320381,0.29927089175546834,0.5638382236320381,3.162300749480626e-05
Random Forest,2775,2775,2776,0.29927089175546834,0.5638382236320381,0.2993269770050477,0.5638382236320381,3.162300749477497e-05
Random Forest,2776,2776,2777,0.2993269770050477,0.5638382236320381,0.299383062254627,0.5638382236320381,3.162300749477497e-05
Random Forest,2777,2777,2778,0.299383062254627,0.5638382236320381,0.2996074032529445,0.5638382236320381,0.00012649202997916246
Random Forest,2778,2778,2779,0.2996074032529445,0.5638382236320381,0.29966348850252383,0.5638382236320381,3.162300749477497e-05
Random Forest,2779,2779,2780,0.29966348850252383,0.5638382236320381,0.2997195737521032,0.5638382236320381,3.162300749477497e-05
Random Forest,2780,2780,2781,0.2997195737521032,0.5638382236320381,0.29977565900168257,0.5638382236320381,3.162300749480626e-05
Random Forest,2781,2781,2782,0.29977565900168257,0.5638382236320381,0.29988782950084125,0.5638382236320381,6.324601498954994e-05
Random Forest,2782,2782,2783,0.29988782950084125,0.5638382236320381,0.29994391475042065,0.5646312450436162,3.164524589670134e-05
Random Forest,2783,2783,2784,0.29994391475042065,0.5646312450436162,0.3,0.5646312450436162,3.1667484298565085e-05
Random Forest,2784,2784,2785,0.3,0.5646312450436162,0.30067302299495235,0.5662172878667724,0.0003805435332284194
Random Forest,2785,2785,2786,0.30067302299495235,0.5662172878667724,0.30078519349411104,0.5662172878667724,6.351287581229065e-05
Random Forest,2786,2786,2787,0.30078519349411104,0.5662172878667724,0.30084127874369043,0.5662172878667724,3.175643790617675e-05
Random Forest,2787,2787,2788,0.30084127874369043,0.5662172878667724,0.3008973639932698,0.5662172878667724,3.1756437906145324e-05
Random Forest,2788,2788,2789,0.3008973639932698,0.5662172878667724,0.3011217049915872,0.5662172878667724,0.0001270257516246127
Random Forest,2789,2789,2790,0.3011217049915872,0.5662172878667724,0.3011777902411666,0.5662172878667724,3.175643790617675e-05
Random Forest,2790,2790,2791,0.3011777902411666,0.5662172878667724,0.30123387549074593,0.5662172878667724,3.1756437906145324e-05
Random Forest,2791,2791,2792,0.30123387549074593,0.5662172878667724,0.30134604598990467,0.5662172878667724,6.351287581232208e-05
Random Forest,2792,2792,2793,0.30134604598990467,0.5662172878667724,0.301402131239484,0.5662172878667724,3.1756437906145324e-05
Random Forest,2793,2793,2794,0.301402131239484,0.5662172878667724,0.3014582164890634,0.5662172878667724,3.175643790617675e-05
Random Forest,2794,2794,2795,0.3014582164890634,0.5662172878667724,0.3015703869882221,0.5662172878667724,6.351287581229065e-05
Random Forest,2795,2795,2796,0.3015703869882221,0.5662172878667724,0.3016264722378015,0.5662172878667724,3.175643790617675e-05
Random Forest,2796,2796,2797,0.3016264722378015,0.5662172878667724,0.3016825574873808,0.5662172878667724,3.1756437906145324e-05
Random Forest,2797,2797,2798,0.3016825574873808,0.5662172878667724,0.30218732473359505,0.5662172878667724,0.0002858079411554022
Random Forest,2798,2798,2799,0.30218732473359505,0.5662172878667724,0.3022994952327538,0.5662172878667724,6.351287581232208e-05
Random Forest,2799,2799,2800,0.3022994952327538,0.5662172878667724,0.30235558048233313,0.5662172878667724,3.1756437906145324e-05
Random Forest,2800,2800,2801,0.30235558048233313,0.5662172878667724,0.3024116657319125,0.5662172878667724,3.175643790617675e-05
Random Forest,2801,2801,2802,0.3024116657319125,0.5662172878667724,0.3027481772293887,0.5670103092783505,0.00019067205784830521
Random Forest,2802,2802,2803,0.3027481772293887,0.5670103092783505,0.3027481772293887,0.5678033306899286,0.0
Random Forest,2803,2803,2804,0.3027481772293887,0.5678033306899286,0.302804262478968,0.5678033306899286,3.1845391513725564e-05
Random Forest,2804,2804,2805,0.302804262478968,0.5678033306899286,0.3028603477285474,0.5678033306899286,3.184539151375708e-05
Random Forest,2805,2805,2806,0.3028603477285474,0.5678033306899286,0.30291643297812676,0.5678033306899286,3.1845391513725564e-05
Random Forest,2806,2806,2807,0.30291643297812676,0.5678033306899286,0.3029725182277061,0.5685963521015067,3.186762991562062e-05
Random Forest,2807,2807,2808,0.3029725182277061,0.5685963521015067,0.3030286034772855,0.5685963521015067,3.1889868317547245e-05
Random Forest,2808,2808,2809,0.3030286034772855,0.5685963521015067,0.30308468872686484,0.5685963521015067,3.188986831751568e-05
Random Forest,2809,2809,2810,0.30308468872686484,0.5685963521015067,0.3031407739764442,0.5685963521015067,3.188986831751568e-05
Random Forest,2810,2810,2811,0.3031407739764442,0.5685963521015067,0.3031407739764442,0.5693893735130848,0.0
Random Forest,2811,2811,2812,0.3031407739764442,0.5693893735130848,0.3043746494671901,0.5693893735130848,0.0007025555926689805
Random Forest,2812,2812,2813,0.3043746494671901,0.5693893735130848,0.3044307347167695,0.5693893735130848,3.193434512133741e-05
Random Forest,2813,2813,2814,0.3044307347167695,0.5693893735130848,0.30465507571508693,0.5693893735130848,0.00012773738048525482
Random Forest,2814,2814,2815,0.30465507571508693,0.5693893735130848,0.30471116096466627,0.5693893735130848,3.19343451213058e-05
Random Forest,2815,2815,2816,0.30471116096466627,0.5693893735130848,0.30476724621424567,0.5693893735130848,3.193434512133741e-05
Random Forest,2816,2816,2817,0.30476724621424567,0.5693893735130848,0.30476724621424567,0.5701823949246629,0.0
Random Forest,2817,2817,2818,0.30476724621424567,0.5701823949246629,0.304823331463825,0.5701823949246629,3.197882192509592e-05
Random Forest,2818,2818,2819,0.304823331463825,0.5701823949246629,0.30487941671340435,0.5701823949246629,3.197882192509592e-05
Random Forest,2819,2819,2820,0.30487941671340435,0.5701823949246629,0.30493550196298375,0.5701823949246629,3.197882192512757e-05
Random Forest,2820,2820,2821,0.30493550196298375,0.5701823949246629,0.3049915872125631,0.5701823949246629,3.197882192509592e-05
Random Forest,2821,2821,2822,0.3049915872125631,0.5701823949246629,0.3050476724621425,0.5701823949246629,3.197882192512757e-05
Random Forest,2822,2822,2823,0.3050476724621425,0.5701823949246629,0.30515984296130116,0.5701823949246629,6.395764385019184e-05
Random Forest,2823,2823,2824,0.30515984296130116,0.5701823949246629,0.30532809871003924,0.5701823949246629,9.593646577531941e-05
Random Forest,2824,2824,2825,0.30532809871003924,0.5701823949246629,0.30538418395961864,0.5701823949246629,3.197882192512757e-05
Random Forest,2825,2825,2826,0.30538418395961864,0.5701823949246629,0.305440269209198,0.5701823949246629,3.197882192509592e-05
Random Forest,2826,2826,2827,0.305440269209198,0.5701823949246629,0.3054963544587773,0.5701823949246629,3.197882192509592e-05
Random Forest,2827,2827,2828,0.3054963544587773,0.5701823949246629,0.30560852495793606,0.5701823949246629,6.395764385022349e-05
Random Forest,2828,2828,2829,0.30560852495793606,0.5701823949246629,0.3056646102075154,0.5701823949246629,3.197882192509592e-05
Random Forest,2829,2829,2830,0.3056646102075154,0.5701823949246629,0.3057206954570948,0.5701823949246629,3.197882192512757e-05
Random Forest,2830,2830,2831,0.3057206954570948,0.5701823949246629,0.30577678070667413,0.5701823949246629,3.197882192509592e-05
Random Forest,2831,2831,2832,0.30577678070667413,0.5701823949246629,0.30583286595625353,0.5701823949246629,3.197882192512757e-05
Random Forest,2832,2832,2833,0.30583286595625353,0.5701823949246629,0.30588895120583287,0.5701823949246629,3.197882192509592e-05
Random Forest,2833,2833,2834,0.30588895120583287,0.5701823949246629,0.3142456533931576,0.5749405233941316,0.0047847255981351595
Random Forest,2834,2834,2835,0.3142456533931576,0.5749405233941316,0.31430173864273697,0.5749405233941316,3.224568274786855e-05
Random Forest,2835,2835,2836,0.31430173864273697,0.5749405233941316,0.3144139091418957,0.5749405233941316,6.449136549570518e-05
Random Forest,2836,2836,2837,0.3144139091418957,0.5749405233941316,0.31475042063937186,0.5749405233941316,0.00019347409648708363
Random Forest,2837,2837,2838,0.31475042063937186,0.5749405233941316,0.31475042063937186,0.5757335448057097,0.0
Random Forest,2838,2838,2839,0.31475042063937186,0.5757335448057097,0.3148065058889512,0.5757335448057097,3.229015955162676e-05
Random Forest,2839,2839,2840,0.3148065058889512,0.5757335448057097,0.31486259113853055,0.5757335448057097,3.229015955162676e-05
Random Forest,2840,2840,2841,0.31486259113853055,0.5757335448057097,0.31491867638810994,0.5765265662172878,3.2312397953553796e-05
Random Forest,2841,2841,2842,0.31491867638810994,0.5765265662172878,0.3149747616376893,0.5765265662172878,3.2334636355416873e-05
Random Forest,2842,2842,2843,0.3149747616376893,0.5765265662172878,0.31519910263600676,0.5765265662172878,0.00012933854542173152
Random Forest,2843,2843,2844,0.31519910263600676,0.5765265662172878,0.3152551878855861,0.5765265662172878,3.2334636355416873e-05
Random Forest,2844,2844,2845,0.3152551878855861,0.5765265662172878,0.31531127313516544,0.5765265662172878,3.2334636355416873e-05
Random Forest,2845,2845,2846,0.31531127313516544,0.5765265662172878,0.31536735838474483,0.5765265662172878,3.233463635544888e-05
Random Forest,2846,2846,2847,0.31536735838474483,0.5765265662172878,0.3154234436343242,0.5765265662172878,3.2334636355416873e-05
Random Forest,2847,2847,2848,0.3154234436343242,0.5765265662172878,0.3154795288839035,0.5765265662172878,3.2334636355416873e-05
Random Forest,2848,2848,2849,0.3154795288839035,0.5765265662172878,0.31559169938306225,0.5765265662172878,6.466927271086576e-05
Random Forest,2849,2849,2850,0.31559169938306225,0.5765265662172878,0.3173864273696018,0.5796986518636004,0.0010375548788162927
Random Forest,2850,2850,2851,0.3173864273696018,0.5796986518636004,0.31744251261918116,0.5796986518636004,3.251254357057736e-05
Random Forest,2851,2851,2852,0.31744251261918116,0.5796986518636004,0.3174985978687605,0.5796986518636004,3.251254357057736e-05
Random Forest,2852,2852,2853,0.3174985978687605,0.5796986518636004,0.3175546831183399,0.5796986518636004,3.251254357060954e-05
Random Forest,2853,2853,2854,0.3175546831183399,0.5796986518636004,0.31761076836791924,0.5796986518636004,3.251254357057736e-05
Random Forest,2854,2854,2855,0.31761076836791924,0.5796986518636004,0.3176668536174986,0.5796986518636004,3.251254357057736e-05
Random Forest,2855,2855,2856,0.3176668536174986,0.5796986518636004,0.317722938867078,0.5796986518636004,3.251254357060954e-05
Random Forest,2856,2856,2857,0.317722938867078,0.5796986518636004,0.3177790241166573,0.5796986518636004,3.251254357057736e-05
Random Forest,2857,2857,2858,0.3177790241166573,0.5796986518636004,0.31783510936623666,0.5796986518636004,3.251254357057736e-05
Random Forest,2858,2858,2859,0.31783510936623666,0.5796986518636004,0.31789119461581605,0.5796986518636004,3.251254357060954e-05
Random Forest,2859,2859,2860,0.31789119461581605,0.5796986518636004,0.31811553561413347,0.5796986518636004,0.00013005017428234161
Random Forest,2860,2860,2861,0.31811553561413347,0.5796986518636004,0.31817162086371287,0.5796986518636004,3.251254357060954e-05
Random Forest,2861,2861,2862,0.31817162086371287,0.5796986518636004,0.3182277061132922,0.5796986518636004,3.251254357057736e-05
Random Forest,2862,2862,2863,0.3182277061132922,0.5796986518636004,0.31828379136287155,0.5796986518636004,3.251254357057736e-05
Random Forest,2863,2863,2864,0.31828379136287155,0.5796986518636004,0.31833987661245094,0.5796986518636004,3.251254357060954e-05
Random Forest,2864,2864,2865,0.31833987661245094,0.5796986518636004,0.3184520471116096,0.5796986518636004,6.502508714115472e-05
Random Forest,2865,2865,2866,0.3184520471116096,0.5796986518636004,0.318508132361189,0.5796986518636004,3.251254357060954e-05
Random Forest,2866,2866,2867,0.318508132361189,0.5796986518636004,0.31856421761076836,0.5804916732751785,3.2534781972472415e-05
Random Forest,2867,2867,2868,0.31856421761076836,0.5804916732751785,0.3186203028603477,0.5804916732751785,3.2557020374367477e-05
Random Forest,2868,2868,2869,0.3186203028603477,0.5804916732751785,0.3186763881099271,0.5804916732751785,3.25570203743997e-05
Random Forest,2869,2869,2870,0.3186763881099271,0.5804916732751785,0.31873247335950644,0.5804916732751785,3.2557020374367477e-05
Random Forest,2870,2870,2871,0.31873247335950644,0.5804916732751785,0.3188446438586652,0.5804916732751785,6.511404074876718e-05
Random Forest,2871,2871,2872,0.3188446438586652,0.5804916732751785,0.3189007291082445,0.5804916732751785,3.2557020374367477e-05
Random Forest,2872,2872,2873,0.3189007291082445,0.5804916732751785,0.3189568143578239,0.5804916732751785,3.25570203743997e-05
Random Forest,2873,2873,2874,0.3189568143578239,0.5804916732751785,0.31901289960740326,0.5804916732751785,3.2557020374367477e-05
Random Forest,2874,2874,2875,0.31901289960740326,0.5804916732751785,0.3190689848569826,0.5804916732751785,3.2557020374367477e-05
Random Forest,2875,2875,2876,0.3190689848569826,0.5804916732751785,0.319125070106562,0.5804916732751785,3.25570203743997e-05
Random Forest,2876,2876,2877,0.319125070106562,0.5804916732751785,0.31929332585530007,0.5804916732751785,9.767106112313465e-05
Random Forest,2877,2877,2878,0.31929332585530007,0.5804916732751785,0.3193494111048794,0.5804916732751785,3.2557020374367477e-05
Random Forest,2878,2878,2879,0.3193494111048794,0.5804916732751785,0.31940549635445875,0.5804916732751785,3.2557020374367477e-05
Random Forest,2879,2879,2880,0.31940549635445875,0.5804916732751785,0.31946158160403815,0.5804916732751785,3.25570203743997e-05
Random Forest,2880,2880,2881,0.31946158160403815,0.5804916732751785,0.3195176668536175,0.5804916732751785,3.2557020374367477e-05
Random Forest,2881,2881,2882,0.3195176668536175,0.5804916732751785,0.3195737521031969,0.5804916732751785,3.25570203743997e-05
Random Forest,2882,2882,2883,0.3195737521031969,0.5804916732751785,0.31974200785193496,0.5804916732751785,9.767106112313465e-05
Random Forest,2883,2883,2884,0.31974200785193496,0.5804916732751785,0.3197980931015143,0.5804916732751785,3.2557020374367477e-05
Random Forest,2884,2884,2885,0.3197980931015143,0.5804916732751785,0.31991026360067304,0.5812846946867566,6.515851755255732e-05
Random Forest,2885,2885,2886,0.31991026360067304,0.5812846946867566,0.3200224340998317,0.5812846946867566,6.520299435631519e-05
Random Forest,2886,2886,2887,0.3200224340998317,0.5812846946867566,0.32013460459899046,0.5812846946867566,6.520299435634745e-05
Random Forest,2887,2887,2888,0.32013460459899046,0.5812846946867566,0.32041503084688727,0.5812846946867566,0.00016300748589085252
Random Forest,2888,2888,2889,0.32041503084688727,0.5812846946867566,0.3204711160964666,0.5812846946867566,3.260149717815759e-05
Random Forest,2889,2889,2890,0.3204711160964666,0.5812846946867566,0.320527201346046,0.5812846946867566,3.260149717818986e-05
Random Forest,2890,2890,2891,0.320527201346046,0.5812846946867566,0.32058328659562535,0.5812846946867566,3.260149717815759e-05
Random Forest,2891,2891,2892,0.32058328659562535,0.5812846946867566,0.3206393718452047,0.5812846946867566,3.260149717815759e-05
Random Forest,2892,2892,2893,0.3206393718452047,0.5812846946867566,0.3206954570947841,0.5812846946867566,3.260149717818986e-05
Random Forest,2893,2893,2894,0.3206954570947841,0.5812846946867566,0.3207515423443634,0.5812846946867566,3.260149717815759e-05
Random Forest,2894,2894,2895,0.3207515423443634,0.5812846946867566,0.32080762759394277,0.5812846946867566,3.260149717815759e-05
Random Forest,2895,2895,2896,0.32080762759394277,0.5812846946867566,0.32086371284352216,0.5812846946867566,3.260149717818986e-05
Random Forest,2896,2896,2897,0.32086371284352216,0.5812846946867566,0.3209197980931015,0.5812846946867566,3.260149717815759e-05
Random Forest,2897,2897,2898,0.3209197980931015,0.5812846946867566,0.3209758833426809,0.5812846946867566,3.260149717818986e-05
Random Forest,2898,2898,2899,0.3209758833426809,0.5812846946867566,0.32103196859226024,0.5812846946867566,3.260149717815759e-05
Random Forest,2899,2899,2900,0.32103196859226024,0.5812846946867566,0.321144139091419,0.5812846946867566,6.520299435634745e-05
Random Forest,2900,2900,2901,0.321144139091419,0.5812846946867566,0.3212002243409983,0.5812846946867566,3.260149717815759e-05
Random Forest,2901,2901,2902,0.3212002243409983,0.5812846946867566,0.32125630959057766,0.5812846946867566,3.260149717815759e-05
Random Forest,2902,2902,2903,0.32125630959057766,0.5812846946867566,0.32131239484015706,0.5812846946867566,3.260149717818986e-05
Random Forest,2903,2903,2904,0.32131239484015706,0.5812846946867566,0.3213684800897364,0.5812846946867566,3.260149717815759e-05
Random Forest,2904,2904,2905,0.3213684800897364,0.5812846946867566,0.32142456533931574,0.5812846946867566,3.260149717815759e-05
Random Forest,2905,2905,2906,0.32142456533931574,0.5812846946867566,0.32148065058889513,0.5812846946867566,3.260149717818986e-05
Random Forest,2906,2906,2907,0.32148065058889513,0.5812846946867566,0.3215367358384745,0.5812846946867566,3.260149717815759e-05
Random Forest,2907,2907,2908,0.3215367358384745,0.5812846946867566,0.3215928210880538,0.5812846946867566,3.260149717815759e-05
Random Forest,2908,2908,2909,0.3215928210880538,0.5812846946867566,0.3216489063376332,0.5812846946867566,3.260149717818986e-05
Random Forest,2909,2909,2910,0.3216489063376332,0.5812846946867566,0.3218171620863713,0.5812846946867566,9.780449153450506e-05
Random Forest,2910,2910,2911,0.3218171620863713,0.5812846946867566,0.32187324733595063,0.5812846946867566,3.260149717815759e-05
Random Forest,2911,2911,2912,0.32187324733595063,0.5812846946867566,0.32192933258553,0.5812846946867566,3.260149717818986e-05
Random Forest,2912,2912,2913,0.32192933258553,0.5812846946867566,0.3220415030846887,0.5812846946867566,6.520299435631519e-05
Random Forest,2913,2913,2914,0.3220415030846887,0.5812846946867566,0.32215367358384744,0.5812846946867566,6.520299435634745e-05
Random Forest,2914,2914,2915,0.32215367358384744,0.5812846946867566,0.3222097588334268,0.5812846946867566,3.260149717815759e-05
Random Forest,2915,2915,2916,0.3222097588334268,0.5812846946867566,0.3222658440830062,0.5812846946867566,3.260149717818986e-05
Random Forest,2916,2916,2917,0.3222658440830062,0.5812846946867566,0.3223219293325855,0.5812846946867566,3.260149717815759e-05
Random Forest,2917,2917,2918,0.3223219293325855,0.5812846946867566,0.3223780145821649,0.5812846946867566,3.260149717818986e-05
Random Forest,2918,2918,2919,0.3223780145821649,0.5812846946867566,0.32243409983174426,0.5812846946867566,3.260149717815759e-05
Random Forest,2919,2919,2920,0.32243409983174426,0.5812846946867566,0.3224901850813236,0.5812846946867566,3.260149717815759e-05
Random Forest,2920,2920,2921,0.3224901850813236,0.5812846946867566,0.322546270330903,0.5812846946867566,3.260149717818986e-05
Random Forest,2921,2921,2922,0.322546270330903,0.5812846946867566,0.32260235558048234,0.5812846946867566,3.260149717815759e-05
Random Forest,2922,2922,2923,0.32260235558048234,0.5812846946867566,0.3226584408300617,0.5812846946867566,3.260149717815759e-05
Random Forest,2923,2923,2924,0.3226584408300617,0.5812846946867566,0.3227145260796411,0.5812846946867566,3.260149717818986e-05
Random Forest,2924,2924,2925,0.3227145260796411,0.5812846946867566,0.3227706113292204,0.5812846946867566,3.260149717815759e-05
Random Forest,2925,2925,2926,0.3227706113292204,0.5812846946867566,0.32282669657879975,0.5812846946867566,3.260149717815759e-05
Random Forest,2926,2926,2927,0.32282669657879975,0.5812846946867566,0.32288278182837915,0.5812846946867566,3.260149717818986e-05
Random Forest,2927,2927,2928,0.32288278182837915,0.5812846946867566,0.32310712282669657,0.5812846946867566,0.00013040598871266265
Random Forest,2928,2928,2929,0.32310712282669657,0.5812846946867566,0.32316320807627597,0.5812846946867566,3.260149717818986e-05
Random Forest,2929,2929,2930,0.32316320807627597,0.5812846946867566,0.3234997195737521,0.5812846946867566,0.00019560898306901012
Random Forest,2930,2930,2931,0.3234997195737521,0.5812846946867566,0.32355580482333146,0.5812846946867566,3.260149717815759e-05
Random Forest,2931,2931,2932,0.32355580482333146,0.5812846946867566,0.3236118900729108,0.5812846946867566,3.260149717815759e-05
Random Forest,2932,2932,2933,0.3236118900729108,0.5812846946867566,0.3236679753224902,0.5812846946867566,3.260149717818986e-05
Random Forest,2933,2933,2934,0.3236679753224902,0.5812846946867566,0.32372406057206954,0.5812846946867566,3.260149717815759e-05
Random Forest,2934,2934,2935,0.32372406057206954,0.5812846946867566,0.32372406057206954,0.5820777160983347,0.0
Random Forest,2935,2935,2936,0.32372406057206954,0.5820777160983347,0.3238362310712283,0.5820777160983347,6.529194796392774e-05
Random Forest,2936,2936,2937,0.3238362310712283,0.5820777160983347,0.3238923163208076,0.5820777160983347,3.2645973981947716e-05
Random Forest,2937,2937,2938,0.3238923163208076,0.5820777160983347,0.3241166573191251,0.5820777160983347,0.00013058389592785548
Random Forest,2938,2938,2939,0.3241166573191251,0.5820777160983347,0.32417274256870443,0.5820777160983347,3.2645973981947716e-05
Random Forest,2939,2939,2940,0.32417274256870443,0.5820777160983347,0.32422882781828377,0.5820777160983347,3.2645973981947716e-05
Random Forest,2940,2940,2941,0.32422882781828377,0.5820777160983347,0.32422882781828377,0.5828707375099128,0.0
Random Forest,2941,2941,2942,0.32422882781828377,0.5828707375099128,0.32439708356702185,0.5828707375099128,9.807135235724586e-05
Random Forest,2942,2942,2943,0.32439708356702185,0.5828707375099128,0.32445316881660125,0.5828707375099128,3.269045078577019e-05
Random Forest,2943,2943,2944,0.32445316881660125,0.5828707375099128,0.3245092540661806,0.5828707375099128,3.269045078573783e-05
Random Forest,2944,2944,2945,0.3245092540661806,0.5828707375099128,0.32456533931576,0.5828707375099128,3.269045078577019e-05
Random Forest,2945,2945,2946,0.32456533931576,0.5828707375099128,0.3246214245653393,0.5828707375099128,3.269045078573783e-05
Random Forest,2946,2946,2947,0.3246214245653393,0.5828707375099128,0.32467750981491866,0.5828707375099128,3.269045078573783e-05
Random Forest,2947,2947,2948,0.32467750981491866,0.5828707375099128,0.3247896803140774,0.5828707375099128,6.538090157150803e-05
Random Forest,2948,2948,2949,0.3247896803140774,0.5828707375099128,0.32484576556365674,0.5828707375099128,3.269045078573783e-05
Random Forest,2949,2949,2950,0.32484576556365674,0.5828707375099128,0.32490185081323614,0.5828707375099128,3.269045078577019e-05
Random Forest,2950,2950,2951,0.32490185081323614,0.5828707375099128,0.3249579360628155,0.5828707375099128,3.269045078573783e-05
Random Forest,2951,2951,2952,0.3249579360628155,0.5828707375099128,0.3250140213123948,0.5828707375099128,3.269045078573783e-05
Random Forest,2952,2952,2953,0.3250140213123948,0.5828707375099128,0.3250701065619742,0.5828707375099128,3.269045078577019e-05
Random Forest,2953,2953,2954,0.3250701065619742,0.5828707375099128,0.32512619181155356,0.5828707375099128,3.269045078573783e-05
Random Forest,2954,2954,2955,0.32512619181155356,0.5828707375099128,0.3251822770611329,0.5828707375099128,3.269045078573783e-05
Random Forest,2955,2955,2956,0.3251822770611329,0.5828707375099128,0.3252383623107123,0.5828707375099128,3.269045078577019e-05
Random Forest,2956,2956,2957,0.3252383623107123,0.5828707375099128,0.32529444756029163,0.5828707375099128,3.269045078573783e-05
Random Forest,2957,2957,2958,0.32529444756029163,0.5828707375099128,0.32535053280987103,0.5828707375099128,3.269045078577019e-05
Random Forest,2958,2958,2959,0.32535053280987103,0.5828707375099128,0.32540661805945037,0.5828707375099128,3.269045078573783e-05
Random Forest,2959,2959,2960,0.32540661805945037,0.5828707375099128,0.3254627033090297,0.5836637589214909,3.2712689187632895e-05
Random Forest,2960,2960,2961,0.3254627033090297,0.5836637589214909,0.3255187885586091,0.5836637589214909,3.2734927589560354e-05
Random Forest,2961,2961,2962,0.3255187885586091,0.5836637589214909,0.3263600673022995,0.5852498017446471,0.0004916910658999333
Random Forest,2962,2962,2963,0.3263600673022995,0.5852498017446471,0.32641615255187884,0.5852498017446471,3.2823881197108196e-05
Random Forest,2963,2963,2964,0.32641615255187884,0.5852498017446471,0.32647223780145823,0.5852498017446471,3.282388119714068e-05
Random Forest,2964,2964,2965,0.32647223780145823,0.5852498017446471,0.3265283230510376,0.5852498017446471,3.2823881197108196e-05
Random Forest,2965,2965,2966,0.3265283230510376,0.5852498017446471,0.3265844083006169,0.5852498017446471,3.2823881197108196e-05
Random Forest,2966,2966,2967,0.3265844083006169,0.5852498017446471,0.32669657879977565,0.5852498017446471,6.564776239424888e-05
Random Forest,2967,2967,2968,0.32669657879977565,0.5852498017446471,0.32675266404935505,0.5852498017446471,3.282388119714068e-05
Random Forest,2968,2968,2969,0.32675266404935505,0.5852498017446471,0.3268087492989344,0.5852498017446471,3.2823881197108196e-05
Random Forest,2969,2969,2970,0.3268087492989344,0.5852498017446471,0.3268648345485137,0.5852498017446471,3.2823881197108196e-05
Random Forest,2970,2970,2971,0.3268648345485137,0.5852498017446471,0.3269209197980931,0.5852498017446471,3.282388119714068e-05
Random Forest,2971,2971,2972,0.3269209197980931,0.5852498017446471,0.3269209197980931,0.5860428231562252,0.0
Random Forest,2972,2972,2973,0.3269209197980931,0.5860428231562252,0.32697700504767246,0.5860428231562252,3.286835800089831e-05
Random Forest,2973,2973,2974,0.32697700504767246,0.5860428231562252,0.3270891755468312,0.5860428231562252,6.573671600182915e-05
Random Forest,2974,2974,2975,0.3270891755468312,0.5860428231562252,0.32714526079641054,0.5860428231562252,3.286835800089831e-05
Random Forest,2975,2975,2976,0.32714526079641054,0.5860428231562252,0.3272013460459899,0.5860428231562252,3.286835800089831e-05
Random Forest,2976,2976,2977,0.3272013460459899,0.5860428231562252,0.3272574312955693,0.5860428231562252,3.2868358000930846e-05
Random Forest,2977,2977,2978,0.3272574312955693,0.5860428231562252,0.3273135165451486,0.5860428231562252,3.286835800089831e-05
Random Forest,2978,2978,2979,0.3273135165451486,0.5860428231562252,0.32736960179472796,0.5860428231562252,3.286835800089831e-05
Random Forest,2979,2979,2980,0.32736960179472796,0.5860428231562252,0.3274817722938867,0.5860428231562252,6.573671600182915e-05
Random Forest,2980,2980,2981,0.3274817722938867,0.5860428231562252,0.3275378575434661,0.5860428231562252,3.2868358000930846e-05
Random Forest,2981,2981,2982,0.3275378575434661,0.5860428231562252,0.32770611329220417,0.5860428231562252,9.860507400272747e-05
Random Forest,2982,2982,2983,0.32770611329220417,0.5860428231562252,0.32781828379136285,0.5860428231562252,6.573671600179663e-05
Random Forest,2983,2983,2984,0.32781828379136285,0.5860428231562252,0.32787436904094225,0.5860428231562252,3.2868358000930846e-05
Random Forest,2984,2984,2985,0.32787436904094225,0.5860428231562252,0.32798653954010093,0.5860428231562252,6.573671600179663e-05
Random Forest,2985,2985,2986,0.32798653954010093,0.5860428231562252,0.3280426247896803,0.5860428231562252,3.2868358000930846e-05
Random Forest,2986,2986,2987,0.3280426247896803,0.5860428231562252,0.32809871003925967,0.5860428231562252,3.286835800089831e-05
Random Forest,2987,2987,2988,0.32809871003925967,0.5860428231562252,0.32815479528883906,0.5860428231562252,3.2868358000930846e-05
Random Forest,2988,2988,2989,0.32815479528883906,0.5860428231562252,0.32826696578799774,0.5860428231562252,6.573671600179663e-05
Random Forest,2989,2989,2990,0.32826696578799774,0.5860428231562252,0.32832305103757714,0.5860428231562252,3.2868358000930846e-05
Random Forest,2990,2990,2991,0.32832305103757714,0.5860428231562252,0.3283791362871565,0.5860428231562252,3.286835800089831e-05
Random Forest,2991,2991,2992,0.3283791362871565,0.5860428231562252,0.3284352215367358,0.5860428231562252,3.286835800089831e-05
Random Forest,2992,2992,2993,0.3284352215367358,0.5860428231562252,0.3284913067863152,0.5860428231562252,3.2868358000930846e-05
Random Forest,2993,2993,2994,0.3284913067863152,0.5860428231562252,0.32854739203589456,0.5860428231562252,3.286835800089831e-05
Random Forest,2994,2994,2995,0.32854739203589456,0.5860428231562252,0.3286595625350533,0.5860428231562252,6.573671600182915e-05
Random Forest,2995,2995,2996,0.3286595625350533,0.5860428231562252,0.32871564778463264,0.5860428231562252,3.286835800089831e-05
Random Forest,2996,2996,2997,0.32871564778463264,0.5860428231562252,0.328771733034212,0.5860428231562252,3.286835800089831e-05
Random Forest,2997,2997,2998,0.328771733034212,0.5860428231562252,0.328771733034212,0.5868358445678034,0.0
Random Forest,2998,2998,2999,0.328771733034212,0.5868358445678034,0.3288278182837914,0.5868358445678034,3.291283480472101e-05
Random Forest,2999,2999,3000,0.3288278182837914,0.5868358445678034,0.3289399887829501,0.5876288659793815,6.587014641319958e-05
Random Forest,3000,3000,3001,0.3289399887829501,0.5876288659793815,0.32899607403252945,0.5876288659793815,3.295731160847855e-05
Random Forest,3001,3001,3002,0.32899607403252945,0.5876288659793815,0.32899607403252945,0.5884218873909596,0.0
Random Forest,3002,3002,3003,0.32899607403252945,0.5884218873909596,0.3291082445316882,0.5892149088025377,6.604805362836015e-05
Random Forest,3003,3003,3004,0.3291082445316882,0.5892149088025377,0.32916432978126753,0.5892149088025377,3.304626521605879e-05
Random Forest,3004,3004,3005,0.32916432978126753,0.5892149088025377,0.32927650028042627,0.5892149088025377,6.609253043215029e-05
Random Forest,3005,3005,3006,0.32927650028042627,0.5892149088025377,0.3293325855300056,0.5892149088025377,3.304626521605879e-05
Random Forest,3006,3006,3007,0.3293325855300056,0.5892149088025377,0.32938867077958495,0.5892149088025377,3.304626521605879e-05
Random Forest,3007,3007,3008,0.32938867077958495,0.5892149088025377,0.32944475602916434,0.5892149088025377,3.3046265216091495e-05
Random Forest,3008,3008,3009,0.32944475602916434,0.5892149088025377,0.32966909702748176,0.5892149088025377,0.00013218506086426786
Random Forest,3009,3009,3010,0.32966909702748176,0.5892149088025377,0.32972518227706116,0.5892149088025377,3.3046265216091495e-05
Random Forest,3010,3010,3011,0.32972518227706116,0.5892149088025377,0.3297812675266405,0.5892149088025377,3.304626521605879e-05
Random Forest,3011,3011,3012,0.3297812675266405,0.5892149088025377,0.3299495232753786,0.5892149088025377,9.913879564820907e-05
Random Forest,3012,3012,3013,0.3299495232753786,0.5892149088025377,0.3300056085249579,0.5892149088025377,3.304626521605879e-05
Random Forest,3013,3013,3014,0.3300056085249579,0.5892149088025377,0.3300616937745373,0.5892149088025377,3.3046265216091495e-05
Random Forest,3014,3014,3015,0.3300616937745373,0.5892149088025377,0.330173864273696,0.5892149088025377,6.609253043211758e-05
Random Forest,3015,3015,3016,0.330173864273696,0.5892149088025377,0.3302299495232754,0.5892149088025377,3.3046265216091495e-05
Random Forest,3016,3016,3017,0.3302299495232754,0.5892149088025377,0.33028603477285473,0.5892149088025377,3.304626521605879e-05
Random Forest,3017,3017,3018,0.33028603477285473,0.5892149088025377,0.3303421200224341,0.5892149088025377,3.3046265216091495e-05
Random Forest,3018,3018,3019,0.3303421200224341,0.5892149088025377,0.33039820527201347,0.5892149088025377,3.304626521605879e-05
Random Forest,3019,3019,3020,0.33039820527201347,0.5892149088025377,0.3305103757711722,0.5892149088025377,6.609253043215029e-05
Random Forest,3020,3020,3021,0.3305103757711722,0.5892149088025377,0.3306225462703309,0.5892149088025377,6.609253043211758e-05
Random Forest,3021,3021,3022,0.3306225462703309,0.5892149088025377,0.3307347167694896,0.5900079302141158,6.613700723594042e-05
Random Forest,3022,3022,3023,0.3307347167694896,0.5900079302141158,0.33095905776780704,0.5900079302141158,0.00013236296807942838
Random Forest,3023,3023,3024,0.33095905776780704,0.5900079302141158,0.33101514301738644,0.5900079302141158,3.309074201988166e-05
Random Forest,3024,3024,3025,0.33101514301738644,0.5900079302141158,0.3310712282669658,0.5900079302141158,3.309074201984891e-05
Random Forest,3025,3025,3026,0.3310712282669658,0.5900079302141158,0.3311273135165452,0.5900079302141158,3.309074201988166e-05
Random Forest,3026,3026,3027,0.3311273135165452,0.5900079302141158,0.3311833987661245,0.5900079302141158,3.309074201984891e-05
Random Forest,3027,3027,3028,0.3311833987661245,0.5900079302141158,0.33123948401570386,0.5900079302141158,3.309074201984891e-05
Random Forest,3028,3028,3029,0.33123948401570386,0.5900079302141158,0.33129556926528325,0.5900079302141158,3.309074201988166e-05
Random Forest,3029,3029,3030,0.33129556926528325,0.5900079302141158,0.33140773976444193,0.5900079302141158,6.618148403969782e-05
Random Forest,3030,3030,3031,0.33140773976444193,0.5900079302141158,0.3317442512619181,0.5900079302141158,0.00019854445211915897
Random Forest,3031,3031,3032,0.3317442512619181,0.5900079302141158,0.3318003365114975,0.5900079302141158,3.309074201988166e-05
Random Forest,3032,3032,3033,0.3318003365114975,0.5900079302141158,0.3320807627593943,0.5900079302141158,0.00016545371009931006
Random Forest,3033,3033,3034,0.3320807627593943,0.5900079302141158,0.33213684800897364,0.5900079302141158,3.309074201984891e-05
Random Forest,3034,3034,3035,0.33213684800897364,0.5900079302141158,0.332192933258553,0.5900079302141158,3.309074201984891e-05
Random Forest,3035,3035,3036,0.332192933258553,0.5900079302141158,0.3322490185081324,0.5900079302141158,3.309074201988166e-05
Random Forest,3036,3036,3037,0.3322490185081324,0.5900079302141158,0.3323051037577117,0.5900079302141158,3.309074201984891e-05
Random Forest,3037,3037,3038,0.3323051037577117,0.5900079302141158,0.33236118900729106,0.5900079302141158,3.309074201984891e-05
Random Forest,3038,3038,3039,0.33236118900729106,0.5900079302141158,0.33241727425687045,0.5900079302141158,3.309074201988166e-05
Random Forest,3039,3039,3040,0.33241727425687045,0.5900079302141158,0.3324733595064498,0.5900079302141158,3.309074201984891e-05
Random Forest,3040,3040,3041,0.3324733595064498,0.5900079302141158,0.3325294447560292,0.5900079302141158,3.309074201988166e-05
Random Forest,3041,3041,3042,0.3325294447560292,0.5900079302141158,0.33258553000560853,0.5900079302141158,3.309074201984891e-05
Random Forest,3042,3042,3043,0.33258553000560853,0.5900079302141158,0.33269770050476727,0.5900079302141158,6.618148403973057e-05
Random Forest,3043,3043,3044,0.33269770050476727,0.5900079302141158,0.3327537857543466,0.5900079302141158,3.309074201984891e-05
Random Forest,3044,3044,3045,0.3327537857543466,0.5900079302141158,0.33280987100392595,0.5900079302141158,3.309074201984891e-05
Random Forest,3045,3045,3046,0.33280987100392595,0.5900079302141158,0.33286595625350535,0.5900079302141158,3.309074201988166e-05
Random Forest,3046,3046,3047,0.33286595625350535,0.5900079302141158,0.3330342120022434,0.5900079302141158,9.927222605957948e-05
Random Forest,3047,3047,3048,0.3330342120022434,0.5900079302141158,0.33309029725182276,0.5900079302141158,3.309074201984891e-05
Random Forest,3048,3048,3049,0.33309029725182276,0.5900079302141158,0.3331463825014021,0.5900079302141158,3.309074201984891e-05
Random Forest,3049,3049,3050,0.3331463825014021,0.5900079302141158,0.3332024677509815,0.5900079302141158,3.309074201988166e-05
Random Forest,3050,3050,3051,0.3332024677509815,0.5900079302141158,0.33325855300056084,0.5900079302141158,3.309074201984891e-05
Random Forest,3051,3051,3052,0.33325855300056084,0.5900079302141158,0.33331463825014024,0.5900079302141158,3.309074201988166e-05
Random Forest,3052,3052,3053,0.33331463825014024,0.5900079302141158,0.3333707234997196,0.5900079302141158,3.309074201984891e-05
Random Forest,3053,3053,3054,0.3333707234997196,0.5900079302141158,0.3334268087492989,0.5900079302141158,3.309074201984891e-05
Random Forest,3054,3054,3055,0.3334268087492989,0.5900079302141158,0.33381940549635447,0.5900079302141158,0.00023163519413904062
Random Forest,3055,3055,3056,0.33381940549635447,0.5900079302141158,0.3338754907459338,0.5900079302141158,3.309074201984891e-05
Random Forest,3056,3056,3057,0.3338754907459338,0.5900079302141158,0.33393157599551315,0.5900079302141158,3.309074201984891e-05
Random Forest,3057,3057,3058,0.33393157599551315,0.5900079302141158,0.33398766124509255,0.5900079302141158,3.309074201988166e-05
Random Forest,3058,3058,3059,0.33398766124509255,0.5900079302141158,0.3340437464946719,0.5900079302141158,3.309074201984891e-05
Random Forest,3059,3059,3060,0.3340437464946719,0.5900079302141158,0.3340998317442513,0.5900079302141158,3.309074201988166e-05
Random Forest,3060,3060,3061,0.3340998317442513,0.5900079302141158,0.3341559169938306,0.5900079302141158,3.309074201984891e-05
Random Forest,3061,3061,3062,0.3341559169938306,0.5900079302141158,0.33421200224340997,0.5900079302141158,3.309074201984891e-05
Random Forest,3062,3062,3063,0.33421200224340997,0.5900079302141158,0.33426808749298936,0.5900079302141158,3.309074201988166e-05
Random Forest,3063,3063,3064,0.33426808749298936,0.5900079302141158,0.3343241727425687,0.5900079302141158,3.309074201984891e-05
Random Forest,3064,3064,3065,0.3343241727425687,0.5900079302141158,0.33443634324172744,0.5900079302141158,6.618148403973057e-05
Random Forest,3065,3065,3066,0.33443634324172744,0.5900079302141158,0.3344924284913068,0.5900079302141158,3.309074201984891e-05
Random Forest,3066,3066,3067,0.3344924284913068,0.5900079302141158,0.3345485137408861,0.5900079302141158,3.309074201984891e-05
Random Forest,3067,3067,3068,0.3345485137408861,0.5900079302141158,0.3346045989904655,0.5900079302141158,3.309074201988166e-05
Random Forest,3068,3068,3069,0.3346045989904655,0.5900079302141158,0.33471676948962426,0.5900079302141158,6.618148403973057e-05
Random Forest,3069,3069,3070,0.33471676948962426,0.5900079302141158,0.3347728547392036,0.5900079302141158,3.309074201984891e-05
Random Forest,3070,3070,3071,0.3347728547392036,0.5900079302141158,0.3347728547392036,0.5908009516256939,0.0
Random Forest,3071,3071,3072,0.3347728547392036,0.5908009516256939,0.3349411104879417,0.5908009516256939,9.940565647094988e-05
Random Forest,3072,3072,3073,0.3349411104879417,0.5908009516256939,0.334997195737521,0.5908009516256939,3.3135218823639026e-05
Random Forest,3073,3073,3074,0.334997195737521,0.5908009516256939,0.3350532809871004,0.5908009516256939,3.313521882367182e-05
Random Forest,3074,3074,3075,0.3350532809871004,0.5908009516256939,0.33555804823331464,0.5908009516256939,0.00029821696941284966
Random Forest,3075,3075,3076,0.33555804823331464,0.5908009516256939,0.335614133482894,0.5908009516256939,3.3135218823639026e-05
Random Forest,3076,3076,3077,0.335614133482894,0.5908009516256939,0.3357263039820527,0.591593973037272,6.6314914451101e-05
Random Forest,3077,3077,3078,0.3357263039820527,0.591593973037272,0.33578238923163206,0.591593973037272,3.317969562742915e-05
Random Forest,3078,3078,3079,0.33578238923163206,0.591593973037272,0.33583847448121146,0.591593973037272,3.317969562746199e-05
Random Forest,3079,3079,3080,0.33583847448121146,0.591593973037272,0.3358945597307908,0.591593973037272,3.317969562742915e-05
Random Forest,3080,3080,3081,0.3358945597307908,0.591593973037272,0.33595064498037014,0.591593973037272,3.317969562742915e-05
Random Forest,3081,3081,3082,0.33595064498037014,0.591593973037272,0.33600673022994954,0.591593973037272,3.317969562746199e-05
Random Forest,3082,3082,3083,0.33600673022994954,0.591593973037272,0.3360628154795289,0.591593973037272,3.317969562742915e-05
Random Forest,3083,3083,3084,0.3360628154795289,0.591593973037272,0.33611890072910827,0.591593973037272,3.317969562746199e-05
Random Forest,3084,3084,3085,0.33611890072910827,0.591593973037272,0.3361749859786876,0.591593973037272,3.317969562742915e-05
Random Forest,3085,3085,3086,0.3361749859786876,0.591593973037272,0.33628715647784635,0.591593973037272,6.635939125489114e-05
Random Forest,3086,3086,3087,0.33628715647784635,0.591593973037272,0.3363432417274257,0.5923869944488501,3.320193402932421e-05
Random Forest,3087,3087,3088,0.3363432417274257,0.5923869944488501,0.3363432417274257,0.5931800158604282,0.0
Random Forest,3088,3088,3089,0.3363432417274257,0.5931800158604282,0.33639932697700503,0.5931800158604282,3.326864923500939e-05
Random Forest,3089,3089,3090,0.33639932697700503,0.5931800158604282,0.33667975322490185,0.5931800158604282,0.0001663432461751128
Random Forest,3090,3090,3091,0.33667975322490185,0.5931800158604282,0.3368480089736399,0.5931800158604282,9.980594770506109e-05
Random Forest,3091,3091,3092,0.3368480089736399,0.5931800158604282,0.3369040942232193,0.5931800158604282,3.3268649235042315e-05
Random Forest,3092,3092,3093,0.3369040942232193,0.5931800158604282,0.3372406057206955,0.5931800158604282,0.00019961189541012217
Random Forest,3093,3093,3094,0.3372406057206955,0.5931800158604282,0.3372406057206955,0.5939730372720063,0.0
Random Forest,3094,3094,3095,0.3372406057206955,0.5939730372720063,0.3372966909702748,0.5939730372720063,3.3313126038799505e-05
Random Forest,3095,3095,3096,0.3372966909702748,0.5939730372720063,0.33735277621985416,0.5939730372720063,3.3313126038799505e-05
Random Forest,3096,3096,3097,0.33735277621985416,0.5939730372720063,0.33740886146943355,0.5939730372720063,3.331312603883248e-05
Random Forest,3097,3097,3098,0.33740886146943355,0.5939730372720063,0.3374649467190129,0.5939730372720063,3.3313126038799505e-05
Random Forest,3098,3098,3099,0.3374649467190129,0.5939730372720063,0.33752103196859223,0.5939730372720063,3.3313126038799505e-05
Random Forest,3099,3099,3100,0.33752103196859223,0.5939730372720063,0.33757711721817163,0.5939730372720063,3.331312603883248e-05
Random Forest,3100,3100,3101,0.33757711721817163,0.5939730372720063,0.33763320246775097,0.5939730372720063,3.3313126038799505e-05
Random Forest,3101,3101,3102,0.33763320246775097,0.5939730372720063,0.33768928771733037,0.5939730372720063,3.331312603883248e-05
Random Forest,3102,3102,3103,0.33768928771733037,0.5939730372720063,0.3377453729669097,0.5939730372720063,3.3313126038799505e-05
Random Forest,3103,3103,3104,0.3377453729669097,0.5939730372720063,0.33780145821648905,0.5939730372720063,3.3313126038799505e-05
Random Forest,3104,3104,3105,0.33780145821648905,0.5939730372720063,0.33785754346606844,0.5939730372720063,3.331312603883248e-05
Random Forest,3105,3105,3106,0.33785754346606844,0.5939730372720063,0.3379136287156478,0.5939730372720063,3.3313126038799505e-05
Random Forest,3106,3106,3107,0.3379136287156478,0.5939730372720063,0.3379697139652271,0.5939730372720063,3.3313126038799505e-05
Random Forest,3107,3107,3108,0.3379697139652271,0.5939730372720063,0.3380257992148065,0.5939730372720063,3.331312603883248e-05
Random Forest,3108,3108,3109,0.3380257992148065,0.5939730372720063,0.33808188446438586,0.5939730372720063,3.3313126038799505e-05
Random Forest,3109,3109,3110,0.33808188446438586,0.5939730372720063,0.3381379697139652,0.5939730372720063,3.3313126038799505e-05
Random Forest,3110,3110,3111,0.3381379697139652,0.5939730372720063,0.3381940549635446,0.5939730372720063,3.331312603883248e-05
Random Forest,3111,3111,3112,0.3381940549635446,0.5939730372720063,0.33825014021312394,0.5939730372720063,3.3313126038799505e-05
Random Forest,3112,3112,3113,0.33825014021312394,0.5939730372720063,0.33830622546270334,0.5939730372720063,3.331312603883248e-05
Random Forest,3113,3113,3114,0.33830622546270334,0.5939730372720063,0.3383623107122827,0.5939730372720063,3.3313126038799505e-05
Random Forest,3114,3114,3115,0.3383623107122827,0.5939730372720063,0.338418395961862,0.5939730372720063,3.3313126038799505e-05
Random Forest,3115,3115,3116,0.338418395961862,0.5939730372720063,0.33853056646102075,0.5939730372720063,6.662625207763198e-05
Random Forest,3116,3116,3117,0.33853056646102075,0.5939730372720063,0.3385866517106001,0.5939730372720063,3.3313126038799505e-05
Random Forest,3117,3117,3118,0.3385866517106001,0.5939730372720063,0.3386427369601795,0.5939730372720063,3.331312603883248e-05
Random Forest,3118,3118,3119,0.3386427369601795,0.5939730372720063,0.33869882220975883,0.5939730372720063,3.3313126038799505e-05
Random Forest,3119,3119,3120,0.33869882220975883,0.5939730372720063,0.3397083567021873,0.5947660586835845,0.0006000365599327001
Random Forest,3120,3120,3121,0.3397083567021873,0.5947660586835845,0.3400448681996635,0.5947660586835845,0.0002001456170556368
Random Forest,3121,3121,3122,0.3400448681996635,0.5947660586835845,0.3400448681996635,0.5955590800951626,0.0
Random Forest,3122,3122,3123,0.3400448681996635,0.5955590800951626,0.34010095344924285,0.5955590800951626,3.3402079646379745e-05
Random Forest,3123,3123,3124,0.34010095344924285,0.5955590800951626,0.3401570386988222,0.5955590800951626,3.3402079646379745e-05
Random Forest,3124,3124,3125,0.3401570386988222,0.5955590800951626,0.3402131239484016,0.5955590800951626,3.3402079646412807e-05
Random Forest,3125,3125,3126,0.3402131239484016,0.5955590800951626,0.34032529444756027,0.5955590800951626,6.680415929275949e-05
Random Forest,3126,3126,3127,0.34032529444756027,0.5955590800951626,0.34139091418956813,0.5971451229183188,0.0006354845725534591
Random Forest,3127,3127,3128,0.34139091418956813,0.5971451229183188,0.34139091418956813,0.5979381443298969,0.0
Random Forest,3128,3128,3129,0.34139091418956813,0.5979381443298969,0.3414469994391475,0.5979381443298969,3.353551005778329e-05
Random Forest,3129,3129,3130,0.3414469994391475,0.5979381443298969,0.34150308468872687,0.5979381443298969,3.35355100577501e-05
Random Forest,3130,3130,3131,0.34150308468872687,0.5979381443298969,0.3415591699383062,0.5979381443298969,3.35355100577501e-05
Random Forest,3131,3131,3132,0.3415591699383062,0.5979381443298969,0.3416152551878856,0.5979381443298969,3.353551005778329e-05
Random Forest,3132,3132,3133,0.3416152551878856,0.5979381443298969,0.34167134043746494,0.5979381443298969,3.35355100577501e-05
Random Forest,3133,3133,3134,0.34167134043746494,0.5979381443298969,0.3417274256870443,0.5979381443298969,3.35355100577501e-05
Random Forest,3134,3134,3135,0.3417274256870443,0.5979381443298969,0.341839596186203,0.5979381443298969,6.70710201155334e-05
Random Forest,3135,3135,3136,0.341839596186203,0.5979381443298969,0.341839596186203,0.598731165741475,0.0
Random Forest,3136,3136,3137,0.341839596186203,0.598731165741475,0.34195176668536176,0.5995241871530531,6.720445052690382e-05
Random Forest,3137,3137,3138,0.34195176668536176,0.5995241871530531,0.34212002243409984,0.5995241871530531,0.0001008733909960243
Random Forest,3138,3138,3139,0.34212002243409984,0.5995241871530531,0.3421761076836792,0.5995241871530531,3.362446366533034e-05
Random Forest,3139,3139,3140,0.3421761076836792,0.5995241871530531,0.34223219293325857,0.5995241871530531,3.362446366536362e-05
Random Forest,3140,3140,3141,0.34223219293325857,0.5995241871530531,0.3422882781828379,0.5995241871530531,3.362446366533034e-05
Random Forest,3141,3141,3142,0.3422882781828379,0.5995241871530531,0.34234436343241725,0.5995241871530531,3.362446366533034e-05
Random Forest,3142,3142,3143,0.34234436343241725,0.5995241871530531,0.34251261918115533,0.5995241871530531,0.0001008733909960243
Random Forest,3143,3143,3144,0.34251261918115533,0.5995241871530531,0.3425687044307347,0.5995241871530531,3.362446366536362e-05
Random Forest,3144,3144,3145,0.3425687044307347,0.5995241871530531,0.34262478968031407,0.5995241871530531,3.362446366533034e-05
Random Forest,3145,3145,3146,0.34262478968031407,0.5995241871530531,0.3427369601794728,0.5995241871530531,6.724892733069397e-05
Random Forest,3146,3146,3147,0.3427369601794728,0.5995241871530531,0.34279304542905215,0.5995241871530531,3.362446366533034e-05
Random Forest,3147,3147,3148,0.34279304542905215,0.5995241871530531,0.34279304542905215,0.6011102299762093,0.0
Random Forest,3148,3148,3149,0.34279304542905215,0.6011102299762093,0.34284913067863154,0.6011102299762093,3.371341727294395e-05
Random Forest,3149,3149,3150,0.34284913067863154,0.6011102299762093,0.3429052159282109,0.6011102299762093,3.371341727291058e-05
Random Forest,3150,3150,3151,0.3429052159282109,0.6011102299762093,0.3431856421761077,0.6011102299762093,0.00016856708636461964
Random Forest,3151,3151,3152,0.3431856421761077,0.6011102299762093,0.34324172742568704,0.6011102299762093,3.371341727291058e-05
Random Forest,3152,3152,3153,0.34324172742568704,0.6011102299762093,0.3432978126752664,0.6011102299762093,3.371341727291058e-05
Random Forest,3153,3153,3154,0.3432978126752664,0.6011102299762093,0.3434099831744251,0.6011102299762093,6.742683454585453e-05
Random Forest,3154,3154,3155,0.3434099831744251,0.6011102299762093,0.34352215367358385,0.6011102299762093,6.742683454585453e-05
Random Forest,3155,3155,3156,0.34352215367358385,0.6011102299762093,0.3435782389231632,0.6011102299762093,3.371341727291058e-05
Random Forest,3156,3156,3157,0.3435782389231632,0.6011102299762093,0.3436343241727426,0.6011102299762093,3.371341727294395e-05
Random Forest,3157,3157,3158,0.3436343241727426,0.6011102299762093,0.34369040942232193,0.6011102299762093,3.371341727291058e-05
Random Forest,3158,3158,3159,0.34369040942232193,0.6011102299762093,0.34380257992148067,0.6011102299762093,6.742683454585453e-05
Random Forest,3159,3159,3160,0.34380257992148067,0.6011102299762093,0.34391475042063935,0.6011102299762093,6.742683454582116e-05
Random Forest,3160,3160,3161,0.34391475042063935,0.6011102299762093,0.34397083567021874,0.6011102299762093,3.371341727294395e-05
Random Forest,3161,3161,3162,0.34397083567021874,0.6011102299762093,0.34436343241727424,0.6011102299762093,0.0002359939209104408
Random Forest,3162,3162,3163,0.34436343241727424,0.6011102299762093,0.34441951766685364,0.6011102299762093,3.371341727294395e-05
Random Forest,3163,3163,3164,0.34441951766685364,0.6011102299762093,0.344475602916433,0.6011102299762093,3.371341727291058e-05
Random Forest,3164,3164,3165,0.344475602916433,0.6011102299762093,0.3445877734155917,0.6011102299762093,6.742683454585453e-05
Random Forest,3165,3165,3166,0.3445877734155917,0.6011102299762093,0.3446999439147504,0.6011102299762093,6.742683454582116e-05
Random Forest,3166,3166,3167,0.3446999439147504,0.6011102299762093,0.34486819966348853,0.6026962727993656,0.00010127368223016893
Random Forest,3167,3167,3168,0.34486819966348853,0.6026962727993656,0.34492428491306787,0.6026962727993656,3.380237088049082e-05
Random Forest,3168,3168,3169,0.34492428491306787,0.6026962727993656,0.3449803701626472,0.6026962727993656,3.380237088049082e-05
Random Forest,3169,3169,3170,0.3449803701626472,0.6026962727993656,0.34509254066180595,0.6026962727993656,6.760474176101509e-05
Random Forest,3170,3170,3171,0.34509254066180595,0.6026962727993656,0.3451486259113853,0.6026962727993656,3.380237088049082e-05
Random Forest,3171,3171,3172,0.3451486259113853,0.6026962727993656,0.3452047111609647,0.6026962727993656,3.3802370880524276e-05
Random Forest,3172,3172,3173,0.3452047111609647,0.6026962727993656,0.34531688166012336,0.6026962727993656,6.760474176098164e-05
Random Forest,3173,3173,3174,0.34531688166012336,0.6026962727993656,0.34627033090297255,0.6026962727993656,0.0005746403049685781
Random Forest,3174,3174,3175,0.34627033090297255,0.6026962727993656,0.3463264161525519,0.6026962727993656,3.380237088049082e-05
Random Forest,3175,3175,3176,0.3463264161525519,0.6026962727993656,0.3463825014021312,0.6026962727993656,3.380237088049082e-05
Random Forest,3176,3176,3177,0.3463825014021312,0.6026962727993656,0.34649467190128996,0.6026962727993656,6.760474176101509e-05
Random Forest,3177,3177,3178,0.34649467190128996,0.6026962727993656,0.3465507571508693,0.6026962727993656,3.380237088049082e-05
Random Forest,3178,3178,3179,0.3465507571508693,0.6026962727993656,0.3466068424004487,0.6026962727993656,3.3802370880524276e-05
Random Forest,3179,3179,3180,0.3466068424004487,0.6026962727993656,0.3468311833987661,0.6026962727993656,0.00013520948352199673
Random Forest,3180,3180,3181,0.3468311833987661,0.6026962727993656,0.34688726864834546,0.6026962727993656,3.380237088049082e-05
Random Forest,3181,3181,3182,0.34688726864834546,0.6026962727993656,0.3469994391475042,0.6026962727993656,6.760474176101509e-05
Random Forest,3182,3182,3183,0.3469994391475042,0.6026962727993656,0.3470555243970836,0.6026962727993656,3.3802370880524276e-05
Random Forest,3183,3183,3184,0.3470555243970836,0.6026962727993656,0.34722378014582167,0.6026962727993656,0.00010140711264150592
Random Forest,3184,3184,3185,0.34722378014582167,0.6026962727993656,0.347279865395401,0.6026962727993656,3.380237088049082e-05
Random Forest,3185,3185,3186,0.347279865395401,0.6026962727993656,0.34739203589455975,0.6026962727993656,6.760474176101509e-05
Random Forest,3186,3186,3187,0.34739203589455975,0.6026962727993656,0.3474481211441391,0.6026962727993656,3.380237088049082e-05
Random Forest,3187,3187,3188,0.3474481211441391,0.6026962727993656,0.34918676388109926,0.6042823156225218,0.0010492522782130777
Random Forest,3188,3188,3189,0.34918676388109926,0.6042823156225218,0.34924284913067866,0.6042823156225218,3.3891324488104604e-05
Random Forest,3189,3189,3190,0.34924284913067866,0.6042823156225218,0.3497476163768929,0.6066613798572561,0.00030562235724390695
Random Forest,3190,3190,3191,0.3497476163768929,0.6066613798572561,0.3498597868760516,0.6066613798572561,6.804950979891651e-05
Random Forest,3191,3191,3192,0.3498597868760516,0.6066613798572561,0.34991587212563097,0.6066613798572561,3.402475489944142e-05
Random Forest,3192,3192,3193,0.34991587212563097,0.6066613798572561,0.3499719573752103,0.6066613798572561,3.402475489944142e-05
Random Forest,3193,3193,3194,0.3499719573752103,0.6066613798572561,0.35008412787436904,0.6066613798572561,6.804950979891651e-05
Random Forest,3194,3194,3195,0.35008412787436904,0.6066613798572561,0.3501402131239484,0.6066613798572561,3.402475489944142e-05
Random Forest,3195,3195,3196,0.3501402131239484,0.6066613798572561,0.3501962983735278,0.6066613798572561,3.402475489947509e-05
Random Forest,3196,3196,3197,0.3501962983735278,0.6066613798572561,0.3502523836231071,0.6066613798572561,3.402475489944142e-05
Random Forest,3197,3197,3198,0.3502523836231071,0.6066613798572561,0.3502523836231071,0.6074544012688342,0.0
Random Forest,3198,3198,3199,0.3502523836231071,0.6074544012688342,0.35030846887268646,0.6074544012688342,3.4069231703231534e-05
Random Forest,3199,3199,3200,0.35030846887268646,0.6074544012688342,0.35036455412226586,0.6074544012688342,3.406923170326525e-05
Random Forest,3200,3200,3201,0.35036455412226586,0.6074544012688342,0.35047672462142454,0.6074544012688342,6.813846340646307e-05
Random Forest,3201,3201,3202,0.35047672462142454,0.6074544012688342,0.3506449803701627,0.6074544012688342,0.00010220769510976205
Random Forest,3202,3202,3203,0.3506449803701627,0.6074544012688342,0.350701065619742,0.6074544012688342,3.4069231703231534e-05
Random Forest,3203,3203,3204,0.350701065619742,0.6074544012688342,0.35081323611890075,0.6074544012688342,6.813846340649679e-05
Random Forest,3204,3204,3205,0.35081323611890075,0.6074544012688342,0.3508693213684801,0.6074544012688342,3.4069231703231534e-05
Random Forest,3205,3205,3206,0.3508693213684801,0.6074544012688342,0.35103757711721817,0.6074544012688342,0.00010220769510972833
Random Forest,3206,3206,3207,0.35103757711721817,0.6074544012688342,0.35148625911385306,0.6082474226804123,0.000272731760841114
Random Forest,3207,3207,3208,0.35148625911385306,0.6082474226804123,0.3515984296130118,0.6082474226804123,6.822741701407707e-05
Random Forest,3208,3208,3209,0.3515984296130118,0.6082474226804123,0.35165451486259114,0.6082474226804123,3.411370850702166e-05
Random Forest,3209,3209,3210,0.35165451486259114,0.6082474226804123,0.3517106001121705,0.6082474226804123,3.411370850702166e-05
Random Forest,3210,3210,3211,0.3517106001121705,0.6082474226804123,0.3517666853617499,0.6082474226804123,3.411370850705542e-05
Random Forest,3211,3211,3212,0.3517666853617499,0.6082474226804123,0.35187885586090856,0.6090404440919904,6.827189381783342e-05
Random Forest,3212,3212,3213,0.35187885586090856,0.6090404440919904,0.35193494111048795,0.6090404440919904,3.415818531084558e-05
Random Forest,3213,3213,3214,0.35193494111048795,0.6090404440919904,0.3519910263600673,0.6090404440919904,3.4158185310811774e-05
Random Forest,3214,3214,3215,0.3519910263600673,0.6090404440919904,0.35210319685922603,0.6090404440919904,6.831637062165736e-05
Random Forest,3215,3215,3216,0.35210319685922603,0.6090404440919904,0.35232753785754345,0.6090404440919904,0.0001366327412432809
Random Forest,3216,3216,3217,0.35232753785754345,0.6090404440919904,0.35238362310712285,0.6090404440919904,3.415818531084558e-05
Random Forest,3217,3217,3218,0.35238362310712285,0.6090404440919904,0.3524397083567022,0.6090404440919904,3.4158185310811774e-05
Random Forest,3218,3218,3219,0.3524397083567022,0.6090404440919904,0.3524957936062815,0.6090404440919904,3.4158185310811774e-05
Random Forest,3219,3219,3220,0.3524957936062815,0.6090404440919904,0.35260796410544026,0.6090404440919904,6.831637062165736e-05
Random Forest,3220,3220,3221,0.35260796410544026,0.6090404440919904,0.3526640493550196,0.6090404440919904,3.4158185310811774e-05
Random Forest,3221,3221,3222,0.3526640493550196,0.6090404440919904,0.352720134604599,0.6090404440919904,3.415818531084558e-05
Random Forest,3222,3222,3223,0.352720134604599,0.6090404440919904,0.3529444756029164,0.6090404440919904,0.0001366327412432809
Random Forest,3223,3223,3224,0.3529444756029164,0.6090404440919904,0.3538418395961862,0.6098334655035687,0.0005468867794035124
Random Forest,3224,3224,3225,0.3538418395961862,0.6098334655035687,0.35389792484576554,0.6098334655035687,3.42026621146019e-05
Random Forest,3225,3225,3226,0.35389792484576554,0.6098334655035687,0.35395401009534494,0.6098334655035687,3.420266211463575e-05
Random Forest,3226,3226,3227,0.35395401009534494,0.6098334655035687,0.3540100953449243,0.6098334655035687,3.42026621146019e-05
Random Forest,3227,3227,3228,0.3540100953449243,0.6098334655035687,0.3540661805945036,0.6106264869151468,3.422490051649696e-05
Random Forest,3228,3228,3229,0.3540661805945036,0.6106264869151468,0.354122265844083,0.6106264869151468,3.4247138918425915e-05
Random Forest,3229,3229,3230,0.354122265844083,0.6106264869151468,0.3542905215928211,0.6106264869151468,0.00010274141675520996
Random Forest,3230,3230,3231,0.3542905215928211,0.6106264869151468,0.35434660684240044,0.6106264869151468,3.424713891839202e-05
Random Forest,3231,3231,3232,0.35434660684240044,0.6106264869151468,0.35434660684240044,0.6114195083267249,0.0
Random Forest,3232,3232,3233,0.35434660684240044,0.6114195083267249,0.35440269209197983,0.6114195083267249,3.429161572221608e-05
Random Forest,3233,3233,3234,0.35440269209197983,0.6114195083267249,0.3550196298373528,0.6114195083267249,0.00037720777294413926
Random Forest,3234,3234,3235,0.3550196298373528,0.6114195083267249,0.35507571508693214,0.6114195083267249,3.429161572218214e-05
Random Forest,3235,3235,3236,0.35507571508693214,0.6114195083267249,0.3551318003365115,0.6114195083267249,3.429161572218214e-05
Random Forest,3236,3236,3237,0.3551318003365115,0.6114195083267249,0.3551878855860909,0.6114195083267249,3.429161572221608e-05
Random Forest,3237,3237,3238,0.3551878855860909,0.6114195083267249,0.3563656758272574,0.612212529738303,0.0007205909366058589
Random Forest,3238,3238,3239,0.3563656758272574,0.612212529738303,0.35759955131800336,0.612212529738303,0.0007553940355716616
Random Forest,3239,3239,3240,0.35759955131800336,0.612212529738303,0.3576556365675827,0.612212529738303,3.4336092525972254e-05
Random Forest,3240,3240,3241,0.3576556365675827,0.612212529738303,0.3577117218171621,0.612212529738303,3.4336092526006243e-05
Random Forest,3241,3241,3242,0.3577117218171621,0.612212529738303,0.35776780706674144,0.612212529738303,3.4336092525972254e-05
Random Forest,3242,3242,3243,0.35776780706674144,0.612212529738303,0.3578799775659002,0.612212529738303,6.86721850519785e-05
Random Forest,3243,3243,3244,0.3578799775659002,0.612212529738303,0.3579360628154795,0.612212529738303,3.4336092525972254e-05
Random Forest,3244,3244,3245,0.3579360628154795,0.612212529738303,0.3579921480650589,0.612212529738303,3.4336092526006243e-05
Random Forest,3245,3245,3246,0.3579921480650589,0.612212529738303,0.358160403813797,0.612212529738303,0.00010300827757795075
Random Forest,3246,3246,3247,0.358160403813797,0.612212529738303,0.35827257431295567,0.612212529738303,6.867218505194451e-05
Random Forest,3247,3247,3248,0.35827257431295567,0.612212529738303,0.35832865956253507,0.612212529738303,3.4336092526006243e-05
Random Forest,3248,3248,3249,0.35832865956253507,0.612212529738303,0.3583847448121144,0.612212529738303,3.4336092525972254e-05
Random Forest,3249,3249,3250,0.3583847448121144,0.612212529738303,0.35844083006169375,0.612212529738303,3.4336092525972254e-05
Random Forest,3250,3250,3251,0.35844083006169375,0.612212529738303,0.35849691531127315,0.612212529738303,3.4336092526006243e-05
Random Forest,3251,3251,3252,0.35849691531127315,0.612212529738303,0.3585530005608525,0.612212529738303,3.4336092525972254e-05
Random Forest,3252,3252,3253,0.3585530005608525,0.612212529738303,0.3586090858104319,0.612212529738303,3.4336092526006243e-05
Random Forest,3253,3253,3254,0.3586090858104319,0.612212529738303,0.3586651710600112,0.612212529738303,3.4336092525972254e-05
Random Forest,3254,3254,3255,0.3586651710600112,0.612212529738303,0.35872125630959056,0.612212529738303,3.4336092525972254e-05
Random Forest,3255,3255,3256,0.35872125630959056,0.612212529738303,0.35877734155916996,0.612212529738303,3.4336092526006243e-05
Random Forest,3256,3256,3257,0.35877734155916996,0.612212529738303,0.3592260235558048,0.612212529738303,0.000274688740207846
Random Forest,3257,3257,3258,0.3592260235558048,0.612212529738303,0.3592821088053842,0.612212529738303,3.4336092526006243e-05
Random Forest,3258,3258,3259,0.3592821088053842,0.612212529738303,0.35933819405496353,0.612212529738303,3.4336092525972254e-05
Random Forest,3259,3259,3260,0.35933819405496353,0.612212529738303,0.35939427930454293,0.612212529738303,3.4336092526006243e-05
Random Forest,3260,3260,3261,0.35939427930454293,0.612212529738303,0.35945036455412227,0.612212529738303,3.4336092525972254e-05
Random Forest,3261,3261,3262,0.35945036455412227,0.612212529738303,0.3595064498037016,0.612212529738303,3.4336092525972254e-05
Random Forest,3262,3262,3263,0.3595064498037016,0.612212529738303,0.35961862030286035,0.612212529738303,6.86721850519785e-05
Random Forest,3263,3263,3264,0.35961862030286035,0.612212529738303,0.35961862030286035,0.6130055511498811,0.0
Random Forest,3264,3264,3265,0.35961862030286035,0.6130055511498811,0.35961862030286035,0.6145915939730373,0.0
Random Forest,3265,3265,3266,0.35961862030286035,0.6145915939730373,0.3596747055524397,0.6145915939730373,3.446952293734262e-05
Random Forest,3266,3266,3267,0.3596747055524397,0.6145915939730373,0.3597307908020191,0.6145915939730373,3.446952293737673e-05
Random Forest,3267,3267,3268,0.3597307908020191,0.6145915939730373,0.36074032529444755,0.6169706582077716,0.0006216522865747054
Random Forest,3268,3268,3269,0.36074032529444755,0.6169706582077716,0.36079641054402695,0.6169706582077716,3.460295334874722e-05
Random Forest,3269,3269,3270,0.36079641054402695,0.6169706582077716,0.360964666292765,0.6169706582077716,0.00010380886004617317
Random Forest,3270,3270,3271,0.360964666292765,0.6169706582077716,0.36102075154234436,0.6169706582077716,3.460295334871297e-05
Random Forest,3271,3271,3272,0.36102075154234436,0.6169706582077716,0.36102075154234436,0.6177636796193497,0.0
Random Forest,3272,3272,3273,0.36102075154234436,0.6177636796193497,0.3612450925406618,0.6177636796193497,0.00013858972061004667
Random Forest,3273,3273,3274,0.3612450925406618,0.6177636796193497,0.3613011777902412,0.6177636796193497,3.4647430152537385e-05
Random Forest,3274,3274,3275,0.3613011777902412,0.6177636796193497,0.3613572630398205,0.6177636796193497,3.464743015250309e-05
Random Forest,3275,3275,3276,0.3613572630398205,0.6177636796193497,0.36141334828939986,0.6177636796193497,3.464743015250309e-05
Random Forest,3276,3276,3277,0.36141334828939986,0.6177636796193497,0.36146943353897926,0.6177636796193497,3.4647430152537385e-05
Random Forest,3277,3277,3278,0.36146943353897926,0.6177636796193497,0.3615255187885586,0.6177636796193497,3.464743015250309e-05
Random Forest,3278,3278,3279,0.3615255187885586,0.6177636796193497,0.3620863712843522,0.6177636796193497,0.0003464743015251681
Random Forest,3279,3279,3280,0.3620863712843522,0.6177636796193497,0.36214245653393157,0.6177636796193497,3.464743015250309e-05
Random Forest,3280,3280,3281,0.36214245653393157,0.6177636796193497,0.36219854178351096,0.6177636796193497,3.4647430152537385e-05
Random Forest,3281,3281,3282,0.36219854178351096,0.6177636796193497,0.36219854178351096,0.6185567010309279,0.0
Random Forest,3282,3282,3283,0.36219854178351096,0.6185567010309279,0.3622546270330903,0.6185567010309279,3.469190695629321e-05
Random Forest,3283,3283,3284,0.3622546270330903,0.6185567010309279,0.36231071228266964,0.6185567010309279,3.469190695629321e-05
Random Forest,3284,3284,3285,0.36231071228266964,0.6185567010309279,0.36236679753224904,0.6185567010309279,3.469190695632755e-05
Random Forest,3285,3285,3286,0.36236679753224904,0.6185567010309279,0.3624228827818284,0.619349722442506,3.471414535818827e-05
Random Forest,3286,3286,3287,0.3624228827818284,0.619349722442506,0.3624789680314077,0.619349722442506,3.473638376008333e-05
Random Forest,3287,3287,3288,0.3624789680314077,0.619349722442506,0.3625350532809871,0.619349722442506,3.473638376011771e-05
Random Forest,3288,3288,3289,0.3625350532809871,0.619349722442506,0.3626472237801458,0.619349722442506,6.947276752016666e-05
Random Forest,3289,3289,3290,0.3626472237801458,0.619349722442506,0.3627033090297252,0.619349722442506,3.473638376011771e-05
Random Forest,3290,3290,3291,0.3627033090297252,0.619349722442506,0.36275939427930454,0.619349722442506,3.473638376008333e-05
Random Forest,3291,3291,3292,0.36275939427930454,0.619349722442506,0.3628154795288839,0.619349722442506,3.473638376008333e-05
Random Forest,3292,3292,3293,0.3628154795288839,0.619349722442506,0.3628715647784633,0.619349722442506,3.473638376011771e-05
Random Forest,3293,3293,3294,0.3628715647784633,0.619349722442506,0.3629276500280426,0.619349722442506,3.473638376008333e-05
Random Forest,3294,3294,3295,0.3629276500280426,0.619349722442506,0.362983735277622,0.619349722442506,3.473638376011771e-05
Random Forest,3295,3295,3296,0.362983735277622,0.619349722442506,0.36303982052720135,0.619349722442506,3.473638376008333e-05
Random Forest,3296,3296,3297,0.36303982052720135,0.619349722442506,0.3630959057767807,0.619349722442506,3.473638376008333e-05
Random Forest,3297,3297,3298,0.3630959057767807,0.619349722442506,0.3630959057767807,0.6201427438540841,0.0
Random Forest,3298,3298,3299,0.3630959057767807,0.6201427438540841,0.3631519910263601,0.6201427438540841,3.4780860563907877e-05
Random Forest,3299,3299,3300,0.3631519910263601,0.6201427438540841,0.36326416152551877,0.6201427438540841,6.95617211277469e-05
Random Forest,3300,3300,3301,0.36326416152551877,0.6201427438540841,0.36332024677509817,0.6201427438540841,3.4780860563907877e-05
Random Forest,3301,3301,3302,0.36332024677509817,0.6201427438540841,0.3633763320246775,0.6201427438540841,3.478086056387345e-05
Random Forest,3302,3302,3303,0.3633763320246775,0.6201427438540841,0.36343241727425685,0.6201427438540841,3.478086056387345e-05
Random Forest,3303,3303,3304,0.36343241727425685,0.6201427438540841,0.36348850252383624,0.6201427438540841,3.4780860563907877e-05
Random Forest,3304,3304,3305,0.36348850252383624,0.6201427438540841,0.3635445877734156,0.6201427438540841,3.478086056387345e-05
Random Forest,3305,3305,3306,0.3635445877734156,0.6201427438540841,0.3636006730229949,0.6201427438540841,3.478086056387345e-05
Random Forest,3306,3306,3307,0.3636006730229949,0.6201427438540841,0.3636567582725743,0.6201427438540841,3.4780860563907877e-05
Random Forest,3307,3307,3308,0.3636567582725743,0.6201427438540841,0.36371284352215366,0.6201427438540841,3.478086056387345e-05
Random Forest,3308,3308,3309,0.36371284352215366,0.6201427438540841,0.36376892877173306,0.6201427438540841,3.4780860563907877e-05
Random Forest,3309,3309,3310,0.36376892877173306,0.6201427438540841,0.3638250140213124,0.6201427438540841,3.478086056387345e-05
Random Forest,3310,3310,3311,0.3638250140213124,0.6201427438540841,0.36388109927089174,0.6201427438540841,3.478086056387345e-05
Random Forest,3311,3311,3312,0.36388109927089174,0.6201427438540841,0.36416152551878855,0.6201427438540841,0.0001739043028194361
Random Forest,3312,3312,3313,0.36416152551878855,0.6201427438540841,0.3642176107683679,0.6201427438540841,3.478086056387345e-05
Random Forest,3313,3313,3314,0.3642176107683679,0.6201427438540841,0.36432978126752663,0.6201427438540841,6.956172112778133e-05
Random Forest,3314,3314,3315,0.36432978126752663,0.6201427438540841,0.36444195176668537,0.6201427438540841,6.956172112778133e-05
Random Forest,3315,3315,3316,0.36444195176668537,0.6201427438540841,0.3644980370162647,0.6201427438540841,3.478086056387345e-05
Random Forest,3316,3316,3317,0.3644980370162647,0.6201427438540841,0.36528323051037576,0.6217287866772403,0.00048755472314746234
Random Forest,3317,3317,3318,0.36528323051037576,0.6217287866772403,0.36533931575995515,0.6217287866772403,3.4869814171488205e-05
Random Forest,3318,3318,3319,0.36533931575995515,0.6217287866772403,0.3653954010095345,0.6217287866772403,3.4869814171453686e-05
Random Forest,3319,3319,3320,0.3653954010095345,0.6217287866772403,0.36545148625911383,0.6217287866772403,3.4869814171453686e-05
Random Forest,3320,3320,3321,0.36545148625911383,0.6217287866772403,0.36556365675827257,0.6217287866772403,6.973962834294189e-05
Random Forest,3321,3321,3322,0.36556365675827257,0.6217287866772403,0.3656197420078519,0.6217287866772403,3.4869814171453686e-05
Random Forest,3322,3322,3323,0.3656197420078519,0.6217287866772403,0.3656758272574313,0.6217287866772403,3.4869814171488205e-05
Random Forest,3323,3323,3324,0.3656758272574313,0.6217287866772403,0.3656758272574313,0.6225218080888184,0.0
Random Forest,3324,3324,3325,0.3656758272574313,0.6225218080888184,0.36578799775659004,0.6225218080888184,6.982858195052218e-05
Random Forest,3325,3325,3326,0.36578799775659004,0.6225218080888184,0.3658440830061694,0.6225218080888184,3.491429097524381e-05
Random Forest,3326,3326,3327,0.3658440830061694,0.6225218080888184,0.3659001682557487,0.6225218080888184,3.491429097524381e-05
Random Forest,3327,3327,3328,0.3659001682557487,0.6225218080888184,0.3659562535053281,0.6225218080888184,3.491429097527837e-05
Random Forest,3328,3328,3329,0.3659562535053281,0.6225218080888184,0.3659562535053281,0.6233148295003965,0.0
Random Forest,3329,3329,3330,0.3659562535053281,0.6233148295003965,0.36601233875490746,0.6233148295003965,3.4958767779033926e-05
Random Forest,3330,3330,3331,0.36601233875490746,0.6233148295003965,0.3661245092540662,0.6241078509119746,6.99620123618926e-05
Random Forest,3331,3331,3332,0.3661245092540662,0.6241078509119746,0.36618059450364554,0.6249008723235527,3.5025482984719104e-05
Random Forest,3332,3332,3333,0.36618059450364554,0.6249008723235527,0.3663488502523836,0.6249008723235527,0.00010514316415987719
Random Forest,3333,3333,3334,0.3663488502523836,0.6249008723235527,0.36640493550196296,0.6249008723235527,3.5047721386614166e-05
Random Forest,3334,3334,3335,0.36640493550196296,0.6249008723235527,0.36646102075154235,0.6249008723235527,3.5047721386648854e-05
Random Forest,3335,3335,3336,0.36646102075154235,0.6249008723235527,0.3665171060011217,0.6249008723235527,3.5047721386614166e-05
Random Forest,3336,3336,3337,0.3665171060011217,0.6249008723235527,0.36674144699943917,0.6249008723235527,0.00014019088554652605
Random Forest,3337,3337,3338,0.36674144699943917,0.6249008723235527,0.36674144699943917,0.6256938937351308,0.0
Random Forest,3338,3338,3339,0.36674144699943917,0.6256938937351308,0.3667975322490185,0.6256938937351308,3.509219819040428e-05
Random Forest,3339,3339,3340,0.3667975322490185,0.6256938937351308,0.36685361749859785,0.6256938937351308,3.509219819040428e-05
Random Forest,3340,3340,3341,0.36685361749859785,0.6256938937351308,0.36690970274817725,0.6256938937351308,3.509219819043902e-05
Random Forest,3341,3341,3342,0.36690970274817725,0.6256938937351308,0.3669657879977566,0.6256938937351308,3.509219819040428e-05
Random Forest,3342,3342,3343,0.3669657879977566,0.6256938937351308,0.36713404374649466,0.6256938937351308,0.0001052765945712476
Random Forest,3343,3343,3344,0.36713404374649466,0.6256938937351308,0.3773415591699383,0.6328310864393338,0.006423206572959958
Random Forest,3344,3344,3345,0.3773415591699383,0.6328310864393338,0.377453729669097,0.6328310864393338,7.098497884906585e-05
Random Forest,3345,3345,3346,0.377453729669097,0.6328310864393338,0.3775098149186764,0.6328310864393338,3.549248942455049e-05
Random Forest,3346,3346,3347,0.3775098149186764,0.6328310864393338,0.3776219854178351,0.6328310864393338,7.098497884903072e-05
Random Forest,3347,3347,3348,0.3776219854178351,0.6328310864393338,0.3776780706674145,0.6328310864393338,3.549248942455049e-05
Random Forest,3348,3348,3349,0.3776780706674145,0.6328310864393338,0.37773415591699383,0.6328310864393338,3.549248942451536e-05
Random Forest,3349,3349,3350,0.37773415591699383,0.6328310864393338,0.37779024116657317,0.6328310864393338,3.549248942451536e-05
Random Forest,3350,3350,3351,0.37779024116657317,0.6328310864393338,0.37784632641615257,0.6328310864393338,3.549248942455049e-05
Random Forest,3351,3351,3352,0.37784632641615257,0.6328310864393338,0.37784632641615257,0.6336241078509119,0.0
Random Forest,3352,3352,3353,0.37784632641615257,0.6336241078509119,0.3779024116657319,0.6336241078509119,3.553696622830548e-05
Random Forest,3353,3353,3354,0.3779024116657319,0.6336241078509119,0.37801458216489064,0.6336241078509119,7.107393245664613e-05
Random Forest,3354,3354,3355,0.37801458216489064,0.6336241078509119,0.37807066741447,0.6336241078509119,3.553696622830548e-05
Random Forest,3355,3355,3356,0.37807066741447,0.6336241078509119,0.3781267526640494,0.6336241078509119,3.553696622834065e-05
Random Forest,3356,3356,3357,0.3781267526640494,0.6336241078509119,0.3781828379136287,0.6336241078509119,3.553696622830548e-05
Random Forest,3357,3357,3358,0.3781828379136287,0.6336241078509119,0.37829500841278746,0.6336241078509119,7.107393245664613e-05
Random Forest,3358,3358,3359,0.37829500841278746,0.6336241078509119,0.37829500841278746,0.63441712926249,0.0
Random Forest,3359,3359,3360,0.37829500841278746,0.63441712926249,0.3783510936623668,0.63441712926249,3.55814430320956e-05
Random Forest,3360,3360,3361,0.3783510936623668,0.63441712926249,0.37840717891194614,0.63441712926249,3.55814430320956e-05
Random Forest,3361,3361,3362,0.37840717891194614,0.63441712926249,0.37846326416152554,0.63441712926249,3.5581443032130815e-05
Random Forest,3362,3362,3363,0.37846326416152554,0.63441712926249,0.3785193494111049,0.63441712926249,3.55814430320956e-05
Random Forest,3363,3363,3364,0.3785193494111049,0.63441712926249,0.3786315199102636,0.63441712926249,7.116288606422642e-05
Random Forest,3364,3364,3365,0.3786315199102636,0.63441712926249,0.37868760515984295,0.63441712926249,3.55814430320956e-05
Random Forest,3365,3365,3366,0.37868760515984295,0.63441712926249,0.3787436904094223,0.63441712926249,3.55814430320956e-05
Random Forest,3366,3366,3367,0.3787436904094223,0.63441712926249,0.3787997756590017,0.63441712926249,3.5581443032130815e-05
Random Forest,3367,3367,3368,0.3787997756590017,0.63441712926249,0.37891194615816043,0.63441712926249,7.116288606422642e-05
Random Forest,3368,3368,3369,0.37891194615816043,0.63441712926249,0.37936062815479527,0.6352101506740682,0.00028482945147199575
Random Forest,3369,3369,3370,0.37936062815479527,0.6352101506740682,0.379472798653954,0.6352101506740682,7.12518396718067e-05
Random Forest,3370,3370,3371,0.379472798653954,0.6352101506740682,0.3795288839035334,0.6352101506740682,3.562591983592098e-05
Random Forest,3371,3371,3372,0.3795288839035334,0.6352101506740682,0.37958496915311274,0.6352101506740682,3.5625919835885715e-05
Random Forest,3372,3372,3373,0.37958496915311274,0.6352101506740682,0.3796410544026921,0.6352101506740682,3.5625919835885715e-05
Random Forest,3373,3373,3374,0.3796410544026921,0.6352101506740682,0.3796410544026921,0.6360031720856463,0.0
Random Forest,3374,3374,3375,0.3796410544026921,0.6360031720856463,0.3796410544026921,0.6367961934972244,0.0
Random Forest,3375,3375,3376,0.3796410544026921,0.6367961934972244,0.37986539540100955,0.6367961934972244,0.00014285949377393454
Random Forest,3376,3376,3377,0.37986539540100955,0.6367961934972244,0.3799214806505889,0.6367961934972244,3.5714873443465955e-05
Random Forest,3377,3377,3378,0.3799214806505889,0.6367961934972244,0.37997756590016823,0.6367961934972244,3.5714873443465955e-05
Random Forest,3378,3378,3379,0.37997756590016823,0.6367961934972244,0.38003365114974763,0.6367961934972244,3.571487344350131e-05
Random Forest,3379,3379,3380,0.38003365114974763,0.6367961934972244,0.38008973639932697,0.6367961934972244,3.5714873443465955e-05
Random Forest,3380,3380,3381,0.38008973639932697,0.6367961934972244,0.3801458216489063,0.6367961934972244,3.5714873443465955e-05
Random Forest,3381,3381,3382,0.3801458216489063,0.6367961934972244,0.3802019068984857,0.6367961934972244,3.571487344350131e-05
Random Forest,3382,3382,3383,0.3802019068984857,0.6367961934972244,0.38031407739764445,0.6367961934972244,7.142974688696727e-05
Random Forest,3383,3383,3384,0.38031407739764445,0.6367961934972244,0.3803701626472238,0.6367961934972244,3.5714873443465955e-05
Random Forest,3384,3384,3385,0.3803701626472238,0.6367961934972244,0.3804823331463825,0.6367961934972244,7.142974688696727e-05
Random Forest,3385,3385,3386,0.3804823331463825,0.6367961934972244,0.38053841839596186,0.6375892149088025,3.5737111845361017e-05
Random Forest,3386,3386,3387,0.38053841839596186,0.6375892149088025,0.3805945036455412,0.6375892149088025,3.575935024725608e-05
Random Forest,3387,3387,3388,0.3805945036455412,0.6375892149088025,0.3806505888951206,0.6375892149088025,3.575935024729147e-05
Random Forest,3388,3388,3389,0.3806505888951206,0.6375892149088025,0.38070667414469994,0.6375892149088025,3.575935024725608e-05
Random Forest,3389,3389,3390,0.38070667414469994,0.6375892149088025,0.3808188446438587,0.6375892149088025,7.151870049454754e-05
Random Forest,3390,3390,3391,0.3808188446438587,0.6375892149088025,0.380874929893438,0.6375892149088025,3.575935024725608e-05
Random Forest,3391,3391,3392,0.380874929893438,0.6375892149088025,0.38098710039259676,0.6375892149088025,7.151870049454754e-05
Random Forest,3392,3392,3393,0.38098710039259676,0.6375892149088025,0.3810431856421761,0.6375892149088025,3.575935024725608e-05
Random Forest,3393,3393,3394,0.3810431856421761,0.6375892149088025,0.3810992708917555,0.6375892149088025,3.575935024729147e-05
Random Forest,3394,3394,3395,0.3810992708917555,0.6375892149088025,0.38115535614133483,0.6375892149088025,3.575935024725608e-05
Random Forest,3395,3395,3396,0.38115535614133483,0.6375892149088025,0.3812114413909142,0.6375892149088025,3.575935024725608e-05
Random Forest,3396,3396,3397,0.3812114413909142,0.6375892149088025,0.38126752664049357,0.6375892149088025,3.575935024729147e-05
Random Forest,3397,3397,3398,0.38126752664049357,0.6375892149088025,0.38137969713965225,0.6375892149088025,7.151870049451216e-05
Random Forest,3398,3398,3399,0.38137969713965225,0.6375892149088025,0.38143578238923165,0.6375892149088025,3.575935024729147e-05
Random Forest,3399,3399,3400,0.38143578238923165,0.6375892149088025,0.381491867638811,0.6375892149088025,3.575935024725608e-05
Random Forest,3400,3400,3401,0.381491867638811,0.6375892149088025,0.3816040381379697,0.6375892149088025,7.151870049454754e-05
Random Forest,3401,3401,3402,0.3816040381379697,0.6375892149088025,0.3822209758833427,0.6383822363203806,0.0003935974751408042
Random Forest,3402,3402,3403,0.3822209758833427,0.6383822363203806,0.38227706113292204,0.6383822363203806,3.5803827051046195e-05
Random Forest,3403,3403,3404,0.38227706113292204,0.6383822363203806,0.38255748738081885,0.6383822363203806,0.00017901913525530185
Random Forest,3404,3404,3405,0.38255748738081885,0.6383822363203806,0.3826135726303982,0.6383822363203806,3.5803827051046195e-05
Random Forest,3405,3405,3406,0.3826135726303982,0.6383822363203806,0.3826696578799776,0.6383822363203806,3.5803827051081635e-05
Random Forest,3406,3406,3407,0.3826696578799776,0.6383822363203806,0.38283791362871566,0.6383822363203806,0.00010741148115317402
Random Forest,3407,3407,3408,0.38283791362871566,0.6383822363203806,0.382893998878295,0.6383822363203806,3.5803827051046195e-05
Random Forest,3408,3408,3409,0.382893998878295,0.6383822363203806,0.38295008412787435,0.6383822363203806,3.5803827051046195e-05
Random Forest,3409,3409,3410,0.38295008412787435,0.6383822363203806,0.38295008412787435,0.6391752577319587,0.0
Random Forest,3410,3410,3411,0.38295008412787435,0.6391752577319587,0.38295008412787435,0.6399682791435368,0.0
Random Forest,3411,3411,3412,0.38295008412787435,0.6399682791435368,0.38300616937745374,0.6399682791435368,3.589278065866196e-05
Random Forest,3412,3412,3413,0.38300616937745374,0.6399682791435368,0.3830622546270331,0.6399682791435368,3.5892780658626435e-05
Random Forest,3413,3413,3414,0.3830622546270331,0.6399682791435368,0.38345485137408863,0.6399682791435368,0.0002512494646104916
Random Forest,3414,3414,3415,0.38345485137408863,0.6399682791435368,0.3836231071228267,0.6399682791435368,0.00010767834197591483
Random Forest,3415,3415,3416,0.3836231071228267,0.6399682791435368,0.3837913628715648,0.6399682791435368,0.00010767834197591483
Random Forest,3416,3416,3417,0.3837913628715648,0.6399682791435368,0.3846887268648346,0.640761300555115,0.0005746403049685572
Random Forest,3417,3417,3418,0.3846887268648346,0.640761300555115,0.3853617498597869,0.640761300555115,0.000431247089549141
Random Forest,3418,3418,3419,0.3853617498597869,0.640761300555115,0.3854178351093662,0.640761300555115,3.593725746241656e-05
Random Forest,3419,3419,3420,0.3854178351093662,0.640761300555115,0.3854739203589456,0.640761300555115,3.5937257462452127e-05
Random Forest,3420,3420,3421,0.3854739203589456,0.640761300555115,0.3854739203589456,0.6415543219666932,0.0
Random Forest,3421,3421,3422,0.3854739203589456,0.6415543219666932,0.38553000560852496,0.6415543219666932,3.598173426620668e-05
Random Forest,3422,3422,3423,0.38553000560852496,0.6415543219666932,0.3855860908581043,0.6415543219666932,3.598173426620668e-05
Random Forest,3423,3423,3424,0.3855860908581043,0.6415543219666932,0.3855860908581043,0.6423473433782713,0.0
Random Forest,3424,3424,3425,0.3855860908581043,0.6423473433782713,0.3856421761076837,0.6423473433782713,3.6026211070032455e-05
Random Forest,3425,3425,3426,0.3856421761076837,0.6423473433782713,0.3856421761076837,0.6431403647898494,0.0
Random Forest,3426,3426,3427,0.3856421761076837,0.6431403647898494,0.38569826135726304,0.6431403647898494,3.6070687873786914e-05
Random Forest,3427,3427,3428,0.38569826135726304,0.6431403647898494,0.3858104318564218,0.6431403647898494,7.214137574760954e-05
Random Forest,3428,3428,3429,0.3858104318564218,0.6431403647898494,0.3858665171060011,0.6431403647898494,3.6070687873786914e-05
Random Forest,3429,3429,3430,0.3858665171060011,0.6431403647898494,0.38592260235558046,0.6431403647898494,3.6070687873786914e-05
Random Forest,3430,3430,3431,0.38592260235558046,0.6431403647898494,0.38597868760515985,0.6431403647898494,3.607068787382262e-05
Random Forest,3431,3431,3432,0.38597868760515985,0.6431403647898494,0.3860347728547392,0.6431403647898494,3.6070687873786914e-05
Random Forest,3432,3432,3433,0.3860347728547392,0.6431403647898494,0.38614694335389793,0.6431403647898494,7.214137574760954e-05
Random Forest,3433,3433,3434,0.38614694335389793,0.6431403647898494,0.38614694335389793,0.6439333862014275,0.0
Random Forest,3434,3434,3435,0.38614694335389793,0.6439333862014275,0.38620302860347727,0.6439333862014275,3.611516467757704e-05
Random Forest,3435,3435,3436,0.38620302860347727,0.6439333862014275,0.38625911385305667,0.6439333862014275,3.611516467761278e-05
Random Forest,3436,3436,3437,0.38625911385305667,0.6439333862014275,0.3872125630959058,0.6463124504361618,0.0006150919580156726
Random Forest,3437,3437,3438,0.3872125630959058,0.6463124504361618,0.388334268087493,0.6471054718477399,0.0007254166698171004
Random Forest,3438,3438,3439,0.388334268087493,0.6471054718477399,0.38839035333707234,0.6471054718477399,3.629307189273752e-05
Random Forest,3439,3439,3440,0.38839035333707234,0.6471054718477399,0.38844643858665173,0.6471054718477399,3.629307189277344e-05
Random Forest,3440,3440,3441,0.38844643858665173,0.6471054718477399,0.3885025238362311,0.6471054718477399,3.629307189273752e-05
Random Forest,3441,3441,3442,0.3885025238362311,0.6471054718477399,0.3885586090858104,0.6471054718477399,3.629307189273752e-05
Random Forest,3442,3442,3443,0.3885586090858104,0.6471054718477399,0.3886146943353898,0.6471054718477399,3.629307189277344e-05
Random Forest,3443,3443,3444,0.3886146943353898,0.6471054718477399,0.38867077958496915,0.6471054718477399,3.629307189273752e-05
Random Forest,3444,3444,3445,0.38867077958496915,0.6471054718477399,0.3887268648345485,0.6471054718477399,3.629307189273752e-05
Random Forest,3445,3445,3446,0.3887268648345485,0.6471054718477399,0.3887829500841279,0.6471054718477399,3.629307189277344e-05
Random Forest,3446,3446,3447,0.3887829500841279,0.6471054718477399,0.38895120583286596,0.6471054718477399,0.00010887921567824847
Random Forest,3447,3447,3448,0.38895120583286596,0.6471054718477399,0.3890072910824453,0.6471054718477399,3.629307189273752e-05
Random Forest,3448,3448,3449,0.3890072910824453,0.6471054718477399,0.38911946158160404,0.6471054718477399,7.258614378551095e-05
Random Forest,3449,3449,3450,0.38911946158160404,0.6471054718477399,0.3891755468311834,0.6471054718477399,3.629307189273752e-05
Random Forest,3450,3450,3451,0.3891755468311834,0.6471054718477399,0.3892877173303421,0.6471054718477399,7.258614378551095e-05
Random Forest,3451,3451,3452,0.3892877173303421,0.6471054718477399,0.38956814357823893,0.6471054718477399,0.00018146535946375942
Random Forest,3452,3452,3453,0.38956814357823893,0.6471054718477399,0.3896242288278183,0.6471054718477399,3.629307189273752e-05
Random Forest,3453,3453,3454,0.3896242288278183,0.6471054718477399,0.38968031407739767,0.6471054718477399,3.629307189277344e-05
Random Forest,3454,3454,3455,0.38968031407739767,0.6471054718477399,0.38968031407739767,0.647898493259318,0.0
Random Forest,3455,3455,3456,0.38968031407739767,0.647898493259318,0.389736399326977,0.647898493259318,3.6337548696527634e-05
Random Forest,3456,3456,3457,0.389736399326977,0.647898493259318,0.38979248457655635,0.647898493259318,3.6337548696527634e-05
Random Forest,3457,3457,3458,0.38979248457655635,0.647898493259318,0.38984856982613575,0.647898493259318,3.63375486965636e-05
Random Forest,3458,3458,3459,0.38984856982613575,0.647898493259318,0.3899046550757151,0.647898493259318,3.6337548696527634e-05
Random Forest,3459,3459,3460,0.3899046550757151,0.647898493259318,0.3900168255748738,0.647898493259318,7.267509739309124e-05
Random Forest,3460,3460,3461,0.3900168255748738,0.647898493259318,0.39007291082445317,0.647898493259318,3.6337548696527634e-05
Random Forest,3461,3461,3462,0.39007291082445317,0.647898493259318,0.3901289960740325,0.6486915146708961,3.6359787098422696e-05
Random Forest,3462,3462,3463,0.3901289960740325,0.6486915146708961,0.39024116657319124,0.6486915146708961,7.276405100067151e-05
Random Forest,3463,3463,3464,0.39024116657319124,0.6486915146708961,0.3902972518227706,0.6486915146708961,3.638202550031775e-05
Random Forest,3464,3464,3465,0.3902972518227706,0.6486915146708961,0.39035333707235,0.6486915146708961,3.638202550035376e-05
Random Forest,3465,3465,3466,0.39035333707235,0.6486915146708961,0.3904655075715087,0.6486915146708961,7.276405100067151e-05
Random Forest,3466,3466,3467,0.3904655075715087,0.6486915146708961,0.39052159282108806,0.6486915146708961,3.638202550031775e-05
Random Forest,3467,3467,3468,0.39052159282108806,0.6486915146708961,0.39091418956814356,0.6494845360824743,0.00025482984731556177
Random Forest,3468,3468,3469,0.39091418956814356,0.6494845360824743,0.39097027481772295,0.6494845360824743,3.6426502304143924e-05
Random Forest,3469,3469,3470,0.39097027481772295,0.6494845360824743,0.3910263600673023,0.6494845360824743,3.6426502304107874e-05
Random Forest,3470,3470,3471,0.3910263600673023,0.6494845360824743,0.39108244531688163,0.6494845360824743,3.6426502304107874e-05
Random Forest,3471,3471,3472,0.39108244531688163,0.6494845360824743,0.39113853056646103,0.6494845360824743,3.6426502304143924e-05
Random Forest,3472,3472,3473,0.39113853056646103,0.6494845360824743,0.39119461581604037,0.6494845360824743,3.6426502304107874e-05
Random Forest,3473,3473,3474,0.39119461581604037,0.6494845360824743,0.3913067863151991,0.6494845360824743,7.28530046082518e-05
Random Forest,3474,3474,3475,0.3913067863151991,0.6494845360824743,0.39136287156477845,0.6494845360824743,3.6426502304107874e-05
Random Forest,3475,3475,3476,0.39136287156477845,0.6494845360824743,0.39141895681435784,0.6494845360824743,3.6426502304143924e-05
Random Forest,3476,3476,3477,0.39141895681435784,0.6494845360824743,0.3914750420639372,0.6494845360824743,3.6426502304107874e-05
Random Forest,3477,3477,3478,0.3914750420639372,0.6494845360824743,0.3915311273135165,0.6494845360824743,3.6426502304107874e-05
Random Forest,3478,3478,3479,0.3915311273135165,0.6494845360824743,0.3915872125630959,0.6494845360824743,3.6426502304143924e-05
Random Forest,3479,3479,3480,0.3915872125630959,0.6494845360824743,0.3916993830622546,0.6494845360824743,7.285300460821575e-05
Random Forest,3480,3480,3481,0.3916993830622546,0.6494845360824743,0.391755468311834,0.6494845360824743,3.6426502304143924e-05
Random Forest,3481,3481,3482,0.391755468311834,0.6494845360824743,0.39181155356141334,0.6494845360824743,3.6426502304107874e-05
Random Forest,3482,3482,3483,0.39181155356141334,0.6494845360824743,0.39186763881099274,0.6494845360824743,3.6426502304143924e-05
Random Forest,3483,3483,3484,0.39186763881099274,0.6494845360824743,0.3919237240605721,0.6494845360824743,3.6426502304107874e-05
Random Forest,3484,3484,3485,0.3919237240605721,0.6494845360824743,0.3919798093101514,0.6494845360824743,3.6426502304107874e-05
Random Forest,3485,3485,3486,0.3919798093101514,0.6494845360824743,0.3921480650588895,0.6502775574940524,0.00010934622211804487
Random Forest,3486,3486,3487,0.3921480650588895,0.6502775574940524,0.3922041503084689,0.6502775574940524,3.647097910793409e-05
Random Forest,3487,3487,3488,0.3922041503084689,0.6502775574940524,0.39226023555804823,0.6502775574940524,3.647097910789799e-05
Random Forest,3488,3488,3489,0.39226023555804823,0.6502775574940524,0.39231632080762757,0.6502775574940524,3.647097910789799e-05
Random Forest,3489,3489,3490,0.39231632080762757,0.6502775574940524,0.39237240605720697,0.6502775574940524,3.647097910793409e-05
Random Forest,3490,3490,3491,0.39237240605720697,0.6502775574940524,0.3924284913067863,0.6502775574940524,3.647097910789799e-05
Random Forest,3491,3491,3492,0.3924284913067863,0.6502775574940524,0.39248457655636565,0.6502775574940524,3.647097910789799e-05
Random Forest,3492,3492,3493,0.39248457655636565,0.6502775574940524,0.3925967470555244,0.6502775574940524,7.294195821583208e-05
Random Forest,3493,3493,3494,0.3925967470555244,0.6502775574940524,0.3926528323051038,0.6502775574940524,3.647097910793409e-05
Random Forest,3494,3494,3495,0.3926528323051038,0.6502775574940524,0.3927089175546831,0.6502775574940524,3.647097910789799e-05
Random Forest,3495,3495,3496,0.3927089175546831,0.6502775574940524,0.39298934380257994,0.6502775574940524,0.00018235489553956215
Random Forest,3496,3496,3497,0.39298934380257994,0.6502775574940524,0.393157599551318,0.6510705789056305,0.00010947965252941527
Random Forest,3497,3497,3498,0.393157599551318,0.6510705789056305,0.39321368480089736,0.6510705789056305,3.6515455911688114e-05
Random Forest,3498,3498,3499,0.39321368480089736,0.6510705789056305,0.3933258553000561,0.6510705789056305,7.303091182341236e-05
Random Forest,3499,3499,3500,0.3933258553000561,0.6510705789056305,0.39338194054963543,0.6510705789056305,3.6515455911688114e-05
Random Forest,3500,3500,3501,0.39338194054963543,0.6510705789056305,0.39343802579921483,0.6518636003172086,3.6537694313619334e-05
Random Forest,3501,3501,3502,0.39343802579921483,0.6518636003172086,0.39349411104879417,0.6518636003172086,3.655993271547823e-05
Random Forest,3502,3502,3503,0.39349411104879417,0.6518636003172086,0.3935501962983735,0.6518636003172086,3.655993271547823e-05
Random Forest,3503,3503,3504,0.3935501962983735,0.6518636003172086,0.3936062815479529,0.6518636003172086,3.6559932715514416e-05
Random Forest,3504,3504,3505,0.3936062815479529,0.6518636003172086,0.3939988782950084,0.6518636003172086,0.00025591952900842
Random Forest,3505,3505,3506,0.3939988782950084,0.6518636003172086,0.39411104879416714,0.6518636003172086,7.311986543099265e-05
Random Forest,3506,3506,3507,0.39411104879416714,0.6518636003172086,0.3941671340437465,0.6518636003172086,3.655993271547823e-05
Random Forest,3507,3507,3508,0.3941671340437465,0.6518636003172086,0.39439147504206395,0.6526566217287867,0.00014632868446956557
Random Forest,3508,3508,3509,0.39439147504206395,0.6526566217287867,0.3944475602916433,0.6526566217287867,3.660440951926835e-05
Random Forest,3509,3509,3510,0.3944475602916433,0.6526566217287867,0.395176668536175,0.6526566217287867,0.0004758573237506697
Random Forest,3510,3510,3511,0.395176668536175,0.6526566217287867,0.39523275378575434,0.6526566217287867,3.660440951926835e-05
Random Forest,3511,3511,3512,0.39523275378575434,0.6526566217287867,0.3952888390353337,0.6526566217287867,3.660440951926835e-05
Random Forest,3512,3512,3513,0.3952888390353337,0.6526566217287867,0.3953449242849131,0.6526566217287867,3.660440951930458e-05
Random Forest,3513,3513,3514,0.3953449242849131,0.6526566217287867,0.3954010095344924,0.6526566217287867,3.660440951926835e-05
Random Forest,3514,3514,3515,0.3954010095344924,0.6526566217287867,0.3954010095344924,0.6534496431403648,0.0
Random Forest,3515,3515,3516,0.3954010095344924,0.6534496431403648,0.3954570947840718,0.6534496431403648,3.6648886323094744e-05
Random Forest,3516,3516,3517,0.3954570947840718,0.6534496431403648,0.39551318003365116,0.6534496431403648,3.664888632305847e-05
Random Forest,3517,3517,3518,0.39551318003365116,0.6534496431403648,0.3955692652832305,0.6534496431403648,3.664888632305847e-05
Random Forest,3518,3518,3519,0.3955692652832305,0.6534496431403648,0.39568143578238923,0.6534496431403648,7.329777264615321e-05
Random Forest,3519,3519,3520,0.39568143578238923,0.6534496431403648,0.3957375210319686,0.6534496431403648,3.664888632305847e-05
Random Forest,3520,3520,3521,0.3957375210319686,0.6534496431403648,0.39579360628154797,0.6534496431403648,3.6648886323094744e-05
Random Forest,3521,3521,3522,0.39579360628154797,0.6534496431403648,0.39753224901850814,0.6542426645519429,0.0011368048664739587
Random Forest,3522,3522,3523,0.39753224901850814,0.6542426645519429,0.39753224901850814,0.655035685963521,0.0
Random Forest,3523,3523,3524,0.39753224901850814,0.655035685963521,0.3975883342680875,0.655035685963521,3.673783993063871e-05
Random Forest,3524,3524,3525,0.3975883342680875,0.655035685963521,0.3976444195176669,0.655035685963521,3.673783993067507e-05
Random Forest,3525,3525,3526,0.3976444195176669,0.655035685963521,0.3977005047672462,0.655035685963521,3.673783993063871e-05
Random Forest,3526,3526,3527,0.3977005047672462,0.655035685963521,0.39781267526640496,0.655035685963521,7.347567986131378e-05
Random Forest,3527,3527,3528,0.39781267526640496,0.655035685963521,0.39792484576556364,0.655035685963521,7.347567986127742e-05
Random Forest,3528,3528,3529,0.39792484576556364,0.655035685963521,0.3980931015143017,0.655035685963521,0.00011021351979195249
Random Forest,3529,3529,3530,0.3980931015143017,0.655035685963521,0.3981491867638811,0.655035685963521,3.673783993067507e-05
Random Forest,3530,3530,3531,0.3981491867638811,0.655035685963521,0.39820527201346045,0.655035685963521,3.673783993063871e-05
Random Forest,3531,3531,3532,0.39820527201346045,0.655035685963521,0.3983174425126192,0.655035685963521,7.347567986131378e-05
Random Forest,3532,3532,3533,0.3983174425126192,0.655035685963521,0.39842961301177793,0.655035685963521,7.347567986131378e-05
Random Forest,3533,3533,3534,0.39842961301177793,0.655035685963521,0.3988222097588334,0.655035685963521,0.00025716487951454365
Random Forest,3534,3534,3535,0.3988222097588334,0.655035685963521,0.39893438025799216,0.655035685963521,7.347567986131378e-05
Random Forest,3535,3535,3536,0.39893438025799216,0.655035685963521,0.3992708917554683,0.6558287073750991,0.00022056046999527538
Random Forest,3536,3536,3537,0.3992708917554683,0.6558287073750991,0.39938306225462705,0.6558287073750991,7.356463346889406e-05
Random Forest,3537,3537,3538,0.39938306225462705,0.6558287073750991,0.3994391475042064,0.6558287073750991,3.678231673442883e-05
Random Forest,3538,3538,3539,0.3994391475042064,0.6558287073750991,0.39949523275378573,0.6558287073750991,3.678231673442883e-05
Random Forest,3539,3539,3540,0.39949523275378573,0.6558287073750991,0.3997195737521032,0.6558287073750991,0.0001471292669377881
Random Forest,3540,3540,3541,0.3997195737521032,0.6558287073750991,0.39977565900168255,0.6558287073750991,3.678231673442883e-05
Random Forest,3541,3541,3542,0.39977565900168255,0.6558287073750991,0.3998878295008413,0.6558287073750991,7.356463346889406e-05
Random Forest,3542,3542,3543,0.3998878295008413,0.6558287073750991,0.3999439147504206,0.6558287073750991,3.678231673442883e-05
Random Forest,3543,3543,3544,0.3999439147504206,0.6558287073750991,0.4,0.6558287073750991,3.6782316734465235e-05
Random Forest,3544,3544,3545,0.4,0.6558287073750991,0.4001682557487381,0.6574147501982553,0.00011048038061469329
Random Forest,3545,3545,3546,0.4001682557487381,0.6574147501982553,0.40022434099831744,0.6574147501982553,3.6871270342009067e-05
Random Forest,3546,3546,3547,0.40022434099831744,0.6574147501982553,0.4002804262478968,0.6574147501982553,3.6871270342009067e-05
Random Forest,3547,3547,3548,0.4002804262478968,0.6574147501982553,0.4003925967470555,0.6574147501982553,7.374254068405463e-05
Random Forest,3548,3548,3549,0.4003925967470555,0.6574147501982553,0.40050476724621425,0.6574147501982553,7.374254068405463e-05
Random Forest,3549,3549,3550,0.40050476724621425,0.6574147501982553,0.4005608524957936,0.6574147501982553,3.6871270342009067e-05
Random Forest,3550,3550,3551,0.4005608524957936,0.6574147501982553,0.400616937745373,0.6574147501982553,3.687127034204556e-05
Random Forest,3551,3551,3552,0.400616937745373,0.6574147501982553,0.4007291082445317,0.6574147501982553,7.374254068401813e-05
Random Forest,3552,3552,3553,0.4007291082445317,0.6574147501982553,0.40106561974200783,0.6574147501982553,0.0002212276220521274
Random Forest,3553,3553,3554,0.40106561974200783,0.6574147501982553,0.4011217049915872,0.6574147501982553,3.687127034204556e-05
Random Forest,3554,3554,3555,0.4011217049915872,0.6574147501982553,0.40117779024116657,0.6574147501982553,3.6871270342009067e-05
Random Forest,3555,3555,3556,0.40117779024116657,0.6574147501982553,0.40123387549074596,0.6574147501982553,3.687127034204556e-05
Random Forest,3556,3556,3557,0.40123387549074596,0.6574147501982553,0.40134604598990464,0.6574147501982553,7.374254068401813e-05
Random Forest,3557,3557,3558,0.40134604598990464,0.6574147501982553,0.40140213123948404,0.6574147501982553,3.687127034204556e-05
Random Forest,3558,3558,3559,0.40140213123948404,0.6574147501982553,0.40140213123948404,0.6582077716098335,0.0
Random Forest,3559,3559,3560,0.40140213123948404,0.6582077716098335,0.4015143017386427,0.6582077716098335,7.383149429159837e-05
Random Forest,3560,3560,3561,0.4015143017386427,0.6582077716098335,0.4015703869882221,0.6582077716098335,3.691574714583572e-05
Random Forest,3561,3561,3562,0.4015703869882221,0.6582077716098335,0.40162647223780146,0.6582077716098335,3.691574714579918e-05
Random Forest,3562,3562,3563,0.40162647223780146,0.6582077716098335,0.4016825574873808,0.6582077716098335,3.691574714579918e-05
Random Forest,3563,3563,3564,0.4016825574873808,0.6582077716098335,0.4017386427369602,0.6582077716098335,3.691574714583572e-05
Random Forest,3564,3564,3565,0.4017386427369602,0.6582077716098335,0.40179472798653953,0.6582077716098335,3.691574714579918e-05
Random Forest,3565,3565,3566,0.40179472798653953,0.6582077716098335,0.4018508132361189,0.6582077716098335,3.691574714579918e-05
Random Forest,3566,3566,3567,0.4018508132361189,0.6582077716098335,0.40190689848569827,0.6582077716098335,3.691574714583572e-05
Random Forest,3567,3567,3568,0.40190689848569827,0.6582077716098335,0.402019068984857,0.6582077716098335,7.38314942916349e-05
Random Forest,3568,3568,3569,0.402019068984857,0.6582077716098335,0.40207515423443635,0.6582077716098335,3.691574714579918e-05
Random Forest,3569,3569,3570,0.40207515423443635,0.6582077716098335,0.4021312394840157,0.6582077716098335,3.691574714579918e-05
Random Forest,3570,3570,3571,0.4021312394840157,0.6582077716098335,0.4021873247335951,0.6582077716098335,3.691574714583572e-05
Random Forest,3571,3571,3572,0.4021873247335951,0.6582077716098335,0.4022434099831744,0.6582077716098335,3.691574714579918e-05
Random Forest,3572,3572,3573,0.4022434099831744,0.6582077716098335,0.40229949523275377,0.6582077716098335,3.691574714579918e-05
Random Forest,3573,3573,3574,0.40229949523275377,0.6582077716098335,0.40246775098149185,0.6582077716098335,0.0001107472414374341
Random Forest,3574,3574,3575,0.40246775098149185,0.6582077716098335,0.40252383623107124,0.6582077716098335,3.691574714583572e-05
Random Forest,3575,3575,3576,0.40252383623107124,0.6582077716098335,0.4025799214806506,0.6582077716098335,3.691574714579918e-05
Random Forest,3576,3576,3577,0.4025799214806506,0.6582077716098335,0.4026360067302299,0.6582077716098335,3.691574714579918e-05
Random Forest,3577,3577,3578,0.4026360067302299,0.6582077716098335,0.4026920919798093,0.6582077716098335,3.691574714583572e-05
Random Forest,3578,3578,3579,0.4026920919798093,0.6582077716098335,0.40274817722938866,0.6582077716098335,3.691574714579918e-05
Random Forest,3579,3579,3580,0.40274817722938866,0.6582077716098335,0.4028603477285474,0.6582077716098335,7.38314942916349e-05
Random Forest,3580,3580,3581,0.4028603477285474,0.6582077716098335,0.40291643297812674,0.6582077716098335,3.691574714579918e-05
Random Forest,3581,3581,3582,0.40291643297812674,0.6582077716098335,0.40297251822770613,0.6582077716098335,3.691574714583572e-05
Random Forest,3582,3582,3583,0.40297251822770613,0.6582077716098335,0.4030286034772855,0.6582077716098335,3.691574714579918e-05
Random Forest,3583,3583,3584,0.4030286034772855,0.6582077716098335,0.4031407739764442,0.6582077716098335,7.38314942916349e-05
Random Forest,3584,3584,3585,0.4031407739764442,0.6582077716098335,0.40319685922602355,0.6582077716098335,3.691574714579918e-05
Random Forest,3585,3585,3586,0.40319685922602355,0.6582077716098335,0.4032529444756029,0.6582077716098335,3.691574714579918e-05
Random Forest,3586,3586,3587,0.4032529444756029,0.6582077716098335,0.4033090297251823,0.6582077716098335,3.691574714583572e-05
Random Forest,3587,3587,3588,0.4033090297251823,0.6582077716098335,0.40336511497476163,0.6582077716098335,3.691574714579918e-05
Random Forest,3588,3588,3589,0.40336511497476163,0.6582077716098335,0.403421200224341,0.6582077716098335,3.691574714583572e-05
Random Forest,3589,3589,3590,0.403421200224341,0.6582077716098335,0.40347728547392037,0.6582077716098335,3.691574714579918e-05
Random Forest,3590,3590,3591,0.40347728547392037,0.6582077716098335,0.4035333707234997,0.6582077716098335,3.691574714579918e-05
Random Forest,3591,3591,3592,0.4035333707234997,0.6582077716098335,0.4035894559730791,0.6582077716098335,3.691574714583572e-05
Random Forest,3592,3592,3593,0.4035894559730791,0.6582077716098335,0.40364554122265844,0.6582077716098335,3.691574714579918e-05
Random Forest,3593,3593,3594,0.40364554122265844,0.6582077716098335,0.4037016264722378,0.6582077716098335,3.691574714579918e-05
Random Forest,3594,3594,3595,0.4037016264722378,0.6582077716098335,0.40386988222097586,0.6582077716098335,0.0001107472414374341
Random Forest,3595,3595,3596,0.40386988222097586,0.6582077716098335,0.40392596747055526,0.6582077716098335,3.691574714583572e-05
Random Forest,3596,3596,3597,0.40392596747055526,0.6582077716098335,0.4039820527201346,0.6582077716098335,3.691574714579918e-05
Random Forest,3597,3597,3598,0.4039820527201346,0.6582077716098335,0.40403813796971394,0.6582077716098335,3.691574714579918e-05
Random Forest,3598,3598,3599,0.40403813796971394,0.6582077716098335,0.40409422321929334,0.6582077716098335,3.691574714583572e-05
Random Forest,3599,3599,3600,0.40409422321929334,0.6582077716098335,0.4042624789680314,0.6582077716098335,0.0001107472414374341
Random Forest,3600,3600,3601,0.4042624789680314,0.6582077716098335,0.40437464946719015,0.6582077716098335,7.38314942916349e-05
Random Forest,3601,3601,3602,0.40437464946719015,0.6582077716098335,0.4044307347167695,0.6582077716098335,3.691574714579918e-05
Random Forest,3602,3602,3603,0.4044307347167695,0.6582077716098335,0.40448681996634883,0.6582077716098335,3.691574714579918e-05
Random Forest,3603,3603,3604,0.40448681996634883,0.6582077716098335,0.40459899046550757,0.6582077716098335,7.38314942916349e-05
Random Forest,3604,3604,3605,0.40459899046550757,0.6582077716098335,0.4046550757150869,0.6582077716098335,3.691574714579918e-05
Random Forest,3605,3605,3606,0.4046550757150869,0.6582077716098335,0.4047111609646663,0.6582077716098335,3.691574714583572e-05
Random Forest,3606,3606,3607,0.4047111609646663,0.6582077716098335,0.4049355019629837,0.6582077716098335,0.00014766298858323327
Random Forest,3607,3607,3608,0.4049355019629837,0.6582077716098335,0.40504767246214246,0.6582077716098335,7.38314942916349e-05
Random Forest,3608,3608,3609,0.40504767246214246,0.6582077716098335,0.4051037577117218,0.6582077716098335,3.691574714579918e-05
Random Forest,3609,3609,3610,0.4051037577117218,0.6582077716098335,0.4053841839596186,0.6590007930214116,0.00018468992773854433
Random Forest,3610,3610,3611,0.4053841839596186,0.6590007930214116,0.40544026920919796,0.6590007930214116,3.6960223949589306e-05
Random Forest,3611,3611,3612,0.40544026920919796,0.6590007930214116,0.40549635445877735,0.6590007930214116,3.6960223949625885e-05
Random Forest,3612,3612,3613,0.40549635445877735,0.6590007930214116,0.4055524397083567,0.6590007930214116,3.6960223949589306e-05
Random Forest,3613,3613,3614,0.4055524397083567,0.6590007930214116,0.4056085249579361,0.6590007930214116,3.6960223949625885e-05
Random Forest,3614,3614,3615,0.4056085249579361,0.6590007930214116,0.40566461020751543,0.6590007930214116,3.6960223949589306e-05
Random Forest,3615,3615,3616,0.40566461020751543,0.6590007930214116,0.40572069545709477,0.6590007930214116,3.6960223949589306e-05
Random Forest,3616,3616,3617,0.40572069545709477,0.6590007930214116,0.40577678070667417,0.6590007930214116,3.6960223949625885e-05
Random Forest,3617,3617,3618,0.40577678070667417,0.6590007930214116,0.4058328659562535,0.6590007930214116,3.6960223949589306e-05
Random Forest,3618,3618,3619,0.4058328659562535,0.6590007930214116,0.40588895120583285,0.6590007930214116,3.6960223949589306e-05
Random Forest,3619,3619,3620,0.40588895120583285,0.6590007930214116,0.40594503645541224,0.6590007930214116,3.6960223949625885e-05
Random Forest,3620,3620,3621,0.40594503645541224,0.6590007930214116,0.4060011217049916,0.6597938144329897,3.698246235148436e-05
Random Forest,3621,3621,3622,0.4060011217049916,0.6597938144329897,0.4060572069545709,0.6597938144329897,3.700470075337942e-05
Random Forest,3622,3622,3623,0.4060572069545709,0.6597938144329897,0.4061132922041503,0.6597938144329897,3.700470075341605e-05
Random Forest,3623,3623,3624,0.4061132922041503,0.6597938144329897,0.40616937745372966,0.6597938144329897,3.700470075337942e-05
Random Forest,3624,3624,3625,0.40616937745372966,0.6597938144329897,0.406225462703309,0.6597938144329897,3.700470075337942e-05
Random Forest,3625,3625,3626,0.406225462703309,0.6597938144329897,0.4062815479528884,0.6597938144329897,3.700470075341605e-05
Random Forest,3626,3626,3627,0.4062815479528884,0.6597938144329897,0.40639371845204714,0.6597938144329897,7.400940150679548e-05
Random Forest,3627,3627,3628,0.40639371845204714,0.6597938144329897,0.4064498037016265,0.6597938144329897,3.700470075337942e-05
Random Forest,3628,3628,3629,0.4064498037016265,0.6597938144329897,0.4065058889512058,0.6597938144329897,3.700470075337942e-05
Random Forest,3629,3629,3630,0.4065058889512058,0.6597938144329897,0.4065619742007852,0.6597938144329897,3.700470075341605e-05
Random Forest,3630,3630,3631,0.4065619742007852,0.6597938144329897,0.4074032529444756,0.6605868358445678,0.0005554040873293005
Random Forest,3631,3631,3632,0.4074032529444756,0.6605868358445678,0.40745933819405494,0.6605868358445678,3.7049177557169546e-05
Random Forest,3632,3632,3633,0.40745933819405494,0.6605868358445678,0.40751542344363434,0.6605868358445678,3.704917755720621e-05
Random Forest,3633,3633,3634,0.40751542344363434,0.6605868358445678,0.4075715086932137,0.6605868358445678,3.7049177557169546e-05
Random Forest,3634,3634,3635,0.4075715086932137,0.6605868358445678,0.407627593942793,0.6605868358445678,3.7049177557169546e-05
Random Forest,3635,3635,3636,0.407627593942793,0.6605868358445678,0.4076836791923724,0.6605868358445678,3.704917755720621e-05
Random Forest,3636,3636,3637,0.4076836791923724,0.6605868358445678,0.40773976444195176,0.6605868358445678,3.7049177557169546e-05
Random Forest,3637,3637,3638,0.40773976444195176,0.6605868358445678,0.40779584969153115,0.6605868358445678,3.704917755720621e-05
Random Forest,3638,3638,3639,0.40779584969153115,0.6605868358445678,0.4078519349411105,0.6605868358445678,3.7049177557169546e-05
Random Forest,3639,3639,3640,0.4078519349411105,0.6605868358445678,0.40802019068984857,0.6605868358445678,0.0001111475326715453
Random Forest,3640,3640,3641,0.40802019068984857,0.6605868358445678,0.4080762759394279,0.6605868358445678,3.7049177557169546e-05
Random Forest,3641,3641,3642,0.4080762759394279,0.6605868358445678,0.4080762759394279,0.6613798572561459,0.0
Random Forest,3642,3642,3643,0.4080762759394279,0.6613798572561459,0.4081323611890073,0.6613798572561459,3.7093654360996377e-05
Random Forest,3643,3643,3644,0.4081323611890073,0.6613798572561459,0.40818844643858665,0.6613798572561459,3.709365436095966e-05
Random Forest,3644,3644,3645,0.40818844643858665,0.6613798572561459,0.408244531688166,0.6613798572561459,3.709365436095966e-05
Random Forest,3645,3645,3646,0.408244531688166,0.6613798572561459,0.4083006169377454,0.6613798572561459,3.7093654360996377e-05
Random Forest,3646,3646,3647,0.4083006169377454,0.6613798572561459,0.4083567021873247,0.6613798572561459,3.709365436095966e-05
Random Forest,3647,3647,3648,0.4083567021873247,0.6613798572561459,0.4105440269209198,0.669310071371927,0.0014553254968170171
Random Forest,3648,3648,3649,0.4105440269209198,0.669310071371927,0.41065619742007853,0.669310071371927,7.507684479775887e-05
Random Forest,3649,3649,3650,0.41065619742007853,0.669310071371927,0.41071228266965787,0.669310071371927,3.7538422398860855e-05
Random Forest,3650,3650,3651,0.41071228266965787,0.669310071371927,0.41076836791923726,0.669310071371927,3.753842239889801e-05
Random Forest,3651,3651,3652,0.41076836791923726,0.669310071371927,0.4108244531688166,0.669310071371927,3.7538422398860855e-05
Random Forest,3652,3652,3653,0.4108244531688166,0.669310071371927,0.4108244531688166,0.6701030927835051,0.0
Random Forest,3653,3653,3654,0.4108244531688166,0.6701030927835051,0.41088053841839595,0.6701030927835051,3.758289920265097e-05
Random Forest,3654,3654,3655,0.41088053841839595,0.6701030927835051,0.41093662366797534,0.6701030927835051,3.7582899202688174e-05
Random Forest,3655,3655,3656,0.41093662366797534,0.6701030927835051,0.4109927089175547,0.6701030927835051,3.758289920265097e-05
Random Forest,3656,3656,3657,0.4109927089175547,0.6701030927835051,0.411048794167134,0.6701030927835051,3.758289920265097e-05
Random Forest,3657,3657,3658,0.411048794167134,0.6701030927835051,0.4111048794167134,0.6701030927835051,3.7582899202688174e-05
Random Forest,3658,3658,3659,0.4111048794167134,0.6701030927835051,0.41116096466629276,0.6701030927835051,3.758289920265097e-05
Random Forest,3659,3659,3660,0.41116096466629276,0.6701030927835051,0.4112170499158721,0.6701030927835051,3.758289920265097e-05
Random Forest,3660,3660,3661,0.4112170499158721,0.6701030927835051,0.4112170499158721,0.6708961141950832,0.0
Random Forest,3661,3661,3662,0.4112170499158721,0.6708961141950832,0.4112731351654515,0.6708961141950832,3.762737600647834e-05
Random Forest,3662,3662,3663,0.4112731351654515,0.6708961141950832,0.41132922041503084,0.6708961141950832,3.7627376006441095e-05
Random Forest,3663,3663,3664,0.41132922041503084,0.6708961141950832,0.41138530566461023,0.6708961141950832,3.762737600647834e-05
Random Forest,3664,3664,3665,0.41138530566461023,0.6708961141950832,0.4115535614133483,0.6708961141950832,0.00011288212801936053
Random Forest,3665,3665,3666,0.4115535614133483,0.6708961141950832,0.411665731912507,0.6708961141950832,7.525475201288219e-05
Random Forest,3666,3666,3667,0.411665731912507,0.6708961141950832,0.4117218171620864,0.6708961141950832,3.762737600647834e-05
Random Forest,3667,3667,3668,0.4117218171620864,0.6708961141950832,0.4121144139091419,0.6716891356066613,0.0002635473008584276
Random Forest,3668,3668,3669,0.4121144139091419,0.6716891356066613,0.4121704991587213,0.6716891356066613,3.76718528102685e-05
Random Forest,3669,3669,3670,0.4121704991587213,0.6716891356066613,0.4122265844083006,0.6716891356066613,3.767185281023121e-05
Random Forest,3670,3670,3671,0.4122265844083006,0.6716891356066613,0.41228266965787996,0.6724821570182395,3.769409121212628e-05
Random Forest,3671,3671,3672,0.41228266965787996,0.6724821570182395,0.4123948401570387,0.6724821570182395,7.543265922808001e-05
Random Forest,3672,3672,3673,0.4123948401570387,0.6724821570182395,0.41250701065619744,0.6724821570182395,7.543265922808001e-05
Random Forest,3673,3673,3674,0.41250701065619744,0.6724821570182395,0.41250701065619744,0.6732751784298177,0.0
Random Forest,3674,3674,3675,0.41250701065619744,0.6732751784298177,0.41289960740325293,0.6732751784298177,0.00026432564492475497
Random Forest,3675,3675,3676,0.41289960740325293,0.6732751784298177,0.41295569265283233,0.6732751784298177,3.7760806417848836e-05
Random Forest,3676,3676,3677,0.41295569265283233,0.6732751784298177,0.413067863151991,0.6732751784298177,7.552161283562292e-05
Random Forest,3677,3677,3678,0.413067863151991,0.6732751784298177,0.4131239484015704,0.6732751784298177,3.7760806417848836e-05
Random Forest,3678,3678,3679,0.4131239484015704,0.6732751784298177,0.41318003365114975,0.6732751784298177,3.776080641781146e-05
Random Forest,3679,3679,3680,0.41318003365114975,0.6732751784298177,0.4132361189007291,0.6732751784298177,3.776080641781146e-05
Random Forest,3680,3680,3681,0.4132361189007291,0.6732751784298177,0.4132922041503085,0.6732751784298177,3.7760806417848836e-05
Random Forest,3681,3681,3682,0.4132922041503085,0.6732751784298177,0.4137969713965227,0.6732751784298177,0.0003398472577604152
Random Forest,3682,3682,3683,0.4137969713965227,0.6732751784298177,0.41385305664610206,0.6732751784298177,3.776080641781146e-05
Random Forest,3683,3683,3684,0.41385305664610206,0.6732751784298177,0.41390914189568145,0.6732751784298177,3.7760806417848836e-05
Random Forest,3684,3684,3685,0.41390914189568145,0.6732751784298177,0.4139652271452608,0.6732751784298177,3.776080641781146e-05
Random Forest,3685,3685,3686,0.4139652271452608,0.6732751784298177,0.41402131239484014,0.6732751784298177,3.776080641781146e-05
Random Forest,3686,3686,3687,0.41402131239484014,0.6732751784298177,0.41407739764441953,0.6732751784298177,3.7760806417848836e-05
Random Forest,3687,3687,3688,0.41407739764441953,0.6732751784298177,0.41413348289399887,0.6732751784298177,3.776080641781146e-05
Random Forest,3688,3688,3689,0.41413348289399887,0.6732751784298177,0.4141895681435782,0.6732751784298177,3.776080641781146e-05
Random Forest,3689,3689,3690,0.4141895681435782,0.6732751784298177,0.4142456533931576,0.6732751784298177,3.7760806417848836e-05
Random Forest,3690,3690,3691,0.4142456533931576,0.6732751784298177,0.41430173864273695,0.6732751784298177,3.776080641781146e-05
Random Forest,3691,3691,3692,0.41430173864273695,0.6732751784298177,0.4144139091418957,0.6732751784298177,7.55216128356603e-05
Random Forest,3692,3692,3693,0.4144139091418957,0.6732751784298177,0.4145260796410544,0.6732751784298177,7.55216128356603e-05
Random Forest,3693,3693,3694,0.4145260796410544,0.6732751784298177,0.41475042063937184,0.6732751784298177,0.0001510432256712832
Random Forest,3694,3694,3695,0.41475042063937184,0.6732751784298177,0.4148065058889512,0.6732751784298177,3.776080641781146e-05
Random Forest,3695,3695,3696,0.4148065058889512,0.6732751784298177,0.41503084688726866,0.6732751784298177,0.0001510432256713206
Random Forest,3696,3696,3697,0.41503084688726866,0.6732751784298177,0.415086932136848,0.6732751784298177,3.776080641781146e-05
Random Forest,3697,3697,3698,0.415086932136848,0.6732751784298177,0.4151430173864274,0.6732751784298177,3.7760806417848836e-05
Random Forest,3698,3698,3699,0.4151430173864274,0.6732751784298177,0.41519910263600673,0.6732751784298177,3.776080641781146e-05
Random Forest,3699,3699,3700,0.41519910263600673,0.6732751784298177,0.4152551878855861,0.6732751784298177,3.776080641781146e-05
Random Forest,3700,3700,3701,0.4152551878855861,0.6732751784298177,0.41531127313516547,0.6732751784298177,3.7760806417848836e-05
Random Forest,3701,3701,3702,0.41531127313516547,0.6732751784298177,0.4153673583847448,0.6732751784298177,3.776080641781146e-05
Random Forest,3702,3702,3703,0.4153673583847448,0.6732751784298177,0.41542344363432415,0.6732751784298177,3.776080641781146e-05
Random Forest,3703,3703,3704,0.41542344363432415,0.6732751784298177,0.41547952888390355,0.6732751784298177,3.7760806417848836e-05
Random Forest,3704,3704,3705,0.41547952888390355,0.6732751784298177,0.41575995513180036,0.6732751784298177,0.00018880403208913204
Random Forest,3705,3705,3706,0.41575995513180036,0.6732751784298177,0.4158160403813797,0.6732751784298177,3.776080641781146e-05
Random Forest,3706,3706,3707,0.4158160403813797,0.6732751784298177,0.41592821088053844,0.6740681998413958,7.556608963945043e-05
Random Forest,3707,3707,3708,0.41592821088053844,0.6740681998413958,0.4159842961301178,0.6740681998413958,3.7805283221601575e-05
Random Forest,3708,3708,3709,0.4159842961301178,0.6740681998413958,0.4160403813796971,0.6740681998413958,3.7805283221601575e-05
Random Forest,3709,3709,3710,0.4160403813796971,0.6740681998413958,0.4160964666292765,0.6740681998413958,3.7805283221638994e-05
Random Forest,3710,3710,3711,0.4160964666292765,0.6740681998413958,0.4160964666292765,0.6748612212529739,0.0
Random Forest,3711,3711,3712,0.4160964666292765,0.6748612212529739,0.41615255187885586,0.6748612212529739,3.78497600253917e-05
Random Forest,3712,3712,3713,0.41615255187885586,0.6748612212529739,0.4162086371284352,0.6748612212529739,3.78497600253917e-05
Random Forest,3713,3713,3714,0.4162086371284352,0.6748612212529739,0.4169377453729669,0.6748612212529739,0.0004920468803302794
Random Forest,3714,3714,3715,0.4169377453729669,0.6748612212529739,0.41699383062254625,0.6748612212529739,3.78497600253917e-05
Random Forest,3715,3715,3716,0.41699383062254625,0.6748612212529739,0.41704991587212564,0.6748612212529739,3.784976002542916e-05
Random Forest,3716,3716,3717,0.41704991587212564,0.6748612212529739,0.417106001121705,0.6748612212529739,3.78497600253917e-05
Random Forest,3717,3717,3718,0.417106001121705,0.6748612212529739,0.4171620863712844,0.6748612212529739,3.784976002542916e-05
Random Forest,3718,3718,3719,0.4171620863712844,0.6748612212529739,0.4171620863712844,0.675654242664552,0.0
Random Forest,3719,3719,3720,0.4171620863712844,0.675654242664552,0.4172181716208637,0.675654242664552,3.7894236829181815e-05
Random Forest,3720,3720,3721,0.4172181716208637,0.675654242664552,0.41733034212002246,0.675654242664552,7.578847365840114e-05
Random Forest,3721,3721,3722,0.41733034212002246,0.675654242664552,0.4176107683679192,0.675654242664552,0.0001894711841459466
Random Forest,3722,3722,3723,0.4176107683679192,0.675654242664552,0.4176668536174986,0.675654242664552,3.789423682921932e-05
Random Forest,3723,3723,3724,0.4176668536174986,0.675654242664552,0.41772293886707795,0.675654242664552,3.7894236829181815e-05
Random Forest,3724,3724,3725,0.41772293886707795,0.675654242664552,0.4177790241166573,0.675654242664552,3.7894236829181815e-05
Random Forest,3725,3725,3726,0.4177790241166573,0.675654242664552,0.4178351093662367,0.675654242664552,3.789423682921932e-05
Random Forest,3726,3726,3727,0.4178351093662367,0.675654242664552,0.4180594503645541,0.6772402854877082,0.0001517548545319253
Random Forest,3727,3727,3728,0.4180594503645541,0.6772402854877082,0.4181155356141335,0.6772402854877082,3.798319043679965e-05
Random Forest,3728,3728,3729,0.4181155356141335,0.6772402854877082,0.4182837913628716,0.6772402854877082,0.00011394957131032376
Random Forest,3729,3729,3730,0.4182837913628716,0.6772402854877082,0.4183398766124509,0.6772402854877082,3.7983190436762055e-05
Random Forest,3730,3730,3731,0.4183398766124509,0.6772402854877082,0.41839596186203026,0.6772402854877082,3.7983190436762055e-05
Random Forest,3731,3731,3732,0.41839596186203026,0.6772402854877082,0.41845204711160966,0.6772402854877082,3.798319043679965e-05
Random Forest,3732,3732,3733,0.41845204711160966,0.6772402854877082,0.418508132361189,0.6772402854877082,3.7983190436762055e-05
Random Forest,3733,3733,3734,0.418508132361189,0.6772402854877082,0.41856421761076834,0.6772402854877082,3.7983190436762055e-05
Random Forest,3734,3734,3735,0.41856421761076834,0.6772402854877082,0.41856421761076834,0.6780333068992863,0.0
Random Forest,3735,3735,3736,0.41856421761076834,0.6780333068992863,0.4187885586090858,0.6780333068992863,0.00015211066896228398
Random Forest,3736,3736,3737,0.4187885586090858,0.6780333068992863,0.4189568143578239,0.6780333068992863,0.00011408300172169417
Random Forest,3737,3737,3738,0.4189568143578239,0.6780333068992863,0.4189568143578239,0.6788263283108644,0.0
Random Forest,3738,3738,3739,0.4189568143578239,0.6788263283108644,0.41901289960740323,0.6788263283108644,3.8072144044342295e-05
Random Forest,3739,3739,3740,0.41901289960740323,0.6788263283108644,0.41906898485698263,0.6788263283108644,3.807214404437998e-05
Random Forest,3740,3740,3741,0.41906898485698263,0.6788263283108644,0.41912507010656197,0.6788263283108644,3.8072144044342295e-05
Random Forest,3741,3741,3742,0.41912507010656197,0.6788263283108644,0.4191811553561413,0.6788263283108644,3.8072144044342295e-05
Random Forest,3742,3742,3743,0.4191811553561413,0.6788263283108644,0.4192372406057207,0.6788263283108644,3.807214404437998e-05
Random Forest,3743,3743,3744,0.4192372406057207,0.6788263283108644,0.42927650028042624,0.6812053925455988,0.006826855805757334
Random Forest,3744,3744,3745,0.42927650028042624,0.6812053925455988,0.4293325855300056,0.6819984139571769,3.822781285760771e-05
Random Forest,3745,3745,3746,0.4293325855300056,0.6819984139571769,0.42955692652832306,0.682791435368755,0.00015308915864566708
Random Forest,3746,3746,3747,0.42955692652832306,0.682791435368755,0.4296130117779024,0.682791435368755,3.829452806329289e-05
Random Forest,3747,3747,3748,0.4296130117779024,0.682791435368755,0.42972518227706114,0.682791435368755,7.658905612662369e-05
Random Forest,3748,3748,3749,0.42972518227706114,0.682791435368755,0.43000560852495795,0.682791435368755,0.00019147264031654025
Random Forest,3749,3749,3750,0.43000560852495795,0.682791435368755,0.4300616937745373,0.682791435368755,3.829452806329289e-05
Random Forest,3750,3750,3751,0.4300616937745373,0.682791435368755,0.43011777902411663,0.682791435368755,3.829452806329289e-05
Random Forest,3751,3751,3752,0.43011777902411663,0.682791435368755,0.430173864273696,0.682791435368755,3.829452806333079e-05
Random Forest,3752,3752,3753,0.430173864273696,0.682791435368755,0.4303421200224341,0.682791435368755,0.00011488358418991658
Random Forest,3753,3753,3754,0.4303421200224341,0.682791435368755,0.4306225462703309,0.682791435368755,0.00019147264031654025
Random Forest,3754,3754,3755,0.4306225462703309,0.682791435368755,0.43067863151991026,0.682791435368755,3.829452806329289e-05
Random Forest,3755,3755,3756,0.43067863151991026,0.682791435368755,0.4307347167694896,0.682791435368755,3.829452806329289e-05
Random Forest,3756,3756,3757,0.4307347167694896,0.682791435368755,0.4310151430173864,0.682791435368755,0.00019147264031654025
Random Forest,3757,3757,3758,0.4310151430173864,0.682791435368755,0.4310712282669658,0.682791435368755,3.829452806333079e-05
Random Forest,3758,3758,3759,0.4310712282669658,0.682791435368755,0.43112731351654515,0.682791435368755,3.829452806329289e-05
Random Forest,3759,3759,3760,0.43112731351654515,0.682791435368755,0.4311833987661245,0.682791435368755,3.829452806329289e-05
Random Forest,3760,3760,3761,0.4311833987661245,0.682791435368755,0.43421200224341,0.6875495638382236,0.002075109757632576
Random Forest,3761,3761,3762,0.43421200224341,0.6875495638382236,0.43426808749298934,0.6875495638382236,3.8561388886033604e-05
Random Forest,3762,3762,3763,0.43426808749298934,0.6875495638382236,0.4343241727425687,0.6875495638382236,3.8561388886033604e-05
Random Forest,3763,3763,3764,0.4343241727425687,0.6875495638382236,0.4343802579921481,0.6875495638382236,3.8561388886071775e-05
Random Forest,3764,3764,3765,0.4343802579921481,0.6875495638382236,0.4343802579921481,0.6883425852498017,0.0
Random Forest,3765,3765,3766,0.4343802579921481,0.6883425852498017,0.4344363432417274,0.6883425852498017,3.860586568982373e-05
Random Forest,3766,3766,3767,0.4344363432417274,0.6883425852498017,0.43449242849130676,0.6883425852498017,3.860586568982373e-05
Random Forest,3767,3767,3768,0.43449242849130676,0.6883425852498017,0.43449242849130676,0.6891356066613799,0.0
Random Forest,3768,3768,3769,0.43449242849130676,0.6891356066613799,0.4347728547392036,0.689928628072958,0.0001933629044776211
Random Forest,3769,3769,3770,0.4347728547392036,0.689928628072958,0.43482893998878297,0.689928628072958,3.8694819297442266e-05
Random Forest,3770,3770,3771,0.43482893998878297,0.689928628072958,0.4348850252383623,0.689928628072958,3.869481929740397e-05
Random Forest,3771,3771,3772,0.4348850252383623,0.689928628072958,0.43494111048794165,0.689928628072958,3.869481929740397e-05
Random Forest,3772,3772,3773,0.43494111048794165,0.689928628072958,0.43538979248457654,0.6907216494845361,0.00030973646159450716
Random Forest,3773,3773,3774,0.43538979248457654,0.6907216494845361,0.43544587773415594,0.6907216494845361,3.873929610123243e-05
Random Forest,3774,3774,3775,0.43544587773415594,0.6907216494845361,0.43567021873247336,0.6907216494845361,0.0001549571844048147
Random Forest,3775,3775,3776,0.43567021873247336,0.6907216494845361,0.4364554122265844,0.6923076923076923,0.0005429728206699707
Random Forest,3776,3776,3777,0.4364554122265844,0.6923076923076923,0.43651149747616375,0.6923076923076923,3.8828249708774323e-05
Random Forest,3777,3777,3778,0.43651149747616375,0.6923076923076923,0.43656758272574314,0.6923076923076923,3.882824970881275e-05
Random Forest,3778,3778,3779,0.43656758272574314,0.6923076923076923,0.4366236679753225,0.6923076923076923,3.8828249708774323e-05
Random Forest,3779,3779,3780,0.4366236679753225,0.6923076923076923,0.4366797532249018,0.6923076923076923,3.8828249708774323e-05
Random Forest,3780,3780,3781,0.4366797532249018,0.6923076923076923,0.4367358384744812,0.6923076923076923,3.882824970881275e-05
Random Forest,3781,3781,3782,0.4367358384744812,0.6923076923076923,0.43679192372406056,0.6923076923076923,3.8828249708774323e-05
Random Forest,3782,3782,3783,0.43679192372406056,0.6923076923076923,0.43684800897363996,0.6923076923076923,3.882824970881275e-05
Random Forest,3783,3783,3784,0.43684800897363996,0.6923076923076923,0.4369040942232193,0.6923076923076923,3.8828249708774323e-05
Random Forest,3784,3784,3785,0.4369040942232193,0.6923076923076923,0.4370723499719574,0.6923076923076923,0.0001164847491263614
Random Forest,3785,3785,3786,0.4370723499719574,0.6923076923076923,0.4371284352215367,0.6923076923076923,3.8828249708774323e-05
Random Forest,3786,3786,3787,0.4371284352215367,0.6923076923076923,0.4373527762198542,0.6923076923076923,0.00015531299883517416
Random Forest,3787,3787,3788,0.4373527762198542,0.6923076923076923,0.43740886146943353,0.6923076923076923,3.8828249708774323e-05
Random Forest,3788,3788,3789,0.43740886146943353,0.6923076923076923,0.4374649467190129,0.6923076923076923,3.882824970881275e-05
Random Forest,3789,3789,3790,0.4374649467190129,0.6923076923076923,0.43752103196859227,0.6931007137192704,3.8850488110669385e-05
Random Forest,3790,3790,3791,0.43752103196859227,0.6931007137192704,0.437633202467751,0.6931007137192704,7.774545302516736e-05
Random Forest,3791,3791,3792,0.437633202467751,0.6931007137192704,0.43768928771733034,0.6931007137192704,3.887272651256444e-05
Random Forest,3792,3792,3793,0.43768928771733034,0.6931007137192704,0.4377453729669097,0.6931007137192704,3.887272651256444e-05
Random Forest,3793,3793,3794,0.4377453729669097,0.6931007137192704,0.4378014582164891,0.6931007137192704,3.8872726512602916e-05
Random Forest,3794,3794,3795,0.4378014582164891,0.6931007137192704,0.4378575434660684,0.6931007137192704,3.887272651256444e-05
Random Forest,3795,3795,3796,0.4378575434660684,0.6931007137192704,0.43808188446438584,0.6931007137192704,0.00015549090605029625
Random Forest,3796,3796,3797,0.43808188446438584,0.6931007137192704,0.438250140213124,0.6931007137192704,0.00011661817953777027
Random Forest,3797,3797,3798,0.438250140213124,0.6931007137192704,0.4383062254627033,0.6931007137192704,3.887272651256444e-05
Random Forest,3798,3798,3799,0.4383062254627033,0.6931007137192704,0.43864273696017947,0.6962727993655828,0.0002337700807209452
Random Forest,3799,3799,3800,0.43864273696017947,0.6962727993655828,0.4386988222097588,0.6962727993655828,3.905063372772492e-05
Random Forest,3800,3800,3801,0.4386988222097588,0.6962727993655828,0.4387549074593382,0.6978588421887391,3.9095110531553736e-05
Random Forest,3801,3801,3802,0.4387549074593382,0.6978588421887391,0.43881099270891755,0.6978588421887391,3.913958733530516e-05
Random Forest,3802,3802,3803,0.43881099270891755,0.6978588421887391,0.43886707795849694,0.6978588421887391,3.91395873353439e-05
Random Forest,3803,3803,3804,0.43886707795849694,0.6978588421887391,0.4389231632080763,0.6978588421887391,3.913958733530516e-05
Random Forest,3804,3804,3805,0.4389231632080763,0.6978588421887391,0.4389792484576556,0.6978588421887391,3.913958733530516e-05
Random Forest,3805,3805,3806,0.4389792484576556,0.6978588421887391,0.439035333707235,0.6978588421887391,3.91395873353439e-05
Random Forest,3806,3806,3807,0.439035333707235,0.6978588421887391,0.43909141895681436,0.6978588421887391,3.913958733530516e-05
Random Forest,3807,3807,3808,0.43909141895681436,0.6978588421887391,0.4392035894559731,0.6978588421887391,7.827917467064905e-05
Random Forest,3808,3808,3809,0.4392035894559731,0.6978588421887391,0.43925967470555244,0.6978588421887391,3.913958733530516e-05
Random Forest,3809,3809,3810,0.43925967470555244,0.6978588421887391,0.4393157599551318,0.6978588421887391,3.913958733530516e-05
Random Forest,3810,3810,3811,0.4393157599551318,0.6978588421887391,0.4394279304542905,0.6978588421887391,7.827917467064905e-05
Random Forest,3811,3811,3812,0.4394279304542905,0.6978588421887391,0.43948401570386986,0.6978588421887391,3.913958733530516e-05
Random Forest,3812,3812,3813,0.43948401570386986,0.6978588421887391,0.4395961862030286,0.6978588421887391,7.827917467064905e-05
Random Forest,3813,3813,3814,0.4395961862030286,0.6978588421887391,0.439652271452608,0.6978588421887391,3.91395873353439e-05
Random Forest,3814,3814,3815,0.439652271452608,0.6978588421887391,0.439652271452608,0.6986518636003172,0.0
Random Forest,3815,3815,3816,0.439652271452608,0.6986518636003172,0.43970835670218733,0.6986518636003172,3.9184064139095276e-05
Random Forest,3816,3816,3817,0.43970835670218733,0.6986518636003172,0.43982052720134607,0.6986518636003172,7.836812827822934e-05
Random Forest,3817,3817,3818,0.43982052720134607,0.6986518636003172,0.4398766124509254,0.6986518636003172,3.9184064139095276e-05
Random Forest,3818,3818,3819,0.4398766124509254,0.6986518636003172,0.43993269770050475,0.6986518636003172,3.9184064139095276e-05
Random Forest,3819,3819,3820,0.43993269770050475,0.6986518636003172,0.43998878295008415,0.6986518636003172,3.9184064139134064e-05
Random Forest,3820,3820,3821,0.43998878295008415,0.6986518636003172,0.4400448681996635,0.6986518636003172,3.9184064139095276e-05
Random Forest,3821,3821,3822,0.4400448681996635,0.6986518636003172,0.4401009534492428,0.6986518636003172,3.9184064139095276e-05
Random Forest,3822,3822,3823,0.4401009534492428,0.6986518636003172,0.4401570386988222,0.6986518636003172,3.9184064139134064e-05
Random Forest,3823,3823,3824,0.4401570386988222,0.6986518636003172,0.4403252944475603,0.6994448850118953,0.00011761890762300981
Random Forest,3824,3824,3825,0.4403252944475603,0.6994448850118953,0.44038137969713964,0.6994448850118953,3.92285409428854e-05
Random Forest,3825,3825,3826,0.44038137969713964,0.6994448850118953,0.44043746494671904,0.6994448850118953,3.922854094292422e-05
Random Forest,3826,3826,3827,0.44043746494671904,0.6994448850118953,0.4404935501962984,0.6994448850118953,3.92285409428854e-05
Random Forest,3827,3827,3828,0.4404935501962984,0.6994448850118953,0.4407178911946158,0.6994448850118953,0.0001569141637715804
Random Forest,3828,3828,3829,0.4407178911946158,0.6994448850118953,0.4407739764441952,0.6994448850118953,3.922854094292422e-05
Random Forest,3829,3829,3830,0.4407739764441952,0.6994448850118953,0.4408861469433539,0.6994448850118953,7.84570818857708e-05
Random Forest,3830,3830,3831,0.4408861469433539,0.6994448850118953,0.44094223219293327,0.6994448850118953,3.922854094292422e-05
Random Forest,3831,3831,3832,0.44094223219293327,0.6994448850118953,0.4409983174425126,0.6994448850118953,3.92285409428854e-05
Random Forest,3832,3832,3833,0.4409983174425126,0.6994448850118953,0.441054402692092,0.6994448850118953,3.922854094292422e-05
Random Forest,3833,3833,3834,0.441054402692092,0.6994448850118953,0.44111048794167135,0.6994448850118953,3.92285409428854e-05
Random Forest,3834,3834,3835,0.44111048794167135,0.6994448850118953,0.4412787436904094,0.6994448850118953,0.00011768562282869501
Random Forest,3835,3835,3836,0.4412787436904094,0.6994448850118953,0.44133482893998877,0.7002379064234734,3.9250779344780454e-05
Random Forest,3836,3836,3837,0.44133482893998877,0.7002379064234734,0.44133482893998877,0.7010309278350515,0.0
Random Forest,3837,3837,3838,0.44133482893998877,0.7010309278350515,0.4416152551878856,0.7010309278350515,0.000196587472752406
Random Forest,3838,3838,3839,0.4416152551878856,0.7010309278350515,0.4416152551878856,0.7018239492466296,0.0
Random Forest,3839,3839,3840,0.4416152551878856,0.7018239492466296,0.4416713404374649,0.7018239492466296,3.9361971354255756e-05
Random Forest,3840,3840,3841,0.4416713404374649,0.7018239492466296,0.44183959618620305,0.7018239492466296,0.00011808591406284518
Random Forest,3841,3841,3842,0.44183959618620305,0.7018239492466296,0.4418956814357824,0.7018239492466296,3.9361971354255756e-05
Random Forest,3842,3842,3843,0.4418956814357824,0.7018239492466296,0.44195176668536174,0.7018239492466296,3.9361971354255756e-05
Random Forest,3843,3843,3844,0.44195176668536174,0.7018239492466296,0.44200785193494113,0.7018239492466296,3.936197135429471e-05
Random Forest,3844,3844,3845,0.44200785193494113,0.7018239492466296,0.4420639371845205,0.7018239492466296,3.9361971354255756e-05
Random Forest,3845,3845,3846,0.4420639371845205,0.7018239492466296,0.4421200224340998,0.7018239492466296,3.9361971354255756e-05
Random Forest,3846,3846,3847,0.4421200224340998,0.7018239492466296,0.44363432417274257,0.704203013481364,0.0010645745371187954
Random Forest,3847,3847,3848,0.44363432417274257,0.704203013481364,0.4436904094223219,0.704203013481364,3.949540176562612e-05
Random Forest,3848,3848,3849,0.4436904094223219,0.704203013481364,0.4437464946719013,0.704203013481364,3.949540176566521e-05
Random Forest,3849,3849,3850,0.4437464946719013,0.704203013481364,0.44380257992148064,0.704203013481364,3.949540176562612e-05
Random Forest,3850,3850,3851,0.44380257992148064,0.704203013481364,0.44385866517106,0.7049960348929422,3.951764016752118e-05
Random Forest,3851,3851,3852,0.44385866517106,0.7049960348929422,0.4439147504206394,0.7049960348929422,3.9539878569455375e-05
Random Forest,3852,3852,3853,0.4439147504206394,0.7049960348929422,0.4439708356702187,0.7049960348929422,3.9539878569416236e-05
Random Forest,3853,3853,3854,0.4439708356702187,0.7049960348929422,0.4440269209197981,0.7049960348929422,3.9539878569455375e-05
Random Forest,3854,3854,3855,0.4440269209197981,0.7049960348929422,0.44408300616937746,0.7049960348929422,3.9539878569416236e-05
Random Forest,3855,3855,3856,0.44408300616937746,0.7049960348929422,0.4441390914189568,0.7049960348929422,3.9539878569416236e-05
Random Forest,3856,3856,3857,0.4441390914189568,0.7049960348929422,0.4441951766685362,0.7049960348929422,3.9539878569455375e-05
Random Forest,3857,3857,3858,0.4441951766685362,0.7049960348929422,0.44425126191811554,0.7049960348929422,3.9539878569416236e-05
Random Forest,3858,3858,3859,0.44425126191811554,0.7049960348929422,0.4443073471676949,0.7049960348929422,3.9539878569416236e-05
Random Forest,3859,3859,3860,0.4443073471676949,0.7049960348929422,0.44498037016264724,0.7049960348929422,0.0004744785428331905
Random Forest,3860,3860,3861,0.44498037016264724,0.7049960348929422,0.4450364554122266,0.7049960348929422,3.9539878569416236e-05
Random Forest,3861,3861,3862,0.4450364554122266,0.7049960348929422,0.4450925406618059,0.7049960348929422,3.9539878569416236e-05
Random Forest,3862,3862,3863,0.4450925406618059,0.7049960348929422,0.4451486259113853,0.7049960348929422,3.9539878569455375e-05
Random Forest,3863,3863,3864,0.4451486259113853,0.7049960348929422,0.445260796410544,0.7073750991276765,7.921318755020284e-05
Random Forest,3864,3864,3865,0.445260796410544,0.7073750991276765,0.4453168816601234,0.7073750991276765,3.967330898082587e-05
Random Forest,3865,3865,3866,0.4453168816601234,0.7073750991276765,0.4454851374088615,0.7073750991276765,0.00011901992694239905
Random Forest,3866,3866,3867,0.4454851374088615,0.7073750991276765,0.4455973079080202,0.7073750991276765,7.934661796161246e-05
Random Forest,3867,3867,3868,0.4455973079080202,0.7073750991276765,0.44565339315759955,0.7073750991276765,3.96733089807866e-05
Random Forest,3868,3868,3869,0.44565339315759955,0.7073750991276765,0.44812114413909143,0.7145122918318795,0.0017544320023056854
Random Forest,3869,3869,3870,0.44812114413909143,0.7145122918318795,0.4481772293886708,0.7145122918318795,4.007360021489767e-05
Random Forest,3870,3870,3871,0.4481772293886708,0.7145122918318795,0.4482333146382501,0.7145122918318795,4.007360021489767e-05
Random Forest,3871,3871,3872,0.4482333146382501,0.7145122918318795,0.4482893998878295,0.7145122918318795,4.0073600214937336e-05
Random Forest,3872,3872,3873,0.4482893998878295,0.7145122918318795,0.44840157038698825,0.7145122918318795,8.0147200429835e-05
Random Forest,3873,3873,3874,0.44840157038698825,0.7145122918318795,0.4484576556365676,0.7145122918318795,4.007360021489767e-05
Random Forest,3874,3874,3875,0.4484576556365676,0.7145122918318795,0.4485137408861469,0.7145122918318795,4.007360021489767e-05
Random Forest,3875,3875,3876,0.4485137408861469,0.7145122918318795,0.4485698261357263,0.7153053132434576,4.009583861683242e-05
Random Forest,3876,3876,3877,0.4485698261357263,0.7153053132434576,0.44862591138530566,0.7153053132434576,4.011807701868779e-05
Random Forest,3877,3877,3878,0.44862591138530566,0.7153053132434576,0.448681996634885,0.7153053132434576,4.011807701868779e-05
Random Forest,3878,3878,3879,0.448681996634885,0.7153053132434576,0.4487380818844644,0.7153053132434576,4.01180770187275e-05
Random Forest,3879,3879,3880,0.4487380818844644,0.7153053132434576,0.4490185081323612,0.7160983346550357,0.00020070157710299372
Random Forest,3880,3880,3881,0.4490185081323612,0.7160983346550357,0.44907459338194056,0.7160983346550357,4.016255382247791e-05
Random Forest,3881,3881,3882,0.44907459338194056,0.7160983346550357,0.4491306786315199,0.7160983346550357,4.016255382247791e-05
Random Forest,3882,3882,3883,0.4491306786315199,0.7160983346550357,0.4491867638810993,0.7160983346550357,4.016255382251766e-05
Random Forest,3883,3883,3884,0.4491867638810993,0.7160983346550357,0.44924284913067863,0.7160983346550357,4.016255382247791e-05
Random Forest,3884,3884,3885,0.44924284913067863,0.7160983346550357,0.449298934380258,0.7160983346550357,4.016255382247791e-05
Random Forest,3885,3885,3886,0.449298934380258,0.7160983346550357,0.44963544587773413,0.7160983346550357,0.00024097532293494695
Random Forest,3886,3886,3887,0.44963544587773413,0.7160983346550357,0.44974761637689287,0.7160983346550357,8.032510764499557e-05
Random Forest,3887,3887,3888,0.44974761637689287,0.7160983346550357,0.44980370162647226,0.7160983346550357,4.016255382251766e-05
Random Forest,3888,3888,3889,0.44980370162647226,0.7160983346550357,0.4498597868760516,0.7160983346550357,4.016255382247791e-05
Random Forest,3889,3889,3890,0.4498597868760516,0.7160983346550357,0.44991587212563094,0.7160983346550357,4.016255382247791e-05
Random Forest,3890,3890,3891,0.44991587212563094,0.7160983346550357,0.44997195737521034,0.7160983346550357,4.016255382251766e-05
Random Forest,3891,3891,3892,0.44997195737521034,0.7160983346550357,0.4503084688726865,0.7160983346550357,0.00024097532293494695
Random Forest,3892,3892,3893,0.4503084688726865,0.7160983346550357,0.4504206393718452,0.7160983346550357,8.032510764495582e-05
Random Forest,3893,3893,3894,0.4504206393718452,0.7160983346550357,0.4504767246214246,0.7160983346550357,4.016255382251766e-05
Random Forest,3894,3894,3895,0.4504767246214246,0.7160983346550357,0.4505328098710039,0.7160983346550357,4.016255382247791e-05
Random Forest,3895,3895,3896,0.4505328098710039,0.7160983346550357,0.4505328098710039,0.7168913560666138,0.0
Random Forest,3896,3896,3897,0.4505328098710039,0.7168913560666138,0.4505888951205833,0.7168913560666138,4.020703062630782e-05
Random Forest,3897,3897,3898,0.4505888951205833,0.7168913560666138,0.450701065619742,0.7168913560666138,8.041406125253606e-05
Random Forest,3898,3898,3899,0.450701065619742,0.7168913560666138,0.4507571508693214,0.7168913560666138,4.020703062630782e-05
Random Forest,3899,3899,3900,0.4507571508693214,0.7168913560666138,0.45081323611890073,0.7168913560666138,4.020703062626803e-05
Random Forest,3900,3900,3901,0.45081323611890073,0.7168913560666138,0.45092540661805947,0.7168913560666138,8.041406125257585e-05
Random Forest,3901,3901,3902,0.45092540661805947,0.7168913560666138,0.45109366236679754,0.7168913560666138,0.00012062109187884388
Random Forest,3902,3902,3903,0.45109366236679754,0.7168913560666138,0.4511497476163769,0.7168913560666138,4.020703062626803e-05
Random Forest,3903,3903,3904,0.4511497476163769,0.7168913560666138,0.4512058328659563,0.7168913560666138,4.020703062630782e-05
Random Forest,3904,3904,3905,0.4512058328659563,0.7168913560666138,0.4512619181155356,0.7168913560666138,4.020703062626803e-05
Random Forest,3905,3905,3906,0.4512619181155356,0.7168913560666138,0.45131800336511496,0.7168913560666138,4.020703062626803e-05
Random Forest,3906,3906,3907,0.45131800336511496,0.7168913560666138,0.45137408861469436,0.7168913560666138,4.020703062630782e-05
Random Forest,3907,3907,3908,0.45137408861469436,0.7168913560666138,0.4514301738642737,0.7168913560666138,4.020703062626803e-05
Random Forest,3908,3908,3909,0.4514301738642737,0.7168913560666138,0.45148625911385304,0.7168913560666138,4.020703062626803e-05
Random Forest,3909,3909,3910,0.45148625911385304,0.7168913560666138,0.4516545148625911,0.7168913560666138,0.00012062109187884388
Random Forest,3910,3910,3911,0.4516545148625911,0.7168913560666138,0.4517106001121705,0.7168913560666138,4.020703062630782e-05
Random Forest,3911,3911,3912,0.4517106001121705,0.7168913560666138,0.4517106001121705,0.7176843774781919,0.0
Random Forest,3912,3912,3913,0.4517106001121705,0.7176843774781919,0.45176668536174985,0.7176843774781919,4.025150743005815e-05
Random Forest,3913,3913,3914,0.45176668536174985,0.7176843774781919,0.4518227706113292,0.7176843774781919,4.025150743005815e-05
Random Forest,3914,3914,3915,0.4518227706113292,0.7176843774781919,0.4518788558609086,0.7176843774781919,4.0251507430097986e-05
Random Forest,3915,3915,3916,0.4518788558609086,0.7176843774781919,0.4521592821088054,0.71847739888977,0.00020136872915984576
Random Forest,3916,3916,3917,0.4521592821088054,0.71847739888977,0.45243970835670216,0.71847739888977,0.00020147992116928122
Random Forest,3917,3917,3918,0.45243970835670216,0.71847739888977,0.45249579360628156,0.71847739888977,4.029598423388815e-05
Random Forest,3918,3918,3919,0.45249579360628156,0.71847739888977,0.4525518788558609,0.71847739888977,4.0295984233848265e-05
Random Forest,3919,3919,3920,0.4525518788558609,0.71847739888977,0.4526079641054403,0.71847739888977,4.029598423388815e-05
Random Forest,3920,3920,3921,0.4526079641054403,0.71847739888977,0.45266404935501964,0.71847739888977,4.0295984233848265e-05
Random Forest,3921,3921,3922,0.45266404935501964,0.71847739888977,0.452720134604599,0.71847739888977,4.0295984233848265e-05
Random Forest,3922,3922,3923,0.452720134604599,0.71847739888977,0.45294447560291645,0.71847739888977,0.00016118393693547283
Random Forest,3923,3923,3924,0.45294447560291645,0.71847739888977,0.4530005608524958,0.71847739888977,4.0295984233848265e-05
Random Forest,3924,3924,3925,0.4530005608524958,0.71847739888977,0.45305664610207513,0.71847739888977,4.0295984233848265e-05
Random Forest,3925,3925,3926,0.45305664610207513,0.71847739888977,0.45311273135165453,0.71847739888977,4.029598423388815e-05
Random Forest,3926,3926,3927,0.45311273135165453,0.71847739888977,0.45316881660123387,0.71847739888977,4.0295984233848265e-05
Random Forest,3927,3927,3928,0.45316881660123387,0.71847739888977,0.45445877734155915,0.71847739888977,0.0009268076373788293
Random Forest,3928,3928,3929,0.45445877734155915,0.71847739888977,0.45451486259113855,0.71847739888977,4.029598423388815e-05
Random Forest,3929,3929,3930,0.45451486259113855,0.71847739888977,0.4545709478407179,0.71847739888977,4.0295984233848265e-05
Random Forest,3930,3930,3931,0.4545709478407179,0.71847739888977,0.4546831183398766,0.71847739888977,8.059196846773641e-05
Random Forest,3931,3931,3932,0.4546831183398766,0.71847739888977,0.45473920358945596,0.71847739888977,4.0295984233848265e-05
Random Forest,3932,3932,3933,0.45473920358945596,0.71847739888977,0.45479528883903536,0.71847739888977,4.029598423388815e-05
Random Forest,3933,3933,3934,0.45479528883903536,0.71847739888977,0.45496354458777344,0.71847739888977,0.00012088795270158469
Random Forest,3934,3934,3935,0.45496354458777344,0.71847739888977,0.45496354458777344,0.7192704203013481,0.0
Random Forest,3935,3935,3936,0.45496354458777344,0.7192704203013481,0.4550196298373528,0.7192704203013481,4.034046103763839e-05
Random Forest,3936,3936,3937,0.4550196298373528,0.7192704203013481,0.4552439708356702,0.7192704203013481,0.00016136184415059348
Random Forest,3937,3937,3938,0.4552439708356702,0.7192704203013481,0.4553000560852496,0.7192704203013481,4.0340461037678314e-05
Random Forest,3938,3938,3939,0.4553000560852496,0.7192704203013481,0.45535614133482893,0.7192704203013481,4.034046103763839e-05
Random Forest,3939,3939,3940,0.45535614133482893,0.7192704203013481,0.4554122265844083,0.7192704203013481,4.034046103763839e-05
Random Forest,3940,3940,3941,0.4554122265844083,0.7192704203013481,0.45546831183398767,0.7200634417129262,4.0362699439573396e-05
Random Forest,3941,3941,3942,0.45546831183398767,0.7200634417129262,0.455524397083567,0.7200634417129262,4.0384937841428504e-05
Random Forest,3942,3942,3943,0.455524397083567,0.7200634417129262,0.45647784632641614,0.7208564631245044,0.0006869219961367405
Random Forest,3943,3943,3944,0.45647784632641614,0.7208564631245044,0.4566461020751542,0.7208564631245044,0.0001212882439356959
Random Forest,3944,3944,3945,0.4566461020751542,0.7208564631245044,0.4567021873247336,0.7208564631245044,4.042941464525864e-05
Random Forest,3945,3945,3946,0.4567021873247336,0.7208564631245044,0.45675827257431295,0.7208564631245044,4.042941464521863e-05
Random Forest,3946,3946,3947,0.45675827257431295,0.7208564631245044,0.4568704430734717,0.7208564631245044,8.085882929047726e-05
Random Forest,3947,3947,3948,0.4568704430734717,0.7208564631245044,0.45692652832305103,0.7208564631245044,4.042941464521863e-05
Random Forest,3948,3948,3949,0.45692652832305103,0.7208564631245044,0.4569826135726304,0.7208564631245044,4.042941464525864e-05
Random Forest,3949,3949,3950,0.4569826135726304,0.7208564631245044,0.45720695457094784,0.7208564631245044,0.00016171765858091452
Random Forest,3950,3950,3951,0.45720695457094784,0.7208564631245044,0.45720695457094784,0.7216494845360825,0.0
Random Forest,3951,3951,3952,0.45720695457094784,0.7216494845360825,0.4573191250701066,0.7216494845360825,8.094778289805755e-05
Random Forest,3952,3952,3953,0.4573191250701066,0.7216494845360825,0.4573752103196859,0.7216494845360825,4.0473891449008744e-05
Random Forest,3953,3953,3954,0.4573752103196859,0.7216494845360825,0.45748738081884466,0.7216494845360825,8.094778289805755e-05
Random Forest,3954,3954,3955,0.45748738081884466,0.7216494845360825,0.45759955131800334,0.7216494845360825,8.094778289801749e-05
Random Forest,3955,3955,3956,0.45759955131800334,0.7216494845360825,0.45765563656758274,0.7216494845360825,4.0473891449048806e-05
Random Forest,3956,3956,3957,0.45765563656758274,0.7216494845360825,0.4577117218171621,0.7216494845360825,4.0473891449008744e-05
Random Forest,3957,3957,3958,0.4577117218171621,0.7216494845360825,0.4577678070667415,0.7216494845360825,4.0473891449048806e-05
Random Forest,3958,3958,3959,0.4577678070667415,0.7216494845360825,0.4578238923163208,0.7216494845360825,4.0473891449008744e-05
Random Forest,3959,3959,3960,0.4578238923163208,0.7216494845360825,0.45793606281547955,0.7216494845360825,8.094778289805755e-05
Random Forest,3960,3960,3961,0.45793606281547955,0.7216494845360825,0.4579921480650589,0.7216494845360825,4.0473891449008744e-05
Random Forest,3961,3961,3962,0.4579921480650589,0.7216494845360825,0.45816040381379697,0.7216494845360825,0.0001214216743470663
Random Forest,3962,3962,3963,0.45816040381379697,0.7216494845360825,0.4582164890633763,0.7216494845360825,4.0473891449008744e-05
Random Forest,3963,3963,3964,0.4582164890633763,0.7216494845360825,0.45832865956253505,0.7216494845360825,8.094778289805755e-05
Random Forest,3964,3964,3965,0.45832865956253505,0.7216494845360825,0.4583847448121144,0.7216494845360825,4.0473891449008744e-05
Random Forest,3965,3965,3966,0.4583847448121144,0.7216494845360825,0.4584408300616938,0.7216494845360825,4.0473891449048806e-05
Random Forest,3966,3966,3967,0.4584408300616938,0.7216494845360825,0.4584969153112731,0.7216494845360825,4.0473891449008744e-05
Random Forest,3967,3967,3968,0.4584969153112731,0.7216494845360825,0.4586651710600112,0.7216494845360825,0.0001214216743470663
Random Forest,3968,3968,3969,0.4586651710600112,0.7216494845360825,0.4588334268087493,0.7216494845360825,0.0001214216743470663
Random Forest,3969,3969,3970,0.4588334268087493,0.7216494845360825,0.4588895120583287,0.7216494845360825,4.0473891449048806e-05
Random Forest,3970,3970,3971,0.4588895120583287,0.7216494845360825,0.458945597307908,0.7216494845360825,4.0473891449008744e-05
Random Forest,3971,3971,3972,0.458945597307908,0.7216494845360825,0.45900168255748736,0.7216494845360825,4.0473891449008744e-05
Random Forest,3972,3972,3973,0.45900168255748736,0.7216494845360825,0.45905776780706675,0.7216494845360825,4.0473891449048806e-05
Random Forest,3973,3973,3974,0.45905776780706675,0.7216494845360825,0.4591138530566461,0.7216494845360825,4.0473891449008744e-05
Random Forest,3974,3974,3975,0.4591138530566461,0.7216494845360825,0.45922602355580483,0.7216494845360825,8.094778289805755e-05
Random Forest,3975,3975,3976,0.45922602355580483,0.7216494845360825,0.45950644980370164,0.7216494845360825,0.00020236945724512386
Random Forest,3976,3976,3977,0.45950644980370164,0.7216494845360825,0.459562535053281,0.7216494845360825,4.0473891449008744e-05
Random Forest,3977,3977,3978,0.459562535053281,0.7216494845360825,0.4596186203028603,0.7216494845360825,4.0473891449008744e-05
Random Forest,3978,3978,3979,0.4596186203028603,0.7216494845360825,0.4596747055524397,0.7216494845360825,4.0473891449048806e-05
Random Forest,3979,3979,3980,0.4596747055524397,0.7216494845360825,0.45973079080201906,0.7216494845360825,4.0473891449008744e-05
Random Forest,3980,3980,3981,0.45973079080201906,0.7216494845360825,0.4597868760515984,0.7216494845360825,4.0473891449008744e-05
Random Forest,3981,3981,3982,0.4597868760515984,0.7216494845360825,0.4598429613011778,0.7216494845360825,4.0473891449048806e-05
Random Forest,3982,3982,3983,0.4598429613011778,0.7216494845360825,0.45995513180033654,0.7216494845360825,8.094778289805755e-05
Random Forest,3983,3983,3984,0.45995513180033654,0.7216494845360825,0.4602355580482333,0.7216494845360825,0.0002023694572450838
Random Forest,3984,3984,3985,0.4602355580482333,0.7216494845360825,0.4602916432978127,0.7216494845360825,4.0473891449048806e-05
Random Forest,3985,3985,3986,0.4602916432978127,0.7216494845360825,0.46034772854739203,0.7216494845360825,4.0473891449008744e-05
Random Forest,3986,3986,3987,0.46034772854739203,0.7216494845360825,0.46045989904655077,0.7216494845360825,8.094778289805755e-05
Random Forest,3987,3987,3988,0.46045989904655077,0.7216494845360825,0.4606842400448682,0.7224425059476606,0.0001619845194036553
Random Forest,3988,3988,3989,0.4606842400448682,0.7224425059476606,0.4607403252944476,0.7224425059476606,4.051836825283897e-05
Random Forest,3989,3989,3990,0.4607403252944476,0.7224425059476606,0.4607964105440269,0.7224425059476606,4.051836825279887e-05
Random Forest,3990,3990,3991,0.4607964105440269,0.7224425059476606,0.46085249579360626,0.7224425059476606,4.051836825279887e-05
Random Forest,3991,3991,3992,0.46085249579360626,0.7224425059476606,0.4612450925406618,0.7232355273592387,0.00028378424658297786
Random Forest,3992,3992,3993,0.4612450925406618,0.7232355273592387,0.46130117779024116,0.7232355273592387,4.0562845056588984e-05
Random Forest,3993,3993,3994,0.46130117779024116,0.7232355273592387,0.46135726303982055,0.7232355273592387,4.0562845056629133e-05
Random Forest,3994,3994,3995,0.46135726303982055,0.7232355273592387,0.4614133482893999,0.7232355273592387,4.0562845056588984e-05
Random Forest,3995,3995,3996,0.4614133482893999,0.7232355273592387,0.46146943353897923,0.7232355273592387,4.0562845056588984e-05
Random Forest,3996,3996,3997,0.46146943353897923,0.7232355273592387,0.46152551878855863,0.7232355273592387,4.0562845056629133e-05
Random Forest,3997,3997,3998,0.46152551878855863,0.7232355273592387,0.46158160403813797,0.7232355273592387,4.0562845056588984e-05
Random Forest,3998,3998,3999,0.46158160403813797,0.7232355273592387,0.46242288278182836,0.7240285487708168,0.0006087762518774615
Random Forest,3999,3999,4000,0.46242288278182836,0.7240285487708168,0.46247896803140776,0.7240285487708168,4.06073218604193e-05
Random Forest,4000,4000,4001,0.46247896803140776,0.7240285487708168,0.46303982052720133,0.7240285487708168,0.0004060732186039116
Random Forest,4001,4001,4002,0.46303982052720133,0.7240285487708168,0.4632080762759394,0.7240285487708168,0.0001218219655811775
Random Forest,4002,4002,4003,0.4632080762759394,0.7240285487708168,0.4632641615255188,0.7240285487708168,4.06073218604193e-05
Random Forest,4003,4003,4004,0.4632641615255188,0.7240285487708168,0.4633763320246775,0.7240285487708168,8.12146437207582e-05
Random Forest,4004,4004,4005,0.4633763320246775,0.7240285487708168,0.4634324172742569,0.7240285487708168,4.06073218604193e-05
Random Forest,4005,4005,4006,0.4634324172742569,0.7240285487708168,0.4634885025238362,0.7240285487708168,4.06073218603791e-05
Random Forest,4006,4006,4007,0.4634885025238362,0.7240285487708168,0.4635445877734156,0.7240285487708168,4.06073218604193e-05
Random Forest,4007,4007,4008,0.4635445877734156,0.7240285487708168,0.46360067302299496,0.7240285487708168,4.06073218603791e-05
Random Forest,4008,4008,4009,0.46360067302299496,0.7240285487708168,0.46360067302299496,0.7248215701823949,0.0
Random Forest,4009,4009,4010,0.46360067302299496,0.7248215701823949,0.46360067302299496,0.725614591593973,0.0
Random Forest,4010,4010,4011,0.46360067302299496,0.725614591593973,0.4636567582725743,0.725614591593973,4.069627546795934e-05
Random Forest,4011,4011,4012,0.4636567582725743,0.725614591593973,0.4637128435221537,0.725614591593973,4.069627546799962e-05
Random Forest,4012,4012,4013,0.4637128435221537,0.725614591593973,0.46376892877173304,0.725614591593973,4.069627546795934e-05
Random Forest,4013,4013,4014,0.46376892877173304,0.725614591593973,0.4638250140213124,0.725614591593973,4.069627546795934e-05
Random Forest,4014,4014,4015,0.4638250140213124,0.725614591593973,0.4638810992708918,0.725614591593973,4.069627546799962e-05
Random Forest,4015,4015,4016,0.4638810992708918,0.725614591593973,0.4639371845204711,0.725614591593973,4.069627546795934e-05
Random Forest,4016,4016,4017,0.4639371845204711,0.725614591593973,0.46399326977005045,0.725614591593973,4.069627546795934e-05
Random Forest,4017,4017,4018,0.46399326977005045,0.725614591593973,0.46404935501962985,0.7264076130055511,4.07185138698947e-05
Random Forest,4018,4018,4019,0.46404935501962985,0.7264076130055511,0.46404935501962985,0.7272006344171292,0.0
Random Forest,4019,4019,4020,0.46404935501962985,0.7272006344171292,0.4641054402692092,0.7272006344171292,4.078522907553958e-05
Random Forest,4020,4020,4021,0.4641054402692092,0.7272006344171292,0.4642176107683679,0.7272006344171292,8.157045815111953e-05
Random Forest,4021,4021,4022,0.4642176107683679,0.7272006344171292,0.46427369601794727,0.7272006344171292,4.078522907553958e-05
Random Forest,4022,4022,4023,0.46427369601794727,0.7272006344171292,0.46432978126752666,0.7272006344171292,4.078522907557995e-05
Random Forest,4023,4023,4024,0.46432978126752666,0.7272006344171292,0.464385866517106,0.7272006344171292,4.078522907553958e-05
Random Forest,4024,4024,4025,0.464385866517106,0.7272006344171292,0.46444195176668535,0.7272006344171292,4.078522907553958e-05
Random Forest,4025,4025,4026,0.46444195176668535,0.7272006344171292,0.46449803701626474,0.7272006344171292,4.078522907557995e-05
Random Forest,4026,4026,4027,0.46449803701626474,0.7272006344171292,0.4645541222658441,0.7272006344171292,4.078522907553958e-05
Random Forest,4027,4027,4028,0.4645541222658441,0.7272006344171292,0.4646102075154234,0.7272006344171292,4.078522907553958e-05
Random Forest,4028,4028,4029,0.4646102075154234,0.7272006344171292,0.4646662927650028,0.7272006344171292,4.078522907557995e-05
Random Forest,4029,4029,4030,0.4646662927650028,0.7272006344171292,0.46472237801458216,0.7272006344171292,4.078522907553958e-05
Random Forest,4030,4030,4031,0.46472237801458216,0.7272006344171292,0.4647784632641615,0.7272006344171292,4.078522907553958e-05
Random Forest,4031,4031,4032,0.4647784632641615,0.7272006344171292,0.4648345485137409,0.7272006344171292,4.078522907557995e-05
Random Forest,4032,4032,4033,0.4648345485137409,0.7272006344171292,0.46489063376332024,0.7272006344171292,4.078522907553958e-05
Random Forest,4033,4033,4034,0.46489063376332024,0.7272006344171292,0.46494671901289963,0.7272006344171292,4.078522907557995e-05
Random Forest,4034,4034,4035,0.46494671901289963,0.7272006344171292,0.465002804262479,0.7272006344171292,4.078522907553958e-05
Random Forest,4035,4035,4036,0.465002804262479,0.7272006344171292,0.4650588895120583,0.7272006344171292,4.078522907553958e-05
Random Forest,4036,4036,4037,0.4650588895120583,0.7272006344171292,0.4651149747616377,0.7272006344171292,4.078522907557995e-05
Random Forest,4037,4037,4038,0.4651149747616377,0.7272006344171292,0.4652271452607964,0.7272006344171292,8.157045815107916e-05
Random Forest,4038,4038,4039,0.4652271452607964,0.7272006344171292,0.4652832305103758,0.7272006344171292,4.078522907557995e-05
Random Forest,4039,4039,4040,0.4652832305103758,0.7272006344171292,0.46533931575995513,0.7272006344171292,4.078522907553958e-05
Random Forest,4040,4040,4041,0.46533931575995513,0.7272006344171292,0.46539540100953447,0.7272006344171292,4.078522907553958e-05
Random Forest,4041,4041,4042,0.46539540100953447,0.7272006344171292,0.46545148625911387,0.7272006344171292,4.078522907557995e-05
Random Forest,4042,4042,4043,0.46545148625911387,0.7272006344171292,0.4655075715086932,0.7272006344171292,4.078522907553958e-05
Random Forest,4043,4043,4044,0.4655075715086932,0.7272006344171292,0.46556365675827255,0.7272006344171292,4.078522907553958e-05
Random Forest,4044,4044,4045,0.46556365675827255,0.7272006344171292,0.4656758272574313,0.7279936558287073,8.161493495490967e-05
Random Forest,4045,4045,4046,0.4656758272574313,0.7279936558287073,0.4657319125070107,0.7279936558287073,4.082970587937011e-05
Random Forest,4046,4046,4047,0.4657319125070107,0.7279936558287073,0.46578799775659,0.7279936558287073,4.08297058793297e-05
Random Forest,4047,4047,4048,0.46578799775659,0.7279936558287073,0.46590016825574876,0.7279936558287073,8.165941175869981e-05
Random Forest,4048,4048,4049,0.46590016825574876,0.7279936558287073,0.4659562535053281,0.7279936558287073,4.08297058793297e-05
Random Forest,4049,4049,4050,0.4659562535053281,0.7279936558287073,0.4667975322490185,0.7295796986518636,0.0006131127402469995
Random Forest,4050,4050,4051,0.4667975322490185,0.7295796986518636,0.4668536174985979,0.7295796986518636,4.091865948695044e-05
Random Forest,4051,4051,4052,0.4668536174985979,0.7295796986518636,0.4669097027481772,0.7295796986518636,4.091865948690994e-05
Random Forest,4052,4052,4053,0.4669097027481772,0.7295796986518636,0.46696578799775657,0.7295796986518636,4.091865948690994e-05
Random Forest,4053,4053,4054,0.46696578799775657,0.7295796986518636,0.4670779584969153,0.7303727200634417,8.188179577765052e-05
Random Forest,4054,4054,4055,0.4670779584969153,0.7303727200634417,0.4673022994952328,0.7303727200634417,0.0001638525451628813
Random Forest,4055,4055,4056,0.4673022994952328,0.7303727200634417,0.4673583847448121,0.7303727200634417,4.096313629070006e-05
Random Forest,4056,4056,4057,0.4673583847448121,0.7303727200634417,0.46741446999439146,0.7303727200634417,4.096313629070006e-05
Random Forest,4057,4057,4058,0.46741446999439146,0.7303727200634417,0.46747055524397085,0.7303727200634417,4.09631362907406e-05
Random Forest,4058,4058,4059,0.46747055524397085,0.7303727200634417,0.4675266404935502,0.7303727200634417,4.096313629070006e-05
Random Forest,4059,4059,4060,0.4675266404935502,0.7303727200634417,0.46758272574312953,0.7303727200634417,4.096313629070006e-05
Random Forest,4060,4060,4061,0.46758272574312953,0.7303727200634417,0.4677509814918676,0.7303727200634417,0.00012288940887214073
Random Forest,4061,4061,4062,0.4677509814918676,0.7303727200634417,0.467807066741447,0.7303727200634417,4.09631362907406e-05
Random Forest,4062,4062,4063,0.467807066741447,0.7303727200634417,0.4679753224901851,0.7303727200634417,0.00012288940887214073
Random Forest,4063,4063,4064,0.4679753224901851,0.7303727200634417,0.4680874929893438,0.7303727200634417,8.192627258144066e-05
Random Forest,4064,4064,4065,0.4680874929893438,0.7303727200634417,0.46814357823892316,0.7303727200634417,4.096313629070006e-05
Random Forest,4065,4065,4066,0.46814357823892316,0.7303727200634417,0.4682557487380819,0.7303727200634417,8.192627258144066e-05
Random Forest,4066,4066,4067,0.4682557487380819,0.7303727200634417,0.46831183398766124,0.7303727200634417,4.096313629070006e-05
Random Forest,4067,4067,4068,0.46831183398766124,0.7303727200634417,0.4683679192372406,0.7303727200634417,4.096313629070006e-05
Random Forest,4068,4068,4069,0.4683679192372406,0.7303727200634417,0.4686483454851374,0.7303727200634417,0.00020481568145358137
Random Forest,4069,4069,4070,0.4686483454851374,0.7303727200634417,0.4687044307347168,0.7303727200634417,4.09631362907406e-05
Random Forest,4070,4070,4071,0.4687044307347168,0.7303727200634417,0.46876051598429613,0.7303727200634417,4.096313629070006e-05
Random Forest,4071,4071,4072,0.46876051598429613,0.7303727200634417,0.4688166012338755,0.7303727200634417,4.096313629070006e-05
Random Forest,4072,4072,4073,0.4688166012338755,0.7303727200634417,0.46887268648345487,0.7303727200634417,4.09631362907406e-05
Random Forest,4073,4073,4074,0.46887268648345487,0.7303727200634417,0.4689287717330342,0.7303727200634417,4.096313629070006e-05
Random Forest,4074,4074,4075,0.4689287717330342,0.7303727200634417,0.46898485698261355,0.7303727200634417,4.096313629070006e-05
Random Forest,4075,4075,4076,0.46898485698261355,0.7303727200634417,0.46926528323051037,0.7303727200634417,0.00020481568145358137
Random Forest,4076,4076,4077,0.46926528323051037,0.7303727200634417,0.4696017947279865,0.7303727200634417,0.00024577881774428146
Random Forest,4077,4077,4078,0.4696017947279865,0.7303727200634417,0.4696578799775659,0.7303727200634417,4.09631362907406e-05
Random Forest,4078,4078,4079,0.4696578799775659,0.7303727200634417,0.46971396522714526,0.7303727200634417,4.096313629070006e-05
Random Forest,4079,4079,4080,0.46971396522714526,0.7303727200634417,0.469826135726304,0.7303727200634417,8.192627258144066e-05
Random Forest,4080,4080,4081,0.469826135726304,0.7303727200634417,0.4699383062254627,0.7303727200634417,8.192627258140012e-05
Random Forest,4081,4081,4082,0.4699383062254627,0.7303727200634417,0.47083567021873246,0.7311657414750198,0.0006557659950817652
Random Forest,4082,4082,4083,0.47083567021873246,0.7311657414750198,0.47089175546831186,0.7311657414750198,4.1007613094530767e-05
Random Forest,4083,4083,4084,0.47089175546831186,0.7311657414750198,0.4709478407178912,0.7311657414750198,4.100761309449018e-05
Random Forest,4084,4084,4085,0.4709478407178912,0.7311657414750198,0.47100392596747054,0.7311657414750198,4.100761309449018e-05
Random Forest,4085,4085,4086,0.47100392596747054,0.7311657414750198,0.4711160964666293,0.7311657414750198,8.201522618902094e-05
Random Forest,4086,4086,4087,0.4711160964666293,0.7311657414750198,0.471228266965788,0.7311657414750198,8.201522618902094e-05
Random Forest,4087,4087,4088,0.471228266965788,0.7311657414750198,0.47128435221536735,0.7311657414750198,4.100761309449018e-05
Random Forest,4088,4088,4089,0.47128435221536735,0.7311657414750198,0.4713404374649467,0.7311657414750198,4.100761309449018e-05
Random Forest,4089,4089,4090,0.4713404374649467,0.7311657414750198,0.4719012899607403,0.7311657414750198,0.00041007613094506414
Random Forest,4090,4090,4091,0.4719012899607403,0.7311657414750198,0.47201346045989906,0.7311657414750198,8.201522618902094e-05
Random Forest,4091,4091,4092,0.47201346045989906,0.7311657414750198,0.4720695457094784,0.7311657414750198,4.100761309449018e-05
Random Forest,4092,4092,4093,0.4720695457094784,0.7311657414750198,0.47212563095905774,0.7311657414750198,4.100761309449018e-05
Random Forest,4093,4093,4094,0.47212563095905774,0.7311657414750198,0.4722378014582165,0.7311657414750198,8.201522618902094e-05
Random Forest,4094,4094,4095,0.4722378014582165,0.7311657414750198,0.4722938867077959,0.7311657414750198,4.1007613094530767e-05
Random Forest,4095,4095,4096,0.4722938867077959,0.7311657414750198,0.4722938867077959,0.7319587628865979,0.0
Random Forest,4096,4096,4097,0.4722938867077959,0.7319587628865979,0.4723499719573752,0.7319587628865979,4.105208989828029e-05
Random Forest,4097,4097,4098,0.4723499719573752,0.7319587628865979,0.47240605720695455,0.7319587628865979,4.105208989828029e-05
Random Forest,4098,4098,4099,0.47240605720695455,0.7319587628865979,0.47246214245653395,0.7319587628865979,4.105208989832093e-05
Random Forest,4099,4099,4100,0.47246214245653395,0.7319587628865979,0.4725182277061133,0.7319587628865979,4.105208989828029e-05
Random Forest,4100,4100,4101,0.4725182277061133,0.7319587628865979,0.47257431295569263,0.7319587628865979,4.105208989828029e-05
Random Forest,4101,4101,4102,0.47257431295569263,0.7319587628865979,0.47263039820527203,0.7319587628865979,4.105208989832093e-05
Random Forest,4102,4102,4103,0.47263039820527203,0.7319587628865979,0.4727425687044307,0.7319587628865979,8.210417979656059e-05
Random Forest,4103,4103,4104,0.4727425687044307,0.7319587628865979,0.4727986539540101,0.7319587628865979,4.105208989832093e-05
Random Forest,4104,4104,4105,0.4727986539540101,0.7319587628865979,0.47285473920358945,0.7319587628865979,4.105208989828029e-05
Random Forest,4105,4105,4106,0.47285473920358945,0.7319587628865979,0.47291082445316884,0.7319587628865979,4.105208989832093e-05
Random Forest,4106,4106,4107,0.47291082445316884,0.7319587628865979,0.4729669097027482,0.7319587628865979,4.105208989828029e-05
Random Forest,4107,4107,4108,0.4729669097027482,0.7319587628865979,0.4729669097027482,0.732751784298176,0.0
Random Forest,4108,4108,4109,0.4729669097027482,0.732751784298176,0.4730229949523275,0.732751784298176,4.109656670207042e-05
Random Forest,4109,4109,4110,0.4730229949523275,0.732751784298176,0.4730790802019069,0.732751784298176,4.1096566702111095e-05
Random Forest,4110,4110,4111,0.4730790802019069,0.732751784298176,0.47313516545148626,0.732751784298176,4.109656670207042e-05
Random Forest,4111,4111,4112,0.47313516545148626,0.732751784298176,0.473247335950645,0.732751784298176,8.21931334041815e-05
Random Forest,4112,4112,4113,0.473247335950645,0.732751784298176,0.4736960179472799,0.732751784298176,0.00032877253361668536
Random Forest,4113,4113,4114,0.4736960179472799,0.732751784298176,0.47375210319685923,0.732751784298176,4.109656670207042e-05
Random Forest,4114,4114,4115,0.47375210319685923,0.732751784298176,0.47380818844643857,0.732751784298176,4.109656670207042e-05
Random Forest,4115,4115,4116,0.47380818844643857,0.732751784298176,0.47397644419517665,0.732751784298176,0.00012328970010625192
Random Forest,4116,4116,4117,0.47397644419517665,0.732751784298176,0.4740886146943354,0.732751784298176,8.21931334041815e-05
Random Forest,4117,4117,4118,0.4740886146943354,0.732751784298176,0.4741446999439147,0.732751784298176,4.109656670207042e-05
Random Forest,4118,4118,4119,0.4741446999439147,0.732751784298176,0.47851934941110486,0.732751784298176,0.0032055322027626314
Random Forest,4119,4119,4120,0.47851934941110486,0.732751784298176,0.47857543466068425,0.732751784298176,4.1096566702111095e-05
Random Forest,4120,4120,4121,0.47857543466068425,0.732751784298176,0.478687605159843,0.732751784298176,8.21931334041815e-05
Random Forest,4121,4121,4122,0.478687605159843,0.732751784298176,0.47874369040942233,0.732751784298176,4.109656670207042e-05
Random Forest,4122,4122,4123,0.47874369040942233,0.732751784298176,0.47879977565900167,0.732751784298176,4.109656670207042e-05
Random Forest,4123,4123,4124,0.47879977565900167,0.732751784298176,0.47885586090858107,0.732751784298176,4.1096566702111095e-05
Random Forest,4124,4124,4125,0.47885586090858107,0.732751784298176,0.4789119461581604,0.732751784298176,4.109656670207042e-05
Random Forest,4125,4125,4126,0.4789119461581604,0.732751784298176,0.4807066741446999,0.7335448057097541,0.0013158017633273429
Random Forest,4126,4126,4127,0.4807066741446999,0.7335448057097541,0.48081884464385866,0.7335448057097541,8.228208701176179e-05
Random Forest,4127,4127,4128,0.48081884464385866,0.7335448057097541,0.48087492989343805,0.7335448057097541,4.114104350590125e-05
Random Forest,4128,4128,4129,0.48087492989343805,0.7335448057097541,0.4809310151430174,0.7335448057097541,4.114104350586053e-05
Random Forest,4129,4129,4130,0.4809310151430174,0.7335448057097541,0.48098710039259673,0.7335448057097541,4.114104350586053e-05
Random Forest,4130,4130,4131,0.48098710039259673,0.7335448057097541,0.48104318564217613,0.7335448057097541,4.114104350590125e-05
Random Forest,4131,4131,4132,0.48104318564217613,0.7335448057097541,0.48255748738081883,0.7367168913560667,0.0011132099220632684
Random Forest,4132,4132,4133,0.48255748738081883,0.7367168913560667,0.48266965787997756,0.7367168913560667,8.263790144208293e-05
Random Forest,4133,4133,4134,0.48266965787997756,0.7367168913560667,0.4829500841278744,0.7367168913560667,0.00020659475360518687
Random Forest,4134,4134,4135,0.4829500841278744,0.7367168913560667,0.4830061693774537,0.7367168913560667,4.131895072102102e-05
Random Forest,4135,4135,4136,0.4830061693774537,0.7367168913560667,0.4830622546270331,0.7367168913560667,4.1318950721061914e-05
Random Forest,4136,4136,4137,0.4830622546270331,0.7367168913560667,0.48339876612450927,0.7375099127676448,0.0002480471347375783
Random Forest,4137,4137,4138,0.48339876612450927,0.7375099127676448,0.4834548513740886,0.7375099127676448,4.1363427524811136e-05
Random Forest,4138,4138,4139,0.4834548513740886,0.7375099127676448,0.48351093662366795,0.7375099127676448,4.1363427524811136e-05
Random Forest,4139,4139,4140,0.48351093662366795,0.7375099127676448,0.48356702187324735,0.7375099127676448,4.136342752485208e-05
Random Forest,4140,4140,4141,0.48356702187324735,0.7375099127676448,0.4836231071228267,0.7375099127676448,4.1363427524811136e-05
Random Forest,4141,4141,4142,0.4836231071228267,0.7375099127676448,0.48367919237240603,0.7375099127676448,4.1363427524811136e-05
Random Forest,4142,4142,4143,0.48367919237240603,0.7375099127676448,0.48367919237240603,0.7383029341792229,0.0
Random Forest,4143,4143,4144,0.48367919237240603,0.7383029341792229,0.4837352776219854,0.7383029341792229,4.140790432864224e-05
Random Forest,4144,4144,4145,0.4837352776219854,0.7383029341792229,0.48395961862030284,0.7383029341792229,0.00016563161731444602
Random Forest,4145,4145,4146,0.48395961862030284,0.7383029341792229,0.48401570386988224,0.7383029341792229,4.140790432864224e-05
Random Forest,4146,4146,4147,0.48401570386988224,0.7383029341792229,0.4841278743690409,0.7383029341792229,8.281580865720252e-05
Random Forest,4147,4147,4148,0.4841278743690409,0.7383029341792229,0.4841839596186203,0.7383029341792229,4.140790432864224e-05
Random Forest,4148,4148,4149,0.4841839596186203,0.7383029341792229,0.48424004486819966,0.7383029341792229,4.140790432860126e-05
Random Forest,4149,4149,4150,0.48424004486819966,0.7383029341792229,0.484296130117779,0.7383029341792229,4.140790432860126e-05
Random Forest,4150,4150,4151,0.484296130117779,0.7383029341792229,0.4843522153673584,0.7383029341792229,4.140790432864224e-05
Random Forest,4151,4151,4152,0.4843522153673584,0.7383029341792229,0.48440830061693774,0.7383029341792229,4.140790432860126e-05
Random Forest,4152,4152,4153,0.48440830061693774,0.7383029341792229,0.4845204711160965,0.7383029341792229,8.28158086572435e-05
Random Forest,4153,4153,4154,0.4845204711160965,0.7383029341792229,0.48468872686483455,0.7383029341792229,0.00012422371298584475
Random Forest,4154,4154,4155,0.48468872686483455,0.7383029341792229,0.4863712843522154,0.7383029341792229,0.0012422371298584885
Random Forest,4155,4155,4156,0.4863712843522154,0.7383029341792229,0.4864273696017947,0.7383029341792229,4.140790432860126e-05
Random Forest,4156,4156,4157,0.4864273696017947,0.7383029341792229,0.48653954010095346,0.7383029341792229,8.28158086572435e-05
Random Forest,4157,4157,4158,0.48653954010095346,0.7383029341792229,0.48670779584969154,0.739095955590801,0.00012429042819152997
Random Forest,4158,4158,4159,0.48670779584969154,0.739095955590801,0.4867638810992709,0.739095955590801,4.1452381132391376e-05
Random Forest,4159,4159,4160,0.4867638810992709,0.739095955590801,0.4868199663488503,0.739095955590801,4.1452381132432406e-05
Random Forest,4160,4160,4161,0.4868199663488503,0.739095955590801,0.4868760515984296,0.739095955590801,4.1452381132391376e-05
Random Forest,4161,4161,4162,0.4868760515984296,0.739095955590801,0.4870443073471677,0.739095955590801,0.00012435714339721515
Random Forest,4162,4162,4163,0.4870443073471677,0.739095955590801,0.48710039259674703,0.739095955590801,4.1452381132391376e-05
Random Forest,4163,4163,4164,0.48710039259674703,0.739095955590801,0.48715647784632643,0.739095955590801,4.1452381132432406e-05
Random Forest,4164,4164,4165,0.48715647784632643,0.739095955590801,0.48738081884464385,0.739095955590801,0.00016580952452960654
Random Forest,4165,4165,4166,0.48738081884464385,0.739095955590801,0.48743690409422324,0.739095955590801,4.1452381132432406e-05
Random Forest,4166,4166,4167,0.48743690409422324,0.739095955590801,0.4874929893438026,0.739095955590801,4.1452381132391376e-05
Random Forest,4167,4167,4168,0.4874929893438026,0.739095955590801,0.4879416713404375,0.739095955590801,0.0003316190490592541
Random Forest,4168,4168,4169,0.4879416713404375,0.739095955590801,0.4879977565900168,0.739095955590801,4.1452381132391376e-05
Random Forest,4169,4169,4170,0.4879977565900168,0.739095955590801,0.48805384183959616,0.739095955590801,4.1452381132391376e-05
Random Forest,4170,4170,4171,0.48805384183959616,0.739095955590801,0.48810992708917555,0.739095955590801,4.1452381132432406e-05
Random Forest,4171,4171,4172,0.48810992708917555,0.739095955590801,0.4881660123387549,0.739095955590801,4.1452381132391376e-05
Random Forest,4172,4172,4173,0.4881660123387549,0.739095955590801,0.4882220975883343,0.739095955590801,4.1452381132432406e-05
Random Forest,4173,4173,4174,0.4882220975883343,0.739095955590801,0.48827818283791363,0.739095955590801,4.1452381132391376e-05
Random Forest,4174,4174,4175,0.48827818283791363,0.739095955590801,0.488334268087493,0.739095955590801,4.1452381132391376e-05
Random Forest,4175,4175,4176,0.488334268087493,0.739095955590801,0.4887268648345485,0.739095955590801,0.0002901666679268627
Random Forest,4176,4176,4177,0.4887268648345485,0.739095955590801,0.48878295008412787,0.739095955590801,4.1452381132391376e-05
Random Forest,4177,4177,4178,0.48878295008412787,0.739095955590801,0.48883903533370726,0.739095955590801,4.1452381132432406e-05
Random Forest,4178,4178,4179,0.48883903533370726,0.739095955590801,0.4888951205832866,0.739095955590801,4.1452381132391376e-05
Random Forest,4179,4179,4180,0.4888951205832866,0.739095955590801,0.48895120583286594,0.739095955590801,4.1452381132391376e-05
Random Forest,4180,4180,4181,0.48895120583286594,0.739095955590801,0.48895120583286594,0.7398889770023791,0.0
Random Forest,4181,4181,4182,0.48895120583286594,0.7398889770023791,0.48900729108244534,0.7398889770023791,4.149685793622257e-05
Random Forest,4182,4182,4183,0.48900729108244534,0.7398889770023791,0.4890633763320247,0.7398889770023791,4.149685793618149e-05
Random Forest,4183,4183,4184,0.4890633763320247,0.7398889770023791,0.489119461581604,0.7398889770023791,4.149685793618149e-05
Random Forest,4184,4184,4185,0.489119461581604,0.7398889770023791,0.4891755468311834,0.7398889770023791,4.149685793622257e-05
Random Forest,4185,4185,4186,0.4891755468311834,0.7398889770023791,0.48923163208076276,0.7398889770023791,4.149685793618149e-05
Random Forest,4186,4186,4187,0.48923163208076276,0.7398889770023791,0.48951205832865957,0.7398889770023791,0.0002074842896809896
Random Forest,4187,4187,4188,0.48951205832865957,0.7398889770023791,0.4895681435782389,0.7398889770023791,4.149685793618149e-05
Random Forest,4188,4188,4189,0.4895681435782389,0.7398889770023791,0.4896242288278183,0.7398889770023791,4.149685793622257e-05
Random Forest,4189,4189,4190,0.4896242288278183,0.7398889770023791,0.4896242288278183,0.7406819984139572,0.0
Random Forest,4190,4190,4191,0.4896242288278183,0.7406819984139572,0.489736399326977,0.7406819984139572,8.308266947994323e-05
Random Forest,4191,4191,4192,0.489736399326977,0.7406819984139572,0.4897924845765564,0.7406819984139572,4.1541334740012734e-05
Random Forest,4192,4192,4193,0.4897924845765564,0.7406819984139572,0.4898485698261357,0.7406819984139572,4.1541334739971616e-05
Random Forest,4193,4193,4194,0.4898485698261357,0.7406819984139572,0.4898485698261357,0.7414750198255353,0.0
Random Forest,4194,4194,4195,0.4898485698261357,0.7414750198255353,0.48990465507571507,0.7414750198255353,4.158581154376173e-05
Random Forest,4195,4195,4196,0.48990465507571507,0.7414750198255353,0.4900168255748738,0.7414750198255353,8.317162308756462e-05
Random Forest,4196,4196,4197,0.4900168255748738,0.7414750198255353,0.49007291082445315,0.7414750198255353,4.158581154376173e-05
Random Forest,4197,4197,4198,0.49007291082445315,0.7414750198255353,0.49012899607403254,0.7414750198255353,4.158581154380289e-05
Random Forest,4198,4198,4199,0.49012899607403254,0.7414750198255353,0.4901850813236119,0.7414750198255353,4.158581154376173e-05
Random Forest,4199,4199,4200,0.4901850813236119,0.7414750198255353,0.4902411665731913,0.7414750198255353,4.158581154380289e-05
Random Forest,4200,4200,4201,0.4902411665731913,0.7414750198255353,0.49040942232192936,0.7414750198255353,0.00012475743463132637
Random Forest,4201,4201,4202,0.49040942232192936,0.7414750198255353,0.49040942232192936,0.7422680412371134,0.0
Random Forest,4202,4202,4203,0.49040942232192936,0.7422680412371134,0.4904655075715087,0.7422680412371134,4.1630288347551856e-05
Random Forest,4203,4203,4204,0.4904655075715087,0.7422680412371134,0.4906898485698261,0.7422680412371134,0.00016652115339024862
Random Forest,4204,4204,4205,0.4906898485698261,0.7422680412371134,0.4907459338194055,0.7422680412371134,4.1630288347593056e-05
Random Forest,4205,4205,4206,0.4907459338194055,0.7422680412371134,0.4908581043185642,0.7422680412371134,8.326057669510371e-05
Random Forest,4206,4206,4207,0.4908581043185642,0.7422680412371134,0.4909141895681436,0.7422680412371134,4.1630288347593056e-05
Random Forest,4207,4207,4208,0.4909141895681436,0.7422680412371134,0.49153112731351656,0.7422680412371134,0.0004579331718232352
Random Forest,4208,4208,4209,0.49153112731351656,0.7422680412371134,0.4915872125630959,0.7422680412371134,4.1630288347551856e-05
Random Forest,4209,4209,4210,0.4915872125630959,0.7422680412371134,0.491755468311834,0.7422680412371134,0.00012489086504269677
Random Forest,4210,4210,4211,0.491755468311834,0.7422680412371134,0.4918115535614134,0.7422680412371134,4.1630288347593056e-05
Random Forest,4211,4211,4212,0.4918115535614134,0.7422680412371134,0.49192372406057205,0.7430610626486915,8.330505349889382e-05
Random Forest,4212,4212,4213,0.49192372406057205,0.7430610626486915,0.49197980931015145,0.7430610626486915,4.167476515138322e-05
Random Forest,4213,4213,4214,0.49197980931015145,0.7430610626486915,0.4920358945597308,0.7430610626486915,4.167476515134197e-05
Random Forest,4214,4214,4215,0.4920358945597308,0.7430610626486915,0.49209197980931013,0.7430610626486915,4.167476515134197e-05
Random Forest,4215,4215,4216,0.49209197980931013,0.7430610626486915,0.49214806505888953,0.7430610626486915,4.167476515138322e-05
Random Forest,4216,4216,4217,0.49214806505888953,0.7430610626486915,0.49220415030846887,0.7430610626486915,4.167476515134197e-05
Random Forest,4217,4217,4218,0.49220415030846887,0.7430610626486915,0.49237240605720695,0.7438540840602696,0.00012509101065975238
Random Forest,4218,4218,4219,0.49237240605720695,0.7438540840602696,0.4925967470555244,0.7438540840602696,0.00016687696782061095
Random Forest,4219,4219,4220,0.4925967470555244,0.7438540840602696,0.49265283230510376,0.7438540840602696,4.1719241955132096e-05
Random Forest,4220,4220,4221,0.49265283230510376,0.7438540840602696,0.4927089175546831,0.7438540840602696,4.1719241955132096e-05
Random Forest,4221,4221,4222,0.4927089175546831,0.7438540840602696,0.4927650028042625,0.7438540840602696,4.1719241955173384e-05
Random Forest,4222,4222,4223,0.4927650028042625,0.7438540840602696,0.49282108805384184,0.7438540840602696,4.1719241955132096e-05
Random Forest,4223,4223,4224,0.49282108805384184,0.7438540840602696,0.49304542905215926,0.7438540840602696,0.00016687696782056966
Random Forest,4224,4224,4225,0.49304542905215926,0.7438540840602696,0.49310151430173865,0.7438540840602696,4.1719241955173384e-05
Random Forest,4225,4225,4226,0.49310151430173865,0.7438540840602696,0.49310151430173865,0.7454401268834259,0.0
Random Forest,4226,4226,4227,0.49310151430173865,0.7454401268834259,0.493157599551318,0.7454401268834259,4.180819556271233e-05
Random Forest,4227,4227,4228,0.493157599551318,0.7454401268834259,0.4932136848008974,0.7454401268834259,4.180819556275371e-05
Random Forest,4228,4228,4229,0.4932136848008974,0.7454401268834259,0.49355019629837354,0.7454401268834259,0.00025084917337635677
Random Forest,4229,4229,4230,0.49355019629837354,0.7454401268834259,0.4936062815479529,0.7454401268834259,4.180819556271233e-05
Random Forest,4230,4230,4231,0.4936062815479529,0.7454401268834259,0.4936623667975322,0.7454401268834259,4.180819556271233e-05
Random Forest,4231,4231,4232,0.4936623667975322,0.7454401268834259,0.4937184520471116,0.7454401268834259,4.180819556275371e-05
Random Forest,4232,4232,4233,0.4937184520471116,0.7454401268834259,0.4938306225462703,0.7454401268834259,8.361639112542466e-05
Random Forest,4233,4233,4234,0.4938306225462703,0.7454401268834259,0.4941110487941671,0.7454401268834259,0.00020904097781364442
Random Forest,4234,4234,4235,0.4941110487941671,0.7454401268834259,0.4941671340437465,0.7454401268834259,4.180819556275371e-05
Random Forest,4235,4235,4236,0.4941671340437465,0.7454401268834259,0.49422321929332585,0.7454401268834259,4.180819556271233e-05
Random Forest,4236,4236,4237,0.49422321929332585,0.7454401268834259,0.4943353897924846,0.7454401268834259,8.361639112546605e-05
Random Forest,4237,4237,4238,0.4943353897924846,0.7454401268834259,0.49439147504206393,0.7454401268834259,4.180819556271233e-05
Random Forest,4238,4238,4239,0.49439147504206393,0.7454401268834259,0.4944475602916433,0.7454401268834259,4.180819556271233e-05
Random Forest,4239,4239,4240,0.4944475602916433,0.7454401268834259,0.49467190128996075,0.7454401268834259,0.0001672327822509321
Random Forest,4240,4240,4241,0.49467190128996075,0.7454401268834259,0.4947840717891195,0.7454401268834259,8.361639112546605e-05
Random Forest,4241,4241,4242,0.4947840717891195,0.7454401268834259,0.4948401570386988,0.7454401268834259,4.180819556271233e-05
Random Forest,4242,4242,4243,0.4948401570386988,0.7454401268834259,0.49489624228827817,0.7454401268834259,4.180819556271233e-05
Random Forest,4243,4243,4244,0.49489624228827817,0.7454401268834259,0.49607403252944476,0.7454401268834259,0.00087797210681729
Random Forest,4244,4244,4245,0.49607403252944476,0.7454401268834259,0.4963544587773416,0.7454401268834259,0.00020904097781364442
Random Forest,4245,4245,4246,0.4963544587773416,0.7454401268834259,0.49646662927650026,0.7454401268834259,8.361639112542466e-05
Random Forest,4246,4246,4247,0.49646662927650026,0.7454401268834259,0.49646662927650026,0.746233148295004,0.0
Random Forest,4247,4247,4248,0.49646662927650026,0.746233148295004,0.4974761637689288,0.7470261697065821,0.0007537483938314453
Random Forest,4248,4248,4249,0.4974761637689288,0.7470261697065821,0.4975322490185081,0.7470261697065821,4.189714917029257e-05
Random Forest,4249,4249,4250,0.4975322490185081,0.7470261697065821,0.4975883342680875,0.7470261697065821,4.189714917033404e-05
Random Forest,4250,4250,4251,0.4975883342680875,0.7470261697065821,0.4984296130117779,0.7470261697065821,0.0006284572375545959
Random Forest,4251,4251,4252,0.4984296130117779,0.7470261697065821,0.49848569826135725,0.7470261697065821,4.189714917029257e-05
Random Forest,4252,4252,4253,0.49848569826135725,0.7470261697065821,0.4988222097588334,0.7470261697065821,0.00025138289502183835
Random Forest,4253,4253,4254,0.4988222097588334,0.7470261697065821,0.49921480650588895,0.7509912767644726,0.0002940583882584998
Random Forest,4254,4254,4255,0.49921480650588895,0.7509912767644726,0.4992708917554683,0.7509912767644726,4.2119533189243165e-05
Random Forest,4255,4255,4256,0.4992708917554683,0.7509912767644726,0.4993269770050477,0.7509912767644726,4.211953318928485e-05
Random Forest,4256,4256,4257,0.4993269770050477,0.7509912767644726,0.49938306225462703,0.7509912767644726,4.2119533189243165e-05
Random Forest,4257,4257,4258,0.49938306225462703,0.7509912767644726,0.49943914750420637,0.7509912767644726,4.2119533189243165e-05
Random Forest,4258,4258,4259,0.49943914750420637,0.7509912767644726,0.49949523275378577,0.7509912767644726,4.211953318928485e-05
Random Forest,4259,4259,4260,0.49949523275378577,0.7509912767644726,0.49988782950084126,0.7509912767644726,0.00029483673232478554
Random Forest,4260,4260,4261,0.49988782950084126,0.7509912767644726,0.5,0.7509912767644726,8.423906637852802e-05
Random Forest,4261,4261,4262,0.5,0.7509912767644726,0.5000560852495793,0.7509912767644726,4.2119533189243165e-05
Random Forest,4262,4262,4263,0.5000560852495793,0.7509912767644726,0.5001121704991587,0.7509912767644726,4.2119533189243165e-05
Random Forest,4263,4263,4264,0.5001121704991587,0.7509912767644726,0.5001682557487381,0.7509912767644726,4.211953318932655e-05
Random Forest,4264,4264,4265,0.5001682557487381,0.7509912767644726,0.5002243409983175,0.7509912767644726,4.2119533189243165e-05
Random Forest,4265,4265,4266,0.5002243409983175,0.7509912767644726,0.5002804262478968,0.7509912767644726,4.2119533189243165e-05
Random Forest,4266,4266,4267,0.5002804262478968,0.7509912767644726,0.5003925967470555,0.7509912767644726,8.423906637848633e-05
Random Forest,4267,4267,4268,0.5003925967470555,0.7509912767644726,0.5004486819966348,0.7509912767644726,4.2119533189243165e-05
Random Forest,4268,4268,4269,0.5004486819966348,0.7509912767644726,0.5005047672462143,0.7509912767644726,4.211953318932655e-05
Random Forest,4269,4269,4270,0.5005047672462143,0.7509912767644726,0.5005608524957936,0.7509912767644726,4.2119533189243165e-05
Random Forest,4270,4270,4271,0.5005608524957936,0.7509912767644726,0.500616937745373,0.7509912767644726,4.2119533189243165e-05
Random Forest,4271,4271,4272,0.500616937745373,0.7509912767644726,0.5007851934941111,0.7509912767644726,0.00012635859956781288
Random Forest,4272,4272,4273,0.5007851934941111,0.7509912767644726,0.5015143017386428,0.7509912767644726,0.0005475539314603279
Random Forest,4273,4273,4274,0.5015143017386428,0.7509912767644726,0.5015703869882221,0.7509912767644726,4.2119533189243165e-05
Random Forest,4274,4274,4275,0.5015703869882221,0.7509912767644726,0.5016264722378014,0.7509912767644726,4.2119533189243165e-05
Random Forest,4275,4275,4276,0.5016264722378014,0.7509912767644726,0.5016825574873808,0.7509912767644726,4.2119533189243165e-05
Random Forest,4276,4276,4277,0.5016825574873808,0.7509912767644726,0.5017386427369602,0.7517842981760507,4.214177159122165e-05
Random Forest,4277,4277,4278,0.5017386427369602,0.7517842981760507,0.5017947279865396,0.7517842981760507,4.216400999303329e-05
Random Forest,4278,4278,4279,0.5017947279865396,0.7517842981760507,0.5018508132361189,0.7517842981760507,4.216400999303329e-05
Random Forest,4279,4279,4280,0.5018508132361189,0.7517842981760507,0.5019068984856982,0.7517842981760507,4.216400999303329e-05
Random Forest,4280,4280,4281,0.5019068984856982,0.7517842981760507,0.5019629837352776,0.7517842981760507,4.216400999303329e-05
Random Forest,4281,4281,4282,0.5019629837352776,0.7517842981760507,0.5020190689848569,0.7517842981760507,4.216400999303329e-05
Random Forest,4282,4282,4283,0.5020190689848569,0.7517842981760507,0.5034772854739203,0.7525773195876289,0.0010968424582685546
Random Forest,4283,4283,4284,0.5034772854739203,0.7525773195876289,0.5035333707234997,0.7525773195876289,4.2208486796823405e-05
Random Forest,4284,4284,4285,0.5035333707234997,0.7525773195876289,0.503589455973079,0.7525773195876289,4.2208486796823405e-05
Random Forest,4285,4285,4286,0.503589455973079,0.7525773195876289,0.5036455412226585,0.7525773195876289,4.2208486796906956e-05
Random Forest,4286,4286,4287,0.5036455412226585,0.7525773195876289,0.5037016264722378,0.7541633624107851,4.225296360061353e-05
Random Forest,4287,4287,4288,0.5037016264722378,0.7541633624107851,0.5037577117218172,0.7541633624107851,4.2297440404403645e-05
Random Forest,4288,4288,4289,0.5037577117218172,0.7541633624107851,0.5038137969713965,0.7541633624107851,4.2297440404403645e-05
Random Forest,4289,4289,4290,0.5038137969713965,0.7541633624107851,0.5038698822209758,0.7541633624107851,4.2297440404403645e-05
Random Forest,4290,4290,4291,0.5038698822209758,0.7541633624107851,0.5039259674705553,0.7541633624107851,4.229744040448737e-05
Random Forest,4291,4291,4292,0.5039259674705553,0.7541633624107851,0.504038137969714,0.7541633624107851,8.459488080880729e-05
Random Forest,4292,4292,4293,0.504038137969714,0.7541633624107851,0.5041503084688727,0.7541633624107851,8.459488080880729e-05
Random Forest,4293,4293,4294,0.5041503084688727,0.7541633624107851,0.504206393718452,0.7541633624107851,4.2297440404403645e-05
Random Forest,4294,4294,4295,0.504206393718452,0.7541633624107851,0.5042624789680314,0.7541633624107851,4.229744040448737e-05
Random Forest,4295,4295,4296,0.5042624789680314,0.7541633624107851,0.5043185642176108,0.7541633624107851,4.2297440404403645e-05
Random Forest,4296,4296,4297,0.5043185642176108,0.7541633624107851,0.5043746494671901,0.7541633624107851,4.2297440404403645e-05
Random Forest,4297,4297,4298,0.5043746494671901,0.7541633624107851,0.5044307347167695,0.7541633624107851,4.2297440404403645e-05
Random Forest,4298,4298,4299,0.5044307347167695,0.7541633624107851,0.5045429052159283,0.7541633624107851,8.459488080889102e-05
Random Forest,4299,4299,4300,0.5045429052159283,0.7541633624107851,0.5046550757150869,0.7541633624107851,8.459488080880729e-05
Random Forest,4300,4300,4301,0.5046550757150869,0.7541633624107851,0.5046550757150869,0.7549563838223632,0.0
Random Forest,4301,4301,4302,0.5046550757150869,0.7549563838223632,0.5047111609646663,0.7557494052339413,4.236415561008882e-05
Random Forest,4302,4302,4303,0.5047111609646663,0.7557494052339413,0.5056085249579361,0.7557494052339413,0.0006781823041919938
Random Forest,4303,4303,4304,0.5056085249579361,0.7557494052339413,0.5057206954570947,0.7557494052339413,8.477278802396777e-05
Random Forest,4304,4304,4305,0.5057206954570947,0.7557494052339413,0.5057767807066741,0.7557494052339413,4.2386394011983885e-05
Random Forest,4305,4305,4306,0.5057767807066741,0.7557494052339413,0.5058889512058329,0.7557494052339413,8.477278802405167e-05
Random Forest,4306,4306,4307,0.5058889512058329,0.7557494052339413,0.5059450364554122,0.7557494052339413,4.2386394011983885e-05
Random Forest,4307,4307,4308,0.5059450364554122,0.7557494052339413,0.5060011217049916,0.7557494052339413,4.2386394011983885e-05
Random Forest,4308,4308,4309,0.5060011217049916,0.7557494052339413,0.5060572069545709,0.7557494052339413,4.2386394011983885e-05
Random Forest,4309,4309,4310,0.5060572069545709,0.7557494052339413,0.5061132922041504,0.7557494052339413,4.238639401206779e-05
Random Forest,4310,4310,4311,0.5061132922041504,0.7557494052339413,0.5061132922041504,0.7565424266455194,0.0
Random Forest,4311,4311,4312,0.5061132922041504,0.7565424266455194,0.5062815479528884,0.7565424266455194,0.000127292612447322
Random Forest,4312,4312,4313,0.5062815479528884,0.7565424266455194,0.5063937184520471,0.7565424266455194,8.4861741631548e-05
Random Forest,4313,4313,4314,0.5063937184520471,0.7565424266455194,0.5065619742007852,0.7565424266455194,0.000127292612447406
Random Forest,4314,4314,4315,0.5065619742007852,0.7565424266455194,0.5066180594503645,0.7565424266455194,4.2430870815774e-05
Random Forest,4315,4315,4316,0.5066180594503645,0.7565424266455194,0.5066741446999439,0.7565424266455194,4.2430870815774e-05
Random Forest,4316,4316,4317,0.5066741446999439,0.7565424266455194,0.5067302299495233,0.7565424266455194,4.243087081585799e-05
Random Forest,4317,4317,4318,0.5067302299495233,0.7565424266455194,0.50701065619742,0.7565424266455194,0.00021215435407887
Random Forest,4318,4318,4319,0.50701065619742,0.7565424266455194,0.50701065619742,0.7573354480570975,0.0
Random Forest,4319,4319,4320,0.50701065619742,0.7573354480570975,0.5070667414469995,0.7573354480570975,4.2475347619648204e-05
Random Forest,4320,4320,4321,0.5070667414469995,0.7573354480570975,0.5071789119461582,0.7573354480570975,8.495069523912825e-05
Random Forest,4321,4321,4322,0.5071789119461582,0.7573354480570975,0.5072910824453168,0.7573354480570975,8.495069523912825e-05
Random Forest,4322,4322,4323,0.5072910824453168,0.7573354480570975,0.5073471676948963,0.7573354480570975,4.2475347619648204e-05
Random Forest,4323,4323,4324,0.5073471676948963,0.7573354480570975,0.5074032529444756,0.7573354480570975,4.2475347619564125e-05
Random Forest,4324,4324,4325,0.5074032529444756,0.7573354480570975,0.5076836791923725,0.7573354480570975,0.0002123767380979047
Random Forest,4325,4325,4326,0.5076836791923725,0.7573354480570975,0.5077397644419518,0.7573354480570975,4.2475347619564125e-05
Random Forest,4326,4326,4327,0.5077397644419518,0.7573354480570975,0.5077958496915311,0.7573354480570975,4.2475347619564125e-05
Random Forest,4327,4327,4328,0.5077958496915311,0.7573354480570975,0.5078519349411105,0.7573354480570975,4.2475347619564125e-05
Random Forest,4328,4328,4329,0.5078519349411105,0.7573354480570975,0.5079080201906898,0.7573354480570975,4.2475347619564125e-05
Random Forest,4329,4329,4330,0.5079080201906898,0.7573354480570975,0.5079641054402693,0.7573354480570975,4.2475347619648204e-05
Random Forest,4330,4330,4331,0.5079641054402693,0.7573354480570975,0.5080201906898486,0.7573354480570975,4.2475347619564125e-05
Random Forest,4331,4331,4332,0.5080201906898486,0.7573354480570975,0.508076275939428,0.7573354480570975,4.2475347619564125e-05
Random Forest,4332,4332,4333,0.508076275939428,0.7573354480570975,0.5081323611890073,0.7573354480570975,4.2475347619564125e-05
Random Forest,4333,4333,4334,0.5081323611890073,0.7573354480570975,0.5081884464385866,0.7573354480570975,4.2475347619564125e-05
Random Forest,4334,4334,4335,0.5081884464385866,0.7573354480570975,0.508244531688166,0.7573354480570975,4.2475347619564125e-05
Random Forest,4335,4335,4336,0.508244531688166,0.7573354480570975,0.5083006169377454,0.7573354480570975,4.2475347619648204e-05
Random Forest,4336,4336,4337,0.5083006169377454,0.7573354480570975,0.5083567021873248,0.7573354480570975,4.2475347619564125e-05
Random Forest,4337,4337,4338,0.5083567021873248,0.7573354480570975,0.5084127874369041,0.7573354480570975,4.2475347619564125e-05
Random Forest,4338,4338,4339,0.5084127874369041,0.7573354480570975,0.5085249579360628,0.7573354480570975,8.495069523912825e-05
Random Forest,4339,4339,4340,0.5085249579360628,0.7573354480570975,0.5085810431856421,0.7573354480570975,4.2475347619564125e-05
Random Forest,4340,4340,4341,0.5085810431856421,0.7573354480570975,0.5086371284352216,0.7573354480570975,4.2475347619648204e-05
Random Forest,4341,4341,4342,0.5086371284352216,0.7573354480570975,0.5086932136848009,0.7573354480570975,4.2475347619564125e-05
Random Forest,4342,4342,4343,0.5086932136848009,0.7573354480570975,0.5086932136848009,0.7581284694686756,0.0
Random Forest,4343,4343,4344,0.5086932136848009,0.7581284694686756,0.5087492989343803,0.7581284694686756,4.251982442335424e-05
Random Forest,4344,4344,4345,0.5087492989343803,0.7581284694686756,0.5088053841839596,0.7581284694686756,4.251982442335424e-05
Random Forest,4345,4345,4346,0.5088053841839596,0.7581284694686756,0.5088614694335389,0.7581284694686756,4.251982442335424e-05
Random Forest,4346,4346,4347,0.5088614694335389,0.7581284694686756,0.5089175546831184,0.7581284694686756,4.251982442343841e-05
Random Forest,4347,4347,4348,0.5089175546831184,0.7581284694686756,0.5089736399326977,0.7581284694686756,4.251982442335424e-05
Random Forest,4348,4348,4349,0.5089736399326977,0.7581284694686756,0.5090297251822771,0.7581284694686756,4.251982442335424e-05
Random Forest,4349,4349,4350,0.5090297251822771,0.7581284694686756,0.5090858104318564,0.7581284694686756,4.251982442335424e-05
Random Forest,4350,4350,4351,0.5090858104318564,0.7581284694686756,0.5091418956814358,0.7581284694686756,4.251982442335424e-05
Random Forest,4351,4351,4352,0.5091418956814358,0.7581284694686756,0.5091979809310151,0.7581284694686756,4.251982442335424e-05
Random Forest,4352,4352,4353,0.5091979809310151,0.7581284694686756,0.5092540661805945,0.7581284694686756,4.251982442343841e-05
Random Forest,4353,4353,4354,0.5092540661805945,0.7581284694686756,0.5093662366797532,0.7581284694686756,8.503964884670848e-05
Random Forest,4354,4354,4355,0.5093662366797532,0.7581284694686756,0.5094223219293326,0.7581284694686756,4.251982442335424e-05
Random Forest,4355,4355,4356,0.5094223219293326,0.7581284694686756,0.5094784071789119,0.7581284694686756,4.251982442335424e-05
Random Forest,4356,4356,4357,0.5094784071789119,0.7581284694686756,0.5095344924284914,0.7581284694686756,4.251982442343841e-05
Random Forest,4357,4357,4358,0.5095344924284914,0.7581284694686756,0.5095905776780707,0.7581284694686756,4.251982442335424e-05
Random Forest,4358,4358,4359,0.5095905776780707,0.7581284694686756,0.5097027481772294,0.7581284694686756,8.503964884670848e-05
Random Forest,4359,4359,4360,0.5097027481772294,0.7581284694686756,0.5098710039259675,0.7581284694686756,0.00012755947327014688
Random Forest,4360,4360,4361,0.5098710039259675,0.7581284694686756,0.5099270891755469,0.7581284694686756,4.251982442335424e-05
Random Forest,4361,4361,4362,0.5099270891755469,0.7581284694686756,0.5112170499158721,0.7597145122918318,0.0009789789282246572
Random Forest,4362,4362,4363,0.5112170499158721,0.7597145122918318,0.5112731351654515,0.7597145122918318,4.260877803093448e-05
Random Forest,4363,4363,4364,0.5112731351654515,0.7597145122918318,0.5113292204150308,0.7597145122918318,4.260877803093448e-05
Random Forest,4364,4364,4365,0.5113292204150308,0.7597145122918318,0.5114413909141896,0.7597145122918318,8.52175560619533e-05
Random Forest,4365,4365,4366,0.5114413909141896,0.7597145122918318,0.511497476163769,0.7597145122918318,4.260877803093448e-05
Random Forest,4366,4366,4367,0.511497476163769,0.7597145122918318,0.5115535614133483,0.7597145122918318,4.260877803093448e-05
Random Forest,4367,4367,4368,0.5115535614133483,0.7597145122918318,0.5116096466629276,0.7597145122918318,4.260877803093448e-05
Random Forest,4368,4368,4369,0.5116096466629276,0.7597145122918318,0.5117218171620864,0.7597145122918318,8.52175560619533e-05
Random Forest,4369,4369,4370,0.5117218171620864,0.7597145122918318,0.5117779024116658,0.7597145122918318,4.260877803093448e-05
Random Forest,4370,4370,4371,0.5117779024116658,0.7597145122918318,0.5118339876612451,0.7597145122918318,4.260877803093448e-05
Random Forest,4371,4371,4372,0.5118339876612451,0.7597145122918318,0.5118900729108244,0.7597145122918318,4.260877803093448e-05
Random Forest,4372,4372,4373,0.5118900729108244,0.7597145122918318,0.5119461581604038,0.7597145122918318,4.260877803093448e-05
Random Forest,4373,4373,4374,0.5119461581604038,0.7597145122918318,0.5120583286595626,0.7597145122918318,8.52175560619533e-05
Random Forest,4374,4374,4375,0.5120583286595626,0.7597145122918318,0.5121144139091419,0.7597145122918318,4.260877803093448e-05
Random Forest,4375,4375,4376,0.5121144139091419,0.7597145122918318,0.5121704991587213,0.7597145122918318,4.260877803093448e-05
Random Forest,4376,4376,4377,0.5121704991587213,0.7597145122918318,0.5122826696578799,0.7597145122918318,8.521755606186896e-05
Random Forest,4377,4377,4378,0.5122826696578799,0.7597145122918318,0.5123387549074594,0.7597145122918318,4.2608778031018825e-05
Random Forest,4378,4378,4379,0.5123387549074594,0.7597145122918318,0.5123948401570387,0.7597145122918318,4.260877803093448e-05
Random Forest,4379,4379,4380,0.5123948401570387,0.7597145122918318,0.5124509254066181,0.7597145122918318,4.260877803093448e-05
Random Forest,4380,4380,4381,0.5124509254066181,0.7597145122918318,0.5125630959057768,0.7597145122918318,8.521755606186896e-05
Random Forest,4381,4381,4382,0.5125630959057768,0.7597145122918318,0.5127874369040942,0.7597145122918318,0.00017043511212382227
Random Forest,4382,4382,4383,0.5127874369040942,0.7597145122918318,0.5128435221536736,0.7597145122918318,4.260877803093448e-05
Random Forest,4383,4383,4384,0.5128435221536736,0.7597145122918318,0.5129556926528323,0.7597145122918318,8.521755606186896e-05
Random Forest,4384,4384,4385,0.5129556926528323,0.7597145122918318,0.5130117779024117,0.7597145122918318,4.2608778031018825e-05
Random Forest,4385,4385,4386,0.5130117779024117,0.7597145122918318,0.513067863151991,0.7597145122918318,4.260877803093448e-05
Random Forest,4386,4386,4387,0.513067863151991,0.7597145122918318,0.5137969713965227,0.76050753370341,0.0005542032136269528
Random Forest,4387,4387,4388,0.5137969713965227,0.76050753370341,0.513853056646102,0.76050753370341,4.26532548347246e-05
Random Forest,4388,4388,4389,0.513853056646102,0.76050753370341,0.5139091418956815,0.76050753370341,4.265325483480903e-05
Random Forest,4389,4389,4390,0.5139091418956815,0.76050753370341,0.5141895681435782,0.76050753370341,0.000213266274173623
Random Forest,4390,4390,4391,0.5141895681435782,0.76050753370341,0.5142456533931576,0.76050753370341,4.265325483480903e-05
Random Forest,4391,4391,4392,0.5142456533931576,0.76050753370341,0.514301738642737,0.76050753370341,4.26532548347246e-05
Random Forest,4392,4392,4393,0.514301738642737,0.76050753370341,0.5144139091418957,0.76050753370341,8.53065096694492e-05
Random Forest,4393,4393,4394,0.5144139091418957,0.76050753370341,0.5154795288839036,0.76050753370341,0.0008104118418601051
Random Forest,4394,4394,4395,0.5154795288839036,0.76050753370341,0.5155356141334829,0.76050753370341,4.26532548347246e-05
Random Forest,4395,4395,4396,0.5155356141334829,0.76050753370341,0.5155916993830623,0.76050753370341,4.26532548347246e-05
Random Forest,4396,4396,4397,0.5155916993830623,0.76050753370341,0.5201346045989904,0.7644726407613005,0.003463920194381377
Random Forest,4397,4397,4398,0.5201346045989904,0.7644726407613005,0.5201906898485699,0.7644726407613005,4.2875638853760067e-05
Random Forest,4398,4398,4399,0.5201906898485699,0.7644726407613005,0.5204711160964667,0.7644726407613005,0.00021437819426846084
Random Forest,4399,4399,4400,0.5204711160964667,0.7644726407613005,0.5205832865956254,0.7644726407613005,8.575127770735039e-05
Random Forest,4400,4400,4401,0.5205832865956254,0.7644726407613005,0.5206393718452047,0.7644726407613005,4.2875638853675194e-05
Random Forest,4401,4401,4402,0.5206393718452047,0.7644726407613005,0.520695457094784,0.7644726407613005,4.2875638853675194e-05
Random Forest,4402,4402,4403,0.520695457094784,0.7644726407613005,0.5207515423443634,0.7644726407613005,4.2875638853675194e-05
Random Forest,4403,4403,4404,0.5207515423443634,0.7644726407613005,0.5207515423443634,0.7652656621728786,0.0
Random Forest,4404,4404,4405,0.5207515423443634,0.7652656621728786,0.5208637128435222,0.7652656621728786,8.58402313150156e-05
Random Forest,4405,4405,4406,0.5208637128435222,0.7652656621728786,0.5209197980931015,0.7652656621728786,4.292011565746532e-05
Random Forest,4406,4406,4407,0.5209197980931015,0.7652656621728786,0.5209758833426809,0.7652656621728786,4.292011565746532e-05
Random Forest,4407,4407,4408,0.5209758833426809,0.7652656621728786,0.5210319685922602,0.7652656621728786,4.292011565746532e-05
Random Forest,4408,4408,4409,0.5210319685922602,0.7652656621728786,0.5210880538418396,0.7652656621728786,4.292011565755028e-05
Random Forest,4409,4409,4410,0.5210880538418396,0.7652656621728786,0.521144139091419,0.7652656621728786,4.292011565746532e-05
Random Forest,4410,4410,4411,0.521144139091419,0.7652656621728786,0.5219854178351093,0.7652656621728786,0.0006438017348621497
Random Forest,4411,4411,4412,0.5219854178351093,0.7652656621728786,0.5220415030846888,0.7652656621728786,4.292011565755028e-05
Random Forest,4412,4412,4413,0.5220415030846888,0.7652656621728786,0.5222097588334268,0.7652656621728786,0.00012876034697239594
Random Forest,4413,4413,4414,0.5222097588334268,0.7652656621728786,0.5222658440830061,0.7652656621728786,4.292011565746532e-05
Random Forest,4414,4414,4415,0.5222658440830061,0.7652656621728786,0.5223219293325855,0.7652656621728786,4.292011565746532e-05
Random Forest,4415,4415,4416,0.5223219293325855,0.7652656621728786,0.5231071228266966,0.7660586835844568,0.0006011929568313002
Random Forest,4416,4416,4417,0.5231071228266966,0.7660586835844568,0.5231632080762759,0.7660586835844568,4.296459246125544e-05
Random Forest,4417,4417,4418,0.5231632080762759,0.7660586835844568,0.5232192933258553,0.7660586835844568,4.296459246125544e-05
Random Forest,4418,4418,4419,0.5232192933258553,0.7660586835844568,0.523331463825014,0.7660586835844568,8.592918492259594e-05
Random Forest,4419,4419,4420,0.523331463825014,0.7660586835844568,0.5233875490745934,0.7660586835844568,4.296459246125544e-05
Random Forest,4420,4420,4421,0.5233875490745934,0.7660586835844568,0.5235558048233314,0.7660586835844568,0.00012889377738376631
Random Forest,4421,4421,4422,0.5235558048233314,0.7660586835844568,0.5236118900729109,0.7660586835844568,4.296459246134049e-05
Random Forest,4422,4422,4423,0.5236118900729109,0.7660586835844568,0.5236679753224902,0.7660586835844568,4.296459246125544e-05
Random Forest,4423,4423,4424,0.5236679753224902,0.7660586835844568,0.5237801458216489,0.7660586835844568,8.592918492251088e-05
Random Forest,4424,4424,4425,0.5237801458216489,0.7660586835844568,0.5238362310712282,0.7660586835844568,4.296459246125544e-05
Random Forest,4425,4425,4426,0.5238362310712282,0.7660586835844568,0.5238923163208077,0.7660586835844568,4.296459246134049e-05
Random Forest,4426,4426,4427,0.5238923163208077,0.7660586835844568,0.5242288278182838,0.7660586835844568,0.0002577875547676177
Random Forest,4427,4427,4428,0.5242288278182838,0.7660586835844568,0.5243409983174425,0.7660586835844568,8.592918492251088e-05
Random Forest,4428,4428,4429,0.5243409983174425,0.7660586835844568,0.5246775098149187,0.7668517049960349,0.0002579209851789881
Random Forest,4429,4429,4430,0.5246775098149187,0.7668517049960349,0.5247896803140774,0.7668517049960349,8.601813853009111e-05
Random Forest,4430,4430,4431,0.5247896803140774,0.7668517049960349,0.5250140213123948,0.7668517049960349,0.00017203627706026737
Random Forest,4431,4431,4432,0.5250140213123948,0.7668517049960349,0.5250701065619742,0.7668517049960349,4.300906926504556e-05
Random Forest,4432,4432,4433,0.5250701065619742,0.7668517049960349,0.5251261918115535,0.7668517049960349,4.300906926504556e-05
Random Forest,4433,4433,4434,0.5251261918115535,0.7668517049960349,0.525182277061133,0.7668517049960349,4.30090692651307e-05
Random Forest,4434,4434,4435,0.525182277061133,0.7668517049960349,0.5252383623107123,0.7668517049960349,4.300906926504556e-05
Random Forest,4435,4435,4436,0.5252383623107123,0.7668517049960349,0.525350532809871,0.7668517049960349,8.601813853009111e-05
Random Forest,4436,4436,4437,0.525350532809871,0.7668517049960349,0.5255748738081885,0.7668517049960349,0.00017203627706026737
Random Forest,4437,4437,4438,0.5255748738081885,0.7668517049960349,0.5256309590577678,0.7668517049960349,4.300906926504556e-05
Random Forest,4438,4438,4439,0.5256309590577678,0.7668517049960349,0.5256870443073471,0.7668517049960349,4.300906926504556e-05
Random Forest,4439,4439,4440,0.5256870443073471,0.7668517049960349,0.5260235558048233,0.7668517049960349,0.0002580544155903585
Random Forest,4440,4440,4441,0.5260235558048233,0.7668517049960349,0.5260796410544027,0.7668517049960349,4.30090692651307e-05
Random Forest,4441,4441,4442,0.5260796410544027,0.7668517049960349,0.5260796410544027,0.767644726407613,0.0
Random Forest,4442,4442,4443,0.5260796410544027,0.767644726407613,0.5261357263039821,0.767644726407613,4.305354606883568e-05
Random Forest,4443,4443,4444,0.5261357263039821,0.767644726407613,0.5263039820527201,0.767644726407613,0.00012916063820650703
Random Forest,4444,4444,4445,0.5263039820527201,0.767644726407613,0.5263600673022995,0.767644726407613,4.305354606883568e-05
Random Forest,4445,4445,4446,0.5263600673022995,0.767644726407613,0.5264161525518789,0.767644726407613,4.3053546068920905e-05
Random Forest,4446,4446,4447,0.5264161525518789,0.767644726407613,0.5264722378014582,0.767644726407613,4.305354606883568e-05
Random Forest,4447,4447,4448,0.5264722378014582,0.767644726407613,0.5265283230510376,0.767644726407613,4.305354606883568e-05
Random Forest,4448,4448,4449,0.5265283230510376,0.767644726407613,0.5266404935501963,0.767644726407613,8.610709213767136e-05
Random Forest,4449,4449,4450,0.5266404935501963,0.767644726407613,0.5266965787997756,0.767644726407613,4.305354606883568e-05
Random Forest,4450,4450,4451,0.5266965787997756,0.767644726407613,0.5268087492989344,0.767644726407613,8.610709213775658e-05
Random Forest,4451,4451,4452,0.5268087492989344,0.767644726407613,0.5268648345485137,0.767644726407613,4.305354606883568e-05
Random Forest,4452,4452,4453,0.5268648345485137,0.767644726407613,0.5269209197980931,0.767644726407613,4.305354606883568e-05
Random Forest,4453,4453,4454,0.5269209197980931,0.767644726407613,0.5269770050476724,0.767644726407613,4.305354606883568e-05
Random Forest,4454,4454,4455,0.5269770050476724,0.767644726407613,0.5280426247896803,0.767644726407613,0.0008180173753082188
Random Forest,4455,4455,4456,0.5280426247896803,0.767644726407613,0.5283230510375772,0.767644726407613,0.00021526773034426363
Random Forest,4456,4456,4457,0.5283230510375772,0.767644726407613,0.5284352215367358,0.767644726407613,8.610709213767136e-05
Random Forest,4457,4457,4458,0.5284352215367358,0.767644726407613,0.5284913067863152,0.767644726407613,4.305354606883568e-05
Random Forest,4458,4458,4459,0.5284913067863152,0.767644726407613,0.5288839035333707,0.767644726407613,0.00030137482248193497
Random Forest,4459,4459,4460,0.5288839035333707,0.767644726407613,0.5289399887829501,0.767644726407613,4.3053546068920905e-05
Random Forest,4460,4460,4461,0.5289399887829501,0.767644726407613,0.5289960740325295,0.767644726407613,4.305354606883568e-05
Random Forest,4461,4461,4462,0.5289960740325295,0.767644726407613,0.5290521592821088,0.767644726407613,4.305354606883568e-05
Random Forest,4462,4462,4463,0.5290521592821088,0.767644726407613,0.5292204150308469,0.767644726407613,0.00012916063820659227
Random Forest,4463,4463,4464,0.5292204150308469,0.767644726407613,0.529388670779585,0.7684377478191912,0.0001292273534121922
Random Forest,4464,4464,4465,0.529388670779585,0.7684377478191912,0.5294447560291643,0.7684377478191912,4.30980228726258e-05
Random Forest,4465,4465,4466,0.5294447560291643,0.7684377478191912,0.5296690970274818,0.7684377478191912,0.00017239209149058851
Random Forest,4466,4466,4467,0.5296690970274818,0.7684377478191912,0.5297251822770611,0.7684377478191912,4.30980228726258e-05
Random Forest,4467,4467,4468,0.5297251822770611,0.7684377478191912,0.5297812675266405,0.7684377478191912,4.30980228726258e-05
Random Forest,4468,4468,4469,0.5297812675266405,0.7684377478191912,0.5298373527762199,0.7684377478191912,4.309802287271111e-05
Random Forest,4469,4469,4470,0.5298373527762199,0.7684377478191912,0.5298934380257992,0.7684377478191912,4.30980228726258e-05
Random Forest,4470,4470,4471,0.5298934380257992,0.7684377478191912,0.5299495232753786,0.7684377478191912,4.30980228726258e-05
Random Forest,4471,4471,4472,0.5299495232753786,0.7684377478191912,0.5299495232753786,0.7692307692307693,0.0
Random Forest,4472,4472,4473,0.5299495232753786,0.7692307692307693,0.5305664610207516,0.7700237906423474,0.00047481211886159165
Random Forest,4473,4473,4474,0.5305664610207516,0.7700237906423474,0.5306225462703309,0.7700237906423474,4.318697648020604e-05
Random Forest,4474,4474,4475,0.5306225462703309,0.7700237906423474,0.5306786315199102,0.7700237906423474,4.318697648020604e-05
Random Forest,4475,4475,4476,0.5306786315199102,0.7700237906423474,0.5307347167694896,0.7700237906423474,4.318697648020604e-05
Random Forest,4476,4476,4477,0.5307347167694896,0.7700237906423474,0.5307347167694896,0.7708168120539255,0.0
Random Forest,4477,4477,4478,0.5307347167694896,0.7708168120539255,0.530790802019069,0.7708168120539255,4.323145328408174e-05
Random Forest,4478,4478,4479,0.530790802019069,0.7708168120539255,0.5309029725182277,0.7708168120539255,8.64629065679923e-05
Random Forest,4479,4479,4480,0.5309029725182277,0.7708168120539255,0.530959057767807,0.7708168120539255,4.323145328399615e-05
Random Forest,4480,4480,4481,0.530959057767807,0.7708168120539255,0.5310151430173864,0.7708168120539255,4.323145328399615e-05
Random Forest,4481,4481,4482,0.5310151430173864,0.7708168120539255,0.5310712282669657,0.7708168120539255,4.323145328399615e-05
Random Forest,4482,4482,4483,0.5310712282669657,0.7708168120539255,0.5311273135165452,0.7708168120539255,4.323145328408174e-05
Random Forest,4483,4483,4484,0.5311273135165452,0.7708168120539255,0.5313516545148625,0.7708168120539255,0.0001729258131359846
Random Forest,4484,4484,4485,0.5313516545148625,0.7708168120539255,0.531407739764442,0.7708168120539255,4.323145328408174e-05
Random Forest,4485,4485,4486,0.531407739764442,0.7708168120539255,0.5314638250140213,0.7708168120539255,4.323145328399615e-05
Random Forest,4486,4486,4487,0.5314638250140213,0.7708168120539255,0.5315199102636007,0.7708168120539255,4.323145328399615e-05
Random Forest,4487,4487,4488,0.5315199102636007,0.7708168120539255,0.53157599551318,0.7708168120539255,4.323145328399615e-05
Random Forest,4488,4488,4489,0.53157599551318,0.7708168120539255,0.5316320807627594,0.7708168120539255,4.323145328399615e-05
Random Forest,4489,4489,4490,0.5316320807627594,0.7708168120539255,0.5316881660123387,0.7708168120539255,4.323145328399615e-05
Random Forest,4490,4490,4491,0.5316881660123387,0.7708168120539255,0.5317442512619182,0.7708168120539255,4.323145328408174e-05
Random Forest,4491,4491,4492,0.5317442512619182,0.7708168120539255,0.5318003365114975,0.7708168120539255,4.323145328399615e-05
Random Forest,4492,4492,4493,0.5318003365114975,0.7708168120539255,0.5318564217610768,0.7708168120539255,4.323145328399615e-05
Random Forest,4493,4493,4494,0.5318564217610768,0.7708168120539255,0.5319125070106562,0.7708168120539255,4.323145328399615e-05
Random Forest,4494,4494,4495,0.5319125070106562,0.7708168120539255,0.5319685922602355,0.7708168120539255,4.323145328399615e-05
Random Forest,4495,4495,4496,0.5319685922602355,0.7708168120539255,0.532024677509815,0.7708168120539255,4.323145328408174e-05
Random Forest,4496,4496,4497,0.532024677509815,0.7708168120539255,0.5322490185081323,0.7708168120539255,0.0001729258131359846
Random Forest,4497,4497,4498,0.5322490185081323,0.7708168120539255,0.5325294447560291,0.7708168120539255,0.00021615726642006637
Random Forest,4498,4498,4499,0.5325294447560291,0.7708168120539255,0.5325855300056085,0.7708168120539255,4.323145328399615e-05
Random Forest,4499,4499,4500,0.5325855300056085,0.7708168120539255,0.5326416152551879,0.7708168120539255,4.323145328408174e-05
Random Forest,4500,4500,4501,0.5326416152551879,0.7708168120539255,0.5326977005047673,0.7708168120539255,4.323145328399615e-05
Random Forest,4501,4501,4502,0.5326977005047673,0.7708168120539255,0.5327537857543466,0.7708168120539255,4.323145328399615e-05
Random Forest,4502,4502,4503,0.5327537857543466,0.7708168120539255,0.5329781267526641,0.7708168120539255,0.0001729258131360702
Random Forest,4503,4503,4504,0.5329781267526641,0.7708168120539255,0.5330902972518228,0.7708168120539255,8.64629065679923e-05
Random Forest,4504,4504,4505,0.5330902972518228,0.7708168120539255,0.5367358384744813,0.774781919111816,0.002817271944076674
Random Forest,4505,4505,4506,0.5367358384744813,0.774781919111816,0.5368480089736399,0.7755749405233942,8.695215140968362e-05
Random Forest,4506,4506,4507,0.5368480089736399,0.7755749405233942,0.5369601794727986,0.7755749405233942,8.699662821347375e-05
Random Forest,4507,4507,4508,0.5369601794727986,0.7755749405233942,0.5370162647223781,0.7755749405233942,4.349831410682298e-05
Random Forest,4508,4508,4509,0.5370162647223781,0.7755749405233942,0.5370723499719574,0.7755749405233942,4.349831410673687e-05
Random Forest,4509,4509,4510,0.5370723499719574,0.7755749405233942,0.5371845204711161,0.7755749405233942,8.699662821347375e-05
Random Forest,4510,4510,4511,0.5371845204711161,0.7755749405233942,0.5372406057206954,0.7755749405233942,4.349831410673687e-05
Random Forest,4511,4511,4512,0.5372406057206954,0.7755749405233942,0.5375771172181716,0.7755749405233942,0.0002609898846405073
Random Forest,4512,4512,4513,0.5375771172181716,0.7755749405233942,0.5376892877173304,0.7755749405233942,8.699662821355985e-05
Random Forest,4513,4513,4514,0.5376892877173304,0.7755749405233942,0.5377453729669097,0.7755749405233942,4.349831410673687e-05
Random Forest,4514,4514,4515,0.5377453729669097,0.7755749405233942,0.5378575434660684,0.7771609833465504,8.708558182105398e-05
Random Forest,4515,4515,4516,0.5378575434660684,0.7771609833465504,0.5378575434660684,0.7779540047581285,0.0
Random Forest,4516,4516,4517,0.5378575434660684,0.7779540047581285,0.5379136287156477,0.7779540047581285,4.363174451810723e-05
Random Forest,4517,4517,4518,0.5379136287156477,0.7779540047581285,0.5379697139652272,0.7779540047581285,4.36317445181936e-05
Random Forest,4518,4518,4519,0.5379697139652272,0.7779540047581285,0.5381379697139652,0.7779540047581285,0.0001308952335543217
Random Forest,4519,4519,4520,0.5381379697139652,0.7779540047581285,0.5381940549635446,0.7779540047581285,4.363174451810723e-05
Random Forest,4520,4520,4521,0.5381940549635446,0.7779540047581285,0.5382501402131239,0.7779540047581285,4.363174451810723e-05
Random Forest,4521,4521,4522,0.5382501402131239,0.7779540047581285,0.5383062254627033,0.7779540047581285,4.36317445181936e-05
Random Forest,4522,4522,4523,0.5383062254627033,0.7779540047581285,0.5383623107122827,0.7779540047581285,4.363174451810723e-05
Random Forest,4523,4523,4524,0.5383623107122827,0.7779540047581285,0.5384744812114414,0.7779540047581285,8.726348903621446e-05
Random Forest,4524,4524,4525,0.5384744812114414,0.7779540047581285,0.5385305664610207,0.7779540047581285,4.363174451810723e-05
Random Forest,4525,4525,4526,0.5385305664610207,0.7779540047581285,0.5385866517106002,0.7779540047581285,4.36317445181936e-05
Random Forest,4526,4526,4527,0.5385866517106002,0.7779540047581285,0.5385866517106002,0.7787470261697066,0.0
Random Forest,4527,4527,4528,0.5385866517106002,0.7787470261697066,0.5392596747055525,0.7787470261697066,0.0005241146558629411
Random Forest,4528,4528,4529,0.5392596747055525,0.7787470261697066,0.5393718452047112,0.7787470261697066,8.73524426437947e-05
Random Forest,4529,4529,4530,0.5393718452047112,0.7787470261697066,0.5394279304542905,0.7787470261697066,4.367622132189735e-05
Random Forest,4530,4530,4531,0.5394279304542905,0.7787470261697066,0.5422882781828379,0.7835051546391752,0.0022342922383974334
Random Forest,4531,4531,4532,0.5422882781828379,0.7835051546391752,0.5423443634324173,0.7835051546391752,4.394308214472505e-05
Random Forest,4532,4532,4533,0.5423443634324173,0.7835051546391752,0.5424004486819967,0.7835051546391752,4.3943082144638066e-05
Random Forest,4533,4533,4534,0.5424004486819967,0.7835051546391752,0.5425687044307347,0.7835051546391752,0.0001318292464339142
Random Forest,4534,4534,4535,0.5425687044307347,0.7835051546391752,0.542624789680314,0.7835051546391752,4.3943082144638066e-05
Random Forest,4535,4535,4536,0.542624789680314,0.7835051546391752,0.5426808749298935,0.7835051546391752,4.394308214472505e-05
Random Forest,4536,4536,4537,0.5426808749298935,0.7835051546391752,0.5429052159282108,0.7835051546391752,0.00017577232857855226
Random Forest,4537,4537,4538,0.5429052159282108,0.7835051546391752,0.5429613011777903,0.7835051546391752,4.394308214472505e-05
Random Forest,4538,4538,4539,0.5429613011777903,0.7835051546391752,0.5430173864273696,0.7835051546391752,4.3943082144638066e-05
Random Forest,4539,4539,4540,0.5430173864273696,0.7835051546391752,0.543073471676949,0.7835051546391752,4.3943082144638066e-05
Random Forest,4540,4540,4541,0.543073471676949,0.7835051546391752,0.543241727425687,0.7842981760507534,0.00013189596163959937
Random Forest,4541,4541,4542,0.543241727425687,0.7842981760507534,0.5482333146382501,0.7842981760507534,0.003914892746411502
Random Forest,4542,4542,4543,0.5482333146382501,0.7842981760507534,0.5482893998878295,0.7842981760507534,4.398755894851526e-05
Random Forest,4543,4543,4544,0.5482893998878295,0.7842981760507534,0.5483454851374089,0.7842981760507534,4.398755894842818e-05
Random Forest,4544,4544,4545,0.5483454851374089,0.7842981760507534,0.5484015703869882,0.7842981760507534,4.398755894842818e-05
Random Forest,4545,4545,4546,0.5484015703869882,0.7842981760507534,0.5485137408861469,0.7842981760507534,8.797511789685636e-05
Random Forest,4546,4546,4547,0.5485137408861469,0.7842981760507534,0.5485698261357264,0.7842981760507534,4.398755894851526e-05
Random Forest,4547,4547,4548,0.5485698261357264,0.7842981760507534,0.5490745933819405,0.7842981760507534,0.00039588803053594075
Random Forest,4548,4548,4549,0.5490745933819405,0.7842981760507534,0.5491306786315199,0.7842981760507534,4.398755894842818e-05
Random Forest,4549,4549,4550,0.5491306786315199,0.7842981760507534,0.5492428491306787,0.7842981760507534,8.797511789694344e-05
Random Forest,4550,4550,4551,0.5492428491306787,0.7842981760507534,0.549298934380258,0.7842981760507534,4.398755894842818e-05
Random Forest,4551,4551,4552,0.549298934380258,0.7842981760507534,0.5493550196298373,0.7842981760507534,4.398755894842818e-05
Random Forest,4552,4552,4553,0.5493550196298373,0.7842981760507534,0.5494111048794167,0.7842981760507534,4.398755894842818e-05
Random Forest,4553,4553,4554,0.5494111048794167,0.7842981760507534,0.5495793606281548,0.7842981760507534,0.00013196267684537164
Random Forest,4554,4554,4555,0.5495793606281548,0.7842981760507534,0.5496354458777342,0.7842981760507534,4.398755894842818e-05
Random Forest,4555,4555,4556,0.5496354458777342,0.7842981760507534,0.5496915311273135,0.7842981760507534,4.398755894842818e-05
Random Forest,4556,4556,4557,0.5496915311273135,0.7842981760507534,0.5501962983735278,0.7842981760507534,0.0003958880305360278
Random Forest,4557,4557,4558,0.5501962983735278,0.7842981760507534,0.5502523836231071,0.7842981760507534,4.398755894842818e-05
Random Forest,4558,4558,4559,0.5502523836231071,0.7842981760507534,0.5503084688726865,0.7842981760507534,4.398755894842818e-05
Random Forest,4559,4559,4560,0.5503084688726865,0.7842981760507534,0.5504206393718452,0.7842981760507534,8.797511789685636e-05
Random Forest,4560,4560,4561,0.5504206393718452,0.7842981760507534,0.5504767246214246,0.7842981760507534,4.398755894851526e-05
Random Forest,4561,4561,4562,0.5504767246214246,0.7842981760507534,0.550532809871004,0.7842981760507534,4.398755894842818e-05
Random Forest,4562,4562,4563,0.550532809871004,0.7842981760507534,0.5594503645541222,0.7874702616970658,0.007008165496407782
Random Forest,4563,4563,4564,0.5594503645541222,0.7874702616970658,0.5595064498037017,0.7874702616970658,4.416546616367609e-05
Random Forest,4564,4564,4565,0.5595064498037017,0.7874702616970658,0.5596747055524397,0.7874702616970658,0.00013249639849076598
Random Forest,4565,4565,4566,0.5596747055524397,0.7874702616970658,0.559730790802019,0.7874702616970658,4.416546616358866e-05
Random Forest,4566,4566,4567,0.559730790802019,0.7874702616970658,0.560179472798654,0.7874702616970658,0.0003533237293088842
Random Forest,4567,4567,4568,0.560179472798654,0.7874702616970658,0.5602355580482333,0.7874702616970658,4.416546616358866e-05
Random Forest,4568,4568,4569,0.5602355580482333,0.7874702616970658,0.5602916432978127,0.7874702616970658,4.416546616358866e-05
Random Forest,4569,4569,4570,0.5602916432978127,0.7874702616970658,0.560347728547392,0.7874702616970658,4.416546616358866e-05
Random Forest,4570,4570,4571,0.560347728547392,0.7874702616970658,0.560347728547392,0.7882632831086439,0.0
Random Forest,4571,4571,4572,0.560347728547392,0.7882632831086439,0.5605159842961301,0.7882632831086439,0.00013262982890222387
Random Forest,4572,4572,4573,0.5605159842961301,0.7882632831086439,0.5605720695457095,0.7882632831086439,4.4209942967378785e-05
Random Forest,4573,4573,4574,0.5605720695457095,0.7882632831086439,0.5606281547952888,0.7882632831086439,4.4209942967378785e-05
Random Forest,4574,4574,4575,0.5606281547952888,0.7882632831086439,0.5607403252944475,0.7882632831086439,8.841988593475757e-05
Random Forest,4575,4575,4576,0.5607403252944475,0.7882632831086439,0.560796410544027,0.7882632831086439,4.4209942967466294e-05
Random Forest,4576,4576,4577,0.560796410544027,0.7882632831086439,0.5608524957936063,0.7882632831086439,4.4209942967378785e-05
Random Forest,4577,4577,4578,0.5608524957936063,0.7882632831086439,0.5609085810431856,0.7882632831086439,4.4209942967378785e-05
Random Forest,4578,4578,4579,0.5609085810431856,0.7882632831086439,0.560964666292765,0.7882632831086439,4.4209942967378785e-05
Random Forest,4579,4579,4580,0.560964666292765,0.7882632831086439,0.5610207515423443,0.7882632831086439,4.4209942967378785e-05
Random Forest,4580,4580,4581,0.5610207515423443,0.7882632831086439,0.5610768367919238,0.7882632831086439,4.4209942967466294e-05
Random Forest,4581,4581,4582,0.5610768367919238,0.7882632831086439,0.5611890072910825,0.7882632831086439,8.841988593475757e-05
Random Forest,4582,4582,4583,0.5611890072910825,0.7882632831086439,0.5612450925406618,0.7882632831086439,4.4209942967378785e-05
Random Forest,4583,4583,4584,0.5612450925406618,0.7882632831086439,0.5613011777902411,0.7882632831086439,4.4209942967378785e-05
Random Forest,4584,4584,4585,0.5613011777902411,0.7882632831086439,0.5614133482893999,0.7882632831086439,8.841988593484508e-05
Random Forest,4585,4585,4586,0.5614133482893999,0.7882632831086439,0.5614694335389793,0.7882632831086439,4.4209942967378785e-05
Random Forest,4586,4586,4587,0.5614694335389793,0.7882632831086439,0.5615255187885586,0.7882632831086439,4.4209942967378785e-05
Random Forest,4587,4587,4588,0.5615255187885586,0.7882632831086439,0.561581604038138,0.7882632831086439,4.4209942967378785e-05
Random Forest,4588,4588,4589,0.561581604038138,0.7882632831086439,0.5616937745372967,0.789056304520222,8.846436273863524e-05
Random Forest,4589,4589,4590,0.5616937745372967,0.789056304520222,0.5617498597868761,0.789056304520222,4.42544197711689e-05
Random Forest,4590,4590,4591,0.5617498597868761,0.789056304520222,0.5618059450364554,0.789056304520222,4.42544197711689e-05
Random Forest,4591,4591,4592,0.5618059450364554,0.789056304520222,0.5619181155356141,0.789056304520222,8.85088395423378e-05
Random Forest,4592,4592,4593,0.5619181155356141,0.789056304520222,0.5619742007851934,0.789056304520222,4.42544197711689e-05
Random Forest,4593,4593,4594,0.5619742007851934,0.789056304520222,0.5620302860347729,0.789056304520222,4.4254419771256505e-05
Random Forest,4594,4594,4595,0.5620302860347729,0.789056304520222,0.5623107122826697,0.789056304520222,0.0002212720988559321
Random Forest,4595,4595,4596,0.5623107122826697,0.789056304520222,0.562366797532249,0.789056304520222,4.42544197711689e-05
Random Forest,4596,4596,4597,0.562366797532249,0.789056304520222,0.5624228827818284,0.789056304520222,4.42544197711689e-05
Random Forest,4597,4597,4598,0.5624228827818284,0.789056304520222,0.5624789680314077,0.789056304520222,4.42544197711689e-05
Random Forest,4598,4598,4599,0.5624789680314077,0.789056304520222,0.5625350532809871,0.789056304520222,4.42544197711689e-05
Random Forest,4599,4599,4600,0.5625350532809871,0.789056304520222,0.5626472237801459,0.789056304520222,8.850883954242541e-05
Random Forest,4600,4600,4601,0.5626472237801459,0.789056304520222,0.5627033090297252,0.789056304520222,4.42544197711689e-05
Random Forest,4601,4601,4602,0.5627033090297252,0.789056304520222,0.5628154795288839,0.789056304520222,8.85088395423378e-05
Random Forest,4602,4602,4603,0.5628154795288839,0.789056304520222,0.56315199102636,0.789056304520222,0.000265526518627101
Random Forest,4603,4603,4604,0.56315199102636,0.789056304520222,0.5632080762759394,0.789056304520222,4.42544197711689e-05
Random Forest,4604,4604,4605,0.5632080762759394,0.789056304520222,0.5632641615255188,0.789056304520222,4.4254419771256505e-05
Random Forest,4605,4605,4606,0.5632641615255188,0.789056304520222,0.5633202467750982,0.789056304520222,4.42544197711689e-05
Random Forest,4606,4606,4607,0.5633202467750982,0.789056304520222,0.5633763320246775,0.789056304520222,4.42544197711689e-05
Random Forest,4607,4607,4608,0.5633763320246775,0.789056304520222,0.5634324172742569,0.789056304520222,4.42544197711689e-05
Random Forest,4608,4608,4609,0.5634324172742569,0.789056304520222,0.5634885025238362,0.789056304520222,4.42544197711689e-05
Random Forest,4609,4609,4610,0.5634885025238362,0.789056304520222,0.5635445877734155,0.789056304520222,4.42544197711689e-05
Random Forest,4610,4610,4611,0.5635445877734155,0.789056304520222,0.563600673022995,0.789056304520222,4.4254419771256505e-05
Random Forest,4611,4611,4612,0.563600673022995,0.789056304520222,0.5636567582725743,0.789056304520222,4.42544197711689e-05
Random Forest,4612,4612,4613,0.5636567582725743,0.789056304520222,0.563768928771733,0.789056304520222,8.85088395423378e-05
Random Forest,4613,4613,4614,0.563768928771733,0.789056304520222,0.5638250140213124,0.789056304520222,4.42544197711689e-05
Random Forest,4614,4614,4615,0.5638250140213124,0.789056304520222,0.5638810992708918,0.789056304520222,4.4254419771256505e-05
Random Forest,4615,4615,4616,0.5638810992708918,0.789056304520222,0.5639932697700505,0.789056304520222,8.85088395423378e-05
Random Forest,4616,4616,4617,0.5639932697700505,0.789056304520222,0.5641615255187885,0.789056304520222,0.0001327632593135067
Random Forest,4617,4617,4618,0.5641615255187885,0.789056304520222,0.564217610768368,0.789056304520222,4.4254419771256505e-05
Random Forest,4618,4618,4619,0.564217610768368,0.789056304520222,0.5642736960179473,0.789056304520222,4.42544197711689e-05
Random Forest,4619,4619,4620,0.5642736960179473,0.789056304520222,0.5643297812675266,0.789056304520222,4.42544197711689e-05
Random Forest,4620,4620,4621,0.5643297812675266,0.789056304520222,0.564385866517106,0.789056304520222,4.42544197711689e-05
Random Forest,4621,4621,4622,0.564385866517106,0.789056304520222,0.5644419517666853,0.789056304520222,4.42544197711689e-05
Random Forest,4622,4622,4623,0.5644419517666853,0.789056304520222,0.5646662927650028,0.789056304520222,0.0001770176790847632
Random Forest,4623,4623,4624,0.5646662927650028,0.789056304520222,0.5647784632641615,0.789056304520222,8.85088395423378e-05
Random Forest,4624,4624,4625,0.5647784632641615,0.789056304520222,0.5648345485137409,0.789056304520222,4.4254419771256505e-05
Random Forest,4625,4625,4626,0.5648345485137409,0.789056304520222,0.5648906337633203,0.789056304520222,4.42544197711689e-05
Random Forest,4626,4626,4627,0.5648906337633203,0.789056304520222,0.5648906337633203,0.7898493259318001,0.0
Random Forest,4627,4627,4628,0.5648906337633203,0.7898493259318001,0.5649467190128996,0.7898493259318001,4.429889657495902e-05
Random Forest,4628,4628,4629,0.5649467190128996,0.7898493259318001,0.5649467190128996,0.7906423473433782,0.0
Random Forest,4629,4629,4630,0.5649467190128996,0.7906423473433782,0.565002804262479,0.7906423473433782,4.434337337874914e-05
Random Forest,4630,4630,4631,0.565002804262479,0.7906423473433782,0.5650588895120583,0.7906423473433782,4.434337337874914e-05
Random Forest,4631,4631,4632,0.5650588895120583,0.7906423473433782,0.5651710600112171,0.7906423473433782,8.868674675758606e-05
Random Forest,4632,4632,4633,0.5651710600112171,0.7906423473433782,0.5652271452607964,0.7906423473433782,4.434337337874914e-05
Random Forest,4633,4633,4634,0.5652271452607964,0.7906423473433782,0.5652832305103758,0.7906423473433782,4.434337337874914e-05
Random Forest,4634,4634,4635,0.5652832305103758,0.7906423473433782,0.5653393157599551,0.7906423473433782,4.434337337874914e-05
Random Forest,4635,4635,4636,0.5653393157599551,0.7906423473433782,0.5653954010095344,0.7906423473433782,4.434337337874914e-05
Random Forest,4636,4636,4637,0.5653954010095344,0.7906423473433782,0.5655636567582726,0.7906423473433782,0.0001330301201363352
Random Forest,4637,4637,4638,0.5655636567582726,0.7906423473433782,0.5656197420078519,0.7906423473433782,4.434337337874914e-05
Random Forest,4638,4638,4639,0.5656197420078519,0.7906423473433782,0.5656758272574313,0.7906423473433782,4.434337337874914e-05
Random Forest,4639,4639,4640,0.5656758272574313,0.7906423473433782,0.5657319125070106,0.7906423473433782,4.434337337874914e-05
Random Forest,4640,4640,4641,0.5657319125070106,0.7906423473433782,0.56578799775659,0.7906423473433782,4.434337337883692e-05
Random Forest,4641,4641,4642,0.56578799775659,0.7906423473433782,0.5658440830061694,0.7906423473433782,4.434337337874914e-05
Random Forest,4642,4642,4643,0.5658440830061694,0.7906423473433782,0.5659001682557487,0.7906423473433782,4.434337337874914e-05
Random Forest,4643,4643,4644,0.5659001682557487,0.7906423473433782,0.5659562535053281,0.7906423473433782,4.434337337874914e-05
Random Forest,4644,4644,4645,0.5659562535053281,0.7906423473433782,0.5660123387549074,0.7906423473433782,4.434337337874914e-05
Random Forest,4645,4645,4646,0.5660123387549074,0.7906423473433782,0.5660684240044869,0.7906423473433782,4.434337337883692e-05
Random Forest,4646,4646,4647,0.5660684240044869,0.7906423473433782,0.5661245092540662,0.7906423473433782,4.434337337874914e-05
Random Forest,4647,4647,4648,0.5661245092540662,0.7906423473433782,0.5661805945036456,0.7906423473433782,4.434337337874914e-05
Random Forest,4648,4648,4649,0.5661805945036456,0.7906423473433782,0.5662366797532249,0.7906423473433782,4.434337337874914e-05
Random Forest,4649,4649,4650,0.5662366797532249,0.7906423473433782,0.5662927650028042,0.7906423473433782,4.434337337874914e-05
Random Forest,4650,4650,4651,0.5662927650028042,0.7906423473433782,0.5663488502523836,0.7906423473433782,4.434337337874914e-05
Random Forest,4651,4651,4652,0.5663488502523836,0.7906423473433782,0.566404935501963,0.7906423473433782,4.434337337883692e-05
Random Forest,4652,4652,4653,0.566404935501963,0.7906423473433782,0.5666292765002804,0.7906423473433782,0.00017737349351499657
Random Forest,4653,4653,4654,0.5666292765002804,0.7906423473433782,0.5666853617498598,0.7906423473433782,4.434337337883692e-05
Random Forest,4654,4654,4655,0.5666853617498598,0.7906423473433782,0.5667414469994392,0.7906423473433782,4.434337337874914e-05
Random Forest,4655,4655,4656,0.5667414469994392,0.7906423473433782,0.567021873247336,0.7906423473433782,0.00022171686689383347
Random Forest,4656,4656,4657,0.567021873247336,0.7906423473433782,0.5670779584969153,0.7914353687549563,4.4365611780644197e-05
Random Forest,4657,4657,4658,0.5670779584969153,0.7914353687549563,0.5673583847448121,0.7914353687549563,0.00022193925091278417
Random Forest,4658,4658,4659,0.5673583847448121,0.7914353687549563,0.5674144699943915,0.7914353687549563,4.438785018253926e-05
Random Forest,4659,4659,4660,0.5674144699943915,0.7914353687549563,0.5674705552439708,0.7914353687549563,4.438785018253926e-05
Random Forest,4660,4660,4661,0.5674705552439708,0.7914353687549563,0.567638810992709,0.7914353687549563,0.00013316355054770565
Random Forest,4661,4661,4662,0.567638810992709,0.7914353687549563,0.5676948962422883,0.7914353687549563,4.438785018253926e-05
Random Forest,4662,4662,4663,0.5676948962422883,0.7914353687549563,0.5677509814918676,0.7914353687549563,4.438785018253926e-05
Random Forest,4663,4663,4664,0.5677509814918676,0.7914353687549563,0.567807066741447,0.7914353687549563,4.438785018253926e-05
Random Forest,4664,4664,4665,0.567807066741447,0.7914353687549563,0.5678631519910263,0.7914353687549563,4.438785018253926e-05
Random Forest,4665,4665,4666,0.5678631519910263,0.7914353687549563,0.5679192372406057,0.7914353687549563,4.438785018253926e-05
Random Forest,4666,4666,4667,0.5679192372406057,0.7914353687549563,0.5679753224901851,0.7914353687549563,4.4387850182627126e-05
Random Forest,4667,4667,4668,0.5679753224901851,0.7914353687549563,0.5680314077397645,0.7914353687549563,4.438785018253926e-05
Random Forest,4668,4668,4669,0.5680314077397645,0.7914353687549563,0.5680874929893438,0.7914353687549563,4.438785018253926e-05
Random Forest,4669,4669,4670,0.5680874929893438,0.7914353687549563,0.5681435782389231,0.7914353687549563,4.438785018253926e-05
Random Forest,4670,4670,4671,0.5681435782389231,0.7914353687549563,0.5681996634885025,0.7914353687549563,4.438785018253926e-05
Random Forest,4671,4671,4672,0.5681996634885025,0.7914353687549563,0.5682557487380819,0.7914353687549563,4.4387850182627126e-05
Random Forest,4672,4672,4673,0.5682557487380819,0.7914353687549563,0.5683118339876613,0.7914353687549563,4.438785018253926e-05
Random Forest,4673,4673,4674,0.5683118339876613,0.7914353687549563,0.5683679192372406,0.7914353687549563,4.438785018253926e-05
Random Forest,4674,4674,4675,0.5683679192372406,0.7914353687549563,0.56842400448682,0.7914353687549563,4.438785018253926e-05
Random Forest,4675,4675,4676,0.56842400448682,0.7914353687549563,0.5685922602355581,0.7914353687549563,0.00013316355054770565
Random Forest,4676,4676,4677,0.5685922602355581,0.7914353687549563,0.5687044307347168,0.7914353687549563,8.877570036507852e-05
Random Forest,4677,4677,4678,0.5687044307347168,0.7914353687549563,0.5687605159842961,0.7914353687549563,4.438785018253926e-05
Random Forest,4678,4678,4679,0.5687605159842961,0.7914353687549563,0.5688166012338755,0.7914353687549563,4.438785018253926e-05
Random Forest,4679,4679,4680,0.5688166012338755,0.7914353687549563,0.5688726864834549,0.7914353687549563,4.4387850182627126e-05
Random Forest,4680,4680,4681,0.5688726864834549,0.7914353687549563,0.5690970274817723,0.7914353687549563,0.00017755140073015703
Random Forest,4681,4681,4682,0.5690970274817723,0.7914353687549563,0.5692091979809311,0.7914353687549563,8.877570036516639e-05
Random Forest,4682,4682,4683,0.5692091979809311,0.7914353687549563,0.5696017947279866,0.7914353687549563,0.0003107149512778627
Random Forest,4683,4683,4684,0.5696017947279866,0.7914353687549563,0.5696017947279866,0.7922283901665345,0.0
Random Forest,4684,4684,4685,0.5696017947279866,0.7922283901665345,0.5725743129556926,0.8009516256938938,0.0023678783185810733
Random Forest,4685,4685,4686,0.5725743129556926,0.8009516256938938,0.5726303982052721,0.8009516256938938,4.492157182810962e-05
Random Forest,4686,4686,4687,0.5726303982052721,0.8009516256938938,0.5726864834548514,0.8009516256938938,4.49215718280207e-05
Random Forest,4687,4687,4688,0.5726864834548514,0.8009516256938938,0.5727425687044307,0.8009516256938938,4.49215718280207e-05
Random Forest,4688,4688,4689,0.5727425687044307,0.8009516256938938,0.5727986539540101,0.8009516256938938,4.49215718280207e-05
Random Forest,4689,4689,4690,0.5727986539540101,0.8009516256938938,0.5728547392035894,0.8009516256938938,4.49215718280207e-05
Random Forest,4690,4690,4691,0.5728547392035894,0.8009516256938938,0.5729108244531688,0.8009516256938938,4.49215718280207e-05
Random Forest,4691,4691,4692,0.5729108244531688,0.8009516256938938,0.5729669097027482,0.8009516256938938,4.492157182810962e-05
Random Forest,4692,4692,4693,0.5729669097027482,0.8009516256938938,0.573247335950645,0.8009516256938938,0.0002246078591401924
Random Forest,4693,4693,4694,0.573247335950645,0.8009516256938938,0.5733034212002244,0.8009516256938938,4.49215718280207e-05
Random Forest,4694,4694,4695,0.5733034212002244,0.8009516256938938,0.5734716769489624,0.8009516256938938,0.0001347647154840621
Random Forest,4695,4695,4696,0.5734716769489624,0.8009516256938938,0.5736960179472799,0.8009516256938938,0.00017968628731217172
Random Forest,4696,4696,4697,0.5736960179472799,0.8009516256938938,0.5742568704430735,0.8009516256938938,0.0004492157182803848
Random Forest,4697,4697,4698,0.5742568704430735,0.8009516256938938,0.5743690409422322,0.8009516256938938,8.98431436560414e-05
Random Forest,4698,4698,4699,0.5743690409422322,0.8009516256938938,0.5744251261918115,0.8009516256938938,4.49215718280207e-05
Random Forest,4699,4699,4700,0.5744251261918115,0.8009516256938938,0.5745372966909703,0.8009516256938938,8.984314365613031e-05
Random Forest,4700,4700,4701,0.5745372966909703,0.8009516256938938,0.5745933819405497,0.8009516256938938,4.49215718280207e-05
Random Forest,4701,4701,4702,0.5745933819405497,0.8009516256938938,0.574649467190129,0.8009516256938938,4.49215718280207e-05
Random Forest,4702,4702,4703,0.574649467190129,0.8009516256938938,0.5749859786876051,0.8009516256938938,0.0002695294309682131
Random Forest,4703,4703,4704,0.5749859786876051,0.8009516256938938,0.5750420639371845,0.8009516256938938,4.49215718280207e-05
Random Forest,4704,4704,4705,0.5750420639371845,0.8009516256938938,0.5750981491867638,0.8009516256938938,4.49215718280207e-05
Random Forest,4705,4705,4706,0.5750981491867638,0.8009516256938938,0.5767807066741447,0.8009516256938938,0.0013476471548411544
Random Forest,4706,4706,4707,0.5767807066741447,0.8009516256938938,0.5770611329220415,0.8009516256938938,0.0002246078591401924
Random Forest,4707,4707,4708,0.5770611329220415,0.8009516256938938,0.5771172181716209,0.8009516256938938,4.49215718280207e-05
Random Forest,4708,4708,4709,0.5771172181716209,0.8009516256938938,0.5771733034212002,0.8009516256938938,4.49215718280207e-05
Random Forest,4709,4709,4710,0.5771733034212002,0.8009516256938938,0.5772293886707796,0.8009516256938938,4.49215718280207e-05
Random Forest,4710,4710,4711,0.5772293886707796,0.8009516256938938,0.5772854739203589,0.8009516256938938,4.49215718280207e-05
Random Forest,4711,4711,4712,0.5772854739203589,0.8009516256938938,0.5773415591699383,0.8009516256938938,4.492157182810962e-05
Random Forest,4712,4712,4713,0.5773415591699383,0.8009516256938938,0.5773976444195177,0.8009516256938938,4.49215718280207e-05
Random Forest,4713,4713,4714,0.5773976444195177,0.8009516256938938,0.577453729669097,0.8009516256938938,4.49215718280207e-05
Random Forest,4714,4714,4715,0.577453729669097,0.8009516256938938,0.5775098149186764,0.8009516256938938,4.49215718280207e-05
Random Forest,4715,4715,4716,0.5775098149186764,0.8009516256938938,0.5776219854178352,0.8009516256938938,8.984314365613031e-05
Random Forest,4716,4716,4717,0.5776219854178352,0.8009516256938938,0.5810431856421762,0.8009516256938938,0.002740215881510241
Random Forest,4717,4717,4718,0.5810431856421762,0.8009516256938938,0.5810992708917555,0.8009516256938938,4.49215718280207e-05
Random Forest,4718,4718,4719,0.5810992708917555,0.8009516256938938,0.5811553561413348,0.8009516256938938,4.49215718280207e-05
Random Forest,4719,4719,4720,0.5811553561413348,0.8009516256938938,0.5812114413909142,0.8009516256938938,4.49215718280207e-05
Random Forest,4720,4720,4721,0.5812114413909142,0.8009516256938938,0.5812675266404935,0.8009516256938938,4.49215718280207e-05
Random Forest,4721,4721,4722,0.5812675266404935,0.8009516256938938,0.5813236118900729,0.8009516256938938,4.49215718280207e-05
Random Forest,4722,4722,4723,0.5813236118900729,0.8009516256938938,0.5813236118900729,0.8017446471054719,0.0
Random Forest,4723,4723,4724,0.5813236118900729,0.8017446471054719,0.581491867638811,0.8017446471054719,0.00013489814589552146
Random Forest,4724,4724,4725,0.581491867638811,0.8017446471054719,0.5817162086371285,0.8017446471054719,0.00017986419452733227
Random Forest,4725,4725,4726,0.5817162086371285,0.8017446471054719,0.5817722938867078,0.8017446471054719,4.4966048631810814e-05
Random Forest,4726,4726,4727,0.5817722938867078,0.8017446471054719,0.5818844643858665,0.8017446471054719,8.993209726362163e-05
Random Forest,4727,4727,4728,0.5818844643858665,0.8017446471054719,0.5819405496354458,0.8017446471054719,4.4966048631810814e-05
Random Forest,4728,4728,4729,0.5819405496354458,0.8017446471054719,0.5823331463825014,0.8017446471054719,0.00031476234042285376
Random Forest,4729,4729,4730,0.5823331463825014,0.8017446471054719,0.5823892316320808,0.8017446471054719,4.4966048631810814e-05
Random Forest,4730,4730,4731,0.5823892316320808,0.8017446471054719,0.5824453168816601,0.8017446471054719,4.4966048631810814e-05
Random Forest,4731,4731,4732,0.5824453168816601,0.8017446471054719,0.5827257431295569,0.8017446471054719,0.0002248302431591431
Random Forest,4732,4732,4733,0.5827257431295569,0.8017446471054719,0.5827818283791363,0.8017446471054719,4.4966048631810814e-05
Random Forest,4733,4733,4734,0.5827818283791363,0.8017446471054719,0.5828379136287156,0.8017446471054719,4.4966048631810814e-05
Random Forest,4734,4734,4735,0.5828379136287156,0.8017446471054719,0.582893998878295,0.8017446471054719,4.4966048631810814e-05
Random Forest,4735,4735,4736,0.582893998878295,0.8017446471054719,0.5829500841278744,0.8017446471054719,4.496604863189983e-05
Random Forest,4736,4736,4737,0.5829500841278744,0.8017446471054719,0.5830061693774538,0.8017446471054719,4.4966048631810814e-05
Random Forest,4737,4737,4738,0.5830061693774538,0.8017446471054719,0.5830622546270331,0.8017446471054719,4.4966048631810814e-05
Random Forest,4738,4738,4739,0.5830622546270331,0.8017446471054719,0.5831183398766124,0.8017446471054719,4.4966048631810814e-05
Random Forest,4739,4739,4740,0.5831183398766124,0.8017446471054719,0.5831744251261918,0.8017446471054719,4.4966048631810814e-05
Random Forest,4740,4740,4741,0.5831744251261918,0.8017446471054719,0.5832305103757712,0.8017446471054719,4.496604863189983e-05
Random Forest,4741,4741,4742,0.5832305103757712,0.8017446471054719,0.5833426808749299,0.8017446471054719,8.993209726362163e-05
Random Forest,4742,4742,4743,0.5833426808749299,0.8017446471054719,0.5834548513740886,0.8017446471054719,8.993209726362163e-05
Random Forest,4743,4743,4744,0.5834548513740886,0.8017446471054719,0.5835109366236679,0.8017446471054719,4.4966048631810814e-05
Random Forest,4744,4744,4745,0.5835109366236679,0.8017446471054719,0.5835670218732474,0.8017446471054719,4.496604863189983e-05
Random Forest,4745,4745,4746,0.5835670218732474,0.8017446471054719,0.5836791923724061,0.80253766851705,8.997657406741175e-05
Random Forest,4746,4746,4747,0.5836791923724061,0.80253766851705,0.5837352776219854,0.80253766851705,4.501052543560094e-05
Random Forest,4747,4747,4748,0.5837352776219854,0.80253766851705,0.5837913628715647,0.80253766851705,4.501052543560094e-05
Random Forest,4748,4748,4749,0.5837913628715647,0.80253766851705,0.5838474481211441,0.80253766851705,4.501052543560094e-05
Random Forest,4749,4749,4750,0.5838474481211441,0.80253766851705,0.5839035333707235,0.80253766851705,4.501052543569004e-05
Random Forest,4750,4750,4751,0.5839035333707235,0.80253766851705,0.5839596186203029,0.80253766851705,4.501052543560094e-05
Random Forest,4751,4751,4752,0.5839596186203029,0.80253766851705,0.5841839596186204,0.80253766851705,0.00018004210174249284
Random Forest,4752,4752,4753,0.5841839596186204,0.80253766851705,0.5842400448681997,0.80253766851705,4.501052543560094e-05
Random Forest,4753,4753,4754,0.5842400448681997,0.80253766851705,0.584296130117779,0.80253766851705,4.501052543560094e-05
Random Forest,4754,4754,4755,0.584296130117779,0.80253766851705,0.5843522153673584,0.80253766851705,4.501052543560094e-05
Random Forest,4755,4755,4756,0.5843522153673584,0.80253766851705,0.5844083006169377,0.80253766851705,4.501052543560094e-05
Random Forest,4756,4756,4757,0.5844083006169377,0.80253766851705,0.584464385866517,0.80253766851705,4.501052543560094e-05
Random Forest,4757,4757,4758,0.584464385866517,0.80253766851705,0.5845204711160965,0.80253766851705,4.501052543569004e-05
Random Forest,4758,4758,4759,0.5845204711160965,0.80253766851705,0.5845765563656758,0.80253766851705,4.501052543560094e-05
Random Forest,4759,4759,4760,0.5845765563656758,0.80253766851705,0.5847448121144139,0.80253766851705,0.00013503157630680282
Random Forest,4760,4760,4761,0.5847448121144139,0.80253766851705,0.5848008973639933,0.80253766851705,4.501052543569004e-05
Random Forest,4761,4761,4762,0.5848008973639933,0.80253766851705,0.5848569826135727,0.80253766851705,4.501052543560094e-05
Random Forest,4762,4762,4763,0.5848569826135727,0.80253766851705,0.584913067863152,0.80253766851705,4.501052543560094e-05
Random Forest,4763,4763,4764,0.584913067863152,0.80253766851705,0.5849691531127313,0.80253766851705,4.501052543560094e-05
Random Forest,4764,4764,4765,0.5849691531127313,0.80253766851705,0.5851374088614695,0.80253766851705,0.0001350315763068919
Random Forest,4765,4765,4766,0.5851374088614695,0.80253766851705,0.5851934941110488,0.80253766851705,4.501052543560094e-05
Random Forest,4766,4766,4767,0.5851934941110488,0.80253766851705,0.5854178351093663,0.80253766851705,0.00018004210174249284
Random Forest,4767,4767,4768,0.5854178351093663,0.80253766851705,0.5854739203589456,0.80253766851705,4.501052543560094e-05
Random Forest,4768,4768,4769,0.5854739203589456,0.80253766851705,0.585530005608525,0.80253766851705,4.501052543560094e-05
Random Forest,4769,4769,4770,0.585530005608525,0.80253766851705,0.5855860908581043,0.80253766851705,4.501052543560094e-05
Random Forest,4770,4770,4771,0.5855860908581043,0.80253766851705,0.5856421761076837,0.80253766851705,4.501052543560094e-05
Random Forest,4771,4771,4772,0.5856421761076837,0.80253766851705,0.585698261357263,0.80253766851705,4.501052543560094e-05
Random Forest,4772,4772,4773,0.585698261357263,0.80253766851705,0.5859226023555805,0.80253766851705,0.00018004210174249284
Random Forest,4773,4773,4774,0.5859226023555805,0.80253766851705,0.5859786876051598,0.80253766851705,4.501052543560094e-05
Random Forest,4774,4774,4775,0.5859786876051598,0.80253766851705,0.5860908581043186,0.80253766851705,9.002105087129097e-05
Random Forest,4775,4775,4776,0.5860908581043186,0.80253766851705,0.5861469433538979,0.80253766851705,4.501052543560094e-05
Random Forest,4776,4776,4777,0.5861469433538979,0.80253766851705,0.5862030286034773,0.80253766851705,4.501052543560094e-05
Random Forest,4777,4777,4778,0.5862030286034773,0.80253766851705,0.5862591138530566,0.80253766851705,4.501052543560094e-05
Random Forest,4778,4778,4779,0.5862591138530566,0.80253766851705,0.586315199102636,0.80253766851705,4.501052543560094e-05
Random Forest,4779,4779,4780,0.586315199102636,0.80253766851705,0.5863712843522154,0.80253766851705,4.501052543569004e-05
Random Forest,4780,4780,4781,0.5863712843522154,0.80253766851705,0.5864273696017948,0.80253766851705,4.501052543560094e-05
Random Forest,4781,4781,4782,0.5864273696017948,0.80253766851705,0.5864834548513741,0.80253766851705,4.501052543560094e-05
Random Forest,4782,4782,4783,0.5864834548513741,0.80253766851705,0.5865395401009534,0.80253766851705,4.501052543560094e-05
Random Forest,4783,4783,4784,0.5865395401009534,0.80253766851705,0.5868199663488503,0.80253766851705,0.00022505262717809377
Random Forest,4784,4784,4785,0.5868199663488503,0.80253766851705,0.5868760515984296,0.80253766851705,4.501052543560094e-05
Random Forest,4785,4785,4786,0.5868760515984296,0.80253766851705,0.5869321368480089,0.80253766851705,4.501052543560094e-05
Random Forest,4786,4786,4787,0.5869321368480089,0.80253766851705,0.5869882220975884,0.80253766851705,4.501052543569004e-05
Random Forest,4787,4787,4788,0.5869882220975884,0.80253766851705,0.5871564778463264,0.80253766851705,0.00013503157630680282
Random Forest,4788,4788,4789,0.5871564778463264,0.80253766851705,0.5874369040942232,0.80253766851705,0.00022505262717809377
Random Forest,4789,4789,4790,0.5874369040942232,0.80253766851705,0.5874929893438026,0.80253766851705,4.501052543560094e-05
Random Forest,4790,4790,4791,0.5874929893438026,0.80253766851705,0.5876051598429614,0.80253766851705,9.002105087129097e-05
Random Forest,4791,4791,4792,0.5876051598429614,0.80253766851705,0.5876612450925407,0.80253766851705,4.501052543560094e-05
Random Forest,4792,4792,4793,0.5876612450925407,0.80253766851705,0.5877734155916994,0.80253766851705,9.002105087120187e-05
Random Forest,4793,4793,4794,0.5877734155916994,0.80253766851705,0.5878295008412787,0.80253766851705,4.501052543560094e-05
Random Forest,4794,4794,4795,0.5878295008412787,0.80253766851705,0.5878295008412787,0.8033306899286281,0.0
Random Forest,4795,4795,4796,0.5878295008412787,0.8033306899286281,0.5878855860908581,0.8033306899286281,4.5055002239391054e-05
Random Forest,4796,4796,4797,0.5878855860908581,0.8033306899286281,0.5879416713404375,0.8033306899286281,4.505500223948024e-05
Random Forest,4797,4797,4798,0.5879416713404375,0.8033306899286281,0.5879977565900169,0.8033306899286281,4.5055002239391054e-05
Random Forest,4798,4798,4799,0.5879977565900169,0.8033306899286281,0.5880538418395962,0.8033306899286281,4.5055002239391054e-05
Random Forest,4799,4799,4800,0.5880538418395962,0.8033306899286281,0.5882220975883342,0.8033306899286281,0.00013516500671817316
Random Forest,4800,4800,4801,0.5882220975883342,0.8033306899286281,0.5882781828379137,0.8033306899286281,4.505500223948024e-05
Random Forest,4801,4801,4802,0.5882781828379137,0.8033306899286281,0.588334268087493,0.8033306899286281,4.5055002239391054e-05
Random Forest,4802,4802,4803,0.588334268087493,0.8033306899286281,0.5883903533370723,0.8033306899286281,4.5055002239391054e-05
Random Forest,4803,4803,4804,0.5883903533370723,0.8033306899286281,0.5884464385866517,0.8033306899286281,4.5055002239391054e-05
Random Forest,4804,4804,4805,0.5884464385866517,0.8033306899286281,0.5890072910824453,0.8041237113402062,0.0004507724064130396
Random Forest,4805,4805,4806,0.5890072910824453,0.8041237113402062,0.5890633763320247,0.8041237113402062,4.509947904318118e-05
Random Forest,4806,4806,4807,0.5890633763320247,0.8041237113402062,0.5892877173303421,0.8049167327517843,0.00018048686978039427
Random Forest,4807,4807,4808,0.5892877173303421,0.8049167327517843,0.5893998878295008,0.8049167327517843,9.028791169394259e-05
Random Forest,4808,4808,4809,0.5893998878295008,0.8049167327517843,0.5894559730790802,0.8049167327517843,4.5143955846971294e-05
Random Forest,4809,4809,4810,0.5894559730790802,0.8049167327517843,0.5895120583286596,0.8049167327517843,4.514395584706066e-05
Random Forest,4810,4810,4811,0.5895120583286596,0.8049167327517843,0.5896803140773976,0.8049167327517843,0.00013543186754091387
Random Forest,4811,4811,4812,0.5896803140773976,0.8049167327517843,0.5897924845765564,0.8049167327517843,9.028791169403195e-05
Random Forest,4812,4812,4813,0.5897924845765564,0.8049167327517843,0.5898485698261358,0.8049167327517843,4.5143955846971294e-05
Random Forest,4813,4813,4814,0.5898485698261358,0.8049167327517843,0.5899046550757151,0.8049167327517843,4.5143955846971294e-05
Random Forest,4814,4814,4815,0.5899046550757151,0.8049167327517843,0.5899046550757151,0.8057097541633624,0.0
Random Forest,4815,4815,4816,0.5899046550757151,0.8057097541633624,0.5900168255748738,0.8057097541633624,9.037686530152283e-05
Random Forest,4816,4816,4817,0.5900168255748738,0.8057097541633624,0.5900729108244531,0.8057097541633624,4.518843265076142e-05
Random Forest,4817,4817,4818,0.5900729108244531,0.8057097541633624,0.5901289960740326,0.8057097541633624,4.5188432650850864e-05
Random Forest,4818,4818,4819,0.5901289960740326,0.8057097541633624,0.5901850813236119,0.8057097541633624,4.518843265076142e-05
Random Forest,4819,4819,4820,0.5901850813236119,0.8057097541633624,0.5902411665731913,0.8057097541633624,4.518843265076142e-05
Random Forest,4820,4820,4821,0.5902411665731913,0.8057097541633624,0.5902972518227706,0.8057097541633624,4.518843265076142e-05
Random Forest,4821,4821,4822,0.5902972518227706,0.8057097541633624,0.5903533370723499,0.8057097541633624,4.518843265076142e-05
Random Forest,4822,4822,4823,0.5903533370723499,0.8057097541633624,0.5904094223219293,0.8057097541633624,4.518843265076142e-05
Random Forest,4823,4823,4824,0.5904094223219293,0.8057097541633624,0.5904655075715087,0.8057097541633624,4.5188432650850864e-05
Random Forest,4824,4824,4825,0.5904655075715087,0.8057097541633624,0.5908020190689849,0.8072957969865187,0.00027139745672739873
Random Forest,4825,4825,4826,0.5908020190689849,0.8072957969865187,0.5911946158160404,0.8072957969865187,0.0003169417038084812
Random Forest,4826,4826,4827,0.5911946158160404,0.8072957969865187,0.5913628715647785,0.8072957969865187,0.0001358321587751146
Random Forest,4827,4827,4828,0.5913628715647785,0.8072957969865187,0.5914189568143579,0.8072957969865187,4.527738625834165e-05
Random Forest,4828,4828,4829,0.5914189568143579,0.8072957969865187,0.591755468311834,0.8072957969865187,0.0002716643175501395
Random Forest,4829,4829,4830,0.591755468311834,0.8072957969865187,0.5918115535614134,0.8072957969865187,4.527738625834165e-05
Random Forest,4830,4830,4831,0.5918115535614134,0.8072957969865187,0.5924284913067863,0.8072957969865187,0.0004980512488419374
Random Forest,4831,4831,4832,0.5924284913067863,0.8072957969865187,0.5924845765563657,0.8072957969865187,4.527738625834165e-05
Random Forest,4832,4832,4833,0.5924845765563657,0.8072957969865187,0.592540661805945,0.8072957969865187,4.527738625834165e-05
Random Forest,4833,4833,4834,0.592540661805945,0.8072957969865187,0.5933258553000561,0.8072957969865187,0.000633883407617052
Random Forest,4834,4834,4835,0.5933258553000561,0.8072957969865187,0.5933819405496354,0.8072957969865187,4.527738625834165e-05
Random Forest,4835,4835,4836,0.5933819405496354,0.8072957969865187,0.5934380257992148,0.8072957969865187,4.527738625834165e-05
Random Forest,4836,4836,4837,0.5934380257992148,0.8072957969865187,0.5934941110487941,0.8072957969865187,4.527738625834165e-05
Random Forest,4837,4837,4838,0.5934941110487941,0.8072957969865187,0.5935501962983736,0.8072957969865187,4.527738625843128e-05
Random Forest,4838,4838,4839,0.5935501962983736,0.8072957969865187,0.5936062815479529,0.8072957969865187,4.527738625834165e-05
Random Forest,4839,4839,4840,0.5936062815479529,0.8072957969865187,0.5936623667975323,0.8072957969865187,4.527738625834165e-05
Random Forest,4840,4840,4841,0.5936623667975323,0.8072957969865187,0.5937184520471116,0.8072957969865187,4.527738625834165e-05
Random Forest,4841,4841,4842,0.5937184520471116,0.8072957969865187,0.5937745372966909,0.8072957969865187,4.527738625834165e-05
Random Forest,4842,4842,4843,0.5937745372966909,0.8072957969865187,0.5938306225462703,0.8072957969865187,4.527738625834165e-05
Random Forest,4843,4843,4844,0.5938306225462703,0.8072957969865187,0.5938867077958497,0.8072957969865187,4.527738625843128e-05
Random Forest,4844,4844,4845,0.5938867077958497,0.8072957969865187,0.5938867077958497,0.8080888183980968,0.0
Random Forest,4845,4845,4846,0.5938867077958497,0.8080888183980968,0.5939988782950084,0.8080888183980968,9.064372612426355e-05
Random Forest,4846,4846,4847,0.5939988782950084,0.8080888183980968,0.5940549635445878,0.8080888183980968,4.5321863062131774e-05
Random Forest,4847,4847,4848,0.5940549635445878,0.8080888183980968,0.5941110487941671,0.8080888183980968,4.5321863062131774e-05
Random Forest,4848,4848,4849,0.5941110487941671,0.8080888183980968,0.5941671340437465,0.8080888183980968,4.5321863062221484e-05
Random Forest,4849,4849,4850,0.5941671340437465,0.8080888183980968,0.5942232192933259,0.8080888183980968,4.5321863062131774e-05
Random Forest,4850,4850,4851,0.5942232192933259,0.8080888183980968,0.5942793045429052,0.8080888183980968,4.5321863062131774e-05
Random Forest,4851,4851,4852,0.5942793045429052,0.8080888183980968,0.5943353897924846,0.8080888183980968,4.5321863062131774e-05
Random Forest,4852,4852,4853,0.5943353897924846,0.8080888183980968,0.5943914750420639,0.8080888183980968,4.5321863062131774e-05
Random Forest,4853,4853,4854,0.5943914750420639,0.8080888183980968,0.5945036455412227,0.8080888183980968,9.064372612435326e-05
Random Forest,4854,4854,4855,0.5945036455412227,0.8080888183980968,0.5946158160403814,0.8080888183980968,9.064372612426355e-05
Random Forest,4855,4855,4856,0.5946158160403814,0.8080888183980968,0.5946719012899607,0.8080888183980968,4.5321863062131774e-05
Random Forest,4856,4856,4857,0.5946719012899607,0.8080888183980968,0.5947279865395401,0.8080888183980968,4.5321863062131774e-05
Random Forest,4857,4857,4858,0.5947279865395401,0.8080888183980968,0.5947840717891194,0.8080888183980968,4.5321863062131774e-05
Random Forest,4858,4858,4859,0.5947840717891194,0.8080888183980968,0.5950084127874369,0.8080888183980968,0.0001812874522486168
Random Forest,4859,4859,4860,0.5950084127874369,0.8080888183980968,0.5950644980370162,0.8080888183980968,4.5321863062131774e-05
Random Forest,4860,4860,4861,0.5950644980370162,0.8080888183980968,0.5951205832865957,0.8080888183980968,4.5321863062221484e-05
Random Forest,4861,4861,4862,0.5951205832865957,0.8080888183980968,0.595176668536175,0.8080888183980968,4.5321863062131774e-05
Random Forest,4862,4862,4863,0.595176668536175,0.8080888183980968,0.5952327537857544,0.8080888183980968,4.5321863062131774e-05
Random Forest,4863,4863,4864,0.5952327537857544,0.8080888183980968,0.5952888390353337,0.8080888183980968,4.5321863062131774e-05
Random Forest,4864,4864,4865,0.5952888390353337,0.8080888183980968,0.5954010095344924,0.8080888183980968,9.064372612426355e-05
Random Forest,4865,4865,4866,0.5954010095344924,0.8080888183980968,0.5955131800336512,0.8080888183980968,9.064372612435326e-05
Random Forest,4866,4866,4867,0.5955131800336512,0.8080888183980968,0.5956253505328098,0.8080888183980968,9.064372612426355e-05
Random Forest,4867,4867,4868,0.5956253505328098,0.8080888183980968,0.5956814357823892,0.8080888183980968,4.5321863062131774e-05
Random Forest,4868,4868,4869,0.5956814357823892,0.8080888183980968,0.5957375210319686,0.8080888183980968,4.5321863062221484e-05
Random Forest,4869,4869,4870,0.5957375210319686,0.8080888183980968,0.5959057767807067,0.8088818398096749,0.00013603230439208049
Random Forest,4870,4870,4871,0.5959057767807067,0.8088818398096749,0.595961862030286,0.8088818398096749,4.536633986592189e-05
Random Forest,4871,4871,4872,0.595961862030286,0.8088818398096749,0.595961862030286,0.809674861221253,0.0
Random Forest,4872,4872,4873,0.595961862030286,0.809674861221253,0.5960740325294448,0.8104678826328311,9.086611014330407e-05
Random Forest,4873,4873,4874,0.5960740325294448,0.8104678826328311,0.5961301177790241,0.8104678826328311,4.545529347350213e-05
Random Forest,4874,4874,4875,0.5961301177790241,0.8104678826328311,0.5962983735277622,0.8104678826328311,0.00013636588042050638
Random Forest,4875,4875,4876,0.5962983735277622,0.8104678826328311,0.5963544587773416,0.8104678826328311,4.545529347359211e-05
Random Forest,4876,4876,4877,0.5963544587773416,0.8104678826328311,0.596410544026921,0.8104678826328311,4.545529347350213e-05
Random Forest,4877,4877,4878,0.596410544026921,0.8104678826328311,0.5964666292765003,0.8104678826328311,4.545529347350213e-05
Random Forest,4878,4878,4879,0.5964666292765003,0.8104678826328311,0.596578799775659,0.8104678826328311,9.091058694700426e-05
Random Forest,4879,4879,4880,0.596578799775659,0.8104678826328311,0.5966348850252383,0.8104678826328311,4.545529347350213e-05
Random Forest,4880,4880,4881,0.5966348850252383,0.8104678826328311,0.5966909702748178,0.8104678826328311,4.545529347359211e-05
Random Forest,4881,4881,4882,0.5966909702748178,0.8104678826328311,0.5967470555243971,0.8104678826328311,4.545529347350213e-05
Random Forest,4882,4882,4883,0.5967470555243971,0.8104678826328311,0.5968031407739764,0.8104678826328311,4.545529347350213e-05
Random Forest,4883,4883,4884,0.5968031407739764,0.8104678826328311,0.5968592260235558,0.8104678826328311,4.545529347350213e-05
Random Forest,4884,4884,4885,0.5968592260235558,0.8104678826328311,0.5969153112731351,0.8104678826328311,4.545529347350213e-05
Random Forest,4885,4885,4886,0.5969153112731351,0.8104678826328311,0.5969713965227146,0.8104678826328311,4.545529347359211e-05
Random Forest,4886,4886,4887,0.5969713965227146,0.8104678826328311,0.5971396522714526,0.8104678826328311,0.00013636588042050638
Random Forest,4887,4887,4888,0.5971396522714526,0.8104678826328311,0.5975322490185081,0.8112609040444092,0.00031834272312787035
Random Forest,4888,4888,4889,0.5975322490185081,0.8112609040444092,0.5975883342680874,0.8112609040444092,4.5499770277292246e-05
Random Forest,4889,4889,4890,0.5975883342680874,0.8112609040444092,0.5976444195176669,0.8112609040444092,4.5499770277382317e-05
Random Forest,4890,4890,4891,0.5976444195176669,0.8112609040444092,0.5980931015143017,0.8112609040444092,0.00036399816221842807
Random Forest,4891,4891,4892,0.5980931015143017,0.8112609040444092,0.5981491867638811,0.8112609040444092,4.5499770277292246e-05
Random Forest,4892,4892,4893,0.5981491867638811,0.8112609040444092,0.5982052720134604,0.8112609040444092,4.5499770277292246e-05
Random Forest,4893,4893,4894,0.5982052720134604,0.8112609040444092,0.5983174425126192,0.8112609040444092,9.099954055467456e-05
Random Forest,4894,4894,4895,0.5983174425126192,0.8112609040444092,0.6000560852495793,0.8112609040444092,0.0014104928785965102
Random Forest,4895,4895,4896,0.6000560852495793,0.8112609040444092,0.6001121704991588,0.8112609040444092,4.5499770277382317e-05
Random Forest,4896,4896,4897,0.6001121704991588,0.8112609040444092,0.6001682557487381,0.8112609040444092,4.5499770277292246e-05
Random Forest,4897,4897,4898,0.6001682557487381,0.8112609040444092,0.6002243409983175,0.8112609040444092,4.5499770277292246e-05
Random Forest,4898,4898,4899,0.6002243409983175,0.8112609040444092,0.6002804262478968,0.8112609040444092,4.5499770277292246e-05
Random Forest,4899,4899,4900,0.6002804262478968,0.8112609040444092,0.6003365114974761,0.8112609040444092,4.5499770277292246e-05
Random Forest,4900,4900,4901,0.6003365114974761,0.8112609040444092,0.6003925967470555,0.8112609040444092,4.5499770277292246e-05
Random Forest,4901,4901,4902,0.6003925967470555,0.8112609040444092,0.6004486819966349,0.8112609040444092,4.5499770277382317e-05
Random Forest,4902,4902,4903,0.6004486819966349,0.8112609040444092,0.6008973639932698,0.8112609040444092,0.00036399816221842807
Random Forest,4903,4903,4904,0.6008973639932698,0.8112609040444092,0.6009534492428491,0.8112609040444092,4.5499770277292246e-05
Random Forest,4904,4904,4905,0.6009534492428491,0.8112609040444092,0.6010656197420079,0.8112609040444092,9.099954055467456e-05
Random Forest,4905,4905,4906,0.6010656197420079,0.8112609040444092,0.6011217049915872,0.8112609040444092,4.5499770277292246e-05
Random Forest,4906,4906,4907,0.6011217049915872,0.8112609040444092,0.6012338754907459,0.8120539254559873,9.104401735837462e-05
Random Forest,4907,4907,4908,0.6012338754907459,0.8120539254559873,0.6012899607403253,0.8120539254559873,4.554424708108237e-05
Random Forest,4908,4908,4909,0.6012899607403253,0.8120539254559873,0.601402131239484,0.8120539254559873,9.108849416225489e-05
Random Forest,4909,4909,4910,0.601402131239484,0.8120539254559873,0.601402131239484,0.8136399682791435,0.0
Random Forest,4910,4910,4911,0.601402131239484,0.8136399682791435,0.6014582164890634,0.8136399682791435,4.563320068866261e-05
Random Forest,4911,4911,4912,0.6014582164890634,0.8136399682791435,0.6015143017386427,0.8136399682791435,4.563320068866261e-05
Random Forest,4912,4912,4913,0.6015143017386427,0.8136399682791435,0.6015703869882221,0.8136399682791435,4.563320068866261e-05
Random Forest,4913,4913,4914,0.6015703869882221,0.8136399682791435,0.6016264722378014,0.8136399682791435,4.563320068866261e-05
Random Forest,4914,4914,4915,0.6016264722378014,0.8136399682791435,0.6017947279865395,0.8136399682791435,0.00013689960206607815
Random Forest,4915,4915,4916,0.6017947279865395,0.8136399682791435,0.6019629837352776,0.8136399682791435,0.0001368996020659878
Random Forest,4916,4916,4917,0.6019629837352776,0.8136399682791435,0.6020751542344364,0.8136399682791435,9.126640137741555e-05
Random Forest,4917,4917,4918,0.6020751542344364,0.8136399682791435,0.6021312394840157,0.8136399682791435,4.563320068866261e-05
Random Forest,4918,4918,4919,0.6021312394840157,0.8136399682791435,0.602187324733595,0.8136399682791435,4.563320068866261e-05
Random Forest,4919,4919,4920,0.602187324733595,0.8136399682791435,0.6031968592260235,0.8144329896907216,0.0008217979036303091
Random Forest,4920,4920,4921,0.6031968592260235,0.8144329896907216,0.603252944475603,0.8144329896907216,4.567767749254315e-05
Random Forest,4921,4921,4922,0.603252944475603,0.8144329896907216,0.6033090297251823,0.8144329896907216,4.5677677492452726e-05
Random Forest,4922,4922,4923,0.6033090297251823,0.8144329896907216,0.6034772854739203,0.8144329896907216,0.00013703303247735818
Random Forest,4923,4923,4924,0.6034772854739203,0.8144329896907216,0.6035333707234998,0.8144329896907216,4.567767749254315e-05
Random Forest,4924,4924,4925,0.6035333707234998,0.8144329896907216,0.6035894559730791,0.8144329896907216,4.5677677492452726e-05
Random Forest,4925,4925,4926,0.6035894559730791,0.8144329896907216,0.6040942232192933,0.8144329896907216,0.000411099097432165
Random Forest,4926,4926,4927,0.6040942232192933,0.8144329896907216,0.6041503084688726,0.8144329896907216,4.5677677492452726e-05
Random Forest,4927,4927,4928,0.6041503084688726,0.8144329896907216,0.6044868199663489,0.8152260111022998,0.0002741994953662676
Random Forest,4928,4928,4929,0.6044868199663489,0.8152260111022998,0.6045429052159282,0.8152260111022998,4.572215429624284e-05
Random Forest,4929,4929,4930,0.6045429052159282,0.8152260111022998,0.6045989904655076,0.8152260111022998,4.572215429624284e-05
Random Forest,4930,4930,4931,0.6045989904655076,0.8152260111022998,0.6046550757150869,0.8152260111022998,4.572215429624284e-05
Random Forest,4931,4931,4932,0.6046550757150869,0.8152260111022998,0.6047111609646663,0.8152260111022998,4.572215429624284e-05
Random Forest,4932,4932,4933,0.6047111609646663,0.8152260111022998,0.6047672462142456,0.8152260111022998,4.572215429624284e-05
Random Forest,4933,4933,4934,0.6047672462142456,0.8152260111022998,0.6048794167134044,0.8152260111022998,9.14443085925762e-05
Random Forest,4934,4934,4935,0.6048794167134044,0.8152260111022998,0.6049355019629837,0.8152260111022998,4.572215429624284e-05
Random Forest,4935,4935,4936,0.6049355019629837,0.8152260111022998,0.6049915872125631,0.8152260111022998,4.572215429624284e-05
Random Forest,4936,4936,4937,0.6049915872125631,0.8152260111022998,0.6050476724621424,0.8152260111022998,4.572215429624284e-05
Random Forest,4937,4937,4938,0.6050476724621424,0.8152260111022998,0.6051598429613012,0.8152260111022998,9.14443085925762e-05
Random Forest,4938,4938,4939,0.6051598429613012,0.8152260111022998,0.6051598429613012,0.8160190325138779,0.0
Random Forest,4939,4939,4940,0.6051598429613012,0.8160190325138779,0.6052159282108805,0.8160190325138779,4.5766631100032966e-05
Random Forest,4940,4940,4941,0.6052159282108805,0.8160190325138779,0.6052159282108805,0.816812053925456,0.0
Random Forest,4941,4941,4942,0.6052159282108805,0.816812053925456,0.6052720134604599,0.816812053925456,4.581110790382308e-05
Random Forest,4942,4942,4943,0.6052720134604599,0.816812053925456,0.6053280987100392,0.816812053925456,4.581110790382308e-05
Random Forest,4943,4943,4944,0.6053280987100392,0.816812053925456,0.6053841839596186,0.816812053925456,4.581110790382308e-05
Random Forest,4944,4944,4945,0.6053841839596186,0.816812053925456,0.605608524957936,0.816812053925456,0.00018324443161538302
Random Forest,4945,4945,4946,0.605608524957936,0.816812053925456,0.6056646102075154,0.816812053925456,4.581110790382308e-05
Random Forest,4946,4946,4947,0.6056646102075154,0.816812053925456,0.6057206954570948,0.816812053925456,4.581110790391377e-05
Random Forest,4947,4947,4948,0.6057206954570948,0.816812053925456,0.6057767807066742,0.816812053925456,4.581110790382308e-05
Random Forest,4948,4948,4949,0.6057767807066742,0.816812053925456,0.6058328659562535,0.816812053925456,4.581110790382308e-05
Random Forest,4949,4949,4950,0.6058328659562535,0.816812053925456,0.606842400448682,0.816812053925456,0.0008245999422690876
Random Forest,4950,4950,4951,0.606842400448682,0.816812053925456,0.6069545709478407,0.816812053925456,9.162221580764617e-05
Random Forest,4951,4951,4952,0.6069545709478407,0.816812053925456,0.6070106561974201,0.816812053925456,4.581110790391377e-05
Random Forest,4952,4952,4953,0.6070106561974201,0.816812053925456,0.6070106561974201,0.8176050753370341,0.0
Random Forest,4953,4953,4954,0.6070106561974201,0.8176050753370341,0.6070667414469995,0.8176050753370341,4.5855584707613206e-05
Random Forest,4954,4954,4955,0.6070667414469995,0.8176050753370341,0.6071228266965788,0.8176050753370341,4.5855584707613206e-05
Random Forest,4955,4955,4956,0.6071228266965788,0.8176050753370341,0.6071789119461581,0.8176050753370341,4.5855584707613206e-05
Random Forest,4956,4956,4957,0.6071789119461581,0.8176050753370341,0.607459338194055,0.8176050753370341,0.0002292779235381568
Random Forest,4957,4957,4958,0.607459338194055,0.8176050753370341,0.6075154234436343,0.8176050753370341,4.5855584707613206e-05
Random Forest,4958,4958,4959,0.6075154234436343,0.8176050753370341,0.6075715086932136,0.8176050753370341,4.5855584707613206e-05
Random Forest,4959,4959,4960,0.6075715086932136,0.8176050753370341,0.6076275939427931,0.8176050753370341,4.5855584707703974e-05
Random Forest,4960,4960,4961,0.6076275939427931,0.8176050753370341,0.6077397644419518,0.8183980967486122,9.175564621901652e-05
Random Forest,4961,4961,4962,0.6077397644419518,0.8183980967486122,0.6079641054402692,0.8183980967486122,0.00018360024604570415
Random Forest,4962,4962,4963,0.6079641054402692,0.8183980967486122,0.6080201906898486,0.8183980967486122,4.590006151140332e-05
Random Forest,4963,4963,4964,0.6080201906898486,0.8183980967486122,0.6080762759394279,0.8183980967486122,4.590006151140332e-05
Random Forest,4964,4964,4965,0.6080762759394279,0.8183980967486122,0.6081323611890073,0.8183980967486122,4.590006151140332e-05
Random Forest,4965,4965,4966,0.6081323611890073,0.8183980967486122,0.6081884464385866,0.8183980967486122,4.590006151140332e-05
Random Forest,4966,4966,4967,0.6081884464385866,0.8183980967486122,0.6083006169377454,0.8183980967486122,9.18001230228975e-05
Random Forest,4967,4967,4968,0.6083006169377454,0.8183980967486122,0.6083567021873247,0.8183980967486122,4.590006151140332e-05
Random Forest,4968,4968,4969,0.6083567021873247,0.8183980967486122,0.6102075154234436,0.8183980967486122,0.0015147020298768548
Random Forest,4969,4969,4970,0.6102075154234436,0.8183980967486122,0.610263600673023,0.8183980967486122,4.590006151140332e-05
Random Forest,4970,4970,4971,0.610263600673023,0.8183980967486122,0.6103196859226023,0.8183980967486122,4.590006151140332e-05
Random Forest,4971,4971,4972,0.6103196859226023,0.8183980967486122,0.6103757711721817,0.8183980967486122,4.590006151140332e-05
Random Forest,4972,4972,4973,0.6103757711721817,0.8183980967486122,0.6104318564217611,0.8183980967486122,4.5900061511494185e-05
Random Forest,4973,4973,4974,0.6104318564217611,0.8183980967486122,0.6104879416713405,0.8183980967486122,4.590006151140332e-05
Random Forest,4974,4974,4975,0.6104879416713405,0.8183980967486122,0.6105440269209198,0.8183980967486122,4.590006151140332e-05
Random Forest,4975,4975,4976,0.6105440269209198,0.8183980967486122,0.6106001121704991,0.8183980967486122,4.590006151140332e-05
Random Forest,4976,4976,4977,0.6106001121704991,0.8183980967486122,0.6106561974200785,0.8191911181601903,4.5922299913298384e-05
Random Forest,4977,4977,4978,0.6106561974200785,0.8191911181601903,0.6108244531688166,0.8191911181601903,0.00013783361494567128
Random Forest,4978,4978,4979,0.6108244531688166,0.8191911181601903,0.610880538418396,0.8191911181601903,4.5944538315193446e-05
Random Forest,4979,4979,4980,0.610880538418396,0.8191911181601903,0.6110487941671341,0.8191911181601903,0.00013783361494567128
Random Forest,4980,4980,4981,0.6110487941671341,0.8191911181601903,0.6111048794167134,0.8191911181601903,4.5944538315193446e-05
Random Forest,4981,4981,4982,0.6111048794167134,0.8191911181601903,0.6111609646662928,0.8191911181601903,4.5944538315193446e-05
Random Forest,4982,4982,4983,0.6111609646662928,0.8191911181601903,0.6114413909141896,0.8191911181601903,0.00022972269157605816
Random Forest,4983,4983,4984,0.6114413909141896,0.8191911181601903,0.6114974761637689,0.8191911181601903,4.5944538315193446e-05
Random Forest,4984,4984,4985,0.6114974761637689,0.8191911181601903,0.6115535614133483,0.8191911181601903,4.5944538315193446e-05
Random Forest,4985,4985,4986,0.6115535614133483,0.8191911181601903,0.6116096466629276,0.8191911181601903,4.5944538315193446e-05
Random Forest,4986,4986,4987,0.6116096466629276,0.8191911181601903,0.6117779024116657,0.8191911181601903,0.00013783361494567128
Random Forest,4987,4987,4988,0.6117779024116657,0.8191911181601903,0.6118339876612451,0.8191911181601903,4.5944538315193446e-05
Random Forest,4988,4988,4989,0.6118339876612451,0.8191911181601903,0.6118900729108244,0.8191911181601903,4.5944538315193446e-05
Random Forest,4989,4989,4990,0.6118900729108244,0.8191911181601903,0.6119461581604038,0.8191911181601903,4.5944538315193446e-05
Random Forest,4990,4990,4991,0.6119461581604038,0.8191911181601903,0.6120022434099832,0.8191911181601903,4.594453831528439e-05
Random Forest,4991,4991,4992,0.6120022434099832,0.8191911181601903,0.6120583286595626,0.8191911181601903,4.5944538315193446e-05
Random Forest,4992,4992,4993,0.6120583286595626,0.8191911181601903,0.6121144139091419,0.8191911181601903,4.5944538315193446e-05
Random Forest,4993,4993,4994,0.6121144139091419,0.8191911181601903,0.6122265844083006,0.8191911181601903,9.188907663038689e-05
Random Forest,4994,4994,4995,0.6122265844083006,0.8191911181601903,0.61228266965788,0.8191911181601903,4.594453831528439e-05
Random Forest,4995,4995,4996,0.61228266965788,0.8191911181601903,0.6123387549074594,0.8191911181601903,4.5944538315193446e-05
Random Forest,4996,4996,4997,0.6123387549074594,0.8191911181601903,0.6123948401570387,0.8191911181601903,4.5944538315193446e-05
Random Forest,4997,4997,4998,0.6123948401570387,0.8191911181601903,0.612450925406618,0.8191911181601903,4.5944538315193446e-05
Random Forest,4998,4998,4999,0.612450925406618,0.8191911181601903,0.6125070106561974,0.8191911181601903,4.5944538315193446e-05
Random Forest,4999,4999,5000,0.6125070106561974,0.8191911181601903,0.6125630959057767,0.8191911181601903,4.5944538315193446e-05
Random Forest,5000,5000,5001,0.6125630959057767,0.8191911181601903,0.6126191811553562,0.8191911181601903,4.594453831528439e-05
Random Forest,5001,5001,5002,0.6126191811553562,0.8191911181601903,0.6126752664049355,0.8191911181601903,4.5944538315193446e-05
Random Forest,5002,5002,5003,0.6126752664049355,0.8191911181601903,0.6127313516545149,0.8191911181601903,4.5944538315193446e-05
Random Forest,5003,5003,5004,0.6127313516545149,0.8191911181601903,0.6127874369040942,0.8191911181601903,4.5944538315193446e-05
Random Forest,5004,5004,5005,0.6127874369040942,0.8191911181601903,0.6128435221536735,0.8191911181601903,4.5944538315193446e-05
Random Forest,5005,5005,5006,0.6128435221536735,0.8191911181601903,0.612899607403253,0.8191911181601903,4.594453831528439e-05
Random Forest,5006,5006,5007,0.612899607403253,0.8191911181601903,0.6129556926528323,0.8191911181601903,4.5944538315193446e-05
Random Forest,5007,5007,5008,0.6129556926528323,0.8191911181601903,0.6132361189007292,0.8199841395717684,0.0002298338835855335
Random Forest,5008,5008,5009,0.6132361189007292,0.8199841395717684,0.6132922041503085,0.8199841395717684,4.598901511898356e-05
Random Forest,5009,5009,5010,0.6132922041503085,0.8199841395717684,0.6139652271452608,0.8199841395717684,0.0005518681814279848
Random Forest,5010,5010,5011,0.6139652271452608,0.8199841395717684,0.6140213123948401,0.8199841395717684,4.598901511898356e-05
Random Forest,5011,5011,5012,0.6140213123948401,0.8199841395717684,0.6140773976444195,0.8199841395717684,4.598901511898356e-05
Random Forest,5012,5012,5013,0.6140773976444195,0.8199841395717684,0.6141334828939988,0.8199841395717684,4.598901511898356e-05
Random Forest,5013,5013,5014,0.6141334828939988,0.8199841395717684,0.6141895681435783,0.8199841395717684,4.59890151190746e-05
Random Forest,5014,5014,5015,0.6141895681435783,0.8199841395717684,0.6142456533931576,0.8199841395717684,4.598901511898356e-05
Random Forest,5015,5015,5016,0.6142456533931576,0.8199841395717684,0.614301738642737,0.8199841395717684,4.598901511898356e-05
Random Forest,5016,5016,5017,0.614301738642737,0.8199841395717684,0.6143578238923163,0.8199841395717684,4.598901511898356e-05
Random Forest,5017,5017,5018,0.6143578238923163,0.8199841395717684,0.6144139091418956,0.8199841395717684,4.598901511898356e-05
Random Forest,5018,5018,5019,0.6144139091418956,0.8199841395717684,0.6144699943914751,0.8199841395717684,4.59890151190746e-05
Random Forest,5019,5019,5020,0.6144699943914751,0.8199841395717684,0.6146943353897925,0.8199841395717684,0.00018395606047593425
Random Forest,5020,5020,5021,0.6146943353897925,0.8199841395717684,0.6147504206393718,0.8199841395717684,4.598901511898356e-05
Random Forest,5021,5021,5022,0.6147504206393718,0.8199841395717684,0.6148065058889512,0.8199841395717684,4.59890151190746e-05
Random Forest,5022,5022,5023,0.6148065058889512,0.8199841395717684,0.6148625911385306,0.8199841395717684,4.598901511898356e-05
Random Forest,5023,5023,5024,0.6148625911385306,0.8199841395717684,0.6149186763881099,0.8199841395717684,4.598901511898356e-05
Random Forest,5024,5024,5025,0.6149186763881099,0.8199841395717684,0.6149186763881099,0.8207771609833465,0.0
Random Forest,5025,5025,5026,0.6149186763881099,0.8207771609833465,0.6149747616376893,0.8207771609833465,4.603349192277368e-05
Random Forest,5026,5026,5027,0.6149747616376893,0.8207771609833465,0.6150308468872686,0.8207771609833465,4.603349192277368e-05
Random Forest,5027,5027,5028,0.6150308468872686,0.8207771609833465,0.6150869321368481,0.8207771609833465,4.6033491922864806e-05
Random Forest,5028,5028,5029,0.6150869321368481,0.8207771609833465,0.6151991026360067,0.8207771609833465,9.206698384554736e-05
Random Forest,5029,5029,5030,0.6151991026360067,0.8207771609833465,0.6152551878855861,0.8207771609833465,4.603349192277368e-05
Random Forest,5030,5030,5031,0.6152551878855861,0.8207771609833465,0.6153112731351654,0.8207771609833465,4.603349192277368e-05
Random Forest,5031,5031,5032,0.6153112731351654,0.8207771609833465,0.6155356141334829,0.8207771609833465,0.00018413396769118584
Random Forest,5032,5032,5033,0.6155356141334829,0.8207771609833465,0.6155916993830622,0.8207771609833465,4.603349192277368e-05
Random Forest,5033,5033,5034,0.6155916993830622,0.8207771609833465,0.6156477846326416,0.8207771609833465,4.603349192277368e-05
Random Forest,5034,5034,5035,0.6156477846326416,0.8207771609833465,0.6157038698822209,0.8207771609833465,4.603349192277368e-05
Random Forest,5035,5035,5036,0.6157038698822209,0.8207771609833465,0.6157599551318004,0.8207771609833465,4.6033491922864806e-05
Random Forest,5036,5036,5037,0.6157599551318004,0.8207771609833465,0.6158160403813797,0.8207771609833465,4.603349192277368e-05
Random Forest,5037,5037,5038,0.6158160403813797,0.8207771609833465,0.615872125630959,0.8207771609833465,4.603349192277368e-05
Random Forest,5038,5038,5039,0.615872125630959,0.8207771609833465,0.6160403813796972,0.8207771609833465,0.00013810047576841216
Random Forest,5039,5039,5040,0.6160403813796972,0.8207771609833465,0.6160964666292765,0.8207771609833465,4.603349192277368e-05
Random Forest,5040,5040,5041,0.6160964666292765,0.8207771609833465,0.6161525518788559,0.8207771609833465,4.603349192277368e-05
Random Forest,5041,5041,5042,0.6161525518788559,0.8207771609833465,0.6162086371284352,0.8207771609833465,4.603349192277368e-05
Random Forest,5042,5042,5043,0.6162086371284352,0.8207771609833465,0.6162647223780146,0.8207771609833465,4.603349192277368e-05
Random Forest,5043,5043,5044,0.6162647223780146,0.8207771609833465,0.6163208076275939,0.8207771609833465,4.603349192277368e-05
Random Forest,5044,5044,5045,0.6163208076275939,0.8207771609833465,0.6163768928771733,0.8207771609833465,4.6033491922864806e-05
Random Forest,5045,5045,5046,0.6163768928771733,0.8207771609833465,0.6166573191250702,0.8207771609833465,0.00023016745961395953
Random Forest,5046,5046,5047,0.6166573191250702,0.8207771609833465,0.6167134043746495,0.8207771609833465,4.603349192277368e-05
Random Forest,5047,5047,5048,0.6167134043746495,0.8207771609833465,0.6167694896242288,0.8207771609833465,4.603349192277368e-05
Random Forest,5048,5048,5049,0.6167694896242288,0.8207771609833465,0.6168816601233875,0.8207771609833465,9.206698384554736e-05
Random Forest,5049,5049,5050,0.6168816601233875,0.8207771609833465,0.6169938306225463,0.8207771609833465,9.206698384563849e-05
Random Forest,5050,5050,5051,0.6169938306225463,0.8207771609833465,0.6172181716208637,0.8215701823949246,0.00018422292129867496
Random Forest,5051,5051,5052,0.6172181716208637,0.8215701823949246,0.6172742568704431,0.8215701823949246,4.607796872665501e-05
Random Forest,5052,5052,5053,0.6172742568704431,0.8215701823949246,0.6173864273696018,0.8215701823949246,9.21559374531276e-05
Random Forest,5053,5053,5054,0.6173864273696018,0.8215701823949246,0.6174425126191811,0.8223632038065027,4.610020712845886e-05
Random Forest,5054,5054,5055,0.6174425126191811,0.8223632038065027,0.6176107683679193,0.8223632038065027,0.00013836733659115306
Random Forest,5055,5055,5056,0.6176107683679193,0.8223632038065027,0.6176668536174986,0.8223632038065027,4.612244553035392e-05
Random Forest,5056,5056,5057,0.6176668536174986,0.8223632038065027,0.6178351093662366,0.8223632038065027,0.00013836733659106177
Random Forest,5057,5057,5058,0.6178351093662366,0.8223632038065027,0.6182837913628716,0.8223632038065027,0.000368979564243014
Random Forest,5058,5058,5059,0.6182837913628716,0.8223632038065027,0.6183959618620303,0.8223632038065027,9.224489106070784e-05
Random Forest,5059,5059,5060,0.6183959618620303,0.8223632038065027,0.6184520471116096,0.8223632038065027,4.612244553035392e-05
Random Forest,5060,5060,5061,0.6184520471116096,0.8223632038065027,0.618508132361189,0.8223632038065027,4.612244553035392e-05
Random Forest,5061,5061,5062,0.618508132361189,0.8223632038065027,0.6185642176107684,0.8223632038065027,4.612244553044522e-05
Random Forest,5062,5062,5063,0.6185642176107684,0.8223632038065027,0.6194054963544587,0.8223632038065027,0.0006918366829554915
Random Forest,5063,5063,5064,0.6194054963544587,0.8223632038065027,0.6194615816040382,0.8223632038065027,4.612244553044522e-05
Random Forest,5064,5064,5065,0.6194615816040382,0.8223632038065027,0.6195176668536175,0.8223632038065027,4.612244553035392e-05
Random Forest,5065,5065,5066,0.6195176668536175,0.8223632038065027,0.6195737521031969,0.8223632038065027,4.612244553035392e-05
Random Forest,5066,5066,5067,0.6195737521031969,0.8223632038065027,0.6196298373527762,0.8223632038065027,4.612244553035392e-05
Random Forest,5067,5067,5068,0.6196298373527762,0.8223632038065027,0.6197980931015143,0.8231562252180809,0.00013843405179683827
Random Forest,5068,5068,5069,0.6197980931015143,0.8231562252180809,0.6198541783510937,0.8231562252180809,4.616692233414404e-05
Random Forest,5069,5069,5070,0.6198541783510937,0.8231562252180809,0.619910263600673,0.8231562252180809,4.616692233414404e-05
Random Forest,5070,5070,5071,0.619910263600673,0.8231562252180809,0.6203028603477285,0.8231562252180809,0.0003231684563390997
Random Forest,5071,5071,5072,0.6203028603477285,0.8231562252180809,0.6203589455973079,0.8231562252180809,4.616692233414404e-05
Random Forest,5072,5072,5073,0.6203589455973079,0.8231562252180809,0.6204150308468873,0.8231562252180809,4.616692233423543e-05
Random Forest,5073,5073,5074,0.6204150308468873,0.8231562252180809,0.6204150308468873,0.823949246629659,0.0
Random Forest,5074,5074,5075,0.6204150308468873,0.823949246629659,0.6204711160964667,0.823949246629659,4.621139913793416e-05
Random Forest,5075,5075,5076,0.6204711160964667,0.823949246629659,0.6205832865956253,0.823949246629659,9.242279827586832e-05
Random Forest,5076,5076,5077,0.6205832865956253,0.823949246629659,0.6206393718452047,0.823949246629659,4.621139913793416e-05
Random Forest,5077,5077,5078,0.6206393718452047,0.823949246629659,0.620695457094784,0.823949246629659,4.621139913793416e-05
Random Forest,5078,5078,5079,0.620695457094784,0.823949246629659,0.6213684800897364,0.823949246629659,0.0005545367896554843
Random Forest,5079,5079,5080,0.6213684800897364,0.823949246629659,0.6214245653393158,0.823949246629659,4.621139913793416e-05
Random Forest,5080,5080,5081,0.6214245653393158,0.823949246629659,0.6214806505888951,0.823949246629659,4.621139913793416e-05
Random Forest,5081,5081,5082,0.6214806505888951,0.823949246629659,0.6215367358384745,0.823949246629659,4.621139913793416e-05
Random Forest,5082,5082,5083,0.6215367358384745,0.823949246629659,0.6217610768367919,0.823949246629659,0.00018484559655182811
Random Forest,5083,5083,5084,0.6217610768367919,0.823949246629659,0.6225462703309029,0.823949246629659,0.0006469595879312612
Random Forest,5084,5084,5085,0.6225462703309029,0.823949246629659,0.6226584408300617,0.823949246629659,9.24227982759598e-05
Random Forest,5085,5085,5086,0.6226584408300617,0.823949246629659,0.6227145260796411,0.823949246629659,4.621139913793416e-05
Random Forest,5086,5086,5087,0.6227145260796411,0.823949246629659,0.6227706113292204,0.823949246629659,4.621139913793416e-05
Random Forest,5087,5087,5088,0.6227706113292204,0.823949246629659,0.6228266965787997,0.823949246629659,4.621139913793416e-05
Random Forest,5088,5088,5089,0.6228266965787997,0.823949246629659,0.6228827818283791,0.823949246629659,4.621139913793416e-05
Random Forest,5089,5089,5090,0.6228827818283791,0.823949246629659,0.6229388670779585,0.823949246629659,4.621139913802564e-05
Random Forest,5090,5090,5091,0.6229388670779585,0.823949246629659,0.6238362310712283,0.8263283108643933,0.0007404498294981842
Random Forest,5091,5091,5092,0.6238362310712283,0.8263283108643933,0.6238923163208077,0.8263283108643933,4.6344829549304515e-05
Random Forest,5092,5092,5093,0.6238923163208077,0.8263283108643933,0.623948401570387,0.8263283108643933,4.6344829549304515e-05
Random Forest,5093,5093,5094,0.623948401570387,0.8263283108643933,0.6240044868199663,0.8263283108643933,4.6344829549304515e-05
Random Forest,5094,5094,5095,0.6240044868199663,0.8263283108643933,0.6240605720695457,0.8263283108643933,4.6344829549304515e-05
Random Forest,5095,5095,5096,0.6240605720695457,0.8263283108643933,0.624116657319125,0.8263283108643933,4.6344829549304515e-05
Random Forest,5096,5096,5097,0.624116657319125,0.8263283108643933,0.6241727425687045,0.8263283108643933,4.634482954939626e-05
Random Forest,5097,5097,5098,0.6241727425687045,0.8263283108643933,0.6242288278182838,0.8263283108643933,4.6344829549304515e-05
Random Forest,5098,5098,5099,0.6242288278182838,0.8263283108643933,0.6243409983174425,0.8263283108643933,9.268965909860903e-05
Random Forest,5099,5099,5100,0.6243409983174425,0.8263283108643933,0.62456533931576,0.8263283108643933,0.0001853793181973098
Random Forest,5100,5100,5101,0.62456533931576,0.8263283108643933,0.6246214245653393,0.8263283108643933,4.6344829549304515e-05
Random Forest,5101,5101,5102,0.6246214245653393,0.8263283108643933,0.6246775098149187,0.8263283108643933,4.6344829549304515e-05
Random Forest,5102,5102,5103,0.6246775098149187,0.8263283108643933,0.624733595064498,0.8263283108643933,4.6344829549304515e-05
Random Forest,5103,5103,5104,0.624733595064498,0.8263283108643933,0.6249018508132361,0.8263283108643933,0.0001390344886480053
Random Forest,5104,5104,5105,0.6249018508132361,0.8263283108643933,0.6249579360628155,0.8263283108643933,4.6344829549304515e-05
Random Forest,5105,5105,5106,0.6249579360628155,0.8263283108643933,0.6250140213123948,0.8263283108643933,4.6344829549304515e-05
Random Forest,5106,5106,5107,0.6250140213123948,0.8263283108643933,0.6250701065619741,0.8263283108643933,4.6344829549304515e-05
Random Forest,5107,5107,5108,0.6250701065619741,0.8263283108643933,0.6251261918115536,0.8263283108643933,4.634482954939626e-05
Random Forest,5108,5108,5109,0.6251261918115536,0.8263283108643933,0.6251822770611329,0.8263283108643933,4.6344829549304515e-05
Random Forest,5109,5109,5110,0.6251822770611329,0.8263283108643933,0.6252383623107123,0.8263283108643933,4.6344829549304515e-05
Random Forest,5110,5110,5111,0.6252383623107123,0.8263283108643933,0.6252944475602916,0.8263283108643933,4.6344829549304515e-05
Random Forest,5111,5111,5112,0.6252944475602916,0.8263283108643933,0.625350532809871,0.8263283108643933,4.6344829549304515e-05
Random Forest,5112,5112,5113,0.625350532809871,0.8263283108643933,0.6254066180594504,0.8263283108643933,4.634482954939626e-05
Random Forest,5113,5113,5114,0.6254066180594504,0.8263283108643933,0.6254066180594504,0.8271213322759714,0.0
Random Forest,5114,5114,5115,0.6254066180594504,0.8271213322759714,0.6255187885586091,0.8279143536875495,9.282308950997939e-05
Random Forest,5115,5115,5116,0.6255187885586091,0.8279143536875495,0.6255187885586091,0.8287073750991277,0.0
Random Forest,5116,5116,5117,0.6255187885586091,0.8287073750991277,0.6257992148065059,0.8287073750991277,0.0002323912998034664
Random Forest,5117,5117,5118,0.6257992148065059,0.8287073750991277,0.6259113853056646,0.8287073750991277,9.295651992134976e-05
Random Forest,5118,5118,5119,0.6259113853056646,0.8287073750991277,0.6259674705552439,0.8287073750991277,4.647825996067488e-05
Random Forest,5119,5119,5120,0.6259674705552439,0.8287073750991277,0.6260796410544027,0.8295003965107058,9.300099672523193e-05
Random Forest,5120,5120,5121,0.6260796410544027,0.8295003965107058,0.6263039820527201,0.8295003965107058,0.00018609094705786
Random Forest,5121,5121,5122,0.6263039820527201,0.8295003965107058,0.6264722378014582,0.8295003965107058,0.0001395682102934871
Random Forest,5122,5122,5123,0.6264722378014582,0.8295003965107058,0.6265283230510376,0.8295003965107058,4.6522736764465e-05
Random Forest,5123,5123,5124,0.6265283230510376,0.8295003965107058,0.6265844083006169,0.8295003965107058,4.6522736764465e-05
Random Forest,5124,5124,5125,0.6265844083006169,0.8295003965107058,0.6266404935501964,0.8295003965107058,4.652273676455709e-05
Random Forest,5125,5125,5126,0.6266404935501964,0.8295003965107058,0.6266965787997757,0.8295003965107058,4.6522736764465e-05
Random Forest,5126,5126,5127,0.6266965787997757,0.8295003965107058,0.626752664049355,0.8295003965107058,4.6522736764465e-05
Random Forest,5127,5127,5128,0.626752664049355,0.8295003965107058,0.6268087492989344,0.8295003965107058,4.6522736764465e-05
Random Forest,5128,5128,5129,0.6268087492989344,0.8295003965107058,0.6268648345485137,0.8295003965107058,4.6522736764465e-05
Random Forest,5129,5129,5130,0.6268648345485137,0.8295003965107058,0.6269209197980931,0.8295003965107058,4.6522736764465e-05
Random Forest,5130,5130,5131,0.6269209197980931,0.8295003965107058,0.6269770050476725,0.8295003965107058,4.652273676455709e-05
Random Forest,5131,5131,5132,0.6269770050476725,0.8295003965107058,0.6270330902972518,0.8295003965107058,4.6522736764465e-05
Random Forest,5132,5132,5133,0.6270330902972518,0.8295003965107058,0.6270891755468312,0.8295003965107058,4.6522736764465e-05
Random Forest,5133,5133,5134,0.6270891755468312,0.8295003965107058,0.6271452607964105,0.8295003965107058,4.6522736764465e-05
Random Forest,5134,5134,5135,0.6271452607964105,0.8295003965107058,0.6272013460459899,0.8295003965107058,4.6522736764465e-05
Random Forest,5135,5135,5136,0.6272013460459899,0.8295003965107058,0.6272574312955692,0.8295003965107058,4.6522736764465e-05
Random Forest,5136,5136,5137,0.6272574312955692,0.8295003965107058,0.6273135165451487,0.8295003965107058,4.652273676455709e-05
Random Forest,5137,5137,5138,0.6273135165451487,0.8295003965107058,0.627369601794728,0.8295003965107058,4.6522736764465e-05
Random Forest,5138,5138,5139,0.627369601794728,0.8295003965107058,0.6274256870443073,0.8295003965107058,4.6522736764465e-05
Random Forest,5139,5139,5140,0.6274256870443073,0.8295003965107058,0.627537857543466,0.8295003965107058,9.304547352893e-05
Random Forest,5140,5140,5141,0.627537857543466,0.8295003965107058,0.6276500280426248,0.8295003965107058,9.304547352902209e-05
Random Forest,5141,5141,5142,0.6276500280426248,0.8295003965107058,0.6277061132922042,0.8295003965107058,4.6522736764465e-05
Random Forest,5142,5142,5143,0.6277061132922042,0.8295003965107058,0.6277621985417835,0.8295003965107058,4.6522736764465e-05
Random Forest,5143,5143,5144,0.6277621985417835,0.8295003965107058,0.6278182837913628,0.8295003965107058,4.6522736764465e-05
Random Forest,5144,5144,5145,0.6278182837913628,0.8295003965107058,0.6278743690409422,0.8295003965107058,4.6522736764465e-05
Random Forest,5145,5145,5146,0.6278743690409422,0.8295003965107058,0.6280426247896803,0.8295003965107058,0.0001395682102934871
Random Forest,5146,5146,5147,0.6280426247896803,0.8295003965107058,0.6280987100392597,0.8295003965107058,4.6522736764465e-05
Random Forest,5147,5147,5148,0.6280987100392597,0.8295003965107058,0.628154795288839,0.8295003965107058,4.6522736764465e-05
Random Forest,5148,5148,5149,0.628154795288839,0.8295003965107058,0.6282108805384184,0.8295003965107058,4.652273676455709e-05
Random Forest,5149,5149,5150,0.6282108805384184,0.8295003965107058,0.6282669657879978,0.8295003965107058,4.6522736764465e-05
Random Forest,5150,5150,5151,0.6282669657879978,0.8295003965107058,0.6283230510375771,0.8295003965107058,4.6522736764465e-05
Random Forest,5151,5151,5152,0.6283230510375771,0.8295003965107058,0.6284913067863152,0.8295003965107058,0.000139568210293395
Random Forest,5152,5152,5153,0.6284913067863152,0.8295003965107058,0.6285473920358946,0.8295003965107058,4.652273676455709e-05
Random Forest,5153,5153,5154,0.6285473920358946,0.8295003965107058,0.6286034772854739,0.8295003965107058,4.6522736764465e-05
Random Forest,5154,5154,5155,0.6286034772854739,0.8295003965107058,0.6286595625350533,0.8295003965107058,4.6522736764465e-05
Random Forest,5155,5155,5156,0.6286595625350533,0.8295003965107058,0.6287156477846326,0.8295003965107058,4.6522736764465e-05
Random Forest,5156,5156,5157,0.6287156477846326,0.8295003965107058,0.628771733034212,0.8295003965107058,4.6522736764465e-05
Random Forest,5157,5157,5158,0.628771733034212,0.8295003965107058,0.6288278182837914,0.8295003965107058,4.652273676455709e-05
Random Forest,5158,5158,5159,0.6288278182837914,0.8295003965107058,0.6288839035333708,0.8295003965107058,4.6522736764465e-05
Random Forest,5159,5159,5160,0.6288839035333708,0.8295003965107058,0.6289399887829501,0.8295003965107058,4.6522736764465e-05
Random Forest,5160,5160,5161,0.6289399887829501,0.8295003965107058,0.6289960740325294,0.8295003965107058,4.6522736764465e-05
Random Forest,5161,5161,5162,0.6289960740325294,0.8295003965107058,0.6290521592821088,0.8295003965107058,4.6522736764465e-05
Random Forest,5162,5162,5163,0.6290521592821088,0.8295003965107058,0.6293325855300056,0.8295003965107058,0.0002326136838224171
Random Forest,5163,5163,5164,0.6293325855300056,0.8295003965107058,0.6293886707795849,0.8295003965107058,4.6522736764465e-05
Random Forest,5164,5164,5165,0.6293886707795849,0.8295003965107058,0.6298934380257992,0.8295003965107058,0.0004187046308803692
Random Forest,5165,5165,5166,0.6298934380257992,0.8295003965107058,0.6299495232753786,0.8295003965107058,4.6522736764465e-05
Random Forest,5166,5166,5167,0.6299495232753786,0.8295003965107058,0.6300056085249579,0.8295003965107058,4.6522736764465e-05
Random Forest,5167,5167,5168,0.6300056085249579,0.8295003965107058,0.6300616937745372,0.8295003965107058,4.6522736764465e-05
Random Forest,5168,5168,5169,0.6300616937745372,0.8295003965107058,0.6301177790241167,0.8295003965107058,4.652273676455709e-05
Random Forest,5169,5169,5170,0.6301177790241167,0.8295003965107058,0.630173864273696,0.8295003965107058,4.6522736764465e-05
Random Forest,5170,5170,5171,0.630173864273696,0.8295003965107058,0.6302299495232754,0.830293417922284,4.654497516636006e-05
Random Forest,5171,5171,5172,0.6302299495232754,0.830293417922284,0.6302860347728547,0.830293417922284,4.656721356825512e-05
Random Forest,5172,5172,5173,0.6302860347728547,0.830293417922284,0.6303421200224341,0.830293417922284,4.656721356825512e-05
Random Forest,5173,5173,5174,0.6303421200224341,0.830293417922284,0.6303982052720135,0.830293417922284,4.65672135683473e-05
Random Forest,5174,5174,5175,0.6303982052720135,0.830293417922284,0.6304542905215929,0.830293417922284,4.656721356825512e-05
Random Forest,5175,5175,5176,0.6304542905215929,0.830293417922284,0.6305664610207515,0.830293417922284,9.313442713651024e-05
Random Forest,5176,5176,5177,0.6305664610207515,0.830293417922284,0.6306225462703309,0.830293417922284,4.656721356825512e-05
Random Forest,5177,5177,5178,0.6306225462703309,0.830293417922284,0.6306786315199102,0.830293417922284,4.656721356825512e-05
Random Forest,5178,5178,5179,0.6306786315199102,0.830293417922284,0.6309029725182277,0.830293417922284,0.00018626885427311266
Random Forest,5179,5179,5180,0.6309029725182277,0.830293417922284,0.630959057767807,0.830293417922284,4.656721356825512e-05
Random Forest,5180,5180,5181,0.630959057767807,0.830293417922284,0.6310151430173865,0.830293417922284,4.65672135683473e-05
Random Forest,5181,5181,5182,0.6310151430173865,0.830293417922284,0.6311273135165452,0.830293417922284,9.313442713651024e-05
Random Forest,5182,5182,5183,0.6311273135165452,0.830293417922284,0.6311833987661245,0.830293417922284,4.656721356825512e-05
Random Forest,5183,5183,5184,0.6311833987661245,0.830293417922284,0.6312394840157038,0.830293417922284,4.656721356825512e-05
Random Forest,5184,5184,5185,0.6312394840157038,0.830293417922284,0.6312955692652832,0.830293417922284,4.656721356825512e-05
Random Forest,5185,5185,5186,0.6312955692652832,0.830293417922284,0.6313516545148626,0.830293417922284,4.65672135683473e-05
Random Forest,5186,5186,5187,0.6313516545148626,0.830293417922284,0.6324733595064498,0.8310864393338621,0.0009317890394032803
Random Forest,5187,5187,5188,0.6324733595064498,0.8310864393338621,0.6325294447560291,0.8310864393338621,4.661169037204524e-05
Random Forest,5188,5188,5189,0.6325294447560291,0.8310864393338621,0.6357263039820528,0.8310864393338621,0.0026568663512075937
Random Forest,5189,5189,5190,0.6357263039820528,0.8310864393338621,0.6357823892316321,0.8310864393338621,4.661169037204524e-05
Random Forest,5190,5190,5191,0.6357823892316321,0.8310864393338621,0.6358384744812114,0.8310864393338621,4.661169037204524e-05
Random Forest,5191,5191,5192,0.6358384744812114,0.8310864393338621,0.6358945597307908,0.8310864393338621,4.661169037204524e-05
Random Forest,5192,5192,5193,0.6358945597307908,0.8310864393338621,0.6359506449803701,0.8310864393338621,4.661169037204524e-05
Random Forest,5193,5193,5194,0.6359506449803701,0.8310864393338621,0.6361749859786876,0.8310864393338621,0.00018644676148827323
Random Forest,5194,5194,5195,0.6361749859786876,0.8310864393338621,0.6362310712282669,0.8310864393338621,4.661169037204524e-05
Random Forest,5195,5195,5196,0.6362310712282669,0.8310864393338621,0.6362871564778463,0.8310864393338621,4.661169037204524e-05
Random Forest,5196,5196,5197,0.6362871564778463,0.8310864393338621,0.6363432417274257,0.8310864393338621,4.661169037213751e-05
Random Forest,5197,5197,5198,0.6363432417274257,0.8310864393338621,0.6363993269770051,0.8310864393338621,4.661169037204524e-05
Random Forest,5198,5198,5199,0.6363993269770051,0.8310864393338621,0.6364554122265844,0.8310864393338621,4.661169037204524e-05
Random Forest,5199,5199,5200,0.6364554122265844,0.8310864393338621,0.6365114974761638,0.8310864393338621,4.661169037204524e-05
Random Forest,5200,5200,5201,0.6365114974761638,0.8310864393338621,0.6365675827257431,0.8310864393338621,4.661169037204524e-05
Random Forest,5201,5201,5202,0.6365675827257431,0.8310864393338621,0.6366236679753224,0.8310864393338621,4.661169037204524e-05
Random Forest,5202,5202,5203,0.6366236679753224,0.8310864393338621,0.6366797532249019,0.8310864393338621,4.661169037213751e-05
Random Forest,5203,5203,5204,0.6366797532249019,0.8310864393338621,0.6367358384744812,0.8310864393338621,4.661169037204524e-05
Random Forest,5204,5204,5205,0.6367358384744812,0.8310864393338621,0.6368480089736399,0.8310864393338621,9.322338074409048e-05
Random Forest,5205,5205,5206,0.6368480089736399,0.8310864393338621,0.6368480089736399,0.8318794607454402,0.0
Random Forest,5206,5206,5207,0.6368480089736399,0.8318794607454402,0.637016264722378,0.8318794607454402,0.00013996850152759842
Random Forest,5207,5207,5208,0.637016264722378,0.8318794607454402,0.6370723499719574,0.8318794607454402,4.665616717583536e-05
Random Forest,5208,5208,5209,0.6370723499719574,0.8318794607454402,0.6374649467190129,0.8326724821570183,0.00032674883904420534
Random Forest,5209,5209,5210,0.6374649467190129,0.8326724821570183,0.6375210319685922,0.8326724821570183,4.6700643979625475e-05
Random Forest,5210,5210,5211,0.6375210319685922,0.8326724821570183,0.6375771172181717,0.8326724821570183,4.670064397971792e-05
Random Forest,5211,5211,5212,0.6375771172181717,0.8326724821570183,0.637633202467751,0.8326724821570183,4.6700643979625475e-05
Random Forest,5212,5212,5213,0.637633202467751,0.8326724821570183,0.6376892877173304,0.8326724821570183,4.6700643979625475e-05
Random Forest,5213,5213,5214,0.6376892877173304,0.8326724821570183,0.6377453729669097,0.8326724821570183,4.6700643979625475e-05
Random Forest,5214,5214,5215,0.6377453729669097,0.8326724821570183,0.637801458216489,0.8326724821570183,4.6700643979625475e-05
Random Forest,5215,5215,5216,0.637801458216489,0.8326724821570183,0.6378575434660684,0.8326724821570183,4.6700643979625475e-05
Random Forest,5216,5216,5217,0.6378575434660684,0.8326724821570183,0.6378575434660684,0.8334655035685964,0.0
Random Forest,5217,5217,5218,0.6378575434660684,0.8334655035685964,0.6379136287156478,0.8334655035685964,4.674512078350813e-05
Random Forest,5218,5218,5219,0.6379136287156478,0.8334655035685964,0.6379697139652272,0.8334655035685964,4.67451207834156e-05
Random Forest,5219,5219,5220,0.6379697139652272,0.8334655035685964,0.6380257992148065,0.8334655035685964,4.67451207834156e-05
Random Forest,5220,5220,5221,0.6380257992148065,0.8334655035685964,0.6380818844643859,0.8334655035685964,4.67451207834156e-05
Random Forest,5221,5221,5222,0.6380818844643859,0.8334655035685964,0.6381379697139652,0.8334655035685964,4.67451207834156e-05
Random Forest,5222,5222,5223,0.6381379697139652,0.8334655035685964,0.6381940549635445,0.8334655035685964,4.67451207834156e-05
Random Forest,5223,5223,5224,0.6381940549635445,0.8334655035685964,0.638250140213124,0.8334655035685964,4.674512078350813e-05
Random Forest,5224,5224,5225,0.638250140213124,0.8334655035685964,0.638418395961862,0.8334655035685964,0.0001402353623502468
Random Forest,5225,5225,5226,0.638418395961862,0.8334655035685964,0.6384744812114413,0.8334655035685964,4.67451207834156e-05
Random Forest,5226,5226,5227,0.6384744812114413,0.8334655035685964,0.6388109927089175,0.8334655035685964,0.0002804707247005861
Random Forest,5227,5227,5228,0.6388109927089175,0.8334655035685964,0.6388109927089175,0.8342585249801745,0.0
Random Forest,5228,5228,5229,0.6388109927089175,0.8342585249801745,0.638867077958497,0.8342585249801745,4.678959758729834e-05
Random Forest,5229,5229,5230,0.638867077958497,0.8342585249801745,0.6389231632080763,0.8342585249801745,4.6789597587205715e-05
Random Forest,5230,5230,5231,0.6389231632080763,0.8342585249801745,0.6389792484576556,0.8342585249801745,4.6789597587205715e-05
Random Forest,5231,5231,5232,0.6389792484576556,0.8342585249801745,0.639035333707235,0.8342585249801745,4.6789597587205715e-05
Random Forest,5232,5232,5233,0.639035333707235,0.8342585249801745,0.6390914189568143,0.8342585249801745,4.6789597587205715e-05
Random Forest,5233,5233,5234,0.6390914189568143,0.8342585249801745,0.6390914189568143,0.8350515463917526,0.0
Random Forest,5234,5234,5235,0.6390914189568143,0.8350515463917526,0.6393157599551318,0.8350515463917526,0.00018733629756407605
Random Forest,5235,5235,5236,0.6393157599551318,0.8350515463917526,0.6393718452047111,0.8350515463917526,4.683407439099584e-05
Random Forest,5236,5236,5237,0.6393718452047111,0.8350515463917526,0.6394279304542905,0.8350515463917526,4.683407439099584e-05
Random Forest,5237,5237,5238,0.6394279304542905,0.8350515463917526,0.6394840157038699,0.8350515463917526,4.6834074391088544e-05
Random Forest,5238,5238,5239,0.6394840157038699,0.8350515463917526,0.6395401009534493,0.8350515463917526,4.683407439099584e-05
Random Forest,5239,5239,5240,0.6395401009534493,0.8350515463917526,0.6395961862030286,0.8350515463917526,4.683407439099584e-05
Random Forest,5240,5240,5241,0.6395961862030286,0.8350515463917526,0.639652271452608,0.8350515463917526,4.683407439099584e-05
Random Forest,5241,5241,5242,0.639652271452608,0.8350515463917526,0.6397083567021873,0.8350515463917526,4.683407439099584e-05
Random Forest,5242,5242,5243,0.6397083567021873,0.8350515463917526,0.6397644419517667,0.8350515463917526,4.6834074391088544e-05
Random Forest,5243,5243,5244,0.6397644419517667,0.8350515463917526,0.6398205272013461,0.8350515463917526,4.683407439099584e-05
Random Forest,5244,5244,5245,0.6398205272013461,0.8350515463917526,0.6398766124509254,0.8350515463917526,4.683407439099584e-05
Random Forest,5245,5245,5246,0.6398766124509254,0.8350515463917526,0.6399887829500841,0.8350515463917526,9.366814878199168e-05
Random Forest,5246,5246,5247,0.6399887829500841,0.8350515463917526,0.6402692091979809,0.8350515463917526,0.00023417037195507188
Random Forest,5247,5247,5248,0.6402692091979809,0.8350515463917526,0.6403252944475603,0.8350515463917526,4.683407439099584e-05
Random Forest,5248,5248,5249,0.6403252944475603,0.8350515463917526,0.6403813796971397,0.8350515463917526,4.6834074391088544e-05
Random Forest,5249,5249,5250,0.6403813796971397,0.8350515463917526,0.640437464946719,0.8350515463917526,4.683407439099584e-05
Random Forest,5250,5250,5251,0.640437464946719,0.8350515463917526,0.6404935501962984,0.8350515463917526,4.683407439099584e-05
Random Forest,5251,5251,5252,0.6404935501962984,0.8350515463917526,0.6408861469433539,0.8350515463917526,0.00032783852073706355
Random Forest,5252,5252,5253,0.6408861469433539,0.8350515463917526,0.6409422321929332,0.8350515463917526,4.683407439099584e-05
Random Forest,5253,5253,5254,0.6409422321929332,0.8350515463917526,0.6409983174425126,0.8350515463917526,4.683407439099584e-05
Random Forest,5254,5254,5255,0.6409983174425126,0.8350515463917526,0.64122265844083,0.8366375892149088,0.00018751420477923663
Random Forest,5255,5255,5256,0.64122265844083,0.8366375892149088,0.6412787436904094,0.8366375892149088,4.692302799857608e-05
Random Forest,5256,5256,5257,0.6412787436904094,0.8366375892149088,0.6413348289399888,0.8366375892149088,4.692302799866896e-05
Random Forest,5257,5257,5258,0.6413348289399888,0.8366375892149088,0.6414469994391475,0.8366375892149088,9.384605599715216e-05
Random Forest,5258,5258,5259,0.6414469994391475,0.8366375892149088,0.6418956814357824,0.838223632038065,0.0003757400384190225
Random Forest,5259,5259,5260,0.6418956814357824,0.838223632038065,0.6419517666853618,0.838223632038065,4.7011981606249376e-05
Random Forest,5260,5260,5261,0.6419517666853618,0.838223632038065,0.6420078519349411,0.838223632038065,4.701198160615631e-05
Random Forest,5261,5261,5262,0.6420078519349411,0.838223632038065,0.6420639371845205,0.838223632038065,4.701198160615631e-05
Random Forest,5262,5262,5263,0.6420639371845205,0.838223632038065,0.6426808749298935,0.8390166534496432,0.0005173764200887513
Random Forest,5263,5263,5264,0.6426808749298935,0.8390166534496432,0.6427369601794728,0.8398096748612213,4.707869681184149e-05
Random Forest,5264,5264,5265,0.6427369601794728,0.8398096748612213,0.6427930454290521,0.8398096748612213,4.710093521373655e-05
Random Forest,5265,5265,5266,0.6427930454290521,0.8398096748612213,0.6428491306786315,0.8398096748612213,4.710093521373655e-05
Random Forest,5266,5266,5267,0.6428491306786315,0.8398096748612213,0.6429052159282109,0.8398096748612213,4.710093521382979e-05
Random Forest,5267,5267,5268,0.6429052159282109,0.8398096748612213,0.6429613011777903,0.8398096748612213,4.710093521373655e-05
Random Forest,5268,5268,5269,0.6429613011777903,0.8398096748612213,0.643073471676949,0.8398096748612213,9.42018704274731e-05
Random Forest,5269,5269,5270,0.643073471676949,0.8398096748612213,0.6431295569265283,0.8398096748612213,4.710093521373655e-05
Random Forest,5270,5270,5271,0.6431295569265283,0.8398096748612213,0.6431856421761076,0.8398096748612213,4.710093521373655e-05
Random Forest,5271,5271,5272,0.6431856421761076,0.8398096748612213,0.6434099831744251,0.8398096748612213,0.00018840374085503944
Random Forest,5272,5272,5273,0.6434099831744251,0.8398096748612213,0.6434660684240044,0.8398096748612213,4.710093521373655e-05
Random Forest,5273,5273,5274,0.6434660684240044,0.8398096748612213,0.6435221536735839,0.8398096748612213,4.710093521382979e-05
Random Forest,5274,5274,5275,0.6435221536735839,0.8398096748612213,0.6435782389231632,0.8398096748612213,4.710093521373655e-05
Random Forest,5275,5275,5276,0.6435782389231632,0.8398096748612213,0.6436343241727426,0.8398096748612213,4.710093521373655e-05
Random Forest,5276,5276,5277,0.6436343241727426,0.8398096748612213,0.64385866517106,0.8398096748612213,0.00018840374085503944
Random Forest,5277,5277,5278,0.64385866517106,0.8398096748612213,0.6439147504206394,0.8398096748612213,4.710093521373655e-05
Random Forest,5278,5278,5279,0.6439147504206394,0.8398096748612213,0.6439708356702187,0.8398096748612213,4.710093521373655e-05
Random Forest,5279,5279,5280,0.6439708356702187,0.8398096748612213,0.6440269209197981,0.8398096748612213,4.710093521373655e-05
Random Forest,5280,5280,5281,0.6440269209197981,0.8398096748612213,0.6440830061693774,0.8398096748612213,4.710093521373655e-05
Random Forest,5281,5281,5282,0.6440830061693774,0.8398096748612213,0.6442512619181155,0.8406026962727994,0.00014136952084698812
Random Forest,5282,5282,5283,0.6442512619181155,0.8406026962727994,0.6443073471676949,0.8406026962727994,4.7145412017526674e-05
Random Forest,5283,5283,5284,0.6443073471676949,0.8406026962727994,0.6443634324172742,0.8406026962727994,4.7145412017526674e-05
Random Forest,5284,5284,5285,0.6443634324172742,0.8406026962727994,0.6444195176668536,0.8406026962727994,4.7145412017526674e-05
Random Forest,5285,5285,5286,0.6444195176668536,0.8406026962727994,0.644475602916433,0.8406026962727994,4.714541201762e-05
Random Forest,5286,5286,5287,0.644475602916433,0.8406026962727994,0.6445316881660124,0.8406026962727994,4.7145412017526674e-05
Random Forest,5287,5287,5288,0.6445316881660124,0.8406026962727994,0.6445877734155917,0.8406026962727994,4.7145412017526674e-05
Random Forest,5288,5288,5289,0.6445877734155917,0.8406026962727994,0.644643858665171,0.8406026962727994,4.7145412017526674e-05
Random Forest,5289,5289,5290,0.644643858665171,0.8406026962727994,0.6446999439147504,0.8406026962727994,4.7145412017526674e-05
Random Forest,5290,5290,5291,0.6446999439147504,0.8406026962727994,0.6447560291643298,0.8406026962727994,4.714541201762e-05
Random Forest,5291,5291,5292,0.6447560291643298,0.8406026962727994,0.6448121144139092,0.8406026962727994,4.7145412017526674e-05
Random Forest,5292,5292,5293,0.6448121144139092,0.8406026962727994,0.6448681996634885,0.8406026962727994,4.7145412017526674e-05
Random Forest,5293,5293,5294,0.6448681996634885,0.8406026962727994,0.6449803701626472,0.8406026962727994,9.429082403505335e-05
Random Forest,5294,5294,5295,0.6449803701626472,0.8406026962727994,0.6450364554122265,0.8406026962727994,4.7145412017526674e-05
Random Forest,5295,5295,5296,0.6450364554122265,0.8406026962727994,0.645092540661806,0.8406026962727994,4.714541201762e-05
Random Forest,5296,5296,5297,0.645092540661806,0.8406026962727994,0.6452047111609647,0.8406026962727994,9.429082403505335e-05
Random Forest,5297,5297,5298,0.6452047111609647,0.8406026962727994,0.645260796410544,0.8406026962727994,4.7145412017526674e-05
Random Forest,5298,5298,5299,0.645260796410544,0.8406026962727994,0.645709478407179,0.8406026962727994,0.00037716329614040004
Random Forest,5299,5299,5300,0.645709478407179,0.8406026962727994,0.6457655636567583,0.8406026962727994,4.7145412017526674e-05
Random Forest,5300,5300,5301,0.6457655636567583,0.8406026962727994,0.645877734155917,0.8406026962727994,9.429082403505335e-05
Random Forest,5301,5301,5302,0.645877734155917,0.8406026962727994,0.6459899046550757,0.8406026962727994,9.429082403505335e-05
Random Forest,5302,5302,5303,0.6459899046550757,0.8406026962727994,0.6461581604038138,0.8406026962727994,0.00014143623605267333
Random Forest,5303,5303,5304,0.6461581604038138,0.8406026962727994,0.6462142456533931,0.8406026962727994,4.7145412017526674e-05
Random Forest,5304,5304,5305,0.6462142456533931,0.8406026962727994,0.6463264161525519,0.8406026962727994,9.429082403514667e-05
Random Forest,5305,5305,5306,0.6463264161525519,0.8406026962727994,0.6463825014021313,0.8406026962727994,4.7145412017526674e-05
Random Forest,5306,5306,5307,0.6463825014021313,0.8406026962727994,0.6464385866517106,0.8406026962727994,4.7145412017526674e-05
Random Forest,5307,5307,5308,0.6464385866517106,0.8406026962727994,0.64649467190129,0.8406026962727994,4.7145412017526674e-05
Random Forest,5308,5308,5309,0.64649467190129,0.8406026962727994,0.6466068424004486,0.8406026962727994,9.429082403505335e-05
Random Forest,5309,5309,5310,0.6466068424004486,0.8406026962727994,0.6466629276500281,0.8406026962727994,4.714541201762e-05
Random Forest,5310,5310,5311,0.6466629276500281,0.8406026962727994,0.6467190128996074,0.8406026962727994,4.7145412017526674e-05
Random Forest,5311,5311,5312,0.6467190128996074,0.8406026962727994,0.6467750981491868,0.8406026962727994,4.7145412017526674e-05
Random Forest,5312,5312,5313,0.6467750981491868,0.8406026962727994,0.6468311833987661,0.8406026962727994,4.7145412017526674e-05
Random Forest,5313,5313,5314,0.6468311833987661,0.8406026962727994,0.6468872686483454,0.8406026962727994,4.7145412017526674e-05
Random Forest,5314,5314,5315,0.6468872686483454,0.8406026962727994,0.6468872686483454,0.8421887390959556,0.0
Random Forest,5315,5315,5316,0.6468872686483454,0.8421887390959556,0.6470555243970836,0.8421887390959556,0.00014170309687541423
Random Forest,5316,5316,5317,0.6470555243970836,0.8421887390959556,0.6470555243970836,0.8429817605075337,0.0
Random Forest,5317,5317,5318,0.6470555243970836,0.8429817605075337,0.6471116096466629,0.8429817605075337,4.727884242889703e-05
Random Forest,5318,5318,5319,0.6471116096466629,0.8429817605075337,0.6471676948962423,0.8429817605075337,4.727884242889703e-05
Random Forest,5319,5319,5320,0.6471676948962423,0.8429817605075337,0.6474481211441391,0.845360824742268,0.00023672778817300475
Random Forest,5320,5320,5321,0.6474481211441391,0.845360824742268,0.6475042063937184,0.845360824742268,4.741227284026739e-05
Random Forest,5321,5321,5322,0.6475042063937184,0.845360824742268,0.6476163768928772,0.845360824742268,9.482454568062863e-05
Random Forest,5322,5322,5323,0.6476163768928772,0.845360824742268,0.6525518788558609,0.8469468675654243,0.00417619396867847
Random Forest,5323,5323,5324,0.6525518788558609,0.8469468675654243,0.6526079641054403,0.8469468675654243,4.7501226447941654e-05
Random Forest,5324,5324,5325,0.6526079641054403,0.8469468675654243,0.6526640493550196,0.8469468675654243,4.750122644784763e-05
Random Forest,5325,5325,5326,0.6526640493550196,0.8469468675654243,0.6528883903533371,0.8469468675654243,0.00019000490579148453
Random Forest,5326,5326,5327,0.6528883903533371,0.8469468675654243,0.6529444756029165,0.8469468675654243,4.750122644784763e-05
Random Forest,5327,5327,5328,0.6529444756029165,0.8469468675654243,0.6530005608524958,0.8469468675654243,4.750122644784763e-05
Random Forest,5328,5328,5329,0.6530005608524958,0.8469468675654243,0.6531127313516545,0.8469468675654243,9.500245289569525e-05
Random Forest,5329,5329,5330,0.6531127313516545,0.8469468675654243,0.6531688166012338,0.8469468675654243,4.750122644784763e-05
Random Forest,5330,5330,5331,0.6531688166012338,0.8469468675654243,0.6532249018508133,0.8469468675654243,4.7501226447941654e-05
Random Forest,5331,5331,5332,0.6532249018508133,0.8469468675654243,0.6532809871003926,0.8469468675654243,4.750122644784763e-05
Random Forest,5332,5332,5333,0.6532809871003926,0.8469468675654243,0.6533931575995513,0.8469468675654243,9.500245289569525e-05
Random Forest,5333,5333,5334,0.6533931575995513,0.8469468675654243,0.6534492428491306,0.8469468675654243,4.750122644784763e-05
Random Forest,5334,5334,5335,0.6534492428491306,0.8469468675654243,0.6535053280987101,0.8469468675654243,4.7501226447941654e-05
Random Forest,5335,5335,5336,0.6535053280987101,0.8469468675654243,0.6535614133482894,0.8469468675654243,4.750122644784763e-05
Random Forest,5336,5336,5337,0.6535614133482894,0.8469468675654243,0.6536174985978688,0.8469468675654243,4.750122644784763e-05
Random Forest,5337,5337,5338,0.6536174985978688,0.8469468675654243,0.6540100953449243,0.8469468675654243,0.0003325085851350274
Random Forest,5338,5338,5339,0.6540100953449243,0.8469468675654243,0.6541783510936624,0.8469468675654243,0.00014250367934363691
Random Forest,5339,5339,5340,0.6541783510936624,0.8469468675654243,0.6542905215928211,0.8469468675654243,9.500245289569525e-05
Random Forest,5340,5340,5341,0.6542905215928211,0.8469468675654243,0.6544026920919798,0.8469468675654243,9.500245289569525e-05
Random Forest,5341,5341,5342,0.6544026920919798,0.8469468675654243,0.6544587773415592,0.8469468675654243,4.7501226447941654e-05
Random Forest,5342,5342,5343,0.6544587773415592,0.8469468675654243,0.6545148625911386,0.8469468675654243,4.750122644784763e-05
Random Forest,5343,5343,5344,0.6545148625911386,0.8469468675654243,0.6545709478407179,0.8469468675654243,4.750122644784763e-05
Random Forest,5344,5344,5345,0.6545709478407179,0.8469468675654243,0.6546270330902972,0.8469468675654243,4.750122644784763e-05
Random Forest,5345,5345,5346,0.6546270330902972,0.8469468675654243,0.6546831183398766,0.8469468675654243,4.750122644784763e-05
Random Forest,5346,5346,5347,0.6546831183398766,0.8469468675654243,0.6547392035894559,0.8469468675654243,4.750122644784763e-05
Random Forest,5347,5347,5348,0.6547392035894559,0.8469468675654243,0.6547952888390354,0.8469468675654243,4.7501226447941654e-05
Random Forest,5348,5348,5349,0.6547952888390354,0.8469468675654243,0.6547952888390354,0.8477398889770024,0.0
Random Forest,5349,5349,5350,0.6547952888390354,0.8477398889770024,0.6548513740886147,0.8477398889770024,4.754570325163774e-05
Random Forest,5350,5350,5351,0.6548513740886147,0.8477398889770024,0.654907459338194,0.8477398889770024,4.754570325163774e-05
Random Forest,5351,5351,5352,0.654907459338194,0.8477398889770024,0.6550196298373527,0.8477398889770024,9.509140650327549e-05
Random Forest,5352,5352,5353,0.6550196298373527,0.8477398889770024,0.6550757150869322,0.8477398889770024,4.7545703251731866e-05
Random Forest,5353,5353,5354,0.6550757150869322,0.8477398889770024,0.6551318003365115,0.8477398889770024,4.754570325163774e-05
Random Forest,5354,5354,5355,0.6551318003365115,0.8477398889770024,0.6551878855860909,0.8477398889770024,4.754570325163774e-05
Random Forest,5355,5355,5356,0.6551878855860909,0.8477398889770024,0.6552439708356702,0.8477398889770024,4.754570325163774e-05
Random Forest,5356,5356,5357,0.6552439708356702,0.8477398889770024,0.6553561413348289,0.8477398889770024,9.509140650327549e-05
Random Forest,5357,5357,5358,0.6553561413348289,0.8477398889770024,0.6554122265844083,0.8477398889770024,4.7545703251731866e-05
Random Forest,5358,5358,5359,0.6554122265844083,0.8477398889770024,0.6554683118339877,0.8477398889770024,4.754570325163774e-05
Random Forest,5359,5359,5360,0.6554683118339877,0.8477398889770024,0.655524397083567,0.8477398889770024,4.754570325163774e-05
Random Forest,5360,5360,5361,0.655524397083567,0.8477398889770024,0.6556365675827257,0.8477398889770024,9.509140650327549e-05
Random Forest,5361,5361,5362,0.6556365675827257,0.8477398889770024,0.6556926528323052,0.8477398889770024,4.7545703251731866e-05
Random Forest,5362,5362,5363,0.6556926528323052,0.8477398889770024,0.6569826135726304,0.8485329103885805,0.0010940626580316312
Random Forest,5363,5363,5364,0.6569826135726304,0.8485329103885805,0.6570386988222098,0.8485329103885805,4.759018005542787e-05
Random Forest,5364,5364,5365,0.6570386988222098,0.8485329103885805,0.6570947840717891,0.8485329103885805,4.759018005542787e-05
Random Forest,5365,5365,5366,0.6570947840717891,0.8485329103885805,0.6571508693213685,0.8485329103885805,4.759018005542787e-05
Random Forest,5366,5366,5367,0.6571508693213685,0.8485329103885805,0.6572069545709478,0.8485329103885805,4.759018005542787e-05
Random Forest,5367,5367,5368,0.6572069545709478,0.8485329103885805,0.6578238923163208,0.8485329103885805,0.0005234919806098949
Random Forest,5368,5368,5369,0.6578238923163208,0.8485329103885805,0.6580482333146382,0.8493259318001586,0.00019044967382938596
Random Forest,5369,5369,5370,0.6580482333146382,0.8493259318001586,0.6582164890633764,0.8493259318001586,0.00014290397057774824
Random Forest,5370,5370,5371,0.6582164890633764,0.8493259318001586,0.6583286595625351,0.8493259318001586,9.526931371843597e-05
Random Forest,5371,5371,5372,0.6583286595625351,0.8493259318001586,0.6584408300616937,0.8493259318001586,9.526931371843597e-05
Random Forest,5372,5372,5373,0.6584408300616937,0.8493259318001586,0.6585530005608525,0.8493259318001586,9.526931371853026e-05
Random Forest,5373,5373,5374,0.6585530005608525,0.8493259318001586,0.6586090858104319,0.8493259318001586,4.763465685921798e-05
Random Forest,5374,5374,5375,0.6586090858104319,0.8493259318001586,0.6586651710600112,0.8493259318001586,4.763465685921798e-05
Random Forest,5375,5375,5376,0.6586651710600112,0.8493259318001586,0.6587773415591699,0.8501189532117367,9.531379052222609e-05
Random Forest,5376,5376,5377,0.6587773415591699,0.8501189532117367,0.6588334268087493,0.8501189532117367,4.7679133663102486e-05
Random Forest,5377,5377,5378,0.6588334268087493,0.8501189532117367,0.658945597307908,0.8501189532117367,9.535826732601621e-05
Random Forest,5378,5378,5379,0.658945597307908,0.8501189532117367,0.6590016825574874,0.8501189532117367,4.7679133663008107e-05
Random Forest,5379,5379,5380,0.6590016825574874,0.8501189532117367,0.6590577678070667,0.8501189532117367,4.7679133663008107e-05
Random Forest,5380,5380,5381,0.6590577678070667,0.8501189532117367,0.6591699383062255,0.8509119746233148,9.540274412990076e-05
Random Forest,5381,5381,5382,0.6591699383062255,0.8509119746233148,0.6592260235558048,0.8509119746233148,4.772361046679822e-05
Random Forest,5382,5382,5383,0.6592260235558048,0.8509119746233148,0.6592821088053842,0.8509119746233148,4.772361046679822e-05
Random Forest,5383,5383,5384,0.6592821088053842,0.8509119746233148,0.6593381940549635,0.8509119746233148,4.772361046679822e-05
Random Forest,5384,5384,5385,0.6593381940549635,0.8509119746233148,0.6593942793045429,0.8509119746233148,4.772361046679822e-05
Random Forest,5385,5385,5386,0.6593942793045429,0.8509119746233148,0.6594503645541223,0.8509119746233148,4.772361046689269e-05
Random Forest,5386,5386,5387,0.6594503645541223,0.8509119746233148,0.6595064498037017,0.8509119746233148,4.772361046679822e-05
Random Forest,5387,5387,5388,0.6595064498037017,0.8509119746233148,0.659562535053281,0.8509119746233148,4.772361046679822e-05
Random Forest,5388,5388,5389,0.659562535053281,0.8509119746233148,0.6596186203028603,0.8509119746233148,4.772361046679822e-05
Random Forest,5389,5389,5390,0.6596186203028603,0.8509119746233148,0.6596747055524397,0.8509119746233148,4.772361046679822e-05
Random Forest,5390,5390,5391,0.6596747055524397,0.8509119746233148,0.659730790802019,0.8509119746233148,4.772361046679822e-05
Random Forest,5391,5391,5392,0.659730790802019,0.8509119746233148,0.6597868760515985,0.8509119746233148,4.772361046689269e-05
Random Forest,5392,5392,5393,0.6597868760515985,0.8509119746233148,0.6598990465507572,0.8509119746233148,9.544722093359645e-05
Random Forest,5393,5393,5394,0.6598990465507572,0.8509119746233148,0.6600112170499158,0.8509119746233148,9.544722093359645e-05
Random Forest,5394,5394,5395,0.6600112170499158,0.8509119746233148,0.6600673022994953,0.8509119746233148,4.772361046689269e-05
Random Forest,5395,5395,5396,0.6600673022994953,0.8509119746233148,0.6601233875490746,0.8509119746233148,4.772361046679822e-05
Random Forest,5396,5396,5397,0.6601233875490746,0.8509119746233148,0.660179472798654,0.8509119746233148,4.772361046679822e-05
Random Forest,5397,5397,5398,0.660179472798654,0.8509119746233148,0.6602916432978126,0.8509119746233148,9.544722093359645e-05
Random Forest,5398,5398,5399,0.6602916432978126,0.8509119746233148,0.660347728547392,0.8509119746233148,4.772361046679822e-05
Random Forest,5399,5399,5400,0.660347728547392,0.8509119746233148,0.6604038137969714,0.8509119746233148,4.772361046689269e-05
Random Forest,5400,5400,5401,0.6604038137969714,0.8509119746233148,0.6604598990465508,0.8509119746233148,4.772361046679822e-05
Random Forest,5401,5401,5402,0.6604598990465508,0.8509119746233148,0.6605159842961301,0.8509119746233148,4.772361046679822e-05
Random Forest,5402,5402,5403,0.6605159842961301,0.8509119746233148,0.6605720695457095,0.8509119746233148,4.772361046679822e-05
Random Forest,5403,5403,5404,0.6605720695457095,0.8509119746233148,0.6606281547952888,0.8509119746233148,4.772361046679822e-05
Random Forest,5404,5404,5405,0.6606281547952888,0.8509119746233148,0.6606842400448683,0.8509119746233148,4.772361046689269e-05
Random Forest,5405,5405,5406,0.6606842400448683,0.8509119746233148,0.6607403252944476,0.8509119746233148,4.772361046679822e-05
Random Forest,5406,5406,5407,0.6607403252944476,0.8509119746233148,0.6607964105440269,0.8509119746233148,4.772361046679822e-05
Random Forest,5407,5407,5408,0.6607964105440269,0.8509119746233148,0.6608524957936063,0.8509119746233148,4.772361046679822e-05
Random Forest,5408,5408,5409,0.6608524957936063,0.8509119746233148,0.6610768367919237,0.8509119746233148,0.00019089444186728735
Random Forest,5409,5409,5410,0.6610768367919237,0.8509119746233148,0.6611329220415031,0.8509119746233148,4.772361046679822e-05
Random Forest,5410,5410,5411,0.6611329220415031,0.8509119746233148,0.6611890072910824,0.8509119746233148,4.772361046679822e-05
Random Forest,5411,5411,5412,0.6611890072910824,0.8509119746233148,0.6612450925406618,0.8509119746233148,4.772361046679822e-05
Random Forest,5412,5412,5413,0.6612450925406618,0.8509119746233148,0.6613011777902411,0.8509119746233148,4.772361046679822e-05
Random Forest,5413,5413,5414,0.6613011777902411,0.8509119746233148,0.6613572630398206,0.8509119746233148,4.772361046689269e-05
Random Forest,5414,5414,5415,0.6613572630398206,0.8509119746233148,0.6614694335389792,0.8509119746233148,9.544722093359645e-05
Random Forest,5415,5415,5416,0.6614694335389792,0.8509119746233148,0.6615816040381379,0.8509119746233148,9.544722093359645e-05
Random Forest,5416,5416,5417,0.6615816040381379,0.8509119746233148,0.6616376892877174,0.8509119746233148,4.772361046689269e-05
Random Forest,5417,5417,5418,0.6616376892877174,0.8509119746233148,0.6616937745372967,0.8509119746233148,4.772361046679822e-05
Random Forest,5418,5418,5419,0.6616937745372967,0.8509119746233148,0.6617498597868761,0.8509119746233148,4.772361046679822e-05
Random Forest,5419,5419,5420,0.6617498597868761,0.8509119746233148,0.6624228827818284,0.8509119746233148,0.0005726833256017676
Random Forest,5420,5420,5421,0.6624228827818284,0.8509119746233148,0.6624789680314077,0.8509119746233148,4.772361046679822e-05
Random Forest,5421,5421,5422,0.6624789680314077,0.8509119746233148,0.662535053280987,0.8509119746233148,4.772361046679822e-05
Random Forest,5422,5422,5423,0.662535053280987,0.8509119746233148,0.6625911385305665,0.8509119746233148,4.772361046689269e-05
Random Forest,5423,5423,5424,0.6625911385305665,0.8509119746233148,0.6627033090297252,0.8509119746233148,9.544722093359645e-05
Random Forest,5424,5424,5425,0.6627033090297252,0.8509119746233148,0.6627593942793045,0.8509119746233148,4.772361046679822e-05
Random Forest,5425,5425,5426,0.6627593942793045,0.8509119746233148,0.66315199102636,0.8509119746233148,0.000334065273267682
Random Forest,5426,5426,5427,0.66315199102636,0.8509119746233148,0.6632080762759395,0.8509119746233148,4.772361046689269e-05
Random Forest,5427,5427,5428,0.6632080762759395,0.8509119746233148,0.6633202467750982,0.8509119746233148,9.544722093359645e-05
Random Forest,5428,5428,5429,0.6633202467750982,0.8509119746233148,0.6633763320246775,0.8509119746233148,4.772361046679822e-05
Random Forest,5429,5429,5430,0.6633763320246775,0.8509119746233148,0.6634324172742568,0.8509119746233148,4.772361046679822e-05
Random Forest,5430,5430,5431,0.6634324172742568,0.8509119746233148,0.663600673022995,0.8509119746233148,0.00014317083140048914
Random Forest,5431,5431,5432,0.663600673022995,0.8509119746233148,0.6636567582725743,0.8509119746233148,4.772361046679822e-05
Random Forest,5432,5432,5433,0.6636567582725743,0.8509119746233148,0.6637128435221537,0.8509119746233148,4.772361046679822e-05
Random Forest,5433,5433,5434,0.6637128435221537,0.8509119746233148,0.663768928771733,0.8509119746233148,4.772361046679822e-05
Random Forest,5434,5434,5435,0.663768928771733,0.8509119746233148,0.6638250140213124,0.8509119746233148,4.772361046689269e-05
Random Forest,5435,5435,5436,0.6638250140213124,0.8509119746233148,0.6638810992708918,0.8509119746233148,4.772361046679822e-05
Random Forest,5436,5436,5437,0.6638810992708918,0.8509119746233148,0.6639371845204711,0.8509119746233148,4.772361046679822e-05
Random Forest,5437,5437,5438,0.6639371845204711,0.8509119746233148,0.6639932697700505,0.8509119746233148,4.772361046679822e-05
Random Forest,5438,5438,5439,0.6639932697700505,0.8509119746233148,0.6641054402692091,0.8509119746233148,9.544722093359645e-05
Random Forest,5439,5439,5440,0.6641054402692091,0.8509119746233148,0.6641615255187886,0.8509119746233148,4.772361046689269e-05
Random Forest,5440,5440,5441,0.6641615255187886,0.8509119746233148,0.6642736960179473,0.8509119746233148,9.544722093359645e-05
Random Forest,5441,5441,5442,0.6642736960179473,0.8509119746233148,0.6643297812675266,0.8509119746233148,4.772361046679822e-05
Random Forest,5442,5442,5443,0.6643297812675266,0.8509119746233148,0.6644419517666854,0.8509119746233148,9.544722093369092e-05
Random Forest,5443,5443,5444,0.6644419517666854,0.8509119746233148,0.6644980370162648,0.8509119746233148,4.772361046679822e-05
Random Forest,5444,5444,5445,0.6644980370162648,0.8509119746233148,0.6646102075154234,0.8509119746233148,9.544722093359645e-05
Random Forest,5445,5445,5446,0.6646102075154234,0.8509119746233148,0.6646662927650028,0.8509119746233148,4.772361046679822e-05
Random Forest,5446,5446,5447,0.6646662927650028,0.8509119746233148,0.6650028042624789,0.8509119746233148,0.0002863416628008838
Random Forest,5447,5447,5448,0.6650028042624789,0.8509119746233148,0.6650588895120584,0.8509119746233148,4.772361046689269e-05
Random Forest,5448,5448,5449,0.6650588895120584,0.8509119746233148,0.6651149747616377,0.8509119746233148,4.772361046679822e-05
Random Forest,5449,5449,5450,0.6651149747616377,0.8509119746233148,0.6651710600112171,0.8509119746233148,4.772361046679822e-05
Random Forest,5450,5450,5451,0.6651710600112171,0.8509119746233148,0.6652271452607964,0.8509119746233148,4.772361046679822e-05
Random Forest,5451,5451,5452,0.6652271452607964,0.8509119746233148,0.6652832305103757,0.8509119746233148,4.772361046679822e-05
Random Forest,5452,5452,5453,0.6652832305103757,0.8509119746233148,0.6653393157599551,0.8509119746233148,4.772361046679822e-05
Random Forest,5453,5453,5454,0.6653393157599551,0.8509119746233148,0.6653954010095345,0.8509119746233148,4.772361046689269e-05
Random Forest,5454,5454,5455,0.6653954010095345,0.8509119746233148,0.6654514862591139,0.8509119746233148,4.772361046679822e-05
Random Forest,5455,5455,5456,0.6654514862591139,0.8509119746233148,0.6655075715086932,0.8509119746233148,4.772361046679822e-05
Random Forest,5456,5456,5457,0.6655075715086932,0.8509119746233148,0.6655636567582726,0.8509119746233148,4.772361046679822e-05
Random Forest,5457,5457,5458,0.6655636567582726,0.8509119746233148,0.6656197420078519,0.8509119746233148,4.772361046679822e-05
Random Forest,5458,5458,5459,0.6656197420078519,0.8509119746233148,0.6660123387549075,0.8517049960348929,0.000334220942081042
Random Forest,5459,5459,5460,0.6660123387549075,0.8517049960348929,0.6661245092540662,0.8517049960348929,9.553617454117668e-05
Random Forest,5460,5460,5461,0.6661245092540662,0.8517049960348929,0.6661805945036455,0.8517049960348929,4.776808727058834e-05
Random Forest,5461,5461,5462,0.6661805945036455,0.8517049960348929,0.6662366797532249,0.8517049960348929,4.776808727058834e-05
Random Forest,5462,5462,5463,0.6662366797532249,0.8517049960348929,0.666573191250701,0.8517049960348929,0.0002866085236236246
Random Forest,5463,5463,5464,0.666573191250701,0.8517049960348929,0.6666292765002805,0.8517049960348929,4.77680872706829e-05
Random Forest,5464,5464,5465,0.6666292765002805,0.8517049960348929,0.6666853617498598,0.8517049960348929,4.776808727058834e-05
Random Forest,5465,5465,5466,0.6666853617498598,0.8517049960348929,0.6666853617498598,0.852498017446471,0.0
Random Forest,5466,5466,5467,0.6666853617498598,0.852498017446471,0.6667414469994392,0.852498017446471,4.781256407437846e-05
Random Forest,5467,5467,5468,0.6667414469994392,0.852498017446471,0.6667975322490185,0.852498017446471,4.781256407437846e-05
Random Forest,5468,5468,5469,0.6667975322490185,0.852498017446471,0.6668536174985978,0.852498017446471,4.781256407437846e-05
Random Forest,5469,5469,5470,0.6668536174985978,0.852498017446471,0.6669097027481772,0.852498017446471,4.781256407437846e-05
Random Forest,5470,5470,5471,0.6669097027481772,0.852498017446471,0.667021873247336,0.852498017446471,9.562512814885156e-05
Random Forest,5471,5471,5472,0.667021873247336,0.852498017446471,0.6670779584969153,0.852498017446471,4.781256407437846e-05
Random Forest,5472,5472,5473,0.6670779584969153,0.852498017446471,0.6671340437464947,0.852498017446471,4.781256407437846e-05
Random Forest,5473,5473,5474,0.6671340437464947,0.852498017446471,0.667190128996074,0.852498017446471,4.781256407437846e-05
Random Forest,5474,5474,5475,0.667190128996074,0.852498017446471,0.6672462142456534,0.852498017446471,4.781256407447311e-05
Random Forest,5475,5475,5476,0.6672462142456534,0.852498017446471,0.6673022994952328,0.852498017446471,4.781256407437846e-05
Random Forest,5476,5476,5477,0.6673022994952328,0.852498017446471,0.6673583847448121,0.852498017446471,4.781256407437846e-05
Random Forest,5477,5477,5478,0.6673583847448121,0.852498017446471,0.6674144699943915,0.852498017446471,4.781256407437846e-05
Random Forest,5478,5478,5479,0.6674144699943915,0.852498017446471,0.6674705552439708,0.852498017446471,4.781256407437846e-05
Random Forest,5479,5479,5480,0.6674705552439708,0.852498017446471,0.6675266404935501,0.852498017446471,4.781256407437846e-05
Random Forest,5480,5480,5481,0.6675266404935501,0.852498017446471,0.6676948962422883,0.852498017446471,0.00014343769222323002
Random Forest,5481,5481,5482,0.6676948962422883,0.852498017446471,0.6677509814918676,0.852498017446471,4.781256407437846e-05
Random Forest,5482,5482,5483,0.6677509814918676,0.852498017446471,0.667807066741447,0.852498017446471,4.781256407437846e-05
Random Forest,5483,5483,5484,0.667807066741447,0.852498017446471,0.6678631519910263,0.852498017446471,4.781256407437846e-05
Random Forest,5484,5484,5485,0.6678631519910263,0.852498017446471,0.6679753224901851,0.852498017446471,9.562512814885156e-05
Random Forest,5485,5485,5486,0.6679753224901851,0.852498017446471,0.6680314077397644,0.852498017446471,4.781256407437846e-05
Random Forest,5486,5486,5487,0.6680314077397644,0.852498017446471,0.6680874929893438,0.852498017446471,4.781256407437846e-05
Random Forest,5487,5487,5488,0.6680874929893438,0.852498017446471,0.6681435782389231,0.852498017446471,4.781256407437846e-05
Random Forest,5488,5488,5489,0.6681435782389231,0.852498017446471,0.6681996634885026,0.852498017446471,4.781256407447311e-05
Random Forest,5489,5489,5490,0.6681996634885026,0.852498017446471,0.6682557487380819,0.852498017446471,4.781256407437846e-05
Random Forest,5490,5490,5491,0.6682557487380819,0.852498017446471,0.6683679192372406,0.852498017446471,9.562512814875693e-05
Random Forest,5491,5491,5492,0.6683679192372406,0.852498017446471,0.6685922602355581,0.8532910388580491,0.00019133920990518878
Random Forest,5492,5492,5493,0.6685922602355581,0.8532910388580491,0.6687044307347167,0.8532910388580491,9.571408175633716e-05
Random Forest,5493,5493,5494,0.6687044307347167,0.8532910388580491,0.6688166012338755,0.8532910388580491,9.571408175643189e-05
Random Forest,5494,5494,5495,0.6688166012338755,0.8532910388580491,0.6688726864834549,0.8532910388580491,4.785704087816858e-05
Random Forest,5495,5495,5496,0.6688726864834549,0.8532910388580491,0.6689287717330342,0.8532910388580491,4.785704087816858e-05
Random Forest,5496,5496,5497,0.6689287717330342,0.8532910388580491,0.6689848569826136,0.8532910388580491,4.785704087816858e-05
Random Forest,5497,5497,5498,0.6689848569826136,0.8532910388580491,0.6690409422321929,0.8532910388580491,4.785704087816858e-05
Random Forest,5498,5498,5499,0.6690409422321929,0.8532910388580491,0.6690970274817722,0.8532910388580491,4.785704087816858e-05
Random Forest,5499,5499,5500,0.6690970274817722,0.8532910388580491,0.6691531127313517,0.8532910388580491,4.785704087826331e-05
Random Forest,5500,5500,5501,0.6691531127313517,0.8532910388580491,0.6696017947279865,0.8532910388580491,0.0003828563270254434
Random Forest,5501,5501,5502,0.6696017947279865,0.8532910388580491,0.6696578799775659,0.8532910388580491,4.785704087816858e-05
Random Forest,5502,5502,5503,0.6696578799775659,0.8532910388580491,0.6696578799775659,0.8540840602696272,0.0
Random Forest,5503,5503,5504,0.6696578799775659,0.8540840602696272,0.6697139652271452,0.8540840602696272,4.79015176819587e-05
Random Forest,5504,5504,5505,0.6697139652271452,0.8540840602696272,0.6699383062254627,0.8540840602696272,0.00019160607072792962
Random Forest,5505,5505,5506,0.6699383062254627,0.8540840602696272,0.669994391475042,0.8540840602696272,4.79015176819587e-05
Random Forest,5506,5506,5507,0.669994391475042,0.8540840602696272,0.6701065619742008,0.8540840602696272,9.580303536401222e-05
Random Forest,5507,5507,5508,0.6701065619742008,0.8540840602696272,0.6701626472237802,0.8540840602696272,4.79015176819587e-05
Random Forest,5508,5508,5509,0.6701626472237802,0.8540840602696272,0.670611329220415,0.8548770816812054,0.00038339004867092493
Random Forest,5509,5509,5510,0.670611329220415,0.8548770816812054,0.6706674144699943,0.8548770816812054,4.794599448574882e-05
Random Forest,5510,5510,5511,0.6706674144699943,0.8548770816812054,0.6707234997195738,0.8548770816812054,4.794599448584373e-05
Random Forest,5511,5511,5512,0.6707234997195738,0.8548770816812054,0.6707795849691531,0.8548770816812054,4.794599448574882e-05
Random Forest,5512,5512,5513,0.6707795849691531,0.8548770816812054,0.6708356702187325,0.8548770816812054,4.794599448574882e-05
Random Forest,5513,5513,5514,0.6708356702187325,0.8548770816812054,0.6708917554683118,0.8548770816812054,4.794599448574882e-05
Random Forest,5514,5514,5515,0.6708917554683118,0.8548770816812054,0.6709478407178912,0.8548770816812054,4.794599448574882e-05
Random Forest,5515,5515,5516,0.6709478407178912,0.8548770816812054,0.6710039259674706,0.8548770816812054,4.794599448584373e-05
Random Forest,5516,5516,5517,0.6710039259674706,0.8548770816812054,0.67106001121705,0.8548770816812054,4.794599448574882e-05
Random Forest,5517,5517,5518,0.67106001121705,0.8548770816812054,0.6711160964666293,0.8548770816812054,4.794599448574882e-05
Random Forest,5518,5518,5519,0.6711160964666293,0.8548770816812054,0.671228266965788,0.8548770816812054,9.589198897149764e-05
Random Forest,5519,5519,5520,0.671228266965788,0.8548770816812054,0.6712843522153673,0.8548770816812054,4.794599448574882e-05
Random Forest,5520,5520,5521,0.6712843522153673,0.8548770816812054,0.6713404374649468,0.8548770816812054,4.794599448584373e-05
Random Forest,5521,5521,5522,0.6713404374649468,0.8548770816812054,0.6713965227145261,0.8548770816812054,4.794599448574882e-05
Random Forest,5522,5522,5523,0.6713965227145261,0.8548770816812054,0.6714526079641054,0.8548770816812054,4.794599448574882e-05
Random Forest,5523,5523,5524,0.6714526079641054,0.8548770816812054,0.6715086932136848,0.8548770816812054,4.794599448574882e-05
Random Forest,5524,5524,5525,0.6715086932136848,0.8548770816812054,0.6716208637128436,0.8548770816812054,9.589198897159255e-05
Random Forest,5525,5525,5526,0.6716208637128436,0.8548770816812054,0.6718452047111609,0.8548770816812054,0.00019178397794299528
Random Forest,5526,5526,5527,0.6718452047111609,0.8548770816812054,0.6719012899607403,0.8548770816812054,4.794599448574882e-05
Random Forest,5527,5527,5528,0.6719012899607403,0.8548770816812054,0.6719573752103197,0.8548770816812054,4.794599448584373e-05
Random Forest,5528,5528,5529,0.6719573752103197,0.8548770816812054,0.6720134604598991,0.8548770816812054,4.794599448574882e-05
Random Forest,5529,5529,5530,0.6720134604598991,0.8548770816812054,0.6721256309590578,0.8548770816812054,9.589198897149764e-05
Random Forest,5530,5530,5531,0.6721256309590578,0.8548770816812054,0.6721817162086371,0.8548770816812054,4.794599448574882e-05
Random Forest,5531,5531,5532,0.6721817162086371,0.8548770816812054,0.6722378014582165,0.8548770816812054,4.794599448584373e-05
Random Forest,5532,5532,5533,0.6722378014582165,0.8548770816812054,0.6723499719573752,0.8548770816812054,9.589198897149764e-05
Random Forest,5533,5533,5534,0.6723499719573752,0.8548770816812054,0.6724060572069546,0.8548770816812054,4.794599448574882e-05
Random Forest,5534,5534,5535,0.6724060572069546,0.8548770816812054,0.6724621424565339,0.8548770816812054,4.794599448574882e-05
Random Forest,5535,5535,5536,0.6724621424565339,0.8548770816812054,0.6725182277061132,0.8548770816812054,4.794599448574882e-05
Random Forest,5536,5536,5537,0.6725182277061132,0.8548770816812054,0.6725743129556927,0.8548770816812054,4.794599448584373e-05
Random Forest,5537,5537,5538,0.6725743129556927,0.8548770816812054,0.672630398205272,0.8548770816812054,4.794599448574882e-05
Random Forest,5538,5538,5539,0.672630398205272,0.8548770816812054,0.6729108244531689,0.8548770816812054,0.000239729972428839
Random Forest,5539,5539,5540,0.6729108244531689,0.8548770816812054,0.6729669097027482,0.8548770816812054,4.794599448574882e-05
Random Forest,5540,5540,5541,0.6729669097027482,0.8548770816812054,0.6730229949523275,0.8548770816812054,4.794599448574882e-05
Random Forest,5541,5541,5542,0.6730229949523275,0.8548770816812054,0.673247335950645,0.8548770816812054,0.0001917839779430902
Random Forest,5542,5542,5543,0.673247335950645,0.8548770816812054,0.6735838474481212,0.8548770816812054,0.0002876759669145878
Random Forest,5543,5543,5544,0.6735838474481212,0.8548770816812054,0.6739203589455973,0.8548770816812054,0.0002876759669145878
Random Forest,5544,5544,5545,0.6739203589455973,0.8548770816812054,0.6739764441951767,0.8556701030927835,4.796823288764388e-05
Random Forest,5545,5545,5546,0.6739764441951767,0.8556701030927835,0.674032529444756,0.8556701030927835,4.7990471289538936e-05
Random Forest,5546,5546,5547,0.674032529444756,0.8556701030927835,0.6740886146943353,0.8556701030927835,4.7990471289538936e-05
Random Forest,5547,5547,5548,0.6740886146943353,0.8556701030927835,0.6741446999439148,0.8556701030927835,4.799047128963394e-05
Random Forest,5548,5548,5549,0.6741446999439148,0.8556701030927835,0.6742007851934941,0.8556701030927835,4.7990471289538936e-05
Random Forest,5549,5549,5550,0.6742007851934941,0.8556701030927835,0.6743690409422322,0.8556701030927835,0.00014397141386861682
Random Forest,5550,5550,5551,0.6743690409422322,0.8556701030927835,0.674481211441391,0.8556701030927835,9.598094257917288e-05
Random Forest,5551,5551,5552,0.674481211441391,0.8556701030927835,0.6745933819405496,0.8556701030927835,9.598094257907787e-05
Random Forest,5552,5552,5553,0.6745933819405496,0.8556701030927835,0.674649467190129,0.8556701030927835,4.7990471289538936e-05
Random Forest,5553,5553,5554,0.674649467190129,0.8556701030927835,0.6747055524397083,0.8556701030927835,4.7990471289538936e-05
Random Forest,5554,5554,5555,0.6747055524397083,0.8556701030927835,0.6747616376892878,0.8556701030927835,4.799047128963394e-05
Random Forest,5555,5555,5556,0.6747616376892878,0.8556701030927835,0.6748738081884464,0.8556701030927835,9.598094257907787e-05
Random Forest,5556,5556,5557,0.6748738081884464,0.8556701030927835,0.6749298934380258,0.8556701030927835,4.7990471289538936e-05
Random Forest,5557,5557,5558,0.6749298934380258,0.8556701030927835,0.6750420639371845,0.8556701030927835,9.598094257907787e-05
Random Forest,5558,5558,5559,0.6750420639371845,0.8556701030927835,0.6750981491867639,0.8556701030927835,4.799047128963394e-05
Random Forest,5559,5559,5560,0.6750981491867639,0.8556701030927835,0.6751542344363433,0.8556701030927835,4.7990471289538936e-05
Random Forest,5560,5560,5561,0.6751542344363433,0.8556701030927835,0.6752103196859226,0.8556701030927835,4.7990471289538936e-05
Random Forest,5561,5561,5562,0.6752103196859226,0.8556701030927835,0.6752664049355019,0.8556701030927835,4.7990471289538936e-05
Random Forest,5562,5562,5563,0.6752664049355019,0.8556701030927835,0.6753224901850813,0.8556701030927835,4.7990471289538936e-05
Random Forest,5563,5563,5564,0.6753224901850813,0.8556701030927835,0.6754346606842401,0.8556701030927835,9.598094257917288e-05
Random Forest,5564,5564,5565,0.6754346606842401,0.8556701030927835,0.6756029164329781,0.8556701030927835,0.00014397141386861682
Random Forest,5565,5565,5566,0.6756029164329781,0.8556701030927835,0.6756590016825574,0.8556701030927835,4.7990471289538936e-05
Random Forest,5566,5566,5567,0.6756590016825574,0.8556701030927835,0.6757150869321369,0.8556701030927835,4.799047128963394e-05
Random Forest,5567,5567,5568,0.6757150869321369,0.8556701030927835,0.6757711721817162,0.8556701030927835,4.7990471289538936e-05
Random Forest,5568,5568,5569,0.6757711721817162,0.8556701030927835,0.6758833426808749,0.8556701030927835,9.598094257907787e-05
Random Forest,5569,5569,5570,0.6758833426808749,0.8556701030927835,0.6759394279304543,0.8564631245043616,4.8012709691434e-05
Random Forest,5570,5570,5571,0.6759394279304543,0.8564631245043616,0.6759955131800337,0.8564631245043616,4.8034948093424144e-05
Random Forest,5571,5571,5572,0.6759955131800337,0.8564631245043616,0.676051598429613,0.8564631245043616,4.803494809332906e-05
Random Forest,5572,5572,5573,0.676051598429613,0.8564631245043616,0.6761076836791924,0.8564631245043616,4.803494809332906e-05
Random Forest,5573,5573,5574,0.6761076836791924,0.8564631245043616,0.6761637689287717,0.8564631245043616,4.803494809332906e-05
Random Forest,5574,5574,5575,0.6761637689287717,0.8564631245043616,0.6762198541783511,0.8564631245043616,4.803494809332906e-05
Random Forest,5575,5575,5576,0.6762198541783511,0.8564631245043616,0.6765563656758272,0.8564631245043616,0.0002882096885600694
Random Forest,5576,5576,5577,0.6765563656758272,0.8564631245043616,0.676668536174986,0.8564631245043616,9.60698961867532e-05
Random Forest,5577,5577,5578,0.676668536174986,0.8564631245043616,0.6767807066741447,0.8564631245043616,9.606989618665812e-05
Random Forest,5578,5578,5579,0.6767807066741447,0.8564631245043616,0.676836791923724,0.8564631245043616,4.803494809332906e-05
Random Forest,5579,5579,5580,0.676836791923724,0.8564631245043616,0.6768928771733034,0.8564631245043616,4.803494809332906e-05
Random Forest,5580,5580,5581,0.6768928771733034,0.8564631245043616,0.6769489624228828,0.8564631245043616,4.8034948093424144e-05
Random Forest,5581,5581,5582,0.6769489624228828,0.8564631245043616,0.6770050476724622,0.8564631245043616,4.803494809332906e-05
Random Forest,5582,5582,5583,0.6770050476724622,0.8564631245043616,0.6770611329220415,0.8564631245043616,4.803494809332906e-05
Random Forest,5583,5583,5584,0.6770611329220415,0.8564631245043616,0.6771172181716208,0.8564631245043616,4.803494809332906e-05
Random Forest,5584,5584,5585,0.6771172181716208,0.8564631245043616,0.6771733034212002,0.8564631245043616,4.803494809332906e-05
Random Forest,5585,5585,5586,0.6771733034212002,0.8564631245043616,0.6772293886707795,0.8564631245043616,4.803494809332906e-05
Random Forest,5586,5586,5587,0.6772293886707795,0.8564631245043616,0.677285473920359,0.8564631245043616,4.8034948093424144e-05
Random Forest,5587,5587,5588,0.677285473920359,0.8564631245043616,0.6773415591699383,0.8564631245043616,4.803494809332906e-05
Random Forest,5588,5588,5589,0.6773415591699383,0.8564631245043616,0.6773976444195177,0.8564631245043616,4.803494809332906e-05
Random Forest,5589,5589,5590,0.6773976444195177,0.8564631245043616,0.677453729669097,0.8564631245043616,4.803494809332906e-05
Random Forest,5590,5590,5591,0.677453729669097,0.8564631245043616,0.6775098149186763,0.8564631245043616,4.803494809332906e-05
Random Forest,5591,5591,5592,0.6775098149186763,0.8564631245043616,0.6775659001682558,0.8564631245043616,4.8034948093424144e-05
Random Forest,5592,5592,5593,0.6775659001682558,0.8564631245043616,0.6776219854178351,0.8564631245043616,4.803494809332906e-05
Random Forest,5593,5593,5594,0.6776219854178351,0.8564631245043616,0.6776780706674145,0.8564631245043616,4.803494809332906e-05
Random Forest,5594,5594,5595,0.6776780706674145,0.8564631245043616,0.6777341559169938,0.8564631245043616,4.803494809332906e-05
Random Forest,5595,5595,5596,0.6777341559169938,0.8564631245043616,0.677902411665732,0.8564631245043616,0.00014410484428008225
Random Forest,5596,5596,5597,0.677902411665732,0.8564631245043616,0.6779584969153113,0.8564631245043616,4.803494809332906e-05
Random Forest,5597,5597,5598,0.6779584969153113,0.8564631245043616,0.6780145821648906,0.8564631245043616,4.803494809332906e-05
Random Forest,5598,5598,5599,0.6780145821648906,0.8564631245043616,0.6782389231632081,0.8572561459159397,0.0001922287459809916
Random Forest,5599,5599,5600,0.6782389231632081,0.8572561459159397,0.6785754346606843,0.8572561459159397,0.00028847654938281026
Random Forest,5600,5600,5601,0.6785754346606843,0.8572561459159397,0.6786315199102636,0.8572561459159397,4.8079424897119176e-05
Random Forest,5601,5601,5602,0.6786315199102636,0.8572561459159397,0.6786876051598429,0.8572561459159397,4.8079424897119176e-05
Random Forest,5602,5602,5603,0.6786876051598429,0.8572561459159397,0.6787436904094223,0.8572561459159397,4.8079424897119176e-05
Random Forest,5603,5603,5604,0.6787436904094223,0.8572561459159397,0.6792484576556366,0.8572561459159397,0.00043271482407426293
Random Forest,5604,5604,5605,0.6792484576556366,0.8572561459159397,0.6793045429052159,0.8572561459159397,4.8079424897119176e-05
Random Forest,5605,5605,5606,0.6793045429052159,0.8572561459159397,0.6793606281547953,0.8572561459159397,4.8079424897119176e-05
Random Forest,5606,5606,5607,0.6793606281547953,0.8572561459159397,0.679472798653954,0.8572561459159397,9.615884979433353e-05
Random Forest,5607,5607,5608,0.679472798653954,0.8572561459159397,0.6795288839035334,0.8572561459159397,4.8079424897119176e-05
Random Forest,5608,5608,5609,0.6795288839035334,0.8572561459159397,0.6796971396522714,0.8572561459159397,0.00014423827469135753
Random Forest,5609,5609,5610,0.6796971396522714,0.8572561459159397,0.6797532249018509,0.8572561459159397,4.8079424897214355e-05
Random Forest,5610,5610,5611,0.6797532249018509,0.8572561459159397,0.6797532249018509,0.8580491673275178,0.0
Random Forest,5611,5611,5612,0.6797532249018509,0.8580491673275178,0.6798093101514302,0.8580491673275178,4.81239017009093e-05
Random Forest,5612,5612,5613,0.6798093101514302,0.8580491673275178,0.6798653954010095,0.8588421887390959,4.8146140102804354e-05
Random Forest,5613,5613,5614,0.6798653954010095,0.8588421887390959,0.6799214806505889,0.8588421887390959,4.8168378504699416e-05
Random Forest,5614,5614,5615,0.6799214806505889,0.8588421887390959,0.6800336511497476,0.8588421887390959,9.633675700939883e-05
Random Forest,5615,5615,5616,0.6800336511497476,0.8588421887390959,0.6801458216489064,0.8588421887390959,9.633675700949419e-05
Random Forest,5616,5616,5617,0.6801458216489064,0.8588421887390959,0.6802019068984857,0.8588421887390959,4.8168378504699416e-05
Random Forest,5617,5617,5618,0.6802019068984857,0.8588421887390959,0.680257992148065,0.8588421887390959,4.8168378504699416e-05
Random Forest,5618,5618,5619,0.680257992148065,0.8588421887390959,0.6804262478968032,0.8588421887390959,0.0001445051355141936
Random Forest,5619,5619,5620,0.6804262478968032,0.8588421887390959,0.6805945036455412,0.8588421887390959,0.00014450513551409825
Random Forest,5620,5620,5621,0.6805945036455412,0.8588421887390959,0.6807066741447,0.8588421887390959,9.633675700949419e-05
Random Forest,5621,5621,5622,0.6807066741447,0.8588421887390959,0.6807627593942793,0.8588421887390959,4.8168378504699416e-05
Random Forest,5622,5622,5623,0.6807627593942793,0.8588421887390959,0.680874929893438,0.8588421887390959,9.633675700939883e-05
Random Forest,5623,5623,5624,0.680874929893438,0.8588421887390959,0.6809310151430173,0.8588421887390959,4.8168378504699416e-05
Random Forest,5624,5624,5625,0.6809310151430173,0.8588421887390959,0.6810431856421761,0.8588421887390959,9.633675700949419e-05
Random Forest,5625,5625,5626,0.6810431856421761,0.8588421887390959,0.6810992708917555,0.8588421887390959,4.8168378504699416e-05
Random Forest,5626,5626,5627,0.6810992708917555,0.8588421887390959,0.6811553561413348,0.8588421887390959,4.8168378504699416e-05
Random Forest,5627,5627,5628,0.6811553561413348,0.8588421887390959,0.6812114413909142,0.8588421887390959,4.8168378504699416e-05
Random Forest,5628,5628,5629,0.6812114413909142,0.8588421887390959,0.6813796971396523,0.8596352101506741,0.00014457185071987884
Random Forest,5629,5629,5630,0.6813796971396523,0.8596352101506741,0.681491867638811,0.8596352101506741,9.642571061697908e-05
Random Forest,5630,5630,5631,0.681491867638811,0.8596352101506741,0.6815479528883903,0.8596352101506741,4.821285530848954e-05
Random Forest,5631,5631,5632,0.6815479528883903,0.8596352101506741,0.6816040381379697,0.8596352101506741,4.821285530848954e-05
Random Forest,5632,5632,5633,0.6816040381379697,0.8596352101506741,0.6816601233875491,0.8596352101506741,4.821285530858498e-05
Random Forest,5633,5633,5634,0.6816601233875491,0.8596352101506741,0.6817162086371285,0.8596352101506741,4.821285530848954e-05
Random Forest,5634,5634,5635,0.6817162086371285,0.8596352101506741,0.6817722938867078,0.8596352101506741,4.821285530848954e-05
Random Forest,5635,5635,5636,0.6817722938867078,0.8596352101506741,0.6818283791362871,0.8596352101506741,4.821285530848954e-05
Random Forest,5636,5636,5637,0.6818283791362871,0.8596352101506741,0.6819405496354459,0.8596352101506741,9.642571061707453e-05
Random Forest,5637,5637,5638,0.6819405496354459,0.8596352101506741,0.6819966348850253,0.8596352101506741,4.821285530848954e-05
Random Forest,5638,5638,5639,0.6819966348850253,0.8596352101506741,0.6820527201346046,0.8596352101506741,4.821285530848954e-05
Random Forest,5639,5639,5640,0.6820527201346046,0.8596352101506741,0.682108805384184,0.8596352101506741,4.821285530848954e-05
Random Forest,5640,5640,5641,0.682108805384184,0.8596352101506741,0.6826696578799776,0.8604282315622522,0.000482350937104037
Random Forest,5641,5641,5642,0.6826696578799776,0.8604282315622522,0.6827257431295569,0.8604282315622522,4.825733211227966e-05
Random Forest,5642,5642,5643,0.6827257431295569,0.8604282315622522,0.6827818283791363,0.8604282315622522,4.825733211227966e-05
Random Forest,5643,5643,5644,0.6827818283791363,0.8604282315622522,0.6828379136287156,0.8604282315622522,4.825733211227966e-05
Random Forest,5644,5644,5645,0.6828379136287156,0.8604282315622522,0.682893998878295,0.8604282315622522,4.825733211237519e-05
Random Forest,5645,5645,5646,0.682893998878295,0.8604282315622522,0.6829500841278744,0.8604282315622522,4.825733211227966e-05
Random Forest,5646,5646,5647,0.6829500841278744,0.8604282315622522,0.6830061693774537,0.8604282315622522,4.825733211227966e-05
Random Forest,5647,5647,5648,0.6830061693774537,0.8604282315622522,0.6830622546270331,0.8604282315622522,4.825733211227966e-05
Random Forest,5648,5648,5649,0.6830622546270331,0.8604282315622522,0.6831183398766124,0.8604282315622522,4.825733211227966e-05
Random Forest,5649,5649,5650,0.6831183398766124,0.8604282315622522,0.6833987661245092,0.8604282315622522,0.00024128666056149383
Random Forest,5650,5650,5651,0.6833987661245092,0.8604282315622522,0.6834548513740886,0.8604282315622522,4.825733211227966e-05
Random Forest,5651,5651,5652,0.6834548513740886,0.8604282315622522,0.683510936623668,0.8604282315622522,4.825733211237519e-05
Random Forest,5652,5652,5653,0.683510936623668,0.8604282315622522,0.6836231071228267,0.8604282315622522,9.651466422455932e-05
Random Forest,5653,5653,5654,0.6836231071228267,0.8604282315622522,0.6839035333707235,0.8604282315622522,0.00024128666056149383
Random Forest,5654,5654,5655,0.6839035333707235,0.8604282315622522,0.6839596186203029,0.8604282315622522,4.825733211227966e-05
Random Forest,5655,5655,5656,0.6839596186203029,0.8604282315622522,0.6840157038698822,0.8604282315622522,4.825733211227966e-05
Random Forest,5656,5656,5657,0.6840157038698822,0.8604282315622522,0.6840717891194615,0.8604282315622522,4.825733211227966e-05
Random Forest,5657,5657,5658,0.6840717891194615,0.8604282315622522,0.684127874369041,0.8604282315622522,4.825733211237519e-05
Random Forest,5658,5658,5659,0.684127874369041,0.8604282315622522,0.6842400448681997,0.8604282315622522,9.651466422455932e-05
Random Forest,5659,5659,5660,0.6842400448681997,0.8604282315622522,0.684296130117779,0.8604282315622522,4.825733211227966e-05
Random Forest,5660,5660,5661,0.684296130117779,0.8604282315622522,0.6848569826135726,0.8628072957969866,0.0004832404731798397
Random Forest,5661,5661,5662,0.6848569826135726,0.8628072957969866,0.684913067863152,0.8628072957969866,4.839076252365002e-05
Random Forest,5662,5662,5663,0.684913067863152,0.8628072957969866,0.6849691531127313,0.8628072957969866,4.839076252365002e-05
Random Forest,5663,5663,5664,0.6849691531127313,0.8628072957969866,0.6850813236118901,0.8628072957969866,9.678152504739583e-05
Random Forest,5664,5664,5665,0.6850813236118901,0.8628072957969866,0.6851934941110488,0.8628072957969866,9.678152504730004e-05
Random Forest,5665,5665,5666,0.6851934941110488,0.8628072957969866,0.6852495793606281,0.8628072957969866,4.839076252365002e-05
Random Forest,5666,5666,5667,0.6852495793606281,0.8628072957969866,0.6853617498597869,0.8628072957969866,9.678152504739583e-05
Random Forest,5667,5667,5668,0.6853617498597869,0.8628072957969866,0.6854178351093663,0.8628072957969866,4.839076252365002e-05
Random Forest,5668,5668,5669,0.6854178351093663,0.8628072957969866,0.6857543466068424,0.8628072957969866,0.00029034457514199593
Random Forest,5669,5669,5670,0.6857543466068424,0.8628072957969866,0.6860347728547392,0.8628072957969866,0.0002419538126183459
Random Forest,5670,5670,5671,0.6860347728547392,0.8628072957969866,0.6860908581043186,0.8628072957969866,4.839076252365002e-05
Random Forest,5671,5671,5672,0.6860908581043186,0.8628072957969866,0.6861469433538979,0.8628072957969866,4.839076252365002e-05
Random Forest,5672,5672,5673,0.6861469433538979,0.8628072957969866,0.6862030286034773,0.8628072957969866,4.839076252365002e-05
Random Forest,5673,5673,5674,0.6862030286034773,0.8628072957969866,0.6862591138530566,0.8628072957969866,4.839076252365002e-05
Random Forest,5674,5674,5675,0.6862591138530566,0.8628072957969866,0.686315199102636,0.8628072957969866,4.839076252374581e-05
Random Forest,5675,5675,5676,0.686315199102636,0.8628072957969866,0.6863712843522154,0.8628072957969866,4.839076252365002e-05
Random Forest,5676,5676,5677,0.6863712843522154,0.8628072957969866,0.6864273696017947,0.8628072957969866,4.839076252365002e-05
Random Forest,5677,5677,5678,0.6864273696017947,0.8628072957969866,0.6864834548513741,0.8628072957969866,4.839076252365002e-05
Random Forest,5678,5678,5679,0.6864834548513741,0.8628072957969866,0.6865395401009534,0.8628072957969866,4.839076252365002e-05
Random Forest,5679,5679,5680,0.6865395401009534,0.8628072957969866,0.6865956253505328,0.8628072957969866,4.839076252365002e-05
Random Forest,5680,5680,5681,0.6865956253505328,0.8628072957969866,0.6866517106001122,0.8628072957969866,4.839076252374581e-05
Random Forest,5681,5681,5682,0.6866517106001122,0.8628072957969866,0.6867077958496915,0.8628072957969866,4.839076252365002e-05
Random Forest,5682,5682,5683,0.6867077958496915,0.8628072957969866,0.6867638810992709,0.8628072957969866,4.839076252365002e-05
Random Forest,5683,5683,5684,0.6867638810992709,0.8628072957969866,0.6868199663488502,0.8628072957969866,4.839076252365002e-05
Random Forest,5684,5684,5685,0.6868199663488502,0.8628072957969866,0.6869882220975884,0.8628072957969866,0.00014517228757104586
Random Forest,5685,5685,5686,0.6869882220975884,0.8628072957969866,0.687100392596747,0.8628072957969866,9.678152504730004e-05
Random Forest,5686,5686,5687,0.687100392596747,0.8628072957969866,0.6872125630959057,0.8628072957969866,9.678152504730004e-05
Random Forest,5687,5687,5688,0.6872125630959057,0.8628072957969866,0.6872686483454852,0.8628072957969866,4.839076252374581e-05
Random Forest,5688,5688,5689,0.6872686483454852,0.8628072957969866,0.6873808188446439,0.8628072957969866,9.678152504730004e-05
Random Forest,5689,5689,5690,0.6873808188446439,0.8628072957969866,0.6874369040942232,0.8628072957969866,4.839076252365002e-05
Random Forest,5690,5690,5691,0.6874369040942232,0.8628072957969866,0.6874929893438025,0.8628072957969866,4.839076252365002e-05
Random Forest,5691,5691,5692,0.6874929893438025,0.8628072957969866,0.687549074593382,0.8628072957969866,4.839076252374581e-05
Random Forest,5692,5692,5693,0.687549074593382,0.8628072957969866,0.6876051598429613,0.8628072957969866,4.839076252365002e-05
Random Forest,5693,5693,5694,0.6876051598429613,0.8628072957969866,0.68771733034212,0.8628072957969866,9.678152504730004e-05
Random Forest,5694,5694,5695,0.68771733034212,0.8628072957969866,0.6877734155916994,0.8628072957969866,4.839076252365002e-05
Random Forest,5695,5695,5696,0.6877734155916994,0.8628072957969866,0.6878295008412787,0.8628072957969866,4.839076252365002e-05
Random Forest,5696,5696,5697,0.6878295008412787,0.8628072957969866,0.6878855860908581,0.8628072957969866,4.839076252374581e-05
Random Forest,5697,5697,5698,0.6878855860908581,0.8628072957969866,0.6879416713404375,0.8628072957969866,4.839076252365002e-05
Random Forest,5698,5698,5699,0.6879416713404375,0.8628072957969866,0.6880538418395962,0.8628072957969866,9.678152504730004e-05
Random Forest,5699,5699,5700,0.6880538418395962,0.8628072957969866,0.6881099270891755,0.8628072957969866,4.839076252365002e-05
Random Forest,5700,5700,5701,0.6881099270891755,0.8628072957969866,0.688166012338755,0.8628072957969866,4.839076252374581e-05
Random Forest,5701,5701,5702,0.688166012338755,0.8628072957969866,0.6888951205832866,0.8628072957969866,0.0006290799128076418
Random Forest,5702,5702,5703,0.6888951205832866,0.8628072957969866,0.688951205832866,0.8628072957969866,4.839076252365002e-05
Random Forest,5703,5703,5704,0.688951205832866,0.8628072957969866,0.6890633763320246,0.8628072957969866,9.678152504730004e-05
Random Forest,5704,5704,5705,0.6890633763320246,0.8628072957969866,0.6891194615816041,0.8628072957969866,4.839076252374581e-05
Random Forest,5705,5705,5706,0.6891194615816041,0.8628072957969866,0.6891755468311834,0.8628072957969866,4.839076252365002e-05
Random Forest,5706,5706,5707,0.6891755468311834,0.8628072957969866,0.6892316320807628,0.8628072957969866,4.839076252365002e-05
Random Forest,5707,5707,5708,0.6892316320807628,0.8628072957969866,0.6892877173303421,0.8636003172085647,4.841300092554508e-05
Random Forest,5708,5708,5709,0.6892877173303421,0.8636003172085647,0.6893438025799214,0.8636003172085647,4.8435239327440135e-05
Random Forest,5709,5709,5710,0.6893438025799214,0.8636003172085647,0.6893998878295008,0.8636003172085647,4.8435239327440135e-05
Random Forest,5710,5710,5711,0.6893998878295008,0.8636003172085647,0.6894559730790802,0.8636003172085647,4.843523932753602e-05
Random Forest,5711,5711,5712,0.6894559730790802,0.8636003172085647,0.6895120583286596,0.8636003172085647,4.8435239327440135e-05
Random Forest,5712,5712,5713,0.6895120583286596,0.8636003172085647,0.6896242288278183,0.8636003172085647,9.687047865488027e-05
Random Forest,5713,5713,5714,0.6896242288278183,0.8636003172085647,0.6896803140773976,0.8636003172085647,4.8435239327440135e-05
Random Forest,5714,5714,5715,0.6896803140773976,0.8636003172085647,0.6897363993269771,0.8636003172085647,4.843523932753602e-05
Random Forest,5715,5715,5716,0.6897363993269771,0.8636003172085647,0.6898485698261357,0.8636003172085647,9.687047865488027e-05
Random Forest,5716,5716,5717,0.6898485698261357,0.8636003172085647,0.6899046550757151,0.8636003172085647,4.8435239327440135e-05
Random Forest,5717,5717,5718,0.6899046550757151,0.8636003172085647,0.6899607403252944,0.8636003172085647,4.8435239327440135e-05
Random Forest,5718,5718,5719,0.6899607403252944,0.8636003172085647,0.6900168255748738,0.8636003172085647,4.8435239327440135e-05
Random Forest,5719,5719,5720,0.6900168255748738,0.8636003172085647,0.6900729108244532,0.8636003172085647,4.843523932753602e-05
Random Forest,5720,5720,5721,0.6900729108244532,0.8636003172085647,0.6901850813236119,0.8636003172085647,9.687047865488027e-05
Random Forest,5721,5721,5722,0.6901850813236119,0.8636003172085647,0.6902411665731912,0.8636003172085647,4.8435239327440135e-05
Random Forest,5722,5722,5723,0.6902411665731912,0.8636003172085647,0.6902972518227706,0.8636003172085647,4.8435239327440135e-05
Random Forest,5723,5723,5724,0.6902972518227706,0.8636003172085647,0.69035333707235,0.8636003172085647,4.843523932753602e-05
Random Forest,5724,5724,5725,0.69035333707235,0.8636003172085647,0.6904094223219294,0.8636003172085647,4.8435239327440135e-05
Random Forest,5725,5725,5726,0.6904094223219294,0.8636003172085647,0.6905776780706674,0.8636003172085647,0.0001453057179823204
Random Forest,5726,5726,5727,0.6905776780706674,0.8636003172085647,0.6927650028042625,0.8643933386201428,0.0018898416314447441
Random Forest,5727,5727,5728,0.6927650028042625,0.8643933386201428,0.6928210880538418,0.8643933386201428,4.847971613123026e-05
Random Forest,5728,5728,5729,0.6928210880538418,0.8643933386201428,0.6928771733034212,0.8643933386201428,4.8479716131326224e-05
Random Forest,5729,5729,5730,0.6928771733034212,0.8643933386201428,0.6929332585530006,0.8643933386201428,4.847971613123026e-05
Random Forest,5730,5730,5731,0.6929332585530006,0.8643933386201428,0.693157599551318,0.8643933386201428,0.00019391886452492103
Random Forest,5731,5731,5732,0.693157599551318,0.8643933386201428,0.6932136848008974,0.8643933386201428,4.8479716131326224e-05
Random Forest,5732,5732,5733,0.6932136848008974,0.8643933386201428,0.6932697700504767,0.8643933386201428,4.847971613123026e-05
Random Forest,5733,5733,5734,0.6932697700504767,0.8643933386201428,0.6933258553000561,0.8643933386201428,4.847971613123026e-05
Random Forest,5734,5734,5735,0.6933258553000561,0.8643933386201428,0.6933819405496354,0.8643933386201428,4.847971613123026e-05
Random Forest,5735,5735,5736,0.6933819405496354,0.8643933386201428,0.6934380257992148,0.8651863600317209,4.850195453312532e-05
Random Forest,5736,5736,5737,0.6934380257992148,0.8651863600317209,0.6937184520471116,0.8651863600317209,0.00024262096467519794
Random Forest,5737,5737,5738,0.6937184520471116,0.8651863600317209,0.6937745372966909,0.8651863600317209,4.8524192935020375e-05
Random Forest,5738,5738,5739,0.6937745372966909,0.8651863600317209,0.6938306225462704,0.8651863600317209,4.852419293511643e-05
Random Forest,5739,5739,5740,0.6938306225462704,0.8651863600317209,0.6938867077958497,0.8651863600317209,4.8524192935020375e-05
Random Forest,5740,5740,5741,0.6938867077958497,0.8651863600317209,0.6938867077958497,0.865979381443299,0.0
Random Forest,5741,5741,5742,0.6938867077958497,0.865979381443299,0.693942793045429,0.865979381443299,4.85686697388105e-05
Random Forest,5742,5742,5743,0.693942793045429,0.865979381443299,0.6940549635445877,0.865979381443299,9.7137339477621e-05
Random Forest,5743,5743,5744,0.6940549635445877,0.865979381443299,0.6941110487941672,0.865979381443299,4.856866973890664e-05
Random Forest,5744,5744,5745,0.6941110487941672,0.865979381443299,0.6941671340437465,0.865979381443299,4.85686697388105e-05
Random Forest,5745,5745,5746,0.6941671340437465,0.865979381443299,0.6942232192933259,0.865979381443299,4.85686697388105e-05
Random Forest,5746,5746,5747,0.6942232192933259,0.865979381443299,0.6942793045429052,0.865979381443299,4.85686697388105e-05
Random Forest,5747,5747,5748,0.6942793045429052,0.865979381443299,0.6943353897924845,0.865979381443299,4.85686697388105e-05
Random Forest,5748,5748,5749,0.6943353897924845,0.865979381443299,0.6943914750420639,0.865979381443299,4.85686697388105e-05
Random Forest,5749,5749,5750,0.6943914750420639,0.865979381443299,0.6944475602916433,0.865979381443299,4.856866973890664e-05
Random Forest,5750,5750,5751,0.6944475602916433,0.865979381443299,0.6945036455412227,0.865979381443299,4.85686697388105e-05
Random Forest,5751,5751,5752,0.6945036455412227,0.865979381443299,0.694559730790802,0.865979381443299,4.85686697388105e-05
Random Forest,5752,5752,5753,0.694559730790802,0.865979381443299,0.6946158160403814,0.865979381443299,4.85686697388105e-05
Random Forest,5753,5753,5754,0.6946158160403814,0.865979381443299,0.6946719012899607,0.865979381443299,4.85686697388105e-05
Random Forest,5754,5754,5755,0.6946719012899607,0.865979381443299,0.6947279865395402,0.865979381443299,4.856866973890664e-05
Random Forest,5755,5755,5756,0.6947279865395402,0.865979381443299,0.6948401570386988,0.8667724028548771,9.718181628141111e-05
Random Forest,5756,5756,5757,0.6948401570386988,0.8667724028548771,0.6948962422882782,0.8667724028548771,4.8613146542600615e-05
Random Forest,5757,5757,5758,0.6948962422882782,0.8667724028548771,0.6954570947840718,0.8667724028548771,0.0004861314654261986
Random Forest,5758,5758,5759,0.6954570947840718,0.8667724028548771,0.6955692652832305,0.8667724028548771,9.722629308520123e-05
Random Forest,5759,5759,5760,0.6955692652832305,0.8667724028548771,0.6956253505328098,0.8667724028548771,4.8613146542600615e-05
Random Forest,5760,5760,5761,0.6956253505328098,0.8667724028548771,0.6956814357823893,0.8667724028548771,4.8613146542696845e-05
Random Forest,5761,5761,5762,0.6956814357823893,0.8667724028548771,0.6957375210319686,0.8667724028548771,4.8613146542600615e-05
Random Forest,5762,5762,5763,0.6957375210319686,0.8667724028548771,0.695961862030286,0.8667724028548771,0.00019445258617040246
Random Forest,5763,5763,5764,0.695961862030286,0.8667724028548771,0.695961862030286,0.8675654242664552,0.0
Random Forest,5764,5764,5765,0.695961862030286,0.8675654242664552,0.6960740325294448,0.8675654242664552,9.73152466928778e-05
Random Forest,5765,5765,5766,0.6960740325294448,0.8675654242664552,0.6961301177790241,0.8675654242664552,4.865762334639074e-05
Random Forest,5766,5766,5767,0.6961301177790241,0.8675654242664552,0.6962422882781828,0.8675654242664552,9.731524669278148e-05
Random Forest,5767,5767,5768,0.6962422882781828,0.8675654242664552,0.6963544587773416,0.8675654242664552,9.73152466928778e-05
Random Forest,5768,5768,5769,0.6963544587773416,0.8675654242664552,0.6964105440269209,0.8675654242664552,4.865762334639074e-05
Random Forest,5769,5769,5770,0.6964105440269209,0.8675654242664552,0.6964666292765003,0.8675654242664552,4.865762334639074e-05
Random Forest,5770,5770,5771,0.6964666292765003,0.8675654242664552,0.6965227145260796,0.8675654242664552,4.865762334639074e-05
Random Forest,5771,5771,5772,0.6965227145260796,0.8675654242664552,0.696578799775659,0.8675654242664552,4.865762334639074e-05
Random Forest,5772,5772,5773,0.696578799775659,0.8675654242664552,0.6966348850252384,0.8675654242664552,4.8657623346487056e-05
Random Forest,5773,5773,5774,0.6966348850252384,0.8675654242664552,0.6968031407739764,0.8675654242664552,0.0001459728700391722
Random Forest,5774,5774,5775,0.6968031407739764,0.8675654242664552,0.6971957375210319,0.8675654242664552,0.00034060336342483144
Random Forest,5775,5775,5776,0.6971957375210319,0.8675654242664552,0.6972518227706114,0.8683584456780333,4.867986174838216e-05
Random Forest,5776,5776,5777,0.6972518227706114,0.8683584456780333,0.6973079080201907,0.8683584456780333,4.8702100150180855e-05
Random Forest,5777,5777,5778,0.6973079080201907,0.8683584456780333,0.69736399326977,0.8683584456780333,4.8702100150180855e-05
Random Forest,5778,5778,5779,0.69736399326977,0.8683584456780333,0.699383062254627,0.8691514670896114,0.0017540761878753117
Random Forest,5779,5779,5780,0.699383062254627,0.8691514670896114,0.6994391475042064,0.8691514670896114,4.874657695406747e-05
Random Forest,5780,5780,5781,0.6994391475042064,0.8691514670896114,0.6995513180033651,0.8691514670896114,9.749315390794194e-05
Random Forest,5781,5781,5782,0.6995513180033651,0.8691514670896114,0.6996074032529445,0.8691514670896114,4.874657695397097e-05
Random Forest,5782,5782,5783,0.6996074032529445,0.8691514670896114,0.6996634885025238,0.8691514670896114,4.874657695397097e-05
Random Forest,5783,5783,5784,0.6996634885025238,0.8691514670896114,0.6997195737521033,0.8691514670896114,4.874657695406747e-05
Random Forest,5784,5784,5785,0.6997195737521033,0.8691514670896114,0.6998878295008413,0.8691514670896114,0.00014623973086191292
Random Forest,5785,5785,5786,0.6998878295008413,0.8691514670896114,0.6999439147504206,0.8691514670896114,4.874657695397097e-05
Random Forest,5786,5786,5787,0.6999439147504206,0.8691514670896114,0.7005047672462142,0.8691514670896114,0.00048746576953990274
Random Forest,5787,5787,5788,0.7005047672462142,0.8691514670896114,0.7006730229949524,0.8691514670896114,0.00014623973086200942
Random Forest,5788,5788,5789,0.7006730229949524,0.8691514670896114,0.7007291082445317,0.8691514670896114,4.874657695397097e-05
Random Forest,5789,5789,5790,0.7007291082445317,0.8691514670896114,0.7007851934941111,0.8691514670896114,4.874657695397097e-05
Random Forest,5790,5790,5791,0.7007851934941111,0.8691514670896114,0.7008973639932697,0.8691514670896114,9.749315390794194e-05
Random Forest,5791,5791,5792,0.7008973639932697,0.8691514670896114,0.7009534492428491,0.8691514670896114,4.874657695397097e-05
Random Forest,5792,5792,5793,0.7009534492428491,0.8691514670896114,0.7009534492428491,0.8699444885011896,0.0
Random Forest,5793,5793,5794,0.7009534492428491,0.8699444885011896,0.7010095344924285,0.8699444885011896,4.879105375785768e-05
Random Forest,5794,5794,5795,0.7010095344924285,0.8699444885011896,0.7010656197420079,0.8699444885011896,4.8791053757761095e-05
Random Forest,5795,5795,5796,0.7010656197420079,0.8699444885011896,0.7017386427369602,0.8707375099127677,0.0005857595059160671
Random Forest,5796,5796,5797,0.7017386427369602,0.8707375099127677,0.7017947279865395,0.8707375099127677,4.883553056155121e-05
Random Forest,5797,5797,5798,0.7017947279865395,0.8707375099127677,0.7018508132361189,0.8707375099127677,4.883553056155121e-05
Random Forest,5798,5798,5799,0.7018508132361189,0.8707375099127677,0.7019068984856983,0.8707375099127677,4.883553056164788e-05
Random Forest,5799,5799,5800,0.7019068984856983,0.8707375099127677,0.7019629837352777,0.8707375099127677,4.883553056155121e-05
Random Forest,5800,5800,5801,0.7019629837352777,0.8707375099127677,0.7021312394840157,0.8707375099127677,0.00014650659168465363
Random Forest,5801,5801,5802,0.7021312394840157,0.8707375099127677,0.702187324733595,0.8707375099127677,4.883553056155121e-05
Random Forest,5802,5802,5803,0.702187324733595,0.8707375099127677,0.7022434099831745,0.8707375099127677,4.883553056164788e-05
Random Forest,5803,5803,5804,0.7022434099831745,0.8707375099127677,0.7022994952327538,0.8707375099127677,4.883553056155121e-05
Random Forest,5804,5804,5805,0.7022994952327538,0.8707375099127677,0.7023555804823332,0.8707375099127677,4.883553056155121e-05
Random Forest,5805,5805,5806,0.7023555804823332,0.8707375099127677,0.7027481772293886,0.8707375099127677,0.00034184871393095516
Random Forest,5806,5806,5807,0.7027481772293886,0.8707375099127677,0.702804262478968,0.8707375099127677,4.883553056155121e-05
Random Forest,5807,5807,5808,0.702804262478968,0.8707375099127677,0.7030286034772855,0.8707375099127677,0.00019534212224630153
Random Forest,5808,5808,5809,0.7030286034772855,0.8707375099127677,0.7030846887268648,0.8707375099127677,4.883553056155121e-05
Random Forest,5809,5809,5810,0.7030846887268648,0.8707375099127677,0.7031407739764441,0.8707375099127677,4.883553056155121e-05
Random Forest,5810,5810,5811,0.7031407739764441,0.8707375099127677,0.7034772854739204,0.8707375099127677,0.00029301318336950064
Random Forest,5811,5811,5812,0.7034772854739204,0.8707375099127677,0.7035333707234998,0.8707375099127677,4.883553056155121e-05
Random Forest,5812,5812,5813,0.7035333707234998,0.8707375099127677,0.7035894559730791,0.8707375099127677,4.883553056155121e-05
Random Forest,5813,5813,5814,0.7035894559730791,0.8707375099127677,0.7036455412226584,0.8707375099127677,4.883553056155121e-05
Random Forest,5814,5814,5815,0.7036455412226584,0.8707375099127677,0.7037577117218171,0.8707375099127677,9.767106112310242e-05
Random Forest,5815,5815,5816,0.7037577117218171,0.8707375099127677,0.7038137969713966,0.8707375099127677,4.883553056164788e-05
Random Forest,5816,5816,5817,0.7038137969713966,0.8707375099127677,0.7038698822209759,0.8707375099127677,4.883553056155121e-05
Random Forest,5817,5817,5818,0.7038698822209759,0.8707375099127677,0.7039259674705552,0.8707375099127677,4.883553056155121e-05
Random Forest,5818,5818,5819,0.7039259674705552,0.8707375099127677,0.7039820527201346,0.8707375099127677,4.883553056155121e-05
Random Forest,5819,5819,5820,0.7039820527201346,0.8707375099127677,0.7041503084688727,0.8707375099127677,0.00014650659168475032
Random Forest,5820,5820,5821,0.7041503084688727,0.8707375099127677,0.7042063937184521,0.8707375099127677,4.883553056155121e-05
Random Forest,5821,5821,5822,0.7042063937184521,0.8707375099127677,0.7042624789680314,0.8707375099127677,4.883553056155121e-05
Random Forest,5822,5822,5823,0.7042624789680314,0.8707375099127677,0.7043185642176107,0.8707375099127677,4.883553056155121e-05
Random Forest,5823,5823,5824,0.7043185642176107,0.8707375099127677,0.7046550757150869,0.8707375099127677,0.0002930131833694039
Random Forest,5824,5824,5825,0.7046550757150869,0.8707375099127677,0.7047111609646662,0.8707375099127677,4.883553056155121e-05
Random Forest,5825,5825,5826,0.7047111609646662,0.8707375099127677,0.704823331463825,0.8707375099127677,9.767106112319909e-05
Random Forest,5826,5826,5827,0.704823331463825,0.8707375099127677,0.7048794167134044,0.8707375099127677,4.883553056155121e-05
Random Forest,5827,5827,5828,0.7048794167134044,0.8707375099127677,0.7052159282108805,0.8715305313243458,0.00029314661378077435
Random Forest,5828,5828,5829,0.7052159282108805,0.8715305313243458,0.7053280987100392,0.8715305313243458,9.776001473068267e-05
Random Forest,5829,5829,5830,0.7053280987100392,0.8715305313243458,0.7064498037016265,0.8715305313243458,0.0009776001473072136
Random Forest,5830,5830,5831,0.7064498037016265,0.8715305313243458,0.7065058889512058,0.8715305313243458,4.8880007365341335e-05
Random Forest,5831,5831,5832,0.7065058889512058,0.8715305313243458,0.7065619742007851,0.8715305313243458,4.8880007365341335e-05
Random Forest,5832,5832,5833,0.7065619742007851,0.8715305313243458,0.7066180594503646,0.8715305313243458,4.888000736543809e-05
Random Forest,5833,5833,5834,0.7066180594503646,0.8715305313243458,0.7067302299495233,0.8715305313243458,9.776001473068267e-05
Random Forest,5834,5834,5835,0.7067302299495233,0.8715305313243458,0.7067863151991026,0.8715305313243458,4.8880007365341335e-05
Random Forest,5835,5835,5836,0.7067863151991026,0.8715305313243458,0.7069545709478408,0.8715305313243458,0.00014664002209612074
Random Forest,5836,5836,5837,0.7069545709478408,0.8715305313243458,0.7070106561974201,0.8715305313243458,4.8880007365341335e-05
Random Forest,5837,5837,5838,0.7070106561974201,0.8715305313243458,0.7074593381940549,0.8715305313243458,0.0003910400589228274
Random Forest,5838,5838,5839,0.7074593381940549,0.8715305313243458,0.7077958496915311,0.8715305313243458,0.0002932800441921448
Random Forest,5839,5839,5840,0.7077958496915311,0.8715305313243458,0.7078519349411105,0.8715305313243458,4.888000736543809e-05
Random Forest,5840,5840,5841,0.7078519349411105,0.8715305313243458,0.7080201906898486,0.8715305313243458,0.000146640022096024
Random Forest,5841,5841,5842,0.7080201906898486,0.8715305313243458,0.7080762759394279,0.8715305313243458,4.8880007365341335e-05
Random Forest,5842,5842,5843,0.7080762759394279,0.8715305313243458,0.7081323611890072,0.8715305313243458,4.8880007365341335e-05
Random Forest,5843,5843,5844,0.7081323611890072,0.8715305313243458,0.7081884464385867,0.8715305313243458,4.888000736543809e-05
Random Forest,5844,5844,5845,0.7081884464385867,0.8715305313243458,0.7089175546831183,0.8715305313243458,0.0006354400957496308
Random Forest,5845,5845,5846,0.7089175546831183,0.8715305313243458,0.7089736399326977,0.8715305313243458,4.8880007365341335e-05
Random Forest,5846,5846,5847,0.7089736399326977,0.8715305313243458,0.709029725182277,0.8715305313243458,4.8880007365341335e-05
Random Forest,5847,5847,5848,0.709029725182277,0.8715305313243458,0.7091979809310152,0.8715305313243458,0.00014664002209612074
Random Forest,5848,5848,5849,0.7091979809310152,0.8715305313243458,0.7092540661805945,0.8715305313243458,4.8880007365341335e-05
Random Forest,5849,5849,5850,0.7092540661805945,0.8715305313243458,0.7093101514301738,0.8715305313243458,4.8880007365341335e-05
Random Forest,5850,5850,5851,0.7093101514301738,0.8715305313243458,0.7093662366797532,0.8715305313243458,4.8880007365341335e-05
Random Forest,5851,5851,5852,0.7093662366797532,0.8715305313243458,0.7094223219293326,0.8715305313243458,4.888000736543809e-05
Random Forest,5852,5852,5853,0.7094223219293326,0.8715305313243458,0.7095344924284913,0.8715305313243458,9.776001473068267e-05
Random Forest,5853,5853,5854,0.7095344924284913,0.8715305313243458,0.7098149186763881,0.8715305313243458,0.0002444000368268034
Random Forest,5854,5854,5855,0.7098149186763881,0.8715305313243458,0.7099831744251262,0.8715305313243458,0.000146640022096024
Random Forest,5855,5855,5856,0.7099831744251262,0.8715305313243458,0.7100392596747056,0.8715305313243458,4.888000736543809e-05
Random Forest,5856,5856,5857,0.7100392596747056,0.8715305313243458,0.7100953449242849,0.8715305313243458,4.8880007365341335e-05
Random Forest,5857,5857,5858,0.7100953449242849,0.8715305313243458,0.7104318564217611,0.8723235527359239,0.00029341347460351514
Random Forest,5858,5858,5859,0.7104318564217611,0.8723235527359239,0.7113292204150309,0.8723235527359239,0.0007827917467063938
Random Forest,5859,5859,5860,0.7113292204150309,0.8723235527359239,0.7113853056646102,0.8723235527359239,4.892448416913145e-05
Random Forest,5860,5860,5861,0.7113853056646102,0.8723235527359239,0.7114413909141896,0.8723235527359239,4.892448416913145e-05
Random Forest,5861,5861,5862,0.7114413909141896,0.8723235527359239,0.7114974761637689,0.8723235527359239,4.892448416913145e-05
Random Forest,5862,5862,5863,0.7114974761637689,0.8723235527359239,0.7116096466629277,0.8723235527359239,9.784896833835975e-05
Random Forest,5863,5863,5864,0.7116096466629277,0.8723235527359239,0.711665731912507,0.8723235527359239,4.892448416913145e-05
Random Forest,5864,5864,5865,0.711665731912507,0.8723235527359239,0.7117218171620864,0.8723235527359239,4.892448416913145e-05
Random Forest,5865,5865,5866,0.7117218171620864,0.8723235527359239,0.7118339876612451,0.8723235527359239,9.78489683382629e-05
Random Forest,5866,5866,5867,0.7118339876612451,0.8723235527359239,0.7121704991587212,0.8723235527359239,0.00029354690501488557
Random Forest,5867,5867,5868,0.7121704991587212,0.8723235527359239,0.71228266965788,0.8723235527359239,9.784896833835975e-05
Random Forest,5868,5868,5869,0.71228266965788,0.8723235527359239,0.7123387549074593,0.8723235527359239,4.892448416913145e-05
Random Forest,5869,5869,5870,0.7123387549074593,0.8723235527359239,0.7123948401570387,0.8723235527359239,4.892448416913145e-05
Random Forest,5870,5870,5871,0.7123948401570387,0.8723235527359239,0.712450925406618,0.8723235527359239,4.892448416913145e-05
Random Forest,5871,5871,5872,0.712450925406618,0.8723235527359239,0.7126191811553562,0.8723235527359239,0.0001467734525074912
Random Forest,5872,5872,5873,0.7126191811553562,0.8723235527359239,0.7126752664049355,0.8723235527359239,4.892448416913145e-05
Random Forest,5873,5873,5874,0.7126752664049355,0.8723235527359239,0.7127313516545148,0.8723235527359239,4.892448416913145e-05
Random Forest,5874,5874,5875,0.7127313516545148,0.8723235527359239,0.7127874369040942,0.8723235527359239,4.892448416913145e-05
Random Forest,5875,5875,5876,0.7127874369040942,0.8723235527359239,0.713067863151991,0.8723235527359239,0.0002446224208457541
Random Forest,5876,5876,5877,0.713067863151991,0.8723235527359239,0.7131239484015703,0.8723235527359239,4.892448416913145e-05
Random Forest,5877,5877,5878,0.7131239484015703,0.8723235527359239,0.7131800336511498,0.8723235527359239,4.89244841692283e-05
Random Forest,5878,5878,5879,0.7131800336511498,0.8723235527359239,0.7132361189007291,0.8723235527359239,4.892448416913145e-05
Random Forest,5879,5879,5880,0.7132361189007291,0.8723235527359239,0.7132922041503085,0.8723235527359239,4.892448416913145e-05
Random Forest,5880,5880,5881,0.7132922041503085,0.8723235527359239,0.7133482893998878,0.8723235527359239,4.892448416913145e-05
Random Forest,5881,5881,5882,0.7133482893998878,0.8723235527359239,0.7134043746494672,0.8723235527359239,4.892448416913145e-05
Random Forest,5882,5882,5883,0.7134043746494672,0.8723235527359239,0.713516545148626,0.8723235527359239,9.784896833835975e-05
Random Forest,5883,5883,5884,0.713516545148626,0.8723235527359239,0.7135726303982053,0.8723235527359239,4.892448416913145e-05
Random Forest,5884,5884,5885,0.7135726303982053,0.8723235527359239,0.7136287156477846,0.8723235527359239,4.892448416913145e-05
Random Forest,5885,5885,5886,0.7136287156477846,0.8723235527359239,0.713684800897364,0.8723235527359239,4.892448416913145e-05
Random Forest,5886,5886,5887,0.713684800897364,0.8723235527359239,0.7137408861469433,0.8723235527359239,4.892448416913145e-05
Random Forest,5887,5887,5888,0.7137408861469433,0.8723235527359239,0.7137969713965228,0.8723235527359239,4.89244841692283e-05
Random Forest,5888,5888,5889,0.7137969713965228,0.8723235527359239,0.7138530566461021,0.8723235527359239,4.892448416913145e-05
Random Forest,5889,5889,5890,0.7138530566461021,0.8723235527359239,0.7144139091418957,0.8723235527359239,0.0004892448416915082
Random Forest,5890,5890,5891,0.7144139091418957,0.8723235527359239,0.7144699943914751,0.8723235527359239,4.892448416913145e-05
Random Forest,5891,5891,5892,0.7144699943914751,0.8723235527359239,0.7145260796410544,0.8723235527359239,4.892448416913145e-05
Random Forest,5892,5892,5893,0.7145260796410544,0.8723235527359239,0.7145821648906338,0.8723235527359239,4.892448416913145e-05
Random Forest,5893,5893,5894,0.7145821648906338,0.8723235527359239,0.7146382501402131,0.8723235527359239,4.892448416913145e-05
Random Forest,5894,5894,5895,0.7146382501402131,0.8723235527359239,0.7147504206393719,0.8723235527359239,9.784896833835975e-05
Random Forest,5895,5895,5896,0.7147504206393719,0.8723235527359239,0.7148065058889512,0.8723235527359239,4.892448416913145e-05
Random Forest,5896,5896,5897,0.7148065058889512,0.8723235527359239,0.7148625911385306,0.8723235527359239,4.892448416913145e-05
Random Forest,5897,5897,5898,0.7148625911385306,0.8723235527359239,0.7155916993830622,0.8723235527359239,0.0006360182941989026
Random Forest,5898,5898,5899,0.7155916993830622,0.8723235527359239,0.7156477846326417,0.8723235527359239,4.89244841692283e-05
Random Forest,5899,5899,5900,0.7156477846326417,0.8723235527359239,0.7162086371284352,0.8723235527359239,0.0004892448416914113
Random Forest,5900,5900,5901,0.7162086371284352,0.8723235527359239,0.7162647223780145,0.8723235527359239,4.892448416913145e-05
Random Forest,5901,5901,5902,0.7162647223780145,0.8723235527359239,0.716320807627594,0.8723235527359239,4.89244841692283e-05
Random Forest,5902,5902,5903,0.716320807627594,0.8723235527359239,0.7163768928771733,0.8723235527359239,4.892448416913145e-05
Random Forest,5903,5903,5904,0.7163768928771733,0.8723235527359239,0.7164329781267527,0.8723235527359239,4.892448416913145e-05
Random Forest,5904,5904,5905,0.7164329781267527,0.8723235527359239,0.7167134043746495,0.8723235527359239,0.0002446224208457541
Random Forest,5905,5905,5906,0.7167134043746495,0.8723235527359239,0.7167694896242288,0.8723235527359239,4.892448416913145e-05
Random Forest,5906,5906,5907,0.7167694896242288,0.8723235527359239,0.7168255748738082,0.8723235527359239,4.892448416913145e-05
Random Forest,5907,5907,5908,0.7168255748738082,0.8723235527359239,0.717106001121705,0.8723235527359239,0.0002446224208457541
Random Forest,5908,5908,5909,0.717106001121705,0.8723235527359239,0.7172742568704431,0.8723235527359239,0.0001467734525074912
Random Forest,5909,5909,5910,0.7172742568704431,0.8723235527359239,0.7173864273696018,0.8723235527359239,9.78489683382629e-05
Random Forest,5910,5910,5911,0.7173864273696018,0.8723235527359239,0.7173864273696018,0.873116574147502,0.0
Random Forest,5911,5911,5912,0.7173864273696018,0.873116574147502,0.7174425126191811,0.873116574147502,4.896896097292157e-05
Random Forest,5912,5912,5913,0.7174425126191811,0.873116574147502,0.7174985978687605,0.873116574147502,4.896896097292157e-05
Random Forest,5913,5913,5914,0.7174985978687605,0.873116574147502,0.7175546831183399,0.873116574147502,4.896896097301851e-05
Random Forest,5914,5914,5915,0.7175546831183399,0.873116574147502,0.7176107683679193,0.873116574147502,4.896896097292157e-05
Random Forest,5915,5915,5916,0.7176107683679193,0.873116574147502,0.7176668536174986,0.873116574147502,4.896896097292157e-05
Random Forest,5916,5916,5917,0.7176668536174986,0.873116574147502,0.7177229388670779,0.873116574147502,4.896896097292157e-05
Random Forest,5917,5917,5918,0.7177229388670779,0.873116574147502,0.7177790241166573,0.873116574147502,4.896896097292157e-05
Random Forest,5918,5918,5919,0.7177790241166573,0.873116574147502,0.7178351093662367,0.873116574147502,4.896896097301851e-05
Random Forest,5919,5919,5920,0.7178351093662367,0.873116574147502,0.7179472798653954,0.873116574147502,9.793792194584314e-05
Random Forest,5920,5920,5921,0.7179472798653954,0.873116574147502,0.7180033651149748,0.873116574147502,4.896896097292157e-05
Random Forest,5921,5921,5922,0.7180033651149748,0.873116574147502,0.7182837913628716,0.873116574147502,0.0002448448048647048
Random Forest,5922,5922,5923,0.7182837913628716,0.873116574147502,0.718508132361189,0.873116574147502,0.00019587584389178323
Random Forest,5923,5923,5924,0.718508132361189,0.873116574147502,0.7185642176107684,0.873116574147502,4.896896097292157e-05
Random Forest,5924,5924,5925,0.7185642176107684,0.873116574147502,0.7186763881099271,0.873116574147502,9.793792194584314e-05
Random Forest,5925,5925,5926,0.7186763881099271,0.873116574147502,0.7187324733595064,0.873116574147502,4.896896097292157e-05
Random Forest,5926,5926,5927,0.7187324733595064,0.873116574147502,0.7187885586090859,0.873116574147502,4.896896097301851e-05
Random Forest,5927,5927,5928,0.7187885586090859,0.873116574147502,0.7190128996074032,0.8747026169706582,0.00019605375110684676
Random Forest,5928,5928,5929,0.7190128996074032,0.8747026169706582,0.7190128996074032,0.8754956383822363,0.0
Random Forest,5929,5929,5930,0.7190128996074032,0.8754956383822363,0.7190689848569826,0.8754956383822363,4.910239138429193e-05
Random Forest,5930,5930,5931,0.7190689848569826,0.8754956383822363,0.719125070106562,0.8754956383822363,4.910239138438913e-05
Random Forest,5931,5931,5932,0.719125070106562,0.8754956383822363,0.7191811553561414,0.8754956383822363,4.910239138429193e-05
Random Forest,5932,5932,5933,0.7191811553561414,0.8754956383822363,0.7192933258553,0.8754956383822363,9.820478276858386e-05
Random Forest,5933,5933,5934,0.7192933258553,0.8754956383822363,0.7193494111048794,0.8754956383822363,4.910239138429193e-05
Random Forest,5934,5934,5935,0.7193494111048794,0.8754956383822363,0.7194054963544588,0.8754956383822363,4.910239138438913e-05
Random Forest,5935,5935,5936,0.7194054963544588,0.8754956383822363,0.7194615816040382,0.8754956383822363,4.910239138429193e-05
Random Forest,5936,5936,5937,0.7194615816040382,0.8754956383822363,0.7197980931015143,0.8754956383822363,0.00029461434830584874
Random Forest,5937,5937,5938,0.7197980931015143,0.8754956383822363,0.7199663488502523,0.8754956383822363,0.00014730717415287577
Random Forest,5938,5938,5939,0.7199663488502523,0.8754956383822363,0.7202467750981492,0.8754956383822363,0.0002455119569215568
Random Forest,5939,5939,5940,0.7202467750981492,0.8754956383822363,0.7203028603477285,0.8754956383822363,4.910239138429193e-05
Random Forest,5940,5940,5941,0.7203028603477285,0.8754956383822363,0.7204711160964666,0.8754956383822363,0.000147307174152973
Random Forest,5941,5941,5942,0.7204711160964666,0.8754956383822363,0.7213123948401571,0.8754956383822363,0.0007365358707646705
Random Forest,5942,5942,5943,0.7213123948401571,0.8754956383822363,0.7216489063376332,0.8762886597938144,0.00029474777871721917
Random Forest,5943,5943,5944,0.7216489063376332,0.8762886597938144,0.7217049915872126,0.8762886597938144,4.914686818808205e-05
Random Forest,5944,5944,5945,0.7217049915872126,0.8762886597938144,0.7217610768367919,0.8762886597938144,4.914686818808205e-05
Random Forest,5945,5945,5946,0.7217610768367919,0.8762886597938144,0.7217610768367919,0.8770816812053925,0.0
Random Forest,5946,5946,5947,0.7217610768367919,0.8770816812053925,0.7218171620863713,0.8770816812053925,4.9191344991872164e-05
Random Forest,5947,5947,5948,0.7218171620863713,0.8770816812053925,0.72192933258553,0.8770816812053925,9.838268998384172e-05
Random Forest,5948,5948,5949,0.72192933258553,0.8770816812053925,0.7219854178351094,0.8770816812053925,4.9191344991872164e-05
Random Forest,5949,5949,5950,0.7219854178351094,0.8770816812053925,0.7222658440830062,0.8794607454401269,0.0002462903009878842
Random Forest,5950,5950,5951,0.7222658440830062,0.8794607454401269,0.7223219293325855,0.8794607454401269,4.932477540324253e-05
Random Forest,5951,5951,5952,0.7223219293325855,0.8794607454401269,0.7223780145821649,0.8794607454401269,4.932477540324253e-05
Random Forest,5952,5952,5953,0.7223780145821649,0.8794607454401269,0.7224340998317442,0.8794607454401269,4.932477540324253e-05
Random Forest,5953,5953,5954,0.7224340998317442,0.8794607454401269,0.7224901850813236,0.8794607454401269,4.932477540324253e-05
Random Forest,5954,5954,5955,0.7224901850813236,0.8794607454401269,0.722546270330903,0.8794607454401269,4.9324775403340167e-05
Random Forest,5955,5955,5956,0.722546270330903,0.8794607454401269,0.722714526079641,0.8794607454401269,0.00014797432620972757
Random Forest,5956,5956,5957,0.722714526079641,0.8794607454401269,0.7228266965787997,0.8794607454401269,9.864955080648505e-05
Random Forest,5957,5957,5958,0.7228266965787997,0.8794607454401269,0.7228827818283792,0.8794607454401269,4.9324775403340167e-05
Random Forest,5958,5958,5959,0.7228827818283792,0.8794607454401269,0.7229388670779585,0.8794607454401269,4.932477540324253e-05
Random Forest,5959,5959,5960,0.7229388670779585,0.8794607454401269,0.7234436343241727,0.880253766851705,0.000444123124246336
Random Forest,5960,5960,5961,0.7234436343241727,0.880253766851705,0.7234997195737521,0.880253766851705,4.936925220713037e-05
Random Forest,5961,5961,5962,0.7234997195737521,0.880253766851705,0.7236679753224902,0.880253766851705,0.00014810775662109794
Random Forest,5962,5962,5963,0.7236679753224902,0.880253766851705,0.7237240605720695,0.880253766851705,4.9369252207032644e-05
Random Forest,5963,5963,5964,0.7237240605720695,0.880253766851705,0.723780145821649,0.880253766851705,4.936925220713037e-05
Random Forest,5964,5964,5965,0.723780145821649,0.880253766851705,0.7238362310712283,0.880253766851705,4.9369252207032644e-05
Random Forest,5965,5965,5966,0.7238362310712283,0.880253766851705,0.7238923163208076,0.880253766851705,4.9369252207032644e-05
Random Forest,5966,5966,5967,0.7238923163208076,0.880253766851705,0.7240044868199663,0.880253766851705,9.873850441406529e-05
Random Forest,5967,5967,5968,0.7240044868199663,0.880253766851705,0.7240605720695457,0.880253766851705,4.9369252207032644e-05
Random Forest,5968,5968,5969,0.7240605720695457,0.880253766851705,0.7241727425687045,0.880253766851705,9.873850441416302e-05
Random Forest,5969,5969,5970,0.7241727425687045,0.880253766851705,0.7243970835670219,0.880253766851705,0.00019747700882822832
Random Forest,5970,5970,5971,0.7243970835670219,0.880253766851705,0.7244531688166013,0.880253766851705,4.9369252207032644e-05
Random Forest,5971,5971,5972,0.7244531688166013,0.880253766851705,0.7246214245653393,0.880253766851705,0.00014810775662109794
Random Forest,5972,5972,5973,0.7246214245653393,0.880253766851705,0.7246775098149186,0.880253766851705,4.9369252207032644e-05
Random Forest,5973,5973,5974,0.7246775098149186,0.880253766851705,0.7247335950644981,0.880253766851705,4.936925220713037e-05
Random Forest,5974,5974,5975,0.7247335950644981,0.880253766851705,0.7247896803140774,0.880253766851705,4.9369252207032644e-05
Random Forest,5975,5975,5976,0.7247896803140774,0.880253766851705,0.7249018508132361,0.880253766851705,9.873850441406529e-05
Random Forest,5976,5976,5977,0.7249018508132361,0.880253766851705,0.7249579360628154,0.880253766851705,4.9369252207032644e-05
Random Forest,5977,5977,5978,0.7249579360628154,0.880253766851705,0.7250140213123948,0.880253766851705,4.9369252207032644e-05
Random Forest,5978,5978,5979,0.7250140213123948,0.880253766851705,0.7250701065619742,0.8810467882632831,4.9391490609025473e-05
Random Forest,5979,5979,5980,0.7250701065619742,0.8810467882632831,0.7251261918115536,0.8810467882632831,4.941372901082277e-05
Random Forest,5980,5980,5981,0.7251261918115536,0.8810467882632831,0.7251822770611329,0.8810467882632831,4.941372901082277e-05
Random Forest,5981,5981,5982,0.7251822770611329,0.8810467882632831,0.7252944475602916,0.8810467882632831,9.882745802164553e-05
Random Forest,5982,5982,5983,0.7252944475602916,0.8810467882632831,0.7256870443073472,0.8818398096748612,0.0003460517718892205
Random Forest,5983,5983,5984,0.7256870443073472,0.8818398096748612,0.7257992148065059,0.8818398096748612,9.891641162922577e-05
Random Forest,5984,5984,5985,0.7257992148065059,0.8818398096748612,0.7259113853056646,0.8818398096748612,9.891641162922577e-05
Random Forest,5985,5985,5986,0.7259113853056646,0.8818398096748612,0.7260235558048234,0.8818398096748612,9.891641162932367e-05
Random Forest,5986,5986,5987,0.7260235558048234,0.8818398096748612,0.7260796410544027,0.8818398096748612,4.9458205814612884e-05
Random Forest,5987,5987,5988,0.7260796410544027,0.8818398096748612,0.726135726303982,0.8818398096748612,4.9458205814612884e-05
Random Forest,5988,5988,5989,0.726135726303982,0.8818398096748612,0.7261918115535614,0.8818398096748612,4.9458205814612884e-05
Random Forest,5989,5989,5990,0.7261918115535614,0.8818398096748612,0.7262478968031407,0.8818398096748612,4.9458205814612884e-05
Random Forest,5990,5990,5991,0.7262478968031407,0.8818398096748612,0.7262478968031407,0.8826328310864393,0.0
Random Forest,5991,5991,5992,0.7262478968031407,0.8826328310864393,0.7268648345485137,0.8826328310864393,0.000544529508802629
Random Forest,5992,5992,5993,0.7268648345485137,0.8826328310864393,0.7269209197980931,0.8826328310864393,4.950268261850099e-05
Random Forest,5993,5993,5994,0.7269209197980931,0.8826328310864393,0.7269770050476725,0.8826328310864393,4.9502682618403e-05
Random Forest,5994,5994,5995,0.7269770050476725,0.8826328310864393,0.7270330902972518,0.8826328310864393,4.9502682618403e-05
Random Forest,5995,5995,5996,0.7270330902972518,0.8826328310864393,0.7270891755468312,0.8826328310864393,4.9502682618403e-05
Random Forest,5996,5996,5997,0.7270891755468312,0.8826328310864393,0.7271452607964105,0.8826328310864393,4.9502682618403e-05
Random Forest,5997,5997,5998,0.7271452607964105,0.8826328310864393,0.7277621985417835,0.8826328310864393,0.000544529508802629
Random Forest,5998,5998,5999,0.7277621985417835,0.8826328310864393,0.7278182837913628,0.8826328310864393,4.9502682618403e-05
Random Forest,5999,5999,6000,0.7278182837913628,0.8826328310864393,0.7278743690409423,0.8826328310864393,4.950268261850099e-05
Random Forest,6000,6000,6001,0.7278743690409423,0.8826328310864393,0.7279304542905216,0.8826328310864393,4.9502682618403e-05
Random Forest,6001,6001,6002,0.7279304542905216,0.8826328310864393,0.727986539540101,0.8826328310864393,4.9502682618403e-05
Random Forest,6002,6002,6003,0.727986539540101,0.8826328310864393,0.7280426247896803,0.8826328310864393,4.9502682618403e-05
Random Forest,6003,6003,6004,0.7280426247896803,0.8826328310864393,0.7280987100392596,0.8826328310864393,4.9502682618403e-05
Random Forest,6004,6004,6005,0.7280987100392596,0.8826328310864393,0.7282669657879978,0.8826328310864393,0.000148508047855307
Random Forest,6005,6005,6006,0.7282669657879978,0.8826328310864393,0.7283791362871564,0.8826328310864393,9.9005365236806e-05
Random Forest,6006,6006,6007,0.7283791362871564,0.8826328310864393,0.7284352215367358,0.8826328310864393,4.9502682618403e-05
Random Forest,6007,6007,6008,0.7284352215367358,0.8826328310864393,0.7284352215367358,0.8834258524980174,0.0
Random Forest,6008,6008,6009,0.7284352215367358,0.8834258524980174,0.7286595625350533,0.8834258524980174,0.00019818863768887056
Random Forest,6009,6009,6010,0.7286595625350533,0.8834258524980174,0.729556926528323,0.8834258524980174,0.0007927545507553842
Random Forest,6010,6010,6011,0.729556926528323,0.8834258524980174,0.7296690970274817,0.8834258524980174,9.909431884438625e-05
Random Forest,6011,6011,6012,0.7296690970274817,0.8834258524980174,0.7298934380257992,0.8834258524980174,0.00019818863768887056
Random Forest,6012,6012,6013,0.7298934380257992,0.8834258524980174,0.7299495232753785,0.8834258524980174,4.9547159422193124e-05
Random Forest,6013,6013,6014,0.7299495232753785,0.8834258524980174,0.7303421200224341,0.8834258524980174,0.000346830115955548
Random Forest,6014,6014,6015,0.7303421200224341,0.8834258524980174,0.7303982052720135,0.8842188739095955,4.956939782408818e-05
Random Forest,6015,6015,6016,0.7303982052720135,0.8842188739095955,0.7304542905215928,0.8842188739095955,4.959163622598324e-05
Random Forest,6016,6016,6017,0.7304542905215928,0.8842188739095955,0.7305664610207515,0.8842188739095955,9.918327245196648e-05
Random Forest,6017,6017,6018,0.7305664610207515,0.8842188739095955,0.7306225462703309,0.8842188739095955,4.959163622598324e-05
Random Forest,6018,6018,6019,0.7306225462703309,0.8842188739095955,0.7306786315199103,0.8842188739095955,4.959163622608141e-05
Random Forest,6019,6019,6020,0.7306786315199103,0.8842188739095955,0.730790802019069,0.8842188739095955,9.918327245196648e-05
Random Forest,6020,6020,6021,0.730790802019069,0.8842188739095955,0.7308468872686483,0.8842188739095955,4.959163622598324e-05
Random Forest,6021,6021,6022,0.7308468872686483,0.8842188739095955,0.7312394840157038,0.8842188739095955,0.00034714145358198087
Random Forest,6022,6022,6023,0.7312394840157038,0.8842188739095955,0.7313516545148626,0.8842188739095955,9.918327245206465e-05
Random Forest,6023,6023,6024,0.7313516545148626,0.8842188739095955,0.7315199102636006,0.8842188739095955,0.00014877490867794973
Random Forest,6024,6024,6025,0.7315199102636006,0.8842188739095955,0.7315759955131801,0.8842188739095955,4.959163622608141e-05
Random Forest,6025,6025,6026,0.7315759955131801,0.8842188739095955,0.7316320807627594,0.8842188739095955,4.959163622598324e-05
Random Forest,6026,6026,6027,0.7316320807627594,0.8842188739095955,0.7316881660123388,0.8842188739095955,4.959163622598324e-05
Random Forest,6027,6027,6028,0.7316881660123388,0.8842188739095955,0.7319685922602356,0.8842188739095955,0.00024795818113001436
Random Forest,6028,6028,6029,0.7319685922602356,0.8842188739095955,0.732192933258553,0.8842188739095955,0.00019836654490393296
Random Forest,6029,6029,6030,0.732192933258553,0.8842188739095955,0.7323051037577117,0.8842188739095955,9.918327245206465e-05
Random Forest,6030,6030,6031,0.7323051037577117,0.8842188739095955,0.7323611890072911,0.8842188739095955,4.959163622598324e-05
Random Forest,6031,6031,6032,0.7323611890072911,0.8842188739095955,0.7324172742568704,0.8842188739095955,4.959163622598324e-05
Random Forest,6032,6032,6033,0.7324172742568704,0.8842188739095955,0.7326977005047672,0.8842188739095955,0.00024795818113001436
Random Forest,6033,6033,6034,0.7326977005047672,0.8842188739095955,0.7327537857543466,0.8842188739095955,4.959163622598324e-05
Random Forest,6034,6034,6035,0.7327537857543466,0.8842188739095955,0.7343241727425687,0.8842188739095955,0.0013885658143280215
Random Forest,6035,6035,6036,0.7343241727425687,0.8842188739095955,0.734380257992148,0.8842188739095955,4.959163622598324e-05
Random Forest,6036,6036,6037,0.734380257992148,0.8842188739095955,0.7344363432417275,0.8842188739095955,4.959163622608141e-05
Random Forest,6037,6037,6038,0.7344363432417275,0.8842188739095955,0.7344924284913068,0.8842188739095955,4.959163622598324e-05
Random Forest,6038,6038,6039,0.7344924284913068,0.8842188739095955,0.7345485137408861,0.8842188739095955,4.959163622598324e-05
Random Forest,6039,6039,6040,0.7345485137408861,0.8842188739095955,0.7346045989904655,0.8842188739095955,4.959163622598324e-05
Random Forest,6040,6040,6041,0.7346045989904655,0.8842188739095955,0.7347167694896243,0.8842188739095955,9.918327245206465e-05
Random Forest,6041,6041,6042,0.7347167694896243,0.8842188739095955,0.7347728547392036,0.8842188739095955,4.959163622598324e-05
Random Forest,6042,6042,6043,0.7347728547392036,0.8842188739095955,0.7350532809871004,0.8850118953211736,0.0002480693731394897
Random Forest,6043,6043,6044,0.7350532809871004,0.8850118953211736,0.735614133482894,0.8850118953211736,0.0004963611302978318
Random Forest,6044,6044,6045,0.735614133482894,0.8850118953211736,0.7357263039820527,0.8850118953211736,9.927222605964498e-05
Random Forest,6045,6045,6046,0.7357263039820527,0.8850118953211736,0.7357823892316321,0.8850118953211736,4.9636113029773364e-05
Random Forest,6046,6046,6047,0.7357823892316321,0.8850118953211736,0.7358384744812114,0.8850118953211736,4.9636113029773364e-05
Random Forest,6047,6047,6048,0.7358384744812114,0.8850118953211736,0.7358945597307908,0.8850118953211736,4.9636113029773364e-05
Random Forest,6048,6048,6049,0.7358945597307908,0.8850118953211736,0.7359506449803702,0.8850118953211736,4.963611302987162e-05
Random Forest,6049,6049,6050,0.7359506449803702,0.8850118953211736,0.7360067302299496,0.8850118953211736,4.9636113029773364e-05
Random Forest,6050,6050,6051,0.7360067302299496,0.8850118953211736,0.7360628154795289,0.8850118953211736,4.9636113029773364e-05
Random Forest,6051,6051,6052,0.7360628154795289,0.8850118953211736,0.736399326977005,0.8865979381443299,0.00029808353900147923
Random Forest,6052,6052,6053,0.736399326977005,0.8865979381443299,0.7381940549635446,0.8865979381443299,0.0015912021323959058
Random Forest,6053,6053,6054,0.7381940549635446,0.8865979381443299,0.7383623107122826,0.8865979381443299,0.0001491751999120608
Random Forest,6054,6054,6055,0.7383623107122826,0.8865979381443299,0.7383623107122826,0.887390959555908,0.0
Random Forest,6055,6055,6056,0.7383623107122826,0.887390959555908,0.7384744812114414,0.887390959555908,9.953908688238595e-05
Random Forest,6056,6056,6057,0.7384744812114414,0.887390959555908,0.7385305664610208,0.887390959555908,4.976954344114372e-05
Random Forest,6057,6057,6058,0.7385305664610208,0.887390959555908,0.7385866517106001,0.887390959555908,4.976954344114372e-05
Random Forest,6058,6058,6059,0.7385866517106001,0.887390959555908,0.7386427369601795,0.887390959555908,4.976954344114372e-05
Random Forest,6059,6059,6060,0.7386427369601795,0.887390959555908,0.7386988222097588,0.887390959555908,4.976954344114372e-05
Random Forest,6060,6060,6061,0.7386988222097588,0.887390959555908,0.7387549074593381,0.887390959555908,4.976954344114372e-05
Random Forest,6061,6061,6062,0.7387549074593381,0.887390959555908,0.7388109927089176,0.887390959555908,4.976954344124224e-05
Random Forest,6062,6062,6063,0.7388109927089176,0.887390959555908,0.7389231632080763,0.887390959555908,9.953908688228744e-05
Random Forest,6063,6063,6064,0.7389231632080763,0.887390959555908,0.7390914189568144,0.887390959555908,0.0001493086303235297
Random Forest,6064,6064,6065,0.7390914189568144,0.887390959555908,0.7391475042063937,0.887390959555908,4.976954344114372e-05
Random Forest,6065,6065,6066,0.7391475042063937,0.887390959555908,0.7393157599551318,0.887390959555908,0.00014930863032343116
Random Forest,6066,6066,6067,0.7393157599551318,0.887390959555908,0.7394279304542906,0.887390959555908,9.953908688238595e-05
Random Forest,6067,6067,6068,0.7394279304542906,0.887390959555908,0.7394840157038699,0.887390959555908,4.976954344114372e-05
Random Forest,6068,6068,6069,0.7394840157038699,0.887390959555908,0.7395961862030286,0.887390959555908,9.953908688228744e-05
Random Forest,6069,6069,6070,0.7395961862030286,0.887390959555908,0.7397644419517667,0.887390959555908,0.0001493086303235297
Random Forest,6070,6070,6071,0.7397644419517667,0.887390959555908,0.7398766124509254,0.887390959555908,9.953908688228744e-05
Random Forest,6071,6071,6072,0.7398766124509254,0.887390959555908,0.7399326977005047,0.887390959555908,4.976954344114372e-05
Random Forest,6072,6072,6073,0.7399326977005047,0.887390959555908,0.7399887829500841,0.887390959555908,4.976954344114372e-05
Random Forest,6073,6073,6074,0.7399887829500841,0.887390959555908,0.7400448681996635,0.887390959555908,4.976954344124224e-05
Random Forest,6074,6074,6075,0.7400448681996635,0.887390959555908,0.7401009534492429,0.887390959555908,4.976954344114372e-05
Random Forest,6075,6075,6076,0.7401009534492429,0.887390959555908,0.7401570386988222,0.887390959555908,4.976954344114372e-05
Random Forest,6076,6076,6077,0.7401570386988222,0.887390959555908,0.7402131239484016,0.887390959555908,4.976954344114372e-05
Random Forest,6077,6077,6078,0.7402131239484016,0.887390959555908,0.7402692091979809,0.887390959555908,4.976954344114372e-05
Random Forest,6078,6078,6079,0.7402692091979809,0.887390959555908,0.7403252944475603,0.887390959555908,4.976954344124224e-05
Random Forest,6079,6079,6080,0.7403252944475603,0.887390959555908,0.740437464946719,0.887390959555908,9.953908688228744e-05
Random Forest,6080,6080,6081,0.740437464946719,0.887390959555908,0.7404935501962984,0.887390959555908,4.976954344114372e-05
Random Forest,6081,6081,6082,0.7404935501962984,0.887390959555908,0.7404935501962984,0.8881839809674861,0.0
Random Forest,6082,6082,6083,0.7404935501962984,0.8881839809674861,0.7405496354458777,0.8881839809674861,4.9814020244933836e-05
Random Forest,6083,6083,6084,0.7405496354458777,0.8881839809674861,0.740605720695457,0.8881839809674861,4.9814020244933836e-05
Random Forest,6084,6084,6085,0.740605720695457,0.8881839809674861,0.7406618059450365,0.8881839809674861,4.9814020245032445e-05
Random Forest,6085,6085,6086,0.7406618059450365,0.8881839809674861,0.7407178911946158,0.8881839809674861,4.9814020244933836e-05
Random Forest,6086,6086,6087,0.7407178911946158,0.8881839809674861,0.7413348289399888,0.8881839809674861,0.0005479542226944694
Random Forest,6087,6087,6088,0.7413348289399888,0.8881839809674861,0.7413909141895682,0.8881839809674861,4.9814020244933836e-05
Random Forest,6088,6088,6089,0.7413909141895682,0.8881839809674861,0.7415030846887268,0.8881839809674861,9.962804048986767e-05
Random Forest,6089,6089,6090,0.7415030846887268,0.8881839809674861,0.7417274256870443,0.8881839809674861,0.00019925608097983395
Random Forest,6090,6090,6091,0.7417274256870443,0.8881839809674861,0.7420078519349411,0.8881839809674861,0.0002490701012247678
Random Forest,6091,6091,6092,0.7420078519349411,0.8881839809674861,0.7420639371845205,0.8881839809674861,4.9814020244933836e-05
Random Forest,6092,6092,6093,0.7420639371845205,0.8881839809674861,0.7422321929332586,0.8881839809674861,0.0001494420607349001
Random Forest,6093,6093,6094,0.7422321929332586,0.8881839809674861,0.7422321929332586,0.8889770023790642,0.0
Random Forest,6094,6094,6095,0.7422321929332586,0.8889770023790642,0.7423443634324173,0.8889770023790642,9.971699409744792e-05
Random Forest,6095,6095,6096,0.7423443634324173,0.8889770023790642,0.7424004486819966,0.8889770023790642,4.985849704872396e-05
Random Forest,6096,6096,6097,0.7424004486819966,0.8889770023790642,0.742456533931576,0.8889770023790642,4.985849704872396e-05
Random Forest,6097,6097,6098,0.742456533931576,0.8889770023790642,0.7425126191811554,0.8889770023790642,4.9858497048822656e-05
Random Forest,6098,6098,6099,0.7425126191811554,0.8889770023790642,0.7425687044307347,0.8889770023790642,4.985849704872396e-05
Random Forest,6099,6099,6100,0.7425687044307347,0.8889770023790642,0.7426808749298934,0.8889770023790642,9.971699409744792e-05
Random Forest,6100,6100,6101,0.7426808749298934,0.8889770023790642,0.7427369601794728,0.8889770023790642,4.985849704872396e-05
Random Forest,6101,6101,6102,0.7427369601794728,0.8889770023790642,0.7428491306786316,0.8889770023790642,9.971699409754661e-05
Random Forest,6102,6102,6103,0.7428491306786316,0.8889770023790642,0.7431856421761077,0.8889770023790642,0.00029915098229244246
Random Forest,6103,6103,6104,0.7431856421761077,0.8889770023790642,0.7432978126752664,0.8889770023790642,9.971699409744792e-05
Random Forest,6104,6104,6105,0.7432978126752664,0.8889770023790642,0.7434099831744251,0.8889770023790642,9.971699409744792e-05
Random Forest,6105,6105,6106,0.7434099831744251,0.8889770023790642,0.7434099831744251,0.8897700237906423,0.0
Random Forest,6106,6106,6107,0.7434099831744251,0.8897700237906423,0.7440830061693775,0.8897700237906423,0.0005988356862304653
Random Forest,6107,6107,6108,0.7440830061693775,0.8897700237906423,0.7441951766685362,0.8897700237906423,9.980594770502815e-05
Random Forest,6108,6108,6109,0.7441951766685362,0.8897700237906423,0.7442512619181155,0.8897700237906423,4.9902973852514076e-05
Random Forest,6109,6109,6110,0.7442512619181155,0.8897700237906423,0.7443634324172742,0.8897700237906423,9.980594770502815e-05
Random Forest,6110,6110,6111,0.7443634324172742,0.8897700237906423,0.7444195176668537,0.8897700237906423,4.990297385261286e-05
Random Forest,6111,6111,6112,0.7444195176668537,0.8897700237906423,0.7457094784071789,0.8897700237906423,0.0011477683986082189
Random Forest,6112,6112,6113,0.7457094784071789,0.8897700237906423,0.7461581604038138,0.8897700237906423,0.0003992237908202114
Random Forest,6113,6113,6114,0.7461581604038138,0.8897700237906423,0.7462703309029726,0.8897700237906423,9.980594770512694e-05
Random Forest,6114,6114,6115,0.7462703309029726,0.8897700237906423,0.7463264161525519,0.8897700237906423,4.9902973852514076e-05
Random Forest,6115,6115,6116,0.7463264161525519,0.8897700237906423,0.7463825014021312,0.8897700237906423,4.9902973852514076e-05
Random Forest,6116,6116,6117,0.7463825014021312,0.8897700237906423,0.7464385866517106,0.8897700237906423,4.9902973852514076e-05
Random Forest,6117,6117,6118,0.7464385866517106,0.8897700237906423,0.7464385866517106,0.8905630452022204,0.0
Random Forest,6118,6118,6119,0.7464385866517106,0.8905630452022204,0.7464946719012899,0.8905630452022204,4.994745065630419e-05
Random Forest,6119,6119,6120,0.7464946719012899,0.8905630452022204,0.7467750981491867,0.8905630452022204,0.00024973725328161984
Random Forest,6120,6120,6121,0.7467750981491867,0.8905630452022204,0.7468311833987661,0.8905630452022204,4.994745065630419e-05
Random Forest,6121,6121,6122,0.7468311833987661,0.8905630452022204,0.7468872686483455,0.8905630452022204,4.9947450656403065e-05
Random Forest,6122,6122,6123,0.7468872686483455,0.8905630452022204,0.7469433538979249,0.8905630452022204,4.994745065630419e-05
Random Forest,6123,6123,6124,0.7469433538979249,0.8905630452022204,0.7471116096466629,0.8905630452022204,0.00014984235196891259
Random Forest,6124,6124,6125,0.7471116096466629,0.8905630452022204,0.7476163768928772,0.8913560666137986,0.00044972720152399115
Random Forest,6125,6125,6126,0.7476163768928772,0.8913560666137986,0.7478407178911947,0.8913560666137986,0.00019996770984047625
Random Forest,6126,6126,6127,0.7478407178911947,0.8913560666137986,0.747896803140774,0.8913560666137986,4.999192746009432e-05
Random Forest,6127,6127,6128,0.747896803140774,0.8913560666137986,0.7479528883903533,0.8913560666137986,4.999192746009432e-05
Random Forest,6128,6128,6129,0.7479528883903533,0.8913560666137986,0.7480089736399327,0.8913560666137986,4.999192746009432e-05
Random Forest,6129,6129,6130,0.7480089736399327,0.8913560666137986,0.748065058889512,0.8913560666137986,4.999192746009432e-05
Random Forest,6130,6130,6131,0.748065058889512,0.8913560666137986,0.7481211441390914,0.8913560666137986,4.999192746009432e-05
Random Forest,6131,6131,6132,0.7481211441390914,0.8913560666137986,0.7481772293886708,0.8913560666137986,4.9991927460193284e-05
Random Forest,6132,6132,6133,0.7481772293886708,0.8913560666137986,0.7482333146382502,0.8913560666137986,4.999192746009432e-05
Random Forest,6133,6133,6134,0.7482333146382502,0.8913560666137986,0.7495232753785754,0.8921490880253767,0.0011503258148261519
Random Forest,6134,6134,6135,0.7495232753785754,0.8921490880253767,0.7495793606281548,0.8921490880253767,5.003640426388444e-05
Random Forest,6135,6135,6136,0.7495793606281548,0.8921490880253767,0.7496354458777341,0.8921490880253767,5.003640426388444e-05
Random Forest,6136,6136,6137,0.7496354458777341,0.8921490880253767,0.7496915311273136,0.8921490880253767,5.003640426398349e-05
Random Forest,6137,6137,6138,0.7496915311273136,0.8921490880253767,0.7497476163768929,0.8921490880253767,5.003640426388444e-05
Random Forest,6138,6138,6139,0.7497476163768929,0.8921490880253767,0.7498037016264723,0.8921490880253767,5.003640426388444e-05
Random Forest,6139,6139,6140,0.7498037016264723,0.8921490880253767,0.7500841278743691,0.8921490880253767,0.00025018202131952123
Random Forest,6140,6140,6141,0.7500841278743691,0.8921490880253767,0.7503645541222659,0.8921490880253767,0.00025018202131952123
Random Forest,6141,6141,6142,0.7503645541222659,0.8921490880253767,0.7504206393718452,0.8921490880253767,5.003640426388444e-05
Random Forest,6142,6142,6143,0.7504206393718452,0.8921490880253767,0.7504767246214246,0.8921490880253767,5.003640426388444e-05
Random Forest,6143,6143,6144,0.7504767246214246,0.8921490880253767,0.7505888951205832,0.8921490880253767,0.00010007280852776888
Random Forest,6144,6144,6145,0.7505888951205832,0.8921490880253767,0.7509254066180594,0.8921490880253767,0.0003002184255834057
Random Forest,6145,6145,6146,0.7509254066180594,0.8921490880253767,0.7509814918676389,0.8921490880253767,5.003640426398349e-05
Random Forest,6146,6146,6147,0.7509814918676389,0.8921490880253767,0.7514301738642737,0.893735130848533,0.0004006470485414956
Random Forest,6147,6147,6148,0.7514301738642737,0.893735130848533,0.7515423443634324,0.893735130848533,0.00010025071574292936
Random Forest,6148,6148,6149,0.7515423443634324,0.893735130848533,0.7516545148625912,0.893735130848533,0.00010025071574302859
Random Forest,6149,6149,6150,0.7516545148625912,0.893735130848533,0.7517106001121705,0.893735130848533,5.012535787146468e-05
Random Forest,6150,6150,6151,0.7517106001121705,0.893735130848533,0.752103196859226,0.893735130848533,0.000350877505100352
Random Forest,6151,6151,6152,0.752103196859226,0.893735130848533,0.7521592821088053,0.893735130848533,5.012535787146468e-05
Random Forest,6152,6152,6153,0.7521592821088053,0.893735130848533,0.7523275378575435,0.893735130848533,0.00015037607361449327
Random Forest,6153,6153,6154,0.7523275378575435,0.893735130848533,0.7523836231071228,0.893735130848533,5.012535787146468e-05
Random Forest,6154,6154,6155,0.7523836231071228,0.893735130848533,0.7524397083567022,0.893735130848533,5.012535787146468e-05
Random Forest,6155,6155,6156,0.7524397083567022,0.893735130848533,0.752551878855861,0.893735130848533,0.00010025071574302859
Random Forest,6156,6156,6157,0.752551878855861,0.893735130848533,0.7526079641054403,0.893735130848533,5.012535787146468e-05
Random Forest,6157,6157,6158,0.7526079641054403,0.893735130848533,0.7526640493550196,0.893735130848533,5.012535787146468e-05
Random Forest,6158,6158,6159,0.7526640493550196,0.893735130848533,0.7529444756029164,0.893735130848533,0.00025062678935742263
Random Forest,6159,6159,6160,0.7529444756029164,0.893735130848533,0.7530005608524958,0.893735130848533,5.012535787146468e-05
Random Forest,6160,6160,6161,0.7530005608524958,0.893735130848533,0.7530566461020751,0.893735130848533,5.012535787146468e-05
Random Forest,6161,6161,6162,0.7530566461020751,0.893735130848533,0.7531127313516545,0.893735130848533,5.012535787146468e-05
Random Forest,6162,6162,6163,0.7531127313516545,0.893735130848533,0.7533370723499719,0.893735130848533,0.00020050143148595795
Random Forest,6163,6163,6164,0.7533370723499719,0.893735130848533,0.7533931575995513,0.893735130848533,5.012535787146468e-05
Random Forest,6164,6164,6165,0.7533931575995513,0.893735130848533,0.7534492428491307,0.893735130848533,5.0125357871563904e-05
Random Forest,6165,6165,6166,0.7534492428491307,0.893735130848533,0.7535614133482894,0.893735130848533,0.00010025071574292936
Random Forest,6166,6166,6167,0.7535614133482894,0.893735130848533,0.7536174985978688,0.893735130848533,5.012535787146468e-05
Random Forest,6167,6167,6168,0.7536174985978688,0.893735130848533,0.7536735838474481,0.893735130848533,5.012535787146468e-05
Random Forest,6168,6168,6169,0.7536735838474481,0.893735130848533,0.7537296690970274,0.893735130848533,5.012535787146468e-05
Random Forest,6169,6169,6170,0.7537296690970274,0.893735130848533,0.7537857543466069,0.893735130848533,5.0125357871563904e-05
Random Forest,6170,6170,6171,0.7537857543466069,0.893735130848533,0.7538418395961862,0.893735130848533,5.012535787146468e-05
Random Forest,6171,6171,6172,0.7538418395961862,0.893735130848533,0.7538979248457656,0.893735130848533,5.012535787146468e-05
Random Forest,6172,6172,6173,0.7538979248457656,0.893735130848533,0.7539540100953449,0.893735130848533,5.012535787146468e-05
Random Forest,6173,6173,6174,0.7539540100953449,0.893735130848533,0.7540100953449242,0.893735130848533,5.012535787146468e-05
Random Forest,6174,6174,6175,0.7540100953449242,0.893735130848533,0.7540661805945037,0.893735130848533,5.0125357871563904e-05
Random Forest,6175,6175,6176,0.7540661805945037,0.893735130848533,0.754122265844083,0.893735130848533,5.012535787146468e-05
Random Forest,6176,6176,6177,0.754122265844083,0.893735130848533,0.7541783510936624,0.893735130848533,5.012535787146468e-05
Random Forest,6177,6177,6178,0.7541783510936624,0.893735130848533,0.7542344363432417,0.893735130848533,5.012535787146468e-05
Random Forest,6178,6178,6179,0.7542344363432417,0.893735130848533,0.7543466068424004,0.893735130848533,0.00010025071574292936
Random Forest,6179,6179,6180,0.7543466068424004,0.893735130848533,0.7544587773415592,0.893735130848533,0.00010025071574302859
Random Forest,6180,6180,6181,0.7544587773415592,0.893735130848533,0.7548513740886147,0.8953211736716892,0.0003511888427268829
Random Forest,6181,6181,6182,0.7548513740886147,0.8953211736716892,0.7550757150869322,0.8953211736716892,0.00020085724591627907
Random Forest,6182,6182,6183,0.7550757150869322,0.8953211736716892,0.7551318003365115,0.8953211736716892,5.021431147904492e-05
Random Forest,6183,6183,6184,0.7551318003365115,0.8953211736716892,0.7551878855860908,0.8953211736716892,5.021431147904492e-05
Random Forest,6184,6184,6185,0.7551878855860908,0.8953211736716892,0.7552439708356702,0.8953211736716892,5.021431147904492e-05
Random Forest,6185,6185,6186,0.7552439708356702,0.8953211736716892,0.755356141334829,0.8953211736716892,0.00010042862295818923
Random Forest,6186,6186,6187,0.755356141334829,0.8953211736716892,0.7554122265844083,0.8953211736716892,5.021431147904492e-05
Random Forest,6187,6187,6188,0.7554122265844083,0.8953211736716892,0.7554683118339877,0.8953211736716892,5.021431147904492e-05
Random Forest,6188,6188,6189,0.7554683118339877,0.8953211736716892,0.7555804823331463,0.8953211736716892,0.00010042862295808984
Random Forest,6189,6189,6190,0.7555804823331463,0.8953211736716892,0.7556365675827258,0.8953211736716892,5.021431147914432e-05
Random Forest,6190,6190,6191,0.7556365675827258,0.8953211736716892,0.7557487380818845,0.8953211736716892,0.00010042862295808984
Random Forest,6191,6191,6192,0.7557487380818845,0.8953211736716892,0.7558609085810432,0.8953211736716892,0.00010042862295808984
Random Forest,6192,6192,6193,0.7558609085810432,0.8953211736716892,0.7559169938306225,0.8953211736716892,5.021431147904492e-05
Random Forest,6193,6193,6194,0.7559169938306225,0.8953211736716892,0.755973079080202,0.8953211736716892,5.021431147914432e-05
Random Forest,6194,6194,6195,0.755973079080202,0.8953211736716892,0.7560291643297813,0.8953211736716892,5.021431147904492e-05
Random Forest,6195,6195,6196,0.7560291643297813,0.8953211736716892,0.7560852495793606,0.8953211736716892,5.021431147904492e-05
Random Forest,6196,6196,6197,0.7560852495793606,0.8953211736716892,0.75614133482894,0.8953211736716892,5.021431147904492e-05
Random Forest,6197,6197,6198,0.75614133482894,0.8953211736716892,0.7570947840717891,0.8953211736716892,0.0008536432951440618
Random Forest,6198,6198,6199,0.7570947840717891,0.8953211736716892,0.7571508693213684,0.8953211736716892,5.021431147904492e-05
Random Forest,6199,6199,6200,0.7571508693213684,0.8953211736716892,0.7573191250701066,0.8953211736716892,0.00015064293443723415
Random Forest,6200,6200,6201,0.7573191250701066,0.8953211736716892,0.7573191250701066,0.8961141950832673,0.0
Random Forest,6201,6201,6202,0.7573191250701066,0.8961141950832673,0.7573752103196859,0.8961141950832673,5.0258788282835036e-05
Random Forest,6202,6202,6203,0.7573752103196859,0.8961141950832673,0.7574312955692653,0.8961141950832673,5.0258788282835036e-05
Random Forest,6203,6203,6204,0.7574312955692653,0.8961141950832673,0.7582164890633764,0.8969072164948454,0.0007039343735865199
Random Forest,6204,6204,6205,0.7582164890633764,0.8969072164948454,0.7588334268087493,0.8969072164948454,0.0005533359159530759
Random Forest,6205,6205,6206,0.7588334268087493,0.8969072164948454,0.7598990465507571,0.8969072164948454,0.0009557620366461767
Random Forest,6206,6206,6207,0.7598990465507571,0.8969072164948454,0.7599551318003365,0.8969072164948454,5.030326508662516e-05
Random Forest,6207,6207,6208,0.7599551318003365,0.8969072164948454,0.7600673022994953,0.8969072164948454,0.00010060653017334989
Random Forest,6208,6208,6209,0.7600673022994953,0.8969072164948454,0.7604598990465508,0.8969072164948454,0.00035212285560647566
Random Forest,6209,6209,6210,0.7604598990465508,0.8969072164948454,0.7607964105440269,0.8969072164948454,0.0003018195905198505
Random Forest,6210,6210,6211,0.7607964105440269,0.8969072164948454,0.7611329220415031,0.8969072164948454,0.0003018195905198505
Random Forest,6211,6211,6212,0.7611329220415031,0.8969072164948454,0.7613572630398205,0.8969072164948454,0.0002012130603466002
Random Forest,6212,6212,6213,0.7613572630398205,0.8969072164948454,0.7614694335389792,0.8969072164948454,0.00010060653017325032
Random Forest,6213,6213,6214,0.7614694335389792,0.8969072164948454,0.7615255187885586,0.8969072164948454,5.030326508662516e-05
Random Forest,6214,6214,6215,0.7615255187885586,0.8969072164948454,0.7616376892877174,0.8969072164948454,0.00010060653017334989
Random Forest,6215,6215,6216,0.7616376892877174,0.8969072164948454,0.7618059450364554,0.8984932593180016,0.00015104322567124583
Random Forest,6216,6216,6217,0.7618059450364554,0.8984932593180016,0.7622546270330903,0.8984932593180016,0.0004031377495538427
Random Forest,6217,6217,6218,0.7622546270330903,0.8984932593180016,0.762366797532249,0.8984932593180016,0.0001007844373884108
Random Forest,6218,6218,6219,0.762366797532249,0.8984932593180016,0.7624228827818283,0.8984932593180016,5.03922186942054e-05
Random Forest,6219,6219,6220,0.7624228827818283,0.8984932593180016,0.7631519910263601,0.8984932593180016,0.0006550988430249694
Random Forest,6220,6220,6221,0.7631519910263601,0.8984932593180016,0.7632080762759395,0.8984932593180016,5.03922186942054e-05
Random Forest,6221,6221,6222,0.7632080762759395,0.8984932593180016,0.7632641615255188,0.8984932593180016,5.03922186942054e-05
Random Forest,6222,6222,6223,0.7632641615255188,0.8984932593180016,0.7633202467750981,0.8984932593180016,5.03922186942054e-05
Random Forest,6223,6223,6224,0.7633202467750981,0.8984932593180016,0.7633763320246775,0.8984932593180016,5.03922186942054e-05
Random Forest,6224,6224,6225,0.7633763320246775,0.8984932593180016,0.7634324172742569,0.8984932593180016,5.0392218694305146e-05
Random Forest,6225,6225,6226,0.7634324172742569,0.8984932593180016,0.7638810992708918,0.8984932593180016,0.00040313774955374294
Random Forest,6226,6226,6227,0.7638810992708918,0.8984932593180016,0.7639371845204711,0.8984932593180016,5.03922186942054e-05
Random Forest,6227,6227,6228,0.7639371845204711,0.8984932593180016,0.7639932697700504,0.8984932593180016,5.03922186942054e-05
Random Forest,6228,6228,6229,0.7639932697700504,0.8984932593180016,0.7640493550196298,0.8984932593180016,5.03922186942054e-05
Random Forest,6229,6229,6230,0.7640493550196298,0.8984932593180016,0.7655636567582725,0.8992862807295797,0.0013611903415952113
Random Forest,6230,6230,6231,0.7655636567582725,0.8992862807295797,0.765619742007852,0.8992862807295797,5.043669549809536e-05
Random Forest,6231,6231,6232,0.765619742007852,0.8992862807295797,0.7656758272574313,0.8992862807295797,5.0436695497995516e-05
Random Forest,6232,6232,6233,0.7656758272574313,0.8992862807295797,0.7657319125070107,0.8992862807295797,5.0436695497995516e-05
Random Forest,6233,6233,6234,0.7657319125070107,0.8992862807295797,0.7659001682557487,0.8992862807295797,0.00015131008649398655
Random Forest,6234,6234,6235,0.7659001682557487,0.8992862807295797,0.7659562535053281,0.8992862807295797,5.043669549809536e-05
Random Forest,6235,6235,6236,0.7659562535053281,0.8992862807295797,0.7660123387549075,0.8992862807295797,5.0436695497995516e-05
Random Forest,6236,6236,6237,0.7660123387549075,0.8992862807295797,0.7665731912507011,0.9008723235527359,0.0005048117230180562
Random Forest,6237,6237,6238,0.7665731912507011,0.9008723235527359,0.7666292765002805,0.9008723235527359,5.0525649105575756e-05
Random Forest,6238,6238,6239,0.7666292765002805,0.9008723235527359,0.7666853617498598,0.9008723235527359,5.0525649105575756e-05
Random Forest,6239,6239,6240,0.7666853617498598,0.9008723235527359,0.7667414469994391,0.9008723235527359,5.0525649105575756e-05
Random Forest,6240,6240,6241,0.7667414469994391,0.9008723235527359,0.7669657879977566,0.9008723235527359,0.00020210259642240304
Random Forest,6241,6241,6242,0.7669657879977566,0.9008723235527359,0.767021873247336,0.9008723235527359,5.0525649105575756e-05
Random Forest,6242,6242,6243,0.767021873247336,0.9008723235527359,0.7670779584969153,0.9008723235527359,5.0525649105575756e-05
Random Forest,6243,6243,6244,0.7670779584969153,0.9008723235527359,0.7671340437464946,0.9008723235527359,5.0525649105575756e-05
Random Forest,6244,6244,6245,0.7671340437464946,0.9008723235527359,0.7673022994952328,0.9008723235527359,0.00015157694731682728
Random Forest,6245,6245,6246,0.7673022994952328,0.9008723235527359,0.7674144699943914,0.9008723235527359,0.00010105129821115151
Random Forest,6246,6246,6247,0.7674144699943914,0.9008723235527359,0.7675266404935502,0.9008723235527359,0.00010105129821125153
Random Forest,6247,6247,6248,0.7675266404935502,0.9008723235527359,0.7675827257431296,0.9008723235527359,5.0525649105575756e-05
Random Forest,6248,6248,6249,0.7675827257431296,0.9008723235527359,0.7677509814918676,0.9008723235527359,0.00015157694731672726
Random Forest,6249,6249,6250,0.7677509814918676,0.9008723235527359,0.7678631519910264,0.9008723235527359,0.00010105129821125153
Random Forest,6250,6250,6251,0.7678631519910264,0.9008723235527359,0.7679192372406057,0.9008723235527359,5.0525649105575756e-05
Random Forest,6251,6251,6252,0.7679192372406057,0.9008723235527359,0.7679753224901851,0.9008723235527359,5.0525649105575756e-05
Random Forest,6252,6252,6253,0.7679753224901851,0.9008723235527359,0.7680314077397644,0.9008723235527359,5.0525649105575756e-05
Random Forest,6253,6253,6254,0.7680314077397644,0.9008723235527359,0.7681435782389232,0.9008723235527359,0.00010105129821125153
Random Forest,6254,6254,6255,0.7681435782389232,0.9008723235527359,0.7681996634885025,0.9008723235527359,5.0525649105575756e-05
Random Forest,6255,6255,6256,0.7681996634885025,0.9008723235527359,0.7683679192372406,0.9008723235527359,0.00015157694731672726
Random Forest,6256,6256,6257,0.7683679192372406,0.9008723235527359,0.7684240044868199,0.9008723235527359,5.0525649105575756e-05
Random Forest,6257,6257,6258,0.7684240044868199,0.9008723235527359,0.7685361749859787,0.9008723235527359,0.00010105129821125153
Random Forest,6258,6258,6259,0.7685361749859787,0.9008723235527359,0.768592260235558,0.9008723235527359,5.0525649105575756e-05
Random Forest,6259,6259,6260,0.768592260235558,0.9008723235527359,0.7686483454851374,0.9008723235527359,5.0525649105575756e-05
Random Forest,6260,6260,6261,0.7686483454851374,0.9008723235527359,0.7687044307347167,0.9008723235527359,5.0525649105575756e-05
Random Forest,6261,6261,6262,0.7687044307347167,0.9008723235527359,0.7688166012338755,0.9008723235527359,0.00010105129821125153
Random Forest,6262,6262,6263,0.7688166012338755,0.9008723235527359,0.7690409422321929,0.9008723235527359,0.00020210259642230302
Random Forest,6263,6263,6264,0.7690409422321929,0.9008723235527359,0.7690970274817723,0.9008723235527359,5.052564910567577e-05
Random Forest,6264,6264,6265,0.7690970274817723,0.9008723235527359,0.769209197980931,0.9008723235527359,0.00010105129821115151
Random Forest,6265,6265,6266,0.769209197980931,0.9008723235527359,0.7693213684800897,0.9008723235527359,0.00010105129821115151
Random Forest,6266,6266,6267,0.7693213684800897,0.9008723235527359,0.7696017947279865,0.9008723235527359,0.0002526282455279788
Random Forest,6267,6267,6268,0.7696017947279865,0.9008723235527359,0.7696578799775659,0.9008723235527359,5.0525649105575756e-05
Random Forest,6268,6268,6269,0.7696578799775659,0.9008723235527359,0.7697700504767246,0.9008723235527359,0.00010105129821125153
Random Forest,6269,6269,6270,0.7697700504767246,0.9008723235527359,0.769826135726304,0.9008723235527359,5.0525649105575756e-05
Random Forest,6270,6270,6271,0.769826135726304,0.9008723235527359,0.7698822209758833,0.9008723235527359,5.0525649105575756e-05
Random Forest,6271,6271,6272,0.7698822209758833,0.9008723235527359,0.7702187324733595,0.9008723235527359,0.00030315389463355454
Random Forest,6272,6272,6273,0.7702187324733595,0.9008723235527359,0.7702748177229388,0.9008723235527359,5.0525649105575756e-05
Random Forest,6273,6273,6274,0.7702748177229388,0.9008723235527359,0.7703869882220976,0.9008723235527359,0.00010105129821125153
Random Forest,6274,6274,6275,0.7703869882220976,0.9008723235527359,0.7704991587212563,0.9008723235527359,0.00010105129821115151
Random Forest,6275,6275,6276,0.7704991587212563,0.9008723235527359,0.770611329220415,0.9008723235527359,0.00010105129821115151
Random Forest,6276,6276,6277,0.770611329220415,0.9008723235527359,0.7707795849691531,0.9008723235527359,0.00015157694731682728
Random Forest,6277,6277,6278,0.7707795849691531,0.9008723235527359,0.7715086932136848,0.9008723235527359,0.0006568334383726848
Random Forest,6278,6278,6279,0.7715086932136848,0.9008723235527359,0.7716208637128436,0.9008723235527359,0.00010105129821125153
Random Forest,6279,6279,6280,0.7716208637128436,0.9008723235527359,0.7716769489624229,0.9008723235527359,5.0525649105575756e-05
Random Forest,6280,6280,6281,0.7716769489624229,0.9008723235527359,0.7717330342120022,0.9008723235527359,5.0525649105575756e-05
Random Forest,6281,6281,6282,0.7717330342120022,0.9008723235527359,0.7717891194615816,0.9008723235527359,5.0525649105575756e-05
Random Forest,6282,6282,6283,0.7717891194615816,0.9008723235527359,0.7719012899607404,0.9008723235527359,0.00010105129821125153
Random Forest,6283,6283,6284,0.7719012899607404,0.9008723235527359,0.7719012899607404,0.901665344964314,0.0
Random Forest,6284,6284,6285,0.7719012899607404,0.901665344964314,0.7719573752103197,0.901665344964314,5.057012590936587e-05
Random Forest,6285,6285,6286,0.7719573752103197,0.901665344964314,0.7721256309590577,0.901665344964314,0.00015171037772809763
Random Forest,6286,6286,6287,0.7721256309590577,0.901665344964314,0.7721817162086372,0.901665344964314,5.057012590946598e-05
Random Forest,6287,6287,6288,0.7721817162086372,0.901665344964314,0.7723499719573752,0.901665344964314,0.00015171037772809763
Random Forest,6288,6288,6289,0.7723499719573752,0.901665344964314,0.7724060572069545,0.901665344964314,5.057012590936587e-05
Random Forest,6289,6289,6290,0.7724060572069545,0.901665344964314,0.7724621424565339,0.901665344964314,5.057012590936587e-05
Random Forest,6290,6290,6291,0.7724621424565339,0.901665344964314,0.772630398205272,0.901665344964314,0.00015171037772819773
Random Forest,6291,6291,6292,0.772630398205272,0.901665344964314,0.7727986539540102,0.901665344964314,0.00015171037772819773
Random Forest,6292,6292,6293,0.7727986539540102,0.901665344964314,0.7728547392035895,0.901665344964314,5.057012590936587e-05
Random Forest,6293,6293,6294,0.7728547392035895,0.901665344964314,0.7728547392035895,0.9024583663758922,0.0
Random Forest,6294,6294,6295,0.7728547392035895,0.9024583663758922,0.7729108244531688,0.9024583663758922,5.0614602713155995e-05
Random Forest,6295,6295,6296,0.7729108244531688,0.9024583663758922,0.7731912507010656,0.9024583663758922,0.00025307301356588017
Random Forest,6296,6296,6297,0.7731912507010656,0.9024583663758922,0.773415591699383,0.9024583663758922,0.00020245841085262398
Random Forest,6297,6297,6298,0.773415591699383,0.9024583663758922,0.7736960179472798,0.9024583663758922,0.00025307301356588017
Random Forest,6298,6298,6299,0.7736960179472798,0.9024583663758922,0.773864273696018,0.9024583663758922,0.00015184380813956818
Random Forest,6299,6299,6300,0.773864273696018,0.9024583663758922,0.7739203589455973,0.9024583663758922,5.0614602713155995e-05
Random Forest,6300,6300,6301,0.7739203589455973,0.9024583663758922,0.7743690409422322,0.9024583663758922,0.0004049168217054483
Random Forest,6301,6301,6302,0.7743690409422322,0.9024583663758922,0.7744251261918116,0.9024583663758922,5.0614602713155995e-05
Random Forest,6302,6302,6303,0.7744251261918116,0.9024583663758922,0.7744812114413909,0.9024583663758922,5.0614602713155995e-05
Random Forest,6303,6303,6304,0.7744812114413909,0.9024583663758922,0.7745372966909703,0.9024583663758922,5.0614602713155995e-05
Random Forest,6304,6304,6305,0.7745372966909703,0.9024583663758922,0.7745933819405496,0.9024583663758922,5.0614602713155995e-05
Random Forest,6305,6305,6306,0.7745933819405496,0.9024583663758922,0.7752664049355019,0.9024583663758922,0.0006073752325580723
Random Forest,6306,6306,6307,0.7752664049355019,0.9024583663758922,0.7758272574312955,0.9024583663758922,0.0005061460271317603
Random Forest,6307,6307,6308,0.7758272574312955,0.9024583663758922,0.7758833426808749,0.9024583663758922,5.0614602713155995e-05
Random Forest,6308,6308,6309,0.7758833426808749,0.9024583663758922,0.7759394279304543,0.9024583663758922,5.061460271325618e-05
Random Forest,6309,6309,6310,0.7759394279304543,0.9024583663758922,0.7759955131800337,0.9024583663758922,5.0614602713155995e-05
Random Forest,6310,6310,6311,0.7759955131800337,0.9024583663758922,0.776051598429613,0.9024583663758922,5.0614602713155995e-05
Random Forest,6311,6311,6312,0.776051598429613,0.9024583663758922,0.7761637689287717,0.9032513877874703,0.0001012736822301021
Random Forest,6312,6312,6313,0.7761637689287717,0.9032513877874703,0.7763320246775098,0.9032513877874703,0.0001519772385509386
Random Forest,6313,6313,6314,0.7763320246775098,0.9032513877874703,0.7763881099270892,0.9032513877874703,5.065907951694611e-05
Random Forest,6314,6314,6315,0.7763881099270892,0.9032513877874703,0.7787997756590017,0.9072164948453608,0.0021831216756369246
Random Forest,6315,6315,6316,0.7787997756590017,0.9072164948453608,0.778855860908581,0.9072164948453608,5.088146353589671e-05
Random Forest,6316,6316,6317,0.778855860908581,0.9072164948453608,0.7789119461581604,0.9072164948453608,5.088146353589671e-05
Random Forest,6317,6317,6318,0.7789119461581604,0.9072164948453608,0.7789680314077397,0.9072164948453608,5.088146353589671e-05
Random Forest,6318,6318,6319,0.7789680314077397,0.9072164948453608,0.7791923724060572,0.9072164948453608,0.00020352585414368756
Random Forest,6319,6319,6320,0.7791923724060572,0.9072164948453608,0.7813796971396523,0.908802537668517,0.001986111673248492
Random Forest,6320,6320,6321,0.7813796971396523,0.908802537668517,0.7814357823892316,0.908802537668517,5.097041714347695e-05
Random Forest,6321,6321,6322,0.7814357823892316,0.908802537668517,0.7814357823892316,0.9095955590800952,0.0
Random Forest,6322,6322,6323,0.7814357823892316,0.9095955590800952,0.781491867638811,0.9095955590800952,5.1014893947267065e-05
Random Forest,6323,6323,6324,0.781491867638811,0.9095955590800952,0.7815479528883904,0.9095955590800952,5.101489394736805e-05
Random Forest,6324,6324,6325,0.7815479528883904,0.9095955590800952,0.7816040381379697,0.9095955590800952,5.1014893947267065e-05
Random Forest,6325,6325,6326,0.7816040381379697,0.9095955590800952,0.7816601233875491,0.9095955590800952,5.1014893947267065e-05
Random Forest,6326,6326,6327,0.7816601233875491,0.9095955590800952,0.7817162086371284,0.9095955590800952,5.1014893947267065e-05
Random Forest,6327,6327,6328,0.7817162086371284,0.9095955590800952,0.7817722938867078,0.9095955590800952,5.1014893947267065e-05
Random Forest,6328,6328,6329,0.7817722938867078,0.9095955590800952,0.7818283791362871,0.9095955590800952,5.1014893947267065e-05
Random Forest,6329,6329,6330,0.7818283791362871,0.9095955590800952,0.7818844643858666,0.9095955590800952,5.101489394736805e-05
Random Forest,6330,6330,6331,0.7818844643858666,0.9095955590800952,0.7819405496354459,0.9095955590800952,5.1014893947267065e-05
Random Forest,6331,6331,6332,0.7819405496354459,0.9095955590800952,0.7820527201346046,0.9095955590800952,0.00010202978789453413
Random Forest,6332,6332,6333,0.7820527201346046,0.9095955590800952,0.7821088053841839,0.9095955590800952,5.1014893947267065e-05
Random Forest,6333,6333,6334,0.7821088053841839,0.9095955590800952,0.7822209758833427,0.9095955590800952,0.00010202978789463512
Random Forest,6334,6334,6335,0.7822209758833427,0.9095955590800952,0.7822770611329221,0.9095955590800952,5.1014893947267065e-05
Random Forest,6335,6335,6336,0.7822770611329221,0.9095955590800952,0.7823331463825014,0.9095955590800952,5.1014893947267065e-05
Random Forest,6336,6336,6337,0.7823331463825014,0.9095955590800952,0.7824453168816601,0.9103885804916733,0.00010207426469832425
Random Forest,6337,6337,6338,0.7824453168816601,0.9103885804916733,0.7825014021312395,0.9103885804916733,5.1059370751158256e-05
Random Forest,6338,6338,6339,0.7825014021312395,0.9103885804916733,0.7825574873808189,0.9103885804916733,5.105937075105719e-05
Random Forest,6339,6339,6340,0.7825574873808189,0.9103885804916733,0.7827257431295569,0.9103885804916733,0.00015317811225317156
Random Forest,6340,6340,6341,0.7827257431295569,0.9103885804916733,0.7828379136287157,0.9103885804916733,0.00010211874150221545
Random Forest,6341,6341,6342,0.7828379136287157,0.9103885804916733,0.782893998878295,0.9103885804916733,5.105937075105719e-05
Random Forest,6342,6342,6343,0.782893998878295,0.9103885804916733,0.7829500841278744,0.9103885804916733,5.105937075105719e-05
Random Forest,6343,6343,6344,0.7829500841278744,0.9103885804916733,0.7830061693774537,0.9103885804916733,5.105937075105719e-05
Random Forest,6344,6344,6345,0.7830061693774537,0.9103885804916733,0.7833426808749299,0.9103885804916733,0.0003063562245064442
Random Forest,6345,6345,6346,0.7833426808749299,0.9103885804916733,0.7833987661245092,0.9103885804916733,5.105937075105719e-05
Random Forest,6346,6346,6347,0.7833987661245092,0.9103885804916733,0.7834548513740887,0.9103885804916733,5.1059370751158256e-05
Random Forest,6347,6347,6348,0.7834548513740887,0.9103885804916733,0.783510936623668,0.9103885804916733,5.105937075105719e-05
Random Forest,6348,6348,6349,0.783510936623668,0.9103885804916733,0.7837352776219855,0.9103885804916733,0.00020423748300432983
Random Forest,6349,6349,6350,0.7837352776219855,0.9103885804916733,0.7837913628715648,0.9103885804916733,5.105937075105719e-05
Random Forest,6350,6350,6351,0.7837913628715648,0.9103885804916733,0.7839035333707235,0.9103885804916733,0.00010211874150211438
Random Forest,6351,6351,6352,0.7839035333707235,0.9103885804916733,0.7854739203589456,0.9127676447264076,0.0014315304067892922
Random Forest,6352,6352,6353,0.7854739203589456,0.9127676447264076,0.7855300056085249,0.9127676447264076,5.1192801162427544e-05
Random Forest,6353,6353,6354,0.7855300056085249,0.9127676447264076,0.7855860908581043,0.9127676447264076,5.1192801162427544e-05
Random Forest,6354,6354,6355,0.7855860908581043,0.9127676447264076,0.7856421761076837,0.9127676447264076,5.1192801162528883e-05
Random Forest,6355,6355,6356,0.7856421761076837,0.9127676447264076,0.7856982613572631,0.9127676447264076,5.1192801162427544e-05
Random Forest,6356,6356,6357,0.7856982613572631,0.9127676447264076,0.7857543466068424,0.9127676447264076,5.1192801162427544e-05
Random Forest,6357,6357,6358,0.7857543466068424,0.9127676447264076,0.7858104318564217,0.9127676447264076,5.1192801162427544e-05
Random Forest,6358,6358,6359,0.7858104318564217,0.9127676447264076,0.7860347728547392,0.9127676447264076,0.00020477120464981152
Random Forest,6359,6359,6360,0.7860347728547392,0.9127676447264076,0.7862030286034772,0.9127676447264076,0.00015357840348728262
Random Forest,6360,6360,6361,0.7862030286034772,0.9127676447264076,0.7862591138530567,0.9127676447264076,5.1192801162528883e-05
Random Forest,6361,6361,6362,0.7862591138530567,0.9127676447264076,0.7863712843522154,0.9127676447264076,0.00010238560232485509
Random Forest,6362,6362,6363,0.7863712843522154,0.9127676447264076,0.7865395401009534,0.9127676447264076,0.00015357840348728262
Random Forest,6363,6363,6364,0.7865395401009534,0.9127676447264076,0.7865956253505328,0.9127676447264076,5.1192801162528883e-05
Random Forest,6364,6364,6365,0.7865956253505328,0.9127676447264076,0.7868199663488502,0.9127676447264076,0.00020477120464971018
Random Forest,6365,6365,6366,0.7868199663488502,0.9127676447264076,0.7871564778463264,0.9127676447264076,0.0003071568069746666
Random Forest,6366,6366,6367,0.7871564778463264,0.9127676447264076,0.7872125630959058,0.9127676447264076,5.1192801162528883e-05
Random Forest,6367,6367,6368,0.7872125630959058,0.9127676447264076,0.7872686483454852,0.9127676447264076,5.1192801162427544e-05
Random Forest,6368,6368,6369,0.7872686483454852,0.9127676447264076,0.7873247335950645,0.9127676447264076,5.1192801162427544e-05
Random Forest,6369,6369,6370,0.7873247335950645,0.9127676447264076,0.7873808188446438,0.9127676447264076,5.1192801162427544e-05
Random Forest,6370,6370,6371,0.7873808188446438,0.9127676447264076,0.7874369040942232,0.9127676447264076,5.1192801162427544e-05
Random Forest,6371,6371,6372,0.7874369040942232,0.9127676447264076,0.7876051598429613,0.9127676447264076,0.00015357840348738397
Random Forest,6372,6372,6373,0.7876051598429613,0.9127676447264076,0.78771733034212,0.9127676447264076,0.00010238560232485509
Random Forest,6373,6373,6374,0.78771733034212,0.9127676447264076,0.7877734155916993,0.9127676447264076,5.1192801162427544e-05
Random Forest,6374,6374,6375,0.7877734155916993,0.9127676447264076,0.7878295008412788,0.9127676447264076,5.1192801162528883e-05
Random Forest,6375,6375,6376,0.7878295008412788,0.9127676447264076,0.7878855860908581,0.9127676447264076,5.1192801162427544e-05
Random Forest,6376,6376,6377,0.7878855860908581,0.9127676447264076,0.7879416713404375,0.9127676447264076,5.1192801162427544e-05
Random Forest,6377,6377,6378,0.7879416713404375,0.9127676447264076,0.7880538418395961,0.9127676447264076,0.00010238560232485509
Random Forest,6378,6378,6379,0.7880538418395961,0.9127676447264076,0.7881099270891756,0.9127676447264076,5.1192801162528883e-05
Random Forest,6379,6379,6380,0.7881099270891756,0.9127676447264076,0.7881660123387549,0.9127676447264076,5.1192801162427544e-05
Random Forest,6380,6380,6381,0.7881660123387549,0.9127676447264076,0.7882781828379136,0.9127676447264076,0.00010238560232485509
Random Forest,6381,6381,6382,0.7882781828379136,0.9127676447264076,0.7883903533370723,0.9127676447264076,0.00010238560232485509
Random Forest,6382,6382,6383,0.7883903533370723,0.9127676447264076,0.7884464385866518,0.9127676447264076,5.1192801162528883e-05
Random Forest,6383,6383,6384,0.7884464385866518,0.9127676447264076,0.7885025238362311,0.9127676447264076,5.1192801162427544e-05
Random Forest,6384,6384,6385,0.7885025238362311,0.9127676447264076,0.7887268648345486,0.9127676447264076,0.00020477120464981152
Random Forest,6385,6385,6386,0.7887268648345486,0.9127676447264076,0.7891755468311834,0.9135606661379857,0.0004097203165146822
Random Forest,6386,6386,6387,0.7891755468311834,0.9135606661379857,0.7901289960740325,0.9143536875495638,0.0008714117782582207
Random Forest,6387,6387,6388,0.7901289960740325,0.9143536875495638,0.7901850813236119,0.9143536875495638,5.1281754770007784e-05
Random Forest,6388,6388,6389,0.7901850813236119,0.9143536875495638,0.79035333707235,0.9143536875495638,0.00015384526431012487
Random Forest,6389,6389,6390,0.79035333707235,0.9143536875495638,0.7904094223219293,0.9143536875495638,5.1281754770007784e-05
Random Forest,6390,6390,6391,0.7904094223219293,0.9143536875495638,0.7904094223219293,0.9151467089611419,0.0
Random Forest,6391,6391,6392,0.7904094223219293,0.9151467089611419,0.7910824453168817,0.9151467089611419,0.000615914778885778
Random Forest,6392,6392,6393,0.7910824453168817,0.9151467089611419,0.7912507010656198,0.9151467089611419,0.00015397869472149532
Random Forest,6393,6393,6394,0.7912507010656198,0.9151467089611419,0.7913067863151991,0.9151467089611419,5.13262315737979e-05
Random Forest,6394,6394,6395,0.7913067863151991,0.9151467089611419,0.7913628715647785,0.9151467089611419,5.13262315737979e-05
Random Forest,6395,6395,6396,0.7913628715647785,0.9151467089611419,0.7914750420639372,0.9151467089611419,0.0001026524631475958
Random Forest,6396,6396,6397,0.7914750420639372,0.9151467089611419,0.7915311273135165,0.9151467089611419,5.13262315737979e-05
Random Forest,6397,6397,6398,0.7915311273135165,0.9151467089611419,0.7915872125630959,0.9151467089611419,5.1326231573899504e-05
Random Forest,6398,6398,6399,0.7915872125630959,0.9151467089611419,0.7916432978126753,0.9151467089611419,5.13262315737979e-05
Random Forest,6399,6399,6400,0.7916432978126753,0.9151467089611419,0.7916993830622546,0.9151467089611419,5.13262315737979e-05
Random Forest,6400,6400,6401,0.7916993830622546,0.9151467089611419,0.7920358945597308,0.9151467089611419,0.000307957389442889
Random Forest,6401,6401,6402,0.7920358945597308,0.9151467089611419,0.7920919798093101,0.9151467089611419,5.13262315737979e-05
Random Forest,6402,6402,6403,0.7920919798093101,0.9151467089611419,0.7922602355580483,0.9151467089611419,0.00015397869472149532
Random Forest,6403,6403,6404,0.7922602355580483,0.9151467089611419,0.7923163208076276,0.9151467089611419,5.13262315737979e-05
Random Forest,6404,6404,6405,0.7923163208076276,0.9151467089611419,0.7923724060572069,0.9151467089611419,5.13262315737979e-05
Random Forest,6405,6405,6406,0.7923724060572069,0.9151467089611419,0.7924284913067863,0.9151467089611419,5.13262315737979e-05
Random Forest,6406,6406,6407,0.7924284913067863,0.9151467089611419,0.7926528323051037,0.9151467089611419,0.00020530492629529322
Random Forest,6407,6407,6408,0.7926528323051037,0.9151467089611419,0.7927089175546831,0.9151467089611419,5.13262315737979e-05
Random Forest,6408,6408,6409,0.7927089175546831,0.9151467089611419,0.7927650028042624,0.9151467089611419,5.13262315737979e-05
Random Forest,6409,6409,6410,0.7927650028042624,0.9151467089611419,0.7928210880538419,0.9151467089611419,5.1326231573899504e-05
Random Forest,6410,6410,6411,0.7928210880538419,0.9151467089611419,0.7928771733034212,0.9151467089611419,5.13262315737979e-05
Random Forest,6411,6411,6412,0.7928771733034212,0.9151467089611419,0.7933819405496354,0.9151467089611419,0.0004619360841642827
Random Forest,6412,6412,6413,0.7933819405496354,0.9151467089611419,0.7934380257992149,0.9151467089611419,5.1326231573899504e-05
Random Forest,6413,6413,6414,0.7934380257992149,0.9151467089611419,0.7934941110487942,0.9151467089611419,5.13262315737979e-05
Random Forest,6414,6414,6415,0.7934941110487942,0.9151467089611419,0.7952888390353338,0.9175257731958762,0.001644574296944069
Random Forest,6415,6415,6416,0.7952888390353338,0.9175257731958762,0.7953449242849131,0.9175257731958762,5.145966198516826e-05
Random Forest,6416,6416,6417,0.7953449242849131,0.9175257731958762,0.7997756590016826,0.9175257731958762,0.004065313296829719
Random Forest,6417,6417,6418,0.7997756590016826,0.9175257731958762,0.7998317442512619,0.9175257731958762,5.145966198516826e-05
Random Forest,6418,6418,6419,0.7998317442512619,0.9175257731958762,0.8001121704991587,0.9175257731958762,0.0002572983099259432
Random Forest,6419,6419,6420,0.8001121704991587,0.9175257731958762,0.8001682557487381,0.9175257731958762,5.145966198516826e-05
Random Forest,6420,6420,6421,0.8001682557487381,0.9175257731958762,0.8002804262478967,0.9175257731958762,0.00010291932397033651
Random Forest,6421,6421,6422,0.8002804262478967,0.9175257731958762,0.8003365114974762,0.9175257731958762,5.1459661985270125e-05
Random Forest,6422,6422,6423,0.8003365114974762,0.9175257731958762,0.8003925967470555,0.9175257731958762,5.145966198516826e-05
Random Forest,6423,6423,6424,0.8003925967470555,0.9175257731958762,0.8004486819966349,0.9175257731958762,5.145966198516826e-05
Random Forest,6424,6424,6425,0.8004486819966349,0.9175257731958762,0.8005047672462142,0.9175257731958762,5.145966198516826e-05
Random Forest,6425,6425,6426,0.8005047672462142,0.9175257731958762,0.8005608524957936,0.9175257731958762,5.145966198516826e-05
Random Forest,6426,6426,6427,0.8005608524957936,0.9175257731958762,0.800616937745373,0.9175257731958762,5.1459661985270125e-05
Random Forest,6427,6427,6428,0.800616937745373,0.9175257731958762,0.800785193494111,0.9175257731958762,0.00015437898595550479
Random Forest,6428,6428,6429,0.800785193494111,0.9175257731958762,0.8008412787436904,0.9175257731958762,5.145966198516826e-05
Random Forest,6429,6429,6430,0.8008412787436904,0.9175257731958762,0.8012899607403253,0.9175257731958762,0.00041167729588154983
Random Forest,6430,6430,6431,0.8012899607403253,0.9175257731958762,0.8013460459899047,0.9175257731958762,5.145966198516826e-05
Random Forest,6431,6431,6432,0.8013460459899047,0.9175257731958762,0.801402131239484,0.9175257731958762,5.145966198516826e-05
Random Forest,6432,6432,6433,0.801402131239484,0.9175257731958762,0.8015703869882221,0.9175257731958762,0.00015437898595560665
Random Forest,6433,6433,6434,0.8015703869882221,0.9175257731958762,0.8016264722378015,0.9175257731958762,5.145966198516826e-05
Random Forest,6434,6434,6435,0.8016264722378015,0.9175257731958762,0.8016825574873808,0.9175257731958762,5.145966198516826e-05
Random Forest,6435,6435,6436,0.8016825574873808,0.9175257731958762,0.8017386427369602,0.9175257731958762,5.145966198516826e-05
Random Forest,6436,6436,6437,0.8017386427369602,0.9175257731958762,0.801850813236119,0.9175257731958762,0.00010291932397043839
Random Forest,6437,6437,6438,0.801850813236119,0.9175257731958762,0.8019068984856983,0.9175257731958762,5.145966198516826e-05
Random Forest,6438,6438,6439,0.8019068984856983,0.9175257731958762,0.802019068984857,0.9175257731958762,0.00010291932397033651
Random Forest,6439,6439,6440,0.802019068984857,0.9175257731958762,0.8020751542344363,0.9175257731958762,5.145966198516826e-05
Random Forest,6440,6440,6441,0.8020751542344363,0.9175257731958762,0.8022994952327538,0.9175257731958762,0.00020583864794077492
Random Forest,6441,6441,6442,0.8022994952327538,0.9175257731958762,0.8023555804823331,0.9175257731958762,5.145966198516826e-05
Random Forest,6442,6442,6443,0.8023555804823331,0.9175257731958762,0.8025238362310713,0.9175257731958762,0.00015437898595560665
Random Forest,6443,6443,6444,0.8025238362310713,0.9175257731958762,0.8028042624789681,0.9175257731958762,0.0002572983099259432
Random Forest,6444,6444,6445,0.8028042624789681,0.9175257731958762,0.8028603477285474,0.9175257731958762,5.145966198516826e-05
Random Forest,6445,6445,6446,0.8028603477285474,0.9175257731958762,0.8029164329781268,0.9175257731958762,5.145966198516826e-05
Random Forest,6446,6446,6447,0.8029164329781268,0.9175257731958762,0.8029725182277061,0.9175257731958762,5.145966198516826e-05
Random Forest,6447,6447,6448,0.8029725182277061,0.9175257731958762,0.8033651149747616,0.9175257731958762,0.0003602176338962797
Random Forest,6448,6448,6449,0.8033651149747616,0.9175257731958762,0.803421200224341,0.9175257731958762,5.1459661985270125e-05
Random Forest,6449,6449,6450,0.803421200224341,0.9175257731958762,0.8034772854739204,0.9175257731958762,5.145966198516826e-05
Random Forest,6450,6450,6451,0.8034772854739204,0.9175257731958762,0.8036455412226584,0.9175257731958762,0.00015437898595550479
Random Forest,6451,6451,6452,0.8036455412226584,0.9175257731958762,0.8037016264722378,0.9175257731958762,5.145966198516826e-05
Random Forest,6452,6452,6453,0.8037016264722378,0.9175257731958762,0.8037577117218172,0.9175257731958762,5.1459661985270125e-05
Random Forest,6453,6453,6454,0.8037577117218172,0.9175257731958762,0.8038137969713965,0.9175257731958762,5.145966198516826e-05
Random Forest,6454,6454,6455,0.8038137969713965,0.9175257731958762,0.8038698822209759,0.9175257731958762,5.145966198516826e-05
Random Forest,6455,6455,6456,0.8038698822209759,0.9175257731958762,0.8039259674705552,0.9175257731958762,5.145966198516826e-05
Random Forest,6456,6456,6457,0.8039259674705552,0.9175257731958762,0.8039820527201346,0.9175257731958762,5.145966198516826e-05
Random Forest,6457,6457,6458,0.8039820527201346,0.9175257731958762,0.804038137969714,0.9175257731958762,5.1459661985270125e-05
Random Forest,6458,6458,6459,0.804038137969714,0.9175257731958762,0.8040942232192934,0.9175257731958762,5.145966198516826e-05
Random Forest,6459,6459,6460,0.8040942232192934,0.9175257731958762,0.8041503084688727,0.9175257731958762,5.145966198516826e-05
Random Forest,6460,6460,6461,0.8041503084688727,0.9175257731958762,0.804206393718452,0.9175257731958762,5.145966198516826e-05
Random Forest,6461,6461,6462,0.804206393718452,0.9175257731958762,0.8048794167134043,0.9175257731958762,0.0006175159438222229
Random Forest,6462,6462,6463,0.8048794167134043,0.9175257731958762,0.8049915872125631,0.9175257731958762,0.00010291932397043839
Random Forest,6463,6463,6464,0.8049915872125631,0.9175257731958762,0.8053841839596186,0.9175257731958762,0.0003602176338962797
Random Forest,6464,6464,6465,0.8053841839596186,0.9175257731958762,0.805440269209198,0.9175257731958762,5.145966198516826e-05
Random Forest,6465,6465,6466,0.805440269209198,0.9175257731958762,0.8056085249579361,0.9175257731958762,0.00015437898595560665
Random Forest,6466,6466,6467,0.8056085249579361,0.9175257731958762,0.8056646102075155,0.9175257731958762,5.145966198516826e-05
Random Forest,6467,6467,6468,0.8056646102075155,0.9175257731958762,0.8061693774537296,0.9175257731958762,0.0004631369578666162
Random Forest,6468,6468,6469,0.8061693774537296,0.9175257731958762,0.8062254627033091,0.9175257731958762,5.1459661985270125e-05
Random Forest,6469,6469,6470,0.8062254627033091,0.9175257731958762,0.8062815479528884,0.9175257731958762,5.145966198516826e-05
Random Forest,6470,6470,6471,0.8062815479528884,0.9175257731958762,0.8063376332024678,0.9183187946074544,5.148190038706332e-05
Random Forest,6471,6471,6472,0.8063376332024678,0.9183187946074544,0.8066180594503646,0.9183187946074544,0.00025752069394489386
Random Forest,6472,6472,6473,0.8066180594503646,0.9183187946074544,0.8070106561974201,0.9183187946074544,0.0003605289715228106
Random Forest,6473,6473,6474,0.8070106561974201,0.9183187946074544,0.8071228266965788,0.9183187946074544,0.00010300827757791676
Random Forest,6474,6474,6475,0.8071228266965788,0.9183187946074544,0.8071789119461582,0.9183187946074544,5.1504138789060336e-05
Random Forest,6475,6475,6476,0.8071789119461582,0.9183187946074544,0.8074593381940549,0.9183187946074544,0.0002575206939447919
Random Forest,6476,6476,6477,0.8074593381940549,0.9183187946074544,0.8075154234436344,0.9183187946074544,5.1504138789060336e-05
Random Forest,6477,6477,6478,0.8075154234436344,0.9183187946074544,0.8075715086932137,0.9183187946074544,5.150413878895838e-05
Random Forest,6478,6478,6479,0.8075715086932137,0.9183187946074544,0.807627593942793,0.9183187946074544,5.150413878895838e-05
Random Forest,6479,6479,6480,0.807627593942793,0.9183187946074544,0.8076836791923724,0.9183187946074544,5.150413878895838e-05
Random Forest,6480,6480,6481,0.8076836791923724,0.9183187946074544,0.8076836791923724,0.9191118160190325,0.0
Random Forest,6481,6481,6482,0.8076836791923724,0.9191118160190325,0.8077397644419517,0.9191118160190325,5.15486155927485e-05
Random Forest,6482,6482,6483,0.8077397644419517,0.9191118160190325,0.8077958496915312,0.9191118160190325,5.154861559285054e-05
Random Forest,6483,6483,6484,0.8077958496915312,0.9191118160190325,0.8079080201906899,0.9191118160190325,0.000103097231185497
Random Forest,6484,6484,6485,0.8079080201906899,0.9191118160190325,0.8081323611890073,0.9199048374306106,0.0002062834159786763
Random Forest,6485,6485,6486,0.8081323611890073,0.9199048374306106,0.8081884464385867,0.9199048374306106,5.159309239653862e-05
Random Forest,6486,6486,6487,0.8081884464385867,0.9199048374306106,0.8084127874369041,0.9199048374306106,0.00020637236958625661
Random Forest,6487,6487,6488,0.8084127874369041,0.9199048374306106,0.8084688726864835,0.9199048374306106,5.159309239653862e-05
Random Forest,6488,6488,6489,0.8084688726864835,0.9199048374306106,0.8085249579360628,0.9199048374306106,5.159309239653862e-05
Random Forest,6489,6489,6490,0.8085249579360628,0.9199048374306106,0.8085810431856422,0.9199048374306106,5.159309239653862e-05
Random Forest,6490,6490,6491,0.8085810431856422,0.9199048374306106,0.8090858104318565,0.9199048374306106,0.00046433783156905184
Random Forest,6491,6491,6492,0.8090858104318565,0.9199048374306106,0.8091418956814358,0.9199048374306106,5.159309239653862e-05
Random Forest,6492,6492,6493,0.8091418956814358,0.9199048374306106,0.8091979809310151,0.9199048374306106,5.159309239653862e-05
Random Forest,6493,6493,6494,0.8091979809310151,0.9199048374306106,0.8093101514301738,0.9199048374306106,0.00010318618479307724
Random Forest,6494,6494,6495,0.8093101514301738,0.9199048374306106,0.80964666292765,0.9199048374306106,0.0003095585543793338
Random Forest,6495,6495,6496,0.80964666292765,0.9199048374306106,0.8097027481772294,0.9199048374306106,5.1593092396640746e-05
Random Forest,6496,6496,6497,0.8097027481772294,0.9199048374306106,0.8107122826696579,0.9214908802537668,0.0009294762456062239
Random Forest,6497,6497,6498,0.8107122826696579,0.9214908802537668,0.8125070106561975,0.922283901665345,0.0016545371009930596
Random Forest,6498,6498,6499,0.8125070106561975,0.922283901665345,0.8125630959057768,0.922283901665345,5.1726522807908984e-05
Random Forest,6499,6499,6500,0.8125630959057768,0.922283901665345,0.8126191811553561,0.922283901665345,5.1726522807908984e-05
Random Forest,6500,6500,6501,0.8126191811553561,0.922283901665345,0.8126752664049355,0.922283901665345,5.1726522807908984e-05
Random Forest,6501,6501,6502,0.8126752664049355,0.922283901665345,0.8127313516545148,0.922283901665345,5.1726522807908984e-05
Random Forest,6502,6502,6503,0.8127313516545148,0.922283901665345,0.8128435221536736,0.922283901665345,0.00010345304561592036
Random Forest,6503,6503,6504,0.8128435221536736,0.922283901665345,0.812899607403253,0.922283901665345,5.1726522807908984e-05
Random Forest,6504,6504,6505,0.812899607403253,0.922283901665345,0.8129556926528323,0.922283901665345,5.1726522807908984e-05
Random Forest,6505,6505,6506,0.8129556926528323,0.922283901665345,0.8130117779024116,0.9230769230769231,5.174876120980404e-05
Random Forest,6506,6506,6507,0.8130117779024116,0.9230769230769231,0.813067863151991,0.9230769230769231,5.17709996116991e-05
Random Forest,6507,6507,6508,0.813067863151991,0.9230769230769231,0.8131239484015704,0.9230769230769231,5.1770999611801584e-05
Random Forest,6508,6508,6509,0.8131239484015704,0.9230769230769231,0.8132361189007291,0.9230769230769231,0.0001035419992233982
Random Forest,6509,6509,6510,0.8132361189007291,0.9230769230769231,0.8132922041503085,0.9230769230769231,5.17709996116991e-05
Random Forest,6510,6510,6511,0.8132922041503085,0.9230769230769231,0.8133482893998878,0.9230769230769231,5.17709996116991e-05
Random Forest,6511,6511,6512,0.8133482893998878,0.9230769230769231,0.8134043746494672,0.9230769230769231,5.1770999611801584e-05
Random Forest,6512,6512,6513,0.8134043746494672,0.9230769230769231,0.8145821648906337,0.9246629659000793,0.0010881250047255814
Random Forest,6513,6513,6514,0.8145821648906337,0.9246629659000793,0.8146382501402131,0.9246629659000793,5.185995321927934e-05
Random Forest,6514,6514,6515,0.8146382501402131,0.9246629659000793,0.8153112731351655,0.9254559873116575,0.0006225862994544009
Random Forest,6515,6515,6516,0.8153112731351655,0.9254559873116575,0.816320807627594,0.9254559873116575,0.0009342797404155585
Random Forest,6516,6516,6517,0.816320807627594,0.9254559873116575,0.8163768928771733,0.9254559873116575,5.190443002306946e-05
Random Forest,6517,6517,6518,0.8163768928771733,0.9254559873116575,0.8164329781267526,0.9254559873116575,5.190443002306946e-05
Random Forest,6518,6518,6519,0.8164329781267526,0.9254559873116575,0.816489063376332,0.9254559873116575,5.190443002306946e-05
Random Forest,6519,6519,6520,0.816489063376332,0.9254559873116575,0.8166573191250701,0.9254559873116575,0.00015571329006931113
Random Forest,6520,6520,6521,0.8166573191250701,0.9254559873116575,0.8167134043746495,0.9254559873116575,5.190443002306946e-05
Random Forest,6521,6521,6522,0.8167134043746495,0.9254559873116575,0.8167694896242288,0.9254559873116575,5.190443002306946e-05
Random Forest,6522,6522,6523,0.8167694896242288,0.9254559873116575,0.8169377453729669,0.9254559873116575,0.00015571329006931113
Random Forest,6523,6523,6524,0.8169377453729669,0.9254559873116575,0.8170499158721256,0.9254559873116575,0.00010380886004613891
Random Forest,6524,6524,6525,0.8170499158721256,0.9254559873116575,0.817106001121705,0.9254559873116575,5.190443002306946e-05
Random Forest,6525,6525,6526,0.817106001121705,0.9254559873116575,0.8171620863712844,0.9254559873116575,5.1904430023172205e-05
Random Forest,6526,6526,6527,0.8171620863712844,0.9254559873116575,0.8172181716208637,0.9254559873116575,5.190443002306946e-05
Random Forest,6527,6527,6528,0.8172181716208637,0.9254559873116575,0.8173303421200224,0.9254559873116575,0.00010380886004613891
Random Forest,6528,6528,6529,0.8173303421200224,0.9254559873116575,0.8175546831183399,0.9254559873116575,0.00020761772009238058
Random Forest,6529,6529,6530,0.8175546831183399,0.9254559873116575,0.8180594503645541,0.9254559873116575,0.00046713987020772786
Random Forest,6530,6530,6531,0.8180594503645541,0.9254559873116575,0.8181155356141335,0.9254559873116575,5.1904430023172205e-05
Random Forest,6531,6531,6532,0.8181155356141335,0.9254559873116575,0.8183959618620303,0.9254559873116575,0.00025952215011545006
Random Forest,6532,6532,6533,0.8183959618620303,0.9254559873116575,0.818508132361189,0.9254559873116575,0.00010380886004613891
Random Forest,6533,6533,6534,0.818508132361189,0.9254559873116575,0.8185642176107684,0.9254559873116575,5.190443002306946e-05
Random Forest,6534,6534,6535,0.8185642176107684,0.9254559873116575,0.8187324733595065,0.9254559873116575,0.00015571329006931113
Random Forest,6535,6535,6536,0.8187324733595065,0.9254559873116575,0.8189007291082445,0.9254559873116575,0.00015571329006920838
Random Forest,6536,6536,6537,0.8189007291082445,0.9254559873116575,0.8189568143578239,0.9254559873116575,5.190443002306946e-05
Random Forest,6537,6537,6538,0.8189568143578239,0.9254559873116575,0.819125070106562,0.9254559873116575,0.00015571329006931113
Random Forest,6538,6538,6539,0.819125070106562,0.9254559873116575,0.8191811553561413,0.9254559873116575,5.190443002306946e-05
Random Forest,6539,6539,6540,0.8191811553561413,0.9254559873116575,0.8196298373527762,0.9262490087232356,0.00041541334739981893
Random Forest,6540,6540,6541,0.8196298373527762,0.9262490087232356,0.8197980931015143,0.9262490087232356,0.00015584672048068158
Random Forest,6541,6541,6542,0.8197980931015143,0.9262490087232356,0.8200224340998318,0.9262490087232356,0.00020779562730754116
Random Forest,6542,6542,6543,0.8200224340998318,0.9262490087232356,0.8200785193494111,0.9262490087232356,5.194890682685958e-05
Random Forest,6543,6543,6544,0.8200785193494111,0.9262490087232356,0.8201906898485698,0.9262490087232356,0.00010389781365371916
Random Forest,6544,6544,6545,0.8201906898485698,0.9262490087232356,0.8202467750981491,0.9262490087232356,5.194890682685958e-05
Random Forest,6545,6545,6546,0.8202467750981491,0.9262490087232356,0.8203028603477286,0.9262490087232356,5.1948906826962417e-05
Random Forest,6546,6546,6547,0.8203028603477286,0.9262490087232356,0.8203589455973079,0.9262490087232356,5.194890682685958e-05
Random Forest,6547,6547,6548,0.8203589455973079,0.9262490087232356,0.8204150308468873,0.9262490087232356,5.194890682685958e-05
Random Forest,6548,6548,6549,0.8204150308468873,0.9262490087232356,0.820527201346046,0.9262490087232356,0.00010389781365371916
Random Forest,6549,6549,6550,0.820527201346046,0.9262490087232356,0.8205832865956254,0.9262490087232356,5.1948906826962417e-05
Random Forest,6550,6550,6551,0.8205832865956254,0.9262490087232356,0.8207515423443634,0.9262490087232356,0.00015584672048057875
Random Forest,6551,6551,6552,0.8207515423443634,0.9262490087232356,0.8208076275939428,0.9262490087232356,5.194890682685958e-05
Random Forest,6552,6552,6553,0.8208076275939428,0.9262490087232356,0.8209197980931016,0.9262490087232356,0.000103897813653822
Random Forest,6553,6553,6554,0.8209197980931016,0.9262490087232356,0.8209758833426809,0.9262490087232356,5.194890682685958e-05
Random Forest,6554,6554,6555,0.8209758833426809,0.9262490087232356,0.8210880538418396,0.9262490087232356,0.00010389781365371916
Random Forest,6555,6555,6556,0.8210880538418396,0.9262490087232356,0.8218732473359507,0.9270420301348137,0.0007275960332028736
Random Forest,6556,6556,6557,0.8218732473359507,0.9270420301348137,0.82192933258553,0.9270420301348137,5.1993383630649697e-05
Random Forest,6557,6557,6558,0.82192933258553,0.9270420301348137,0.8220415030846887,0.9270420301348137,0.00010398676726129939
Random Forest,6558,6558,6559,0.8220415030846887,0.9270420301348137,0.8221536735838475,0.9270420301348137,0.00010398676726140232
Random Forest,6559,6559,6560,0.8221536735838475,0.9270420301348137,0.8222097588334268,0.9270420301348137,5.1993383630649697e-05
Random Forest,6560,6560,6561,0.8222097588334268,0.9270420301348137,0.8229388670779585,0.9270420301348137,0.0006759139871986519
Random Forest,6561,6561,6562,0.8229388670779585,0.9270420301348137,0.823163208076276,0.9270420301348137,0.0002079735345227017
Random Forest,6562,6562,6563,0.823163208076276,0.9270420301348137,0.8232192933258553,0.9270420301348137,5.1993383630649697e-05
Random Forest,6563,6563,6564,0.8232192933258553,0.9270420301348137,0.8232753785754346,0.9270420301348137,5.1993383630649697e-05
Random Forest,6564,6564,6565,0.8232753785754346,0.9270420301348137,0.8232753785754346,0.9278350515463918,0.0
Random Forest,6565,6565,6566,0.8232753785754346,0.9278350515463918,0.823331463825014,0.9278350515463918,5.203786043443982e-05
Random Forest,6566,6566,6567,0.823331463825014,0.9278350515463918,0.8234436343241728,0.9278350515463918,0.00010407572086898264
Random Forest,6567,6567,6568,0.8234436343241728,0.9278350515463918,0.8235558048233315,0.9278350515463918,0.00010407572086887964
Random Forest,6568,6568,6569,0.8235558048233315,0.9278350515463918,0.8236118900729108,0.9278350515463918,5.203786043443982e-05
Random Forest,6569,6569,6570,0.8236118900729108,0.9278350515463918,0.8236679753224901,0.9278350515463918,5.203786043443982e-05
Random Forest,6570,6570,6571,0.8236679753224901,0.9278350515463918,0.8242849130678631,0.9286280729579699,0.0005726610871998898
Random Forest,6571,6571,6572,0.8242849130678631,0.9286280729579699,0.8243409983174426,0.9286280729579699,5.208233723833304e-05
Random Forest,6572,6572,6573,0.8243409983174426,0.9286280729579699,0.8244531688166012,0.9286280729579699,0.00010416467447645987
Random Forest,6573,6573,6574,0.8244531688166012,0.9286280729579699,0.8248457655636567,0.9286280729579699,0.0003645763606677127
Random Forest,6574,6574,6575,0.8248457655636567,0.9286280729579699,0.8248457655636567,0.929421094369548,0.0
Random Forest,6575,6575,6576,0.8248457655636567,0.929421094369548,0.8249018508132361,0.929421094369548,5.212681404202005e-05
Random Forest,6576,6576,6577,0.8249018508132361,0.929421094369548,0.8250140213123949,0.929421094369548,0.0001042536280841433
Random Forest,6577,6577,6578,0.8250140213123949,0.929421094369548,0.8250701065619742,0.929421094369548,5.212681404202005e-05
Random Forest,6578,6578,6579,0.8250701065619742,0.929421094369548,0.8251822770611329,0.929421094369548,0.0001042536280840401
Random Forest,6579,6579,6580,0.8251822770611329,0.929421094369548,0.8252383623107122,0.929421094369548,5.212681404202005e-05
Random Forest,6580,6580,6581,0.8252383623107122,0.929421094369548,0.8252944475602917,0.929421094369548,5.212681404212324e-05
Random Forest,6581,6581,6582,0.8252944475602917,0.929421094369548,0.825350532809871,0.929421094369548,5.212681404202005e-05
Random Forest,6582,6582,6583,0.825350532809871,0.929421094369548,0.8254066180594504,0.929421094369548,5.212681404202005e-05
Random Forest,6583,6583,6584,0.8254066180594504,0.929421094369548,0.825518788558609,0.929421094369548,0.0001042536280840401
Random Forest,6584,6584,6585,0.825518788558609,0.929421094369548,0.8255748738081884,0.929421094369548,5.212681404202005e-05
Random Forest,6585,6585,6586,0.8255748738081884,0.929421094369548,0.8257992148065059,0.929421094369548,0.0002085072561681834
Random Forest,6586,6586,6587,0.8257992148065059,0.929421094369548,0.8258553000560852,0.929421094369548,5.212681404202005e-05
Random Forest,6587,6587,6588,0.8258553000560852,0.929421094369548,0.825967470555244,0.929421094369548,0.0001042536280841433
Random Forest,6588,6588,6589,0.825967470555244,0.929421094369548,0.8260235558048233,0.929421094369548,5.212681404202005e-05
Random Forest,6589,6589,6590,0.8260235558048233,0.929421094369548,0.8260796410544027,0.929421094369548,5.212681404202005e-05
Random Forest,6590,6590,6591,0.8260796410544027,0.929421094369548,0.826135726303982,0.929421094369548,5.212681404202005e-05
Random Forest,6591,6591,6592,0.826135726303982,0.929421094369548,0.8261918115535614,0.929421094369548,5.212681404202005e-05
Random Forest,6592,6592,6593,0.8261918115535614,0.929421094369548,0.8262478968031408,0.929421094369548,5.212681404212324e-05
Random Forest,6593,6593,6594,0.8262478968031408,0.929421094369548,0.8263600673022995,0.929421094369548,0.0001042536280840401
Random Forest,6594,6594,6595,0.8263600673022995,0.929421094369548,0.8264161525518788,0.929421094369548,5.212681404202005e-05
Random Forest,6595,6595,6596,0.8264161525518788,0.929421094369548,0.8268087492989343,0.929421094369548,0.0003648876982942436
Random Forest,6596,6596,6597,0.8268087492989343,0.929421094369548,0.8361749859786876,0.9318001586042823,0.008716319384369875
Random Forest,6597,6597,6598,0.8361749859786876,0.9318001586042823,0.8376892877173303,0.9325931800158604,0.0014116270370932253
Random Forest,6598,6598,6599,0.8376892877173303,0.9325931800158604,0.8377453729669097,0.9325931800158604,5.230472125718053e-05
Random Forest,6599,6599,6600,0.8377453729669097,0.9325931800158604,0.8379697139652271,0.9325931800158604,0.00020921888502882567
Random Forest,6600,6600,6601,0.8379697139652271,0.9325931800158604,0.8380257992148065,0.9325931800158604,5.230472125718053e-05
Random Forest,6601,6601,6602,0.8380257992148065,0.9325931800158604,0.8384744812114414,0.9325931800158604,0.00041843777005765134
Random Forest,6602,6602,6603,0.8384744812114414,0.9325931800158604,0.840437464946719,0.9325931800158604,0.00183066524400194
Random Forest,6603,6603,6604,0.840437464946719,0.9325931800158604,0.8448121144139091,0.9357652656621729,0.004086706639452793
Random Forest,6604,6604,6605,0.8448121144139091,0.9357652656621729,0.8448681996634885,0.9357652656621729,5.248262847234101e-05
Random Forest,6605,6605,6606,0.8448681996634885,0.9357652656621729,0.8449242849130678,0.9357652656621729,5.248262847234101e-05
Random Forest,6606,6606,6607,0.8449242849130678,0.9357652656621729,0.8449803701626473,0.9357652656621729,5.24826284724449e-05
Random Forest,6607,6607,6608,0.8449803701626473,0.9357652656621729,0.845092540661806,0.9357652656621729,0.00010496525694468202
Random Forest,6608,6608,6609,0.845092540661806,0.9357652656621729,0.8453168816601234,0.9357652656621729,0.00020993051388946794
Random Forest,6609,6609,6610,0.8453168816601234,0.9357652656621729,0.8453729669097028,0.9357652656621729,5.248262847234101e-05
Random Forest,6610,6610,6611,0.8453729669097028,0.9357652656621729,0.8454851374088614,0.9357652656621729,0.00010496525694468202
Random Forest,6611,6611,6612,0.8454851374088614,0.9357652656621729,0.8457094784071789,0.9357652656621729,0.00020993051388946794
Random Forest,6612,6612,6613,0.8457094784071789,0.9357652656621729,0.8457655636567583,0.9357652656621729,5.248262847234101e-05
Random Forest,6613,6613,6614,0.8457655636567583,0.9357652656621729,0.8458216489063376,0.9357652656621729,5.248262847234101e-05
Random Forest,6614,6614,6615,0.8458216489063376,0.9357652656621729,0.845877734155917,0.9357652656621729,5.24826284724449e-05
Random Forest,6615,6615,6616,0.845877734155917,0.9357652656621729,0.8459338194054964,0.9357652656621729,5.248262847234101e-05
Random Forest,6616,6616,6617,0.8459338194054964,0.9357652656621729,0.8459899046550757,0.9357652656621729,5.248262847234101e-05
Random Forest,6617,6617,6618,0.8459899046550757,0.9357652656621729,0.8460459899046551,0.9357652656621729,5.248262847234101e-05
Random Forest,6618,6618,6619,0.8460459899046551,0.9357652656621729,0.8461020751542344,0.9357652656621729,5.248262847234101e-05
Random Forest,6619,6619,6620,0.8461020751542344,0.9357652656621729,0.8462703309029725,0.9357652656621729,0.00015744788541712692
Random Forest,6620,6620,6621,0.8462703309029725,0.9357652656621729,0.8578799775659002,0.943695479777954,0.010909937585701223
Random Forest,6621,6621,6622,0.8578799775659002,0.943695479777954,0.8579360628154795,0.943695479777954,5.2927396510242205e-05
Random Forest,6622,6622,6623,0.8579360628154795,0.943695479777954,0.8579921480650589,0.943695479777954,5.2927396510242205e-05
Random Forest,6623,6623,6624,0.8579921480650589,0.943695479777954,0.8581043185642176,0.943695479777954,0.00010585479302058918
Random Forest,6624,6624,6625,0.8581043185642176,0.943695479777954,0.858160403813797,0.943695479777954,5.2927396510242205e-05
Random Forest,6625,6625,6626,0.858160403813797,0.943695479777954,0.858328659562535,0.943695479777954,0.00015878218953072662
Random Forest,6626,6626,6627,0.858328659562535,0.943695479777954,0.8583847448121145,0.943695479777954,5.292739651034697e-05
Random Forest,6627,6627,6628,0.8583847448121145,0.943695479777954,0.8588895120583286,0.943695479777954,0.00047634656859228463
Random Forest,6628,6628,6629,0.8588895120583286,0.943695479777954,0.858945597307908,0.943695479777954,5.2927396510242205e-05
Random Forest,6629,6629,6630,0.858945597307908,0.943695479777954,0.8590016825574874,0.943695479777954,5.292739651034697e-05
Random Forest,6630,6630,6631,0.8590016825574874,0.943695479777954,0.8590577678070668,0.943695479777954,5.2927396510242205e-05
Random Forest,6631,6631,6632,0.8590577678070668,0.943695479777954,0.8591138530566461,0.943695479777954,5.2927396510242205e-05
Random Forest,6632,6632,6633,0.8591138530566461,0.943695479777954,0.8591699383062255,0.943695479777954,5.2927396510242205e-05
Random Forest,6633,6633,6634,0.8591699383062255,0.943695479777954,0.8606281547952889,0.943695479777954,0.0013761123092668212
Random Forest,6634,6634,6635,0.8606281547952889,0.943695479777954,0.8609085810431857,0.943695479777954,0.0002646369825513158
Random Forest,6635,6635,6636,0.8609085810431857,0.943695479777954,0.860964666292765,0.943695479777954,5.2927396510242205e-05
Random Forest,6636,6636,6637,0.860964666292765,0.943695479777954,0.8610207515423444,0.943695479777954,5.2927396510242205e-05
Random Forest,6637,6637,6638,0.8610207515423444,0.943695479777954,0.8610768367919237,0.943695479777954,5.2927396510242205e-05
Random Forest,6638,6638,6639,0.8610768367919237,0.943695479777954,0.861132922041503,0.943695479777954,5.2927396510242205e-05
Random Forest,6639,6639,6640,0.861132922041503,0.943695479777954,0.8612450925406618,0.943695479777954,0.00010585479302058918
Random Forest,6640,6640,6641,0.8612450925406618,0.943695479777954,0.861581604038138,0.9452815226011102,0.0003178312398842988
Random Forest,6641,6641,6642,0.861581604038138,0.9452815226011102,0.8616376892877173,0.9452815226011102,5.3016350117822445e-05
Random Forest,6642,6642,6643,0.8616376892877173,0.9452815226011102,0.8616937745372967,0.9452815226011102,5.3016350117822445e-05
Random Forest,6643,6643,6644,0.8616937745372967,0.9452815226011102,0.861749859786876,0.9452815226011102,5.3016350117822445e-05
Random Forest,6644,6644,6645,0.861749859786876,0.9452815226011102,0.8618059450364555,0.9452815226011102,5.301635011792739e-05
Random Forest,6645,6645,6646,0.8618059450364555,0.9452815226011102,0.8618620302860348,0.9452815226011102,5.3016350117822445e-05
Random Forest,6646,6646,6647,0.8618620302860348,0.9452815226011102,0.8619181155356141,0.9452815226011102,5.3016350117822445e-05
Random Forest,6647,6647,6648,0.8619181155356141,0.9452815226011102,0.8619742007851935,0.9452815226011102,5.3016350117822445e-05
Random Forest,6648,6648,6649,0.8619742007851935,0.9452815226011102,0.8620302860347728,0.9452815226011102,5.3016350117822445e-05
Random Forest,6649,6649,6650,0.8620302860347728,0.9452815226011102,0.8620863712843522,0.9452815226011102,5.3016350117822445e-05
Random Forest,6650,6650,6651,0.8620863712843522,0.9452815226011102,0.8628715647784633,0.9460745440126883,0.00074254023927636
Random Forest,6651,6651,6652,0.8628715647784633,0.9460745440126883,0.862983735277622,0.9460745440126883,0.00010612165384322512
Random Forest,6652,6652,6653,0.862983735277622,0.9460745440126883,0.8634324172742569,0.9460745440126883,0.00042448661537311056
Random Forest,6653,6653,6654,0.8634324172742569,0.9460745440126883,0.8634885025238362,0.9460745440126883,5.306082692161256e-05
Random Forest,6654,6654,6655,0.8634885025238362,0.9460745440126883,0.8636567582725743,0.9460745440126883,0.0001591824807648377
Random Forest,6655,6655,6656,0.8636567582725743,0.9460745440126883,0.8637128435221537,0.9460745440126883,5.30608269217176e-05
Random Forest,6656,6656,6657,0.8637128435221537,0.9460745440126883,0.8637689287717331,0.9460745440126883,5.306082692161256e-05
Random Forest,6657,6657,6658,0.8637689287717331,0.9460745440126883,0.8638250140213124,0.9460745440126883,5.306082692161256e-05
Random Forest,6658,6658,6659,0.8638250140213124,0.9460745440126883,0.8642176107683679,0.9460745440126883,0.000371425788451393
Random Forest,6659,6659,6660,0.8642176107683679,0.9460745440126883,0.8642736960179472,0.9460745440126883,5.306082692161256e-05
Random Forest,6660,6660,6661,0.8642736960179472,0.9460745440126883,0.8648906337633202,0.9460745440126883,0.0005836690961379483
Random Forest,6661,6661,6662,0.8648906337633202,0.9460745440126883,0.865002804262479,0.9460745440126883,0.00010612165384333016
Random Forest,6662,6662,6663,0.865002804262479,0.9460745440126883,0.8650588895120583,0.9460745440126883,5.306082692161256e-05
Random Forest,6663,6663,6664,0.8650588895120583,0.9460745440126883,0.8651149747616377,0.9460745440126883,5.306082692161256e-05
Random Forest,6664,6664,6665,0.8651149747616377,0.9460745440126883,0.865171060011217,0.9460745440126883,5.306082692161256e-05
Random Forest,6665,6665,6666,0.865171060011217,0.9460745440126883,0.8652271452607964,0.9460745440126883,5.306082692161256e-05
Random Forest,6666,6666,6667,0.8652271452607964,0.9460745440126883,0.8653954010095345,0.9468675654242664,0.00015924919597062794
Random Forest,6667,6667,6668,0.8653954010095345,0.9468675654242664,0.8655075715086932,0.9468675654242664,0.00010621060745080537
Random Forest,6668,6668,6669,0.8655075715086932,0.9468675654242664,0.8655636567582726,0.9468675654242664,5.3105303725507805e-05
Random Forest,6669,6669,6670,0.8655636567582726,0.9468675654242664,0.865619742007852,0.9468675654242664,5.3105303725402685e-05
Random Forest,6670,6670,6671,0.865619742007852,0.9468675654242664,0.8662366797532249,0.9476605868358445,0.0005844029634004855
Random Forest,6671,6671,6672,0.8662366797532249,0.9476605868358445,0.8663488502523836,0.9476605868358445,0.0001062995610583856
Random Forest,6672,6672,6673,0.8663488502523836,0.9476605868358445,0.866404935501963,0.9476605868358445,5.31497805291928e-05
Random Forest,6673,6673,6674,0.866404935501963,0.9476605868358445,0.8664610207515423,0.9476605868358445,5.31497805291928e-05
Random Forest,6674,6674,6675,0.8664610207515423,0.9476605868358445,0.8665171060011218,0.9476605868358445,5.314978052929801e-05
Random Forest,6675,6675,6676,0.8665171060011218,0.9476605868358445,0.8665731912507011,0.9476605868358445,5.31497805291928e-05
Random Forest,6676,6676,6677,0.8665731912507011,0.9476605868358445,0.8666292765002804,0.9484536082474226,5.317201893108786e-05
Random Forest,6677,6677,6678,0.8666292765002804,0.9484536082474226,0.8666853617498598,0.9484536082474226,5.319425733298292e-05
Random Forest,6678,6678,6679,0.8666853617498598,0.9484536082474226,0.8667414469994391,0.9484536082474226,5.319425733298292e-05
Random Forest,6679,6679,6680,0.8667414469994391,0.9484536082474226,0.8667975322490185,0.9484536082474226,5.319425733298292e-05
Random Forest,6680,6680,6681,0.8667975322490185,0.9484536082474226,0.8671340437464947,0.9484536082474226,0.0003191655439981081
Random Forest,6681,6681,6682,0.8671340437464947,0.9484536082474226,0.8671901289960741,0.9484536082474226,5.319425733298292e-05
Random Forest,6682,6682,6683,0.8671901289960741,0.9484536082474226,0.8672462142456534,0.9484536082474226,5.319425733298292e-05
Random Forest,6683,6683,6684,0.8672462142456534,0.9484536082474226,0.8673022994952327,0.9484536082474226,5.319425733298292e-05
Random Forest,6684,6684,6685,0.8673022994952327,0.9484536082474226,0.8673583847448121,0.9484536082474226,5.319425733298292e-05
Random Forest,6685,6685,6686,0.8673583847448121,0.9484536082474226,0.8674144699943914,0.9484536082474226,5.319425733298292e-05
Random Forest,6686,6686,6687,0.8674144699943914,0.9484536082474226,0.8735838474481211,0.9532117367168914,0.005866045651880972
Random Forest,6687,6687,6688,0.8735838474481211,0.9532117367168914,0.8736399326977005,0.9532117367168914,5.3461118155723644e-05
Random Forest,6688,6688,6689,0.8736399326977005,0.9532117367168914,0.8736960179472799,0.9532117367168914,5.346111815582947e-05
Random Forest,6689,6689,6690,0.8736960179472799,0.9532117367168914,0.8737521031968593,0.9532117367168914,5.3461118155723644e-05
Random Forest,6690,6690,6691,0.8737521031968593,0.9532117367168914,0.8738642736960179,0.9532117367168914,0.00010692223631144729
Random Forest,6691,6691,6692,0.8738642736960179,0.9532117367168914,0.8739203589455973,0.9532117367168914,5.3461118155723644e-05
Random Forest,6692,6692,6693,0.8739203589455973,0.9532117367168914,0.8739764441951766,0.9532117367168914,5.3461118155723644e-05
Random Forest,6693,6693,6694,0.8739764441951766,0.9532117367168914,0.8740325294447561,0.9532117367168914,5.346111815582947e-05
Random Forest,6694,6694,6695,0.8740325294447561,0.9532117367168914,0.8740886146943354,0.9532117367168914,5.3461118155723644e-05
Random Forest,6695,6695,6696,0.8740886146943354,0.9532117367168914,0.8741446999439147,0.9532117367168914,5.3461118155723644e-05
Random Forest,6696,6696,6697,0.8741446999439147,0.9532117367168914,0.8770611329220415,0.9547977795400476,0.002782290937895669
Random Forest,6697,6697,6698,0.8770611329220415,0.9547977795400476,0.8771172181716209,0.9547977795400476,5.3550071763409885e-05
Random Forest,6698,6698,6699,0.8771172181716209,0.9547977795400476,0.8771733034212003,0.9547977795400476,5.3550071763303884e-05
Random Forest,6699,6699,6700,0.8771733034212003,0.9547977795400476,0.8772293886707796,0.9547977795400476,5.3550071763303884e-05
Random Forest,6700,6700,6701,0.8772293886707796,0.9547977795400476,0.8970274817722939,0.9563838223632039,0.018918875644190866
Random Forest,6701,6701,6702,0.8970274817722939,0.9563838223632039,0.8970835670218732,0.9563838223632039,5.363902537088412e-05
Random Forest,6702,6702,6703,0.8970835670218732,0.9563838223632039,0.8971396522714526,0.9563838223632039,5.36390253709903e-05
Random Forest,6703,6703,6704,0.8971396522714526,0.9563838223632039,0.8977005047672462,0.9563838223632039,0.0005363902537089474
Random Forest,6704,6704,6705,0.8977005047672462,0.9563838223632039,0.8977565900168256,0.9563838223632039,5.36390253709903e-05
Random Forest,6705,6705,6706,0.8977565900168256,0.9563838223632039,0.897812675266405,0.9563838223632039,5.363902537088412e-05
Random Forest,6706,6706,6707,0.897812675266405,0.9563838223632039,0.8978687605159843,0.9563838223632039,5.363902537088412e-05
Random Forest,6707,6707,6708,0.8978687605159843,0.9563838223632039,0.8979248457655636,0.9563838223632039,5.363902537088412e-05
Random Forest,6708,6708,6709,0.8979248457655636,0.9563838223632039,0.9011777902411666,0.9603489294210944,0.0031175126080620168
Random Forest,6709,6709,6710,0.9011777902411666,0.9603489294210944,0.901233875490746,0.9603489294210944,5.3861409389834714e-05
Random Forest,6710,6710,6711,0.901233875490746,0.9603489294210944,0.9012899607403253,0.9603489294210944,5.3861409389834714e-05
Random Forest,6711,6711,6712,0.9012899607403253,0.9603489294210944,0.9019629837352776,0.9603489294210944,0.0006463369126782298
Random Forest,6712,6712,6713,0.9019629837352776,0.9603489294210944,0.902019068984857,0.9603489294210944,5.3861409389834714e-05
Random Forest,6713,6713,6714,0.902019068984857,0.9603489294210944,0.9022434099831744,0.9603489294210944,0.00021544563755944549
Random Forest,6714,6714,6715,0.9022434099831744,0.9603489294210944,0.9022994952327538,0.9603489294210944,5.3861409389834714e-05
Random Forest,6715,6715,6716,0.9022994952327538,0.9603489294210944,0.9023555804823331,0.9603489294210944,5.3861409389834714e-05
Random Forest,6716,6716,6717,0.9023555804823331,0.9603489294210944,0.9024116657319126,0.9603489294210944,5.386140938994134e-05
Random Forest,6717,6717,6718,0.9024116657319126,0.9603489294210944,0.9024677509814919,0.9603489294210944,5.3861409389834714e-05
Random Forest,6718,6718,6719,0.9024677509814919,0.9603489294210944,0.9025799214806506,0.9603489294210944,0.00010772281877966943
Random Forest,6719,6719,6720,0.9025799214806506,0.9603489294210944,0.9027481772293887,0.9603489294210944,0.00016158422816961077
Random Forest,6720,6720,6721,0.9027481772293887,0.9603489294210944,0.9028042624789681,0.9603489294210944,5.3861409389834714e-05
Random Forest,6721,6721,6722,0.9028042624789681,0.9603489294210944,0.9029725182277061,0.9603489294210944,0.00016158422816950414
Random Forest,6722,6722,6723,0.9029725182277061,0.9603489294210944,0.9030286034772854,0.9603489294210944,5.3861409389834714e-05
Random Forest,6723,6723,6724,0.9030286034772854,0.9603489294210944,0.9033651149747617,0.9603489294210944,0.00032316845633922154
Random Forest,6724,6724,6725,0.9033651149747617,0.9603489294210944,0.9034772854739204,0.9603489294210944,0.00010772281877966943
Random Forest,6725,6725,6726,0.9034772854739204,0.9603489294210944,0.9035333707234997,0.9603489294210944,5.3861409389834714e-05
Random Forest,6726,6726,6727,0.9035333707234997,0.9603489294210944,0.9037016264722378,0.9611419508326725,0.00016165094337529598
Random Forest,6727,6727,6728,0.9037016264722378,0.9611419508326725,0.9037577117218172,0.9611419508326725,5.390588619362484e-05
Random Forest,6728,6728,6729,0.9037577117218172,0.9611419508326725,0.9038137969713965,0.9611419508326725,5.390588619362484e-05
Random Forest,6729,6729,6730,0.9038137969713965,0.9611419508326725,0.9048794167134043,0.9611419508326725,0.001024211837679192
Random Forest,6730,6730,6731,0.9048794167134043,0.9611419508326725,0.9049915872125631,0.9611419508326725,0.00010781177238735639
Random Forest,6731,6731,6732,0.9049915872125631,0.9611419508326725,0.9051037577117218,0.9611419508326725,0.00010781177238724967
Random Forest,6732,6732,6733,0.9051037577117218,0.9611419508326725,0.9052159282108806,0.9611419508326725,0.00010781177238735639
Random Forest,6733,6733,6734,0.9052159282108806,0.9611419508326725,0.9052720134604599,0.9611419508326725,5.390588619362484e-05
Random Forest,6734,6734,6735,0.9052720134604599,0.9611419508326725,0.9053280987100393,0.9611419508326725,5.390588619362484e-05
Random Forest,6735,6735,6736,0.9053280987100393,0.9611419508326725,0.9053841839596186,0.9611419508326725,5.390588619362484e-05
Random Forest,6736,6736,6737,0.9053841839596186,0.9611419508326725,0.9055524397083567,0.9611419508326725,0.00016171765858098122
Random Forest,6737,6737,6738,0.9055524397083567,0.9611419508326725,0.9057206954570948,0.9611419508326725,0.0001617176585808745
Random Forest,6738,6738,6739,0.9057206954570948,0.9611419508326725,0.9057767807066741,0.9611419508326725,5.390588619362484e-05
Random Forest,6739,6739,6740,0.9057767807066741,0.9611419508326725,0.907627593942793,0.9635210150674068,0.0017810958461778716
Random Forest,6740,6740,6741,0.907627593942793,0.9635210150674068,0.9076836791923724,0.9635210150674068,5.403931660499519e-05
Random Forest,6741,6741,6742,0.9076836791923724,0.9635210150674068,0.9077397644419518,0.9635210150674068,5.4039316605102163e-05
Random Forest,6742,6742,6743,0.9077397644419518,0.9635210150674068,0.9078519349411105,0.9635210150674068,0.00010807863320999039
Random Forest,6743,6743,6744,0.9078519349411105,0.9635210150674068,0.9079080201906898,0.9635210150674068,5.403931660499519e-05
Random Forest,6744,6744,6745,0.9079080201906898,0.9635210150674068,0.9080201906898485,0.9635210150674068,0.00010807863320999039
Random Forest,6745,6745,6746,0.9080201906898485,0.9635210150674068,0.908076275939428,0.9635210150674068,5.4039316605102163e-05
Random Forest,6746,6746,6747,0.908076275939428,0.9635210150674068,0.9088053841839596,0.9635210150674068,0.0007025111158651515
Random Forest,6747,6747,6748,0.9088053841839596,0.9635210150674068,0.908861469433539,0.9635210150674068,5.403931660499519e-05
Random Forest,6748,6748,6749,0.908861469433539,0.9635210150674068,0.9089175546831183,0.9635210150674068,5.403931660499519e-05
Random Forest,6749,6749,6750,0.9089175546831183,0.9635210150674068,0.9092540661805945,0.9635210150674068,0.00032423589963007814
Random Forest,6750,6750,6751,0.9092540661805945,0.9635210150674068,0.9093101514301739,0.9635210150674068,5.4039316605102163e-05
Random Forest,6751,6751,6752,0.9093101514301739,0.9635210150674068,0.9093662366797532,0.9635210150674068,5.403931660499519e-05
Random Forest,6752,6752,6753,0.9093662366797532,0.9635210150674068,0.9099270891755469,0.9635210150674068,0.0005403931660501659
Random Forest,6753,6753,6754,0.9099270891755469,0.9635210150674068,0.9099831744251262,0.9635210150674068,5.403931660499519e-05
Random Forest,6754,6754,6755,0.9099831744251262,0.9635210150674068,0.9100392596747056,0.9635210150674068,5.403931660499519e-05
Random Forest,6755,6755,6756,0.9100392596747056,0.9635210150674068,0.9100392596747056,0.964314036478985,0.0
Random Forest,6756,6756,6757,0.9100392596747056,0.964314036478985,0.9100953449242849,0.964314036478985,5.408379340878532e-05
Random Forest,6757,6757,6758,0.9100953449242849,0.964314036478985,0.9101514301738642,0.964314036478985,5.408379340878532e-05
Random Forest,6758,6758,6759,0.9101514301738642,0.964314036478985,0.9103757711721817,0.964314036478985,0.0002163351736352483
Random Forest,6759,6759,6760,0.9103757711721817,0.964314036478985,0.910431856421761,0.964314036478985,5.408379340878532e-05
Random Forest,6760,6760,6761,0.910431856421761,0.964314036478985,0.9105440269209198,0.964314036478985,0.00010816758681767768
Random Forest,6761,6761,6762,0.9105440269209198,0.964314036478985,0.9106561974200785,0.964314036478985,0.00010816758681757063
Random Forest,6762,6762,6763,0.9106561974200785,0.964314036478985,0.9107122826696579,0.964314036478985,5.408379340878532e-05
Random Forest,6763,6763,6764,0.9107122826696579,0.964314036478985,0.9107683679192372,0.964314036478985,5.408379340878532e-05
Random Forest,6764,6764,6765,0.9107683679192372,0.964314036478985,0.9108244531688166,0.964314036478985,5.408379340878532e-05
Random Forest,6765,6765,6766,0.9108244531688166,0.964314036478985,0.910880538418396,0.964314036478985,5.4083793408892375e-05
Random Forest,6766,6766,6767,0.910880538418396,0.964314036478985,0.9129556926528323,0.9651070578905631,0.0020019231769958165
Random Forest,6767,6767,6768,0.9129556926528323,0.9651070578905631,0.9130678631519911,0.9651070578905631,0.00010825654042525801
Random Forest,6768,6768,6769,0.9130678631519911,0.9651070578905631,0.9131800336511497,0.9651070578905631,0.00010825654042515087
Random Forest,6769,6769,6770,0.9131800336511497,0.9651070578905631,0.9132361189007291,0.9651070578905631,5.412827021257543e-05
Random Forest,6770,6770,6771,0.9132361189007291,0.9651070578905631,0.9132922041503084,0.9651070578905631,5.412827021257543e-05
Random Forest,6771,6771,6772,0.9132922041503084,0.9651070578905631,0.9133482893998879,0.9651070578905631,5.412827021268258e-05
Random Forest,6772,6772,6773,0.9133482893998879,0.9651070578905631,0.9134043746494672,0.9651070578905631,5.412827021257543e-05
Random Forest,6773,6773,6774,0.9134043746494672,0.9651070578905631,0.9134604598990466,0.9651070578905631,5.412827021257543e-05
Random Forest,6774,6774,6775,0.9134604598990466,0.9651070578905631,0.9135165451486259,0.9651070578905631,5.412827021257543e-05
Random Forest,6775,6775,6776,0.9135165451486259,0.9651070578905631,0.9135726303982052,0.9651070578905631,5.412827021257543e-05
Random Forest,6776,6776,6777,0.9135726303982052,0.9651070578905631,0.913684800897364,0.9651070578905631,0.00010825654042525801
Random Forest,6777,6777,6778,0.913684800897364,0.9651070578905631,0.9137408861469434,0.9651070578905631,5.412827021257543e-05
Random Forest,6778,6778,6779,0.9137408861469434,0.9651070578905631,0.914301738642737,0.9651070578905631,0.0005412827021259686
Random Forest,6779,6779,6780,0.914301738642737,0.9651070578905631,0.9143578238923163,0.9651070578905631,5.412827021257543e-05
Random Forest,6780,6780,6781,0.9143578238923163,0.9651070578905631,0.9148625911385305,0.9651070578905631,0.00048715443191328607
Random Forest,6781,6781,6782,0.9148625911385305,0.9651070578905631,0.9149747616376893,0.9659000793021412,0.00010830101722904818
Random Forest,6782,6782,6783,0.9149747616376893,0.9659000793021412,0.9150308468872687,0.9659000793021412,5.417274701636555e-05
Random Forest,6783,6783,6784,0.9150308468872687,0.9659000793021412,0.9266404935501963,0.9730372720063442,0.011255188775122148
Random Forest,6784,6784,6785,0.9266404935501963,0.9730372720063442,0.9266965787997756,0.9730372720063442,5.4573038250476626e-05
Random Forest,6785,6785,6786,0.9266965787997756,0.9730372720063442,0.926752664049355,0.9730372720063442,5.4573038250476626e-05
Random Forest,6786,6786,6787,0.926752664049355,0.9730372720063442,0.9271452607964106,0.9738302934179223,0.00038216693656681794
Random Forest,6787,6787,6788,0.9271452607964106,0.9738302934179223,0.9272013460459899,0.9738302934179223,5.461751505426674e-05
Random Forest,6788,6788,6789,0.9272013460459899,0.9738302934179223,0.9273135165451486,0.9738302934179223,0.00010923503010853348
Random Forest,6789,6789,6790,0.9273135165451486,0.9738302934179223,0.9274256870443074,0.9738302934179223,0.00010923503010864161
Random Forest,6790,6790,6791,0.9274256870443074,0.9738302934179223,0.9274817722938867,0.9738302934179223,5.461751505426674e-05
Random Forest,6791,6791,6792,0.9274817722938867,0.9738302934179223,0.9276500280426248,0.9738302934179223,0.00016385254516280024
Random Forest,6792,6792,6793,0.9276500280426248,0.9738302934179223,0.9277061132922042,0.9738302934179223,5.4617515054374864e-05
Random Forest,6793,6793,6794,0.9277061132922042,0.9738302934179223,0.9278182837913629,0.9738302934179223,0.00010923503010853348
Random Forest,6794,6794,6795,0.9278182837913629,0.9738302934179223,0.9298373527762198,0.9738302934179223,0.0019662305419542517
Random Forest,6795,6795,6796,0.9298373527762198,0.9738302934179223,0.9298934380257993,0.9738302934179223,5.4617515054374864e-05
Random Forest,6796,6796,6797,0.9298934380257993,0.9738302934179223,0.9299495232753786,0.9738302934179223,5.461751505426674e-05
Random Forest,6797,6797,6798,0.9299495232753786,0.9738302934179223,0.930005608524958,0.9738302934179223,5.461751505426674e-05
Random Forest,6798,6798,6799,0.930005608524958,0.9738302934179223,0.9305664610207516,0.9738302934179223,0.0005461751505428837
Random Forest,6799,6799,6800,0.9305664610207516,0.9738302934179223,0.9306225462703309,0.9738302934179223,5.461751505426674e-05
Random Forest,6800,6800,6801,0.9306225462703309,0.9738302934179223,0.9306786315199103,0.9738302934179223,5.461751505426674e-05
Random Forest,6801,6801,6802,0.9306786315199103,0.9738302934179223,0.9307908020190689,0.9738302934179223,0.00010923503010853348
Random Forest,6802,6802,6803,0.9307908020190689,0.9738302934179223,0.9310151430173864,0.9738302934179223,0.0002184700602171751
Random Forest,6803,6803,6804,0.9310151430173864,0.9738302934179223,0.9310712282669658,0.9738302934179223,5.461751505426674e-05
Random Forest,6804,6804,6805,0.9310712282669658,0.9738302934179223,0.9311273135165451,0.9738302934179223,5.461751505426674e-05
Random Forest,6805,6805,6806,0.9311273135165451,0.9738302934179223,0.9311833987661245,0.9738302934179223,5.4617515054374864e-05
Random Forest,6806,6806,6807,0.9311833987661245,0.9738302934179223,0.9312394840157039,0.9738302934179223,5.461751505426674e-05
Random Forest,6807,6807,6808,0.9312394840157039,0.9738302934179223,0.9321368480089737,0.9754163362410785,0.0008745918697292345
Random Forest,6808,6808,6809,0.9321368480089737,0.9754163362410785,0.932192933258553,0.9754163362410785,5.470646866184698e-05
Random Forest,6809,6809,6810,0.932192933258553,0.9754163362410785,0.9322490185081324,0.9754163362410785,5.470646866184698e-05
Random Forest,6810,6810,6811,0.9322490185081324,0.9754163362410785,0.9323051037577117,0.9754163362410785,5.470646866184698e-05
Random Forest,6811,6811,6812,0.9323051037577117,0.9754163362410785,0.932361189007291,0.9754163362410785,5.470646866184698e-05
Random Forest,6812,6812,6813,0.932361189007291,0.9754163362410785,0.9332585530005608,0.9762093576526566,0.0008756593130201977
Random Forest,6813,6813,6814,0.9332585530005608,0.9762093576526566,0.9333146382501402,0.9762093576526566,5.4750945465637106e-05
Random Forest,6814,6814,6815,0.9333146382501402,0.9762093576526566,0.9333707234997196,0.9762093576526566,5.4750945465745485e-05
Random Forest,6815,6815,6816,0.9333707234997196,0.9762093576526566,0.933426808749299,0.9762093576526566,5.4750945465637106e-05
Random Forest,6816,6816,6817,0.933426808749299,0.9762093576526566,0.9335389792484576,0.9762093576526566,0.00010950189093127421
Random Forest,6817,6817,6818,0.9335389792484576,0.9762093576526566,0.9336511497476164,0.9762093576526566,0.00010950189093138259
Random Forest,6818,6818,6819,0.9336511497476164,0.9762093576526566,0.9337072349971958,0.9762093576526566,5.4750945465637106e-05
Random Forest,6819,6819,6820,0.9337072349971958,0.9762093576526566,0.9337633202467751,0.9762093576526566,5.4750945465637106e-05
Random Forest,6820,6820,6821,0.9337633202467751,0.9762093576526566,0.9338194054963544,0.9762093576526566,5.4750945465637106e-05
Random Forest,6821,6821,6822,0.9338194054963544,0.9762093576526566,0.9338754907459338,0.9762093576526566,5.4750945465637106e-05
Random Forest,6822,6822,6823,0.9338754907459338,0.9762093576526566,0.9339315759955131,0.9762093576526566,5.4750945465637106e-05
Random Forest,6823,6823,6824,0.9339315759955131,0.9762093576526566,0.9339876612450926,0.9762093576526566,5.4750945465745485e-05
Random Forest,6824,6824,6825,0.9339876612450926,0.9762093576526566,0.9340998317442513,0.9762093576526566,0.00010950189093127421
Random Forest,6825,6825,6826,0.9340998317442513,0.9762093576526566,0.9341559169938306,0.9762093576526566,5.4750945465637106e-05
Random Forest,6826,6826,6827,0.9341559169938306,0.9762093576526566,0.93421200224341,0.9762093576526566,5.4750945465637106e-05
Random Forest,6827,6827,6828,0.93421200224341,0.9762093576526566,0.9342680874929894,0.9762093576526566,5.4750945465745485e-05
Random Forest,6828,6828,6829,0.9342680874929894,0.9762093576526566,0.9343241727425687,0.9762093576526566,5.4750945465637106e-05
Random Forest,6829,6829,6830,0.9343241727425687,0.9762093576526566,0.9347728547392036,0.9762093576526566,0.0004380075637252052
Random Forest,6830,6830,6831,0.9347728547392036,0.9762093576526566,0.9349411104879417,0.9762093576526566,0.0001642528363970197
Random Forest,6831,6831,6832,0.9349411104879417,0.9762093576526566,0.9715086932136848,0.9888977002379065,0.03592960745217742
Random Forest,6832,6832,6833,0.9715086932136848,0.9888977002379065,0.9715647784632642,0.9888977002379065,5.546257432627902e-05
Random Forest,6833,6833,6834,0.9715647784632642,0.9888977002379065,0.9716208637128435,0.9888977002379065,5.546257432627902e-05
Random Forest,6834,6834,6835,0.9716208637128435,0.9888977002379065,0.9717330342120022,0.9888977002379065,0.00011092514865255804
Random Forest,6835,6835,6836,0.9717330342120022,0.9888977002379065,0.9722938867077958,0.9888977002379065,0.0005546257432630097
Random Forest,6836,6836,6837,0.9722938867077958,0.9888977002379065,0.9723499719573752,0.9888977002379065,5.546257432627902e-05
Random Forest,6837,6837,6838,0.9723499719573752,0.9888977002379065,0.9724060572069546,0.9888977002379065,5.546257432638881e-05
Random Forest,6838,6838,6839,0.9724060572069546,0.9888977002379065,0.972462142456534,0.9888977002379065,5.546257432627902e-05
Random Forest,6839,6839,6840,0.972462142456534,0.9888977002379065,0.9725182277061133,0.9888977002379065,5.546257432627902e-05
Random Forest,6840,6840,6841,0.9725182277061133,0.9888977002379065,0.9729669097027481,0.9888977002379065,0.0004437005946103419
Random Forest,6841,6841,6842,0.9729669097027481,0.9888977002379065,0.9730229949523276,0.9888977002379065,5.546257432638881e-05
Random Forest,6842,6842,6843,0.9730229949523276,0.9888977002379065,0.9730790802019069,0.9888977002379065,5.546257432627902e-05
Random Forest,6843,6843,6844,0.9730790802019069,0.9888977002379065,0.9731351654514863,0.9888977002379065,5.546257432627902e-05
Random Forest,6844,6844,6845,0.9731351654514863,0.9888977002379065,0.9731912507010656,0.9888977002379065,5.546257432627902e-05
Random Forest,6845,6845,6846,0.9731912507010656,0.9888977002379065,0.9732473359506449,0.9896907216494846,5.548481272817408e-05
Random Forest,6846,6846,6847,0.9732473359506449,0.9896907216494846,0.9733034212002244,0.9904837430610627,5.552928953207412e-05
Random Forest,6847,6847,6848,0.9733034212002244,0.9904837430610627,0.9733595064498037,0.9904837430610627,5.555152793385926e-05
Random Forest,6848,6848,6849,0.9733595064498037,0.9904837430610627,0.9734716769489624,0.9904837430610627,0.00011110305586771852
Random Forest,6849,6849,6850,0.9734716769489624,0.9904837430610627,0.9739203589455973,0.9904837430610627,0.00044441222347098405
Random Forest,6850,6850,6851,0.9739203589455973,0.9904837430610627,0.9742007851934941,0.9904837430610627,0.00027775763966940626
Random Forest,6851,6851,6852,0.9742007851934941,0.9904837430610627,0.9742568704430735,0.9912767644726408,5.5573766335864325e-05
Random Forest,6852,6852,6853,0.9742568704430735,0.9912767644726408,0.9743129556926529,0.9912767644726408,5.5596004737649374e-05
Random Forest,6853,6853,6854,0.9743129556926529,0.9912767644726408,0.9743690409422322,0.9912767644726408,5.5596004737649374e-05
Random Forest,6854,6854,6855,0.9743690409422322,0.9912767644726408,0.9744251261918115,0.9912767644726408,5.5596004737649374e-05
Random Forest,6855,6855,6856,0.9744251261918115,0.9912767644726408,0.9744812114413909,0.9912767644726408,5.5596004737649374e-05
Random Forest,6856,6856,6857,0.9744812114413909,0.9912767644726408,0.974649467190129,0.9912767644726408,0.00016678801421305818
Random Forest,6857,6857,6858,0.974649467190129,0.9912767644726408,0.9747616376892877,0.9912767644726408,0.00011119200947529875
Random Forest,6858,6858,6859,0.9747616376892877,0.9912767644726408,0.974817722938867,0.9912767644726408,5.5596004737649374e-05
Random Forest,6859,6859,6860,0.974817722938867,0.9912767644726408,0.9748738081884465,0.9912767644726408,5.5596004737759434e-05
Random Forest,6860,6860,6861,0.9748738081884465,0.9912767644726408,0.9749298934380258,0.9920697858842189,5.5618243139544436e-05
Random Forest,6861,6861,6862,0.9749298934380258,0.9920697858842189,0.9749859786876052,0.9920697858842189,5.56404815414395e-05
Random Forest,6862,6862,6863,0.9749859786876052,0.9920697858842189,0.9750420639371845,0.9920697858842189,5.56404815414395e-05
Random Forest,6863,6863,6864,0.9750420639371845,0.9920697858842189,0.975266404935502,0.9920697858842189,0.00022256192616586812
Random Forest,6864,6864,6865,0.975266404935502,0.9920697858842189,0.9753224901850813,0.9920697858842189,5.56404815414395e-05
Random Forest,6865,6865,6866,0.9753224901850813,0.9920697858842189,0.9753785754346607,0.9920697858842189,5.56404815414395e-05
Random Forest,6866,6866,6867,0.9753785754346607,0.9920697858842189,0.97543466068424,0.9920697858842189,5.56404815414395e-05
Random Forest,6867,6867,6868,0.97543466068424,0.9920697858842189,0.9754907459338195,0.9920697858842189,5.564048154154964e-05
Random Forest,6868,6868,6869,0.9754907459338195,0.9920697858842189,0.9755468311833988,0.9920697858842189,5.56404815414395e-05
Random Forest,6869,6869,6870,0.9755468311833988,0.9920697858842189,0.9756590016825575,0.9920697858842189,0.000111280963082879
Random Forest,6870,6870,6871,0.9756590016825575,0.9920697858842189,0.9757711721817162,0.9920697858842189,0.000111280963082879
Random Forest,6871,6871,6872,0.9757711721817162,0.9920697858842189,0.9758272574312956,0.9920697858842189,5.564048154154964e-05
Random Forest,6872,6872,6873,0.9758272574312956,0.9920697858842189,0.975883342680875,0.9920697858842189,5.56404815414395e-05
Random Forest,6873,6873,6874,0.975883342680875,0.9920697858842189,0.9765002804262479,0.9920697858842189,0.0006120452969560548
Random Forest,6874,6874,6875,0.9765002804262479,0.9920697858842189,0.9766124509254066,0.9920697858842189,0.000111280963082879
Random Forest,6875,6875,6876,0.9766124509254066,0.9920697858842189,0.976668536174986,0.9920697858842189,5.56404815414395e-05
Random Forest,6876,6876,6877,0.976668536174986,0.9920697858842189,0.9767246214245653,0.992862807295797,5.566271994333456e-05
Random Forest,6877,6877,6878,0.9767246214245653,0.992862807295797,0.9767807066741447,0.992862807295797,5.5684958345339844e-05
Random Forest,6878,6878,6879,0.9767807066741447,0.992862807295797,0.9768367919237241,0.992862807295797,5.5684958345229614e-05
Random Forest,6879,6879,6880,0.9768367919237241,0.992862807295797,0.9768928771733034,0.992862807295797,5.5684958345229614e-05
Random Forest,6880,6880,6881,0.9768928771733034,0.992862807295797,0.9769489624228828,0.992862807295797,5.5684958345229614e-05
Random Forest,6881,6881,6882,0.9769489624228828,0.992862807295797,0.9770050476724621,0.992862807295797,5.5684958345229614e-05
Random Forest,6882,6882,6883,0.9770050476724621,0.992862807295797,0.9770611329220416,0.992862807295797,5.5684958345339844e-05
Random Forest,6883,6883,6884,0.9770611329220416,0.992862807295797,0.9771172181716209,0.992862807295797,5.5684958345229614e-05
Random Forest,6884,6884,6885,0.9771172181716209,0.992862807295797,0.9771733034212002,0.992862807295797,5.5684958345229614e-05
Random Forest,6885,6885,6886,0.9771733034212002,0.992862807295797,0.9776780706674145,0.992862807295797,0.000501164625107287
Random Forest,6886,6886,6887,0.9776780706674145,0.992862807295797,0.9777341559169939,0.992862807295797,5.5684958345229614e-05
Random Forest,6887,6887,6888,0.9777341559169939,0.992862807295797,0.9777902411665732,0.992862807295797,5.5684958345229614e-05
Random Forest,6888,6888,6889,0.9777902411665732,0.992862807295797,0.9780145821648907,0.992862807295797,0.0002227398333810287
Random Forest,6889,6889,6890,0.9780145821648907,0.992862807295797,0.97807066741447,0.992862807295797,5.5684958345229614e-05
Random Forest,6890,6890,6891,0.97807066741447,0.992862807295797,0.9783510936623668,0.992862807295797,0.00027842479172625833
Random Forest,6891,6891,6892,0.9783510936623668,0.992862807295797,0.9784071789119462,0.992862807295797,5.5684958345229614e-05
Random Forest,6892,6892,6893,0.9784071789119462,0.992862807295797,0.9785193494111049,0.992862807295797,0.00011136991669045923
Random Forest,6893,6893,6894,0.9785193494111049,0.992862807295797,0.978687605159843,0.992862807295797,0.00016705487503579909
Random Forest,6894,6894,6895,0.978687605159843,0.992862807295797,0.9790241166573191,0.992862807295797,0.0003341097500714879
Random Forest,6895,6895,6896,0.9790241166573191,0.992862807295797,0.9790802019068985,0.992862807295797,5.5684958345229614e-05
Random Forest,6896,6896,6897,0.9790802019068985,0.992862807295797,0.9791362871564778,0.992862807295797,5.5684958345229614e-05
Random Forest,6897,6897,6898,0.9791362871564778,0.992862807295797,0.9792484576556366,0.992862807295797,0.00011136991669056946
Random Forest,6898,6898,6899,0.9792484576556366,0.992862807295797,0.979304542905216,0.992862807295797,5.5684958345229614e-05
Random Forest,6899,6899,6900,0.979304542905216,0.992862807295797,0.9794167134043746,0.992862807295797,0.00011136991669045923
Random Forest,6900,6900,6901,0.9794167134043746,0.992862807295797,0.979472798653954,0.992862807295797,5.5684958345229614e-05
Random Forest,6901,6901,6902,0.979472798653954,0.992862807295797,0.9795849691531128,0.992862807295797,0.00011136991669056946
Random Forest,6902,6902,6903,0.9795849691531128,0.992862807295797,0.9817162086371284,0.9952418715305313,0.0021185635949354242
Random Forest,6903,6903,6904,0.9817162086371284,0.9952418715305313,0.9818283791362872,0.9952418715305313,0.00011163677751331045
Random Forest,6904,6904,6905,0.9818283791362872,0.9952418715305313,0.9818283791362872,0.9960348929421095,0.0
Random Forest,6905,6905,6906,0.9818283791362872,0.9960348929421095,0.9818844643858665,0.9960348929421095,5.5862865560390094e-05
Random Forest,6906,6906,6907,0.9818844643858665,0.9960348929421095,0.9819405496354459,0.9960348929421095,5.5862865560390094e-05
Random Forest,6907,6907,6908,0.9819405496354459,0.9960348929421095,0.9825014021312395,0.9968279143536876,0.0005588510396230728
Random Forest,6908,6908,6909,0.9825014021312395,0.9968279143536876,0.9832865956253505,0.9968279143536876,0.0007827027930987444
Random Forest,6909,6909,6910,0.9832865956253505,0.9968279143536876,0.9833987661245093,0.9968279143536876,0.00011181468472847109
Random Forest,6910,6910,6911,0.9833987661245093,0.9968279143536876,0.9834548513740886,0.9968279143536876,5.590734236418021e-05
Random Forest,6911,6911,6912,0.9834548513740886,0.9968279143536876,0.983510936623668,0.9968279143536876,5.590734236418021e-05
Random Forest,6912,6912,6913,0.983510936623668,0.9968279143536876,0.9835670218732473,0.9968279143536876,5.590734236418021e-05
Random Forest,6913,6913,6914,0.9835670218732473,0.9968279143536876,0.9839035333707234,0.9968279143536876,0.00033544405418519193
Random Forest,6914,6914,6915,0.9839035333707234,0.9968279143536876,0.9839596186203029,0.9968279143536876,5.590734236429088e-05
Random Forest,6915,6915,6916,0.9839596186203029,0.9968279143536876,0.9840157038698822,0.9968279143536876,5.590734236418021e-05
Random Forest,6916,6916,6917,0.9840157038698822,0.9968279143536876,0.9840717891194616,0.9968279143536876,5.590734236418021e-05
Random Forest,6917,6917,6918,0.9840717891194616,0.9968279143536876,0.9841278743690409,0.9968279143536876,5.590734236418021e-05
Random Forest,6918,6918,6919,0.9841278743690409,0.9968279143536876,0.9841839596186203,0.9968279143536876,5.590734236418021e-05
Random Forest,6919,6919,6920,0.9841839596186203,0.9968279143536876,0.9842961301177791,0.9968279143536876,0.00011181468472847109
Random Forest,6920,6920,6921,0.9842961301177791,0.9968279143536876,0.9843522153673584,0.9968279143536876,5.590734236418021e-05
Random Forest,6921,6921,6922,0.9843522153673584,0.9968279143536876,0.9845204711160964,0.9976209357652657,0.00016778874229822583
Random Forest,6922,6922,6923,0.9845204711160964,0.9976209357652657,0.9845765563656759,0.9976209357652657,5.595181916808109e-05
Random Forest,6923,6923,6924,0.9845765563656759,0.9976209357652657,0.9846326416152552,0.9976209357652657,5.5951819167970334e-05
Random Forest,6924,6924,6925,0.9846326416152552,0.9976209357652657,0.9846887268648346,0.9976209357652657,5.5951819167970334e-05
Random Forest,6925,6925,6926,0.9846887268648346,0.9976209357652657,0.9848008973639932,0.9976209357652657,0.00011190363833594067
Random Forest,6926,6926,6927,0.9848008973639932,0.9976209357652657,0.9849691531127314,0.9976209357652657,0.00016785545750402177
Random Forest,6927,6927,6928,0.9849691531127314,0.9976209357652657,0.9850252383623107,0.9976209357652657,5.5951819167970334e-05
Random Forest,6928,6928,6929,0.9850252383623107,0.9976209357652657,0.9851374088614694,0.9976209357652657,0.00011190363833594067
Random Forest,6929,6929,6930,0.9851374088614694,0.9976209357652657,0.9851934941110488,0.9976209357652657,5.595181916808109e-05
Random Forest,6930,6930,6931,0.9851934941110488,0.9976209357652657,0.9853056646102075,0.9976209357652657,0.00011190363833594067
Random Forest,6931,6931,6932,0.9853056646102075,0.9976209357652657,0.9853617498597869,0.9976209357652657,5.5951819167970334e-05
Random Forest,6932,6932,6933,0.9853617498597869,0.9976209357652657,0.9854178351093662,0.9976209357652657,5.5951819167970334e-05
Random Forest,6933,6933,6934,0.9854178351093662,0.9976209357652657,0.9854739203589455,0.9976209357652657,5.5951819167970334e-05
Random Forest,6934,6934,6935,0.9854739203589455,0.9976209357652657,0.9856421761076837,0.9976209357652657,0.00016785545750402177
Random Forest,6935,6935,6936,0.9856421761076837,0.9976209357652657,0.985698261357263,0.9976209357652657,5.5951819167970334e-05
Random Forest,6936,6936,6937,0.985698261357263,0.9976209357652657,0.9857543466068424,0.9976209357652657,5.5951819167970334e-05
Random Forest,6937,6937,6938,0.9857543466068424,0.9976209357652657,0.9858104318564218,0.9976209357652657,5.595181916808109e-05
Random Forest,6938,6938,6939,0.9858104318564218,0.9976209357652657,0.9858665171060012,0.9976209357652657,5.5951819167970334e-05
Random Forest,6939,6939,6940,0.9858665171060012,0.9976209357652657,0.9859226023555805,0.9976209357652657,5.5951819167970334e-05
Random Forest,6940,6940,6941,0.9859226023555805,0.9976209357652657,0.9860347728547392,0.9976209357652657,0.00011190363833594067
Random Forest,6941,6941,6942,0.9860347728547392,0.9976209357652657,0.986146943353898,0.9976209357652657,0.00011190363833605142
Random Forest,6942,6942,6943,0.986146943353898,0.9976209357652657,0.9862030286034773,0.9976209357652657,5.5951819167970334e-05
Random Forest,6943,6943,6944,0.9862030286034773,0.9976209357652657,0.9862591138530566,0.9976209357652657,5.5951819167970334e-05
Random Forest,6944,6944,6945,0.9862591138530566,0.9976209357652657,0.986315199102636,0.9976209357652657,5.5951819167970334e-05
Random Forest,6945,6945,6946,0.986315199102636,0.9976209357652657,0.9863712843522153,0.9976209357652657,5.5951819167970334e-05
Random Forest,6946,6946,6947,0.9863712843522153,0.9976209357652657,0.9864834548513741,0.9976209357652657,0.00011190363833605142
Random Forest,6947,6947,6948,0.9864834548513741,0.9976209357652657,0.9865395401009535,0.9976209357652657,5.5951819167970334e-05
Random Forest,6948,6948,6949,0.9865395401009535,0.9976209357652657,0.9865956253505328,0.9976209357652657,5.5951819167970334e-05
Random Forest,6949,6949,6950,0.9865956253505328,0.9976209357652657,0.9867077958496915,0.9976209357652657,0.00011190363833594067
Random Forest,6950,6950,6951,0.9867077958496915,0.9976209357652657,0.9867638810992709,0.9976209357652657,5.595181916808109e-05
Random Forest,6951,6951,6952,0.9867638810992709,0.9976209357652657,0.9868199663488503,0.9976209357652657,5.5951819167970334e-05
Random Forest,6952,6952,6953,0.9868199663488503,0.9976209357652657,0.9868760515984296,0.9976209357652657,5.5951819167970334e-05
Random Forest,6953,6953,6954,0.9868760515984296,0.9976209357652657,0.9871564778463264,0.9976209357652657,0.0002797590958399624
Random Forest,6954,6954,6955,0.9871564778463264,0.9976209357652657,0.9872125630959058,0.9976209357652657,5.5951819167970334e-05
Random Forest,6955,6955,6956,0.9872125630959058,0.9976209357652657,0.9872686483454851,0.9976209357652657,5.5951819167970334e-05
Random Forest,6956,6956,6957,0.9872686483454851,0.9976209357652657,0.9873247335950645,0.9976209357652657,5.5951819167970334e-05
Random Forest,6957,6957,6958,0.9873247335950645,0.9976209357652657,0.9873808188446439,0.9976209357652657,5.595181916808109e-05
Random Forest,6958,6958,6959,0.9873808188446439,0.9976209357652657,0.9874369040942232,0.9976209357652657,5.5951819167970334e-05
Random Forest,6959,6959,6960,0.9874369040942232,0.9976209357652657,0.9874929893438026,0.9976209357652657,5.5951819167970334e-05
Random Forest,6960,6960,6961,0.9874929893438026,0.9976209357652657,0.9875490745933819,0.9976209357652657,5.5951819167970334e-05
Random Forest,6961,6961,6962,0.9875490745933819,0.9976209357652657,0.9876051598429613,0.9976209357652657,5.5951819167970334e-05
Random Forest,6962,6962,6963,0.9876051598429613,0.9976209357652657,0.9877734155916994,0.9976209357652657,0.00016785545750402177
Random Forest,6963,6963,6964,0.9877734155916994,0.9976209357652657,0.9878295008412787,0.9976209357652657,5.5951819167970334e-05
Random Forest,6964,6964,6965,0.9878295008412787,0.9976209357652657,0.9878855860908581,0.9976209357652657,5.5951819167970334e-05
Random Forest,6965,6965,6966,0.9878855860908581,0.9976209357652657,0.9880538418395962,0.9976209357652657,0.00016785545750402177
Random Forest,6966,6966,6967,0.9880538418395962,0.9976209357652657,0.9881099270891756,0.9976209357652657,5.5951819167970334e-05
Random Forest,6967,6967,6968,0.9881099270891756,0.9976209357652657,0.9881660123387549,0.9976209357652657,5.5951819167970334e-05
Random Forest,6968,6968,6969,0.9881660123387549,0.9976209357652657,0.9882781828379136,0.9976209357652657,0.00011190363833594067
Random Forest,6969,6969,6970,0.9882781828379136,0.9976209357652657,0.988334268087493,0.9976209357652657,5.595181916808109e-05
Random Forest,6970,6970,6971,0.988334268087493,0.9976209357652657,0.9884464385866517,0.9976209357652657,0.00011190363833594067
Random Forest,6971,6971,6972,0.9884464385866517,0.9976209357652657,0.9887829500841279,0.9976209357652657,0.0003357109150079327
Random Forest,6972,6972,6973,0.9887829500841279,0.9976209357652657,0.9888390353337072,0.9976209357652657,5.5951819167970334e-05
Random Forest,6973,6973,6974,0.9888390353337072,0.9976209357652657,0.988951205832866,0.9976209357652657,0.00011190363833605142
Random Forest,6974,6974,6975,0.988951205832866,0.9976209357652657,0.9890072910824453,0.9976209357652657,5.5951819167970334e-05
Random Forest,6975,6975,6976,0.9890072910824453,0.9976209357652657,0.9890633763320247,0.9976209357652657,5.5951819167970334e-05
Random Forest,6976,6976,6977,0.9890633763320247,0.9976209357652657,0.9891755468311834,0.9976209357652657,0.00011190363833594067
Random Forest,6977,6977,6978,0.9891755468311834,0.9976209357652657,0.9892316320807628,0.9976209357652657,5.595181916808109e-05
Random Forest,6978,6978,6979,0.9892316320807628,0.9976209357652657,0.9892877173303422,0.9976209357652657,5.5951819167970334e-05
Random Forest,6979,6979,6980,0.9892877173303422,0.9976209357652657,0.9893438025799215,0.9976209357652657,5.5951819167970334e-05
Random Forest,6980,6980,6981,0.9893438025799215,0.9976209357652657,0.9893998878295008,0.9976209357652657,5.5951819167970334e-05
Random Forest,6981,6981,6982,0.9893998878295008,0.9976209357652657,0.9894559730790802,0.9976209357652657,5.5951819167970334e-05
Random Forest,6982,6982,6983,0.9894559730790802,0.9976209357652657,0.9895120583286595,0.9976209357652657,5.5951819167970334e-05
Random Forest,6983,6983,6984,0.9895120583286595,0.9976209357652657,0.989568143578239,0.9976209357652657,5.595181916808109e-05
Random Forest,6984,6984,6985,0.989568143578239,0.9976209357652657,0.9896242288278183,0.9976209357652657,5.5951819167970334e-05
Random Forest,6985,6985,6986,0.9896242288278183,0.9976209357652657,0.9896803140773976,0.9976209357652657,5.5951819167970334e-05
Random Forest,6986,6986,6987,0.9896803140773976,0.9976209357652657,0.9897924845765563,0.9976209357652657,0.00011190363833594067
Random Forest,6987,6987,6988,0.9897924845765563,0.9976209357652657,0.9898485698261357,0.9976209357652657,5.5951819167970334e-05
Random Forest,6988,6988,6989,0.9898485698261357,0.9976209357652657,0.9899607403252945,0.9976209357652657,0.00011190363833605142
Random Forest,6989,6989,6990,0.9899607403252945,0.9976209357652657,0.9900168255748738,0.9976209357652657,5.5951819167970334e-05
Random Forest,6990,6990,6991,0.9900168255748738,0.9976209357652657,0.9900729108244531,0.9976209357652657,5.5951819167970334e-05
Random Forest,6991,6991,6992,0.9900729108244531,0.9976209357652657,0.9914750420639372,0.9984139571768438,0.0013993514392471888
Random Forest,6992,6992,6993,0.9914750420639372,0.9984139571768438,0.9921480650588895,0.9992069785884219,0.0006722224124840879
Random Forest,6993,6993,6994,0.9921480650588895,0.9992069785884219,0.992372406057207,0.9992069785884219,0.0002241630911023132
Random Forest,6994,6994,6995,0.992372406057207,0.9992069785884219,0.9924284913067863,0.9992069785884219,5.6040772775550574e-05
Random Forest,6995,6995,6996,0.9924284913067863,0.9992069785884219,0.9924845765563657,0.9992069785884219,5.6040772775550574e-05
Random Forest,6996,6996,6997,0.9924845765563657,0.9992069785884219,0.992540661805945,0.9992069785884219,5.6040772775550574e-05
Random Forest,6997,6997,6998,0.992540661805945,0.9992069785884219,0.9925967470555244,0.9992069785884219,5.6040772775550574e-05
Random Forest,6998,6998,6999,0.9925967470555244,0.9992069785884219,0.9926528323051037,0.9992069785884219,5.6040772775550574e-05
Random Forest,6999,6999,7000,0.9926528323051037,0.9992069785884219,0.9927089175546832,0.9992069785884219,5.604077277566151e-05
Random Forest,7000,7000,7001,0.9927089175546832,0.9992069785884219,0.9927650028042625,0.9992069785884219,5.6040772775550574e-05
Random Forest,7001,7001,7002,0.9927650028042625,0.9992069785884219,0.9928210880538418,0.9992069785884219,5.6040772775550574e-05
Random Forest,7002,7002,7003,0.9928210880538418,0.9992069785884219,0.9928771733034212,0.9992069785884219,5.6040772775550574e-05
Random Forest,7003,7003,7004,0.9928771733034212,0.9992069785884219,0.9930454290521593,0.9992069785884219,0.00016812231832676264
Random Forest,7004,7004,7005,0.9930454290521593,0.9992069785884219,0.9931015143017387,0.9992069785884219,5.6040772775550574e-05
Random Forest,7005,7005,7006,0.9931015143017387,0.9992069785884219,0.993157599551318,0.9992069785884219,5.6040772775550574e-05
Random Forest,7006,7006,7007,0.993157599551318,0.9992069785884219,0.9932136848008973,0.9992069785884219,5.6040772775550574e-05
Random Forest,7007,7007,7008,0.9932136848008973,0.9992069785884219,0.9932697700504767,0.9992069785884219,5.6040772775550574e-05
Random Forest,7008,7008,7009,0.9932697700504767,0.9992069785884219,0.9933258553000561,0.9992069785884219,5.604077277566151e-05
Random Forest,7009,7009,7010,0.9933258553000561,0.9992069785884219,0.9934941110487941,0.9992069785884219,0.0001681223183266517
Random Forest,7010,7010,7011,0.9934941110487941,0.9992069785884219,0.9935501962983735,0.9992069785884219,5.6040772775550574e-05
Random Forest,7011,7011,7012,0.9935501962983735,0.9992069785884219,0.9936062815479529,0.9992069785884219,5.604077277566151e-05
Random Forest,7012,7012,7013,0.9936062815479529,0.9992069785884219,0.9936623667975323,0.9992069785884219,5.6040772775550574e-05
Random Forest,7013,7013,7014,0.9936623667975323,0.9992069785884219,0.9937184520471116,0.9992069785884219,5.6040772775550574e-05
Random Forest,7014,7014,7015,0.9937184520471116,0.9992069785884219,0.9938306225462703,0.9992069785884219,0.00011208154555110115
Random Forest,7015,7015,7016,0.9938306225462703,0.9992069785884219,0.9938867077958496,0.9992069785884219,5.6040772775550574e-05
Random Forest,7016,7016,7017,0.9938867077958496,0.9992069785884219,0.9939427930454291,0.9992069785884219,5.604077277566151e-05
Random Forest,7017,7017,7018,0.9939427930454291,0.9992069785884219,0.9939988782950084,0.9992069785884219,5.6040772775550574e-05
Random Forest,7018,7018,7019,0.9939988782950084,0.9992069785884219,0.9940549635445878,0.9992069785884219,5.6040772775550574e-05
Random Forest,7019,7019,7020,0.9940549635445878,0.9992069785884219,0.9942232192933259,0.9992069785884219,0.00016812231832676264
Random Forest,7020,7020,7021,0.9942232192933259,0.9992069785884219,0.9942793045429053,0.9992069785884219,5.6040772775550574e-05
Random Forest,7021,7021,7022,0.9942793045429053,0.9992069785884219,0.9943353897924846,0.9992069785884219,5.6040772775550574e-05
Random Forest,7022,7022,7023,0.9943353897924846,0.9992069785884219,0.9943914750420639,0.9992069785884219,5.6040772775550574e-05
Random Forest,7023,7023,7024,0.9943914750420639,0.9992069785884219,0.9945036455412226,0.9992069785884219,0.00011208154555110115
Random Forest,7024,7024,7025,0.9945036455412226,0.9992069785884219,0.9945036455412226,1.0,0.0
Random Forest,7025,7025,7026,0.9945036455412226,1.0,0.9945597307908021,1.0,5.608524957945171e-05
Random Forest,7026,7026,7027,0.9945597307908021,1.0,0.9946719012899607,1.0,0.00011217049915868138
Random Forest,7027,7027,7028,0.9946719012899607,1.0,0.9947279865395401,1.0,5.608524957934069e-05
Random Forest,7028,7028,7029,0.9947279865395401,1.0,0.9947840717891194,1.0,5.608524957934069e-05
Random Forest,7029,7029,7030,0.9947840717891194,1.0,0.9948962422882782,1.0,0.0001121704991587924
Random Forest,7030,7030,7031,0.9948962422882782,1.0,0.9949523275378576,1.0,5.608524957934069e-05
Random Forest,7031,7031,7032,0.9949523275378576,1.0,0.9950084127874369,1.0,5.608524957934069e-05
Random Forest,7032,7032,7033,0.9950084127874369,1.0,0.995176668536175,1.0,0.0001682557487381331
Random Forest,7033,7033,7034,0.995176668536175,1.0,0.9952327537857544,1.0,5.608524957934069e-05
Random Forest,7034,7034,7035,0.9952327537857544,1.0,0.9953449242849131,1.0,0.00011217049915868138
Random Forest,7035,7035,7036,0.9953449242849131,1.0,0.9954010095344924,1.0,5.608524957934069e-05
Random Forest,7036,7036,7037,0.9954010095344924,1.0,0.9954570947840717,1.0,5.608524957934069e-05
Random Forest,7037,7037,7038,0.9954570947840717,1.0,0.9955131800336512,1.0,5.608524957945171e-05
Random Forest,7038,7038,7039,0.9955131800336512,1.0,0.9955692652832305,1.0,5.608524957934069e-05
Random Forest,7039,7039,7040,0.9955692652832305,1.0,0.9956814357823892,1.0,0.00011217049915868138
Random Forest,7040,7040,7041,0.9956814357823892,1.0,0.9957375210319686,1.0,5.608524957934069e-05
Random Forest,7041,7041,7042,0.9957375210319686,1.0,0.995793606281548,1.0,5.608524957945171e-05
Random Forest,7042,7042,7043,0.995793606281548,1.0,0.9958496915311273,1.0,5.608524957934069e-05
Random Forest,7043,7043,7044,0.9958496915311273,1.0,0.9960179472798654,1.0,0.00016825574873802207
Random Forest,7044,7044,7045,0.9960179472798654,1.0,0.9960740325294447,1.0,5.608524957934069e-05
Random Forest,7045,7045,7046,0.9960740325294447,1.0,0.9961301177790242,1.0,5.608524957945171e-05
Random Forest,7046,7046,7047,0.9961301177790242,1.0,0.9961862030286035,1.0,5.608524957934069e-05
Random Forest,7047,7047,7048,0.9961862030286035,1.0,0.9962422882781828,1.0,5.608524957934069e-05
Random Forest,7048,7048,7049,0.9962422882781828,1.0,0.9963544587773415,1.0,0.00011217049915868138
Random Forest,7049,7049,7050,0.9963544587773415,1.0,0.996410544026921,1.0,5.608524957945171e-05
Random Forest,7050,7050,7051,0.996410544026921,1.0,0.996578799775659,1.0,0.00016825574873802207
Random Forest,7051,7051,7052,0.996578799775659,1.0,0.9966348850252383,1.0,5.608524957934069e-05
Random Forest,7052,7052,7053,0.9966348850252383,1.0,0.9966909702748177,1.0,5.608524957934069e-05
Random Forest,7053,7053,7054,0.9966909702748177,1.0,0.9967470555243971,1.0,5.608524957945171e-05
Random Forest,7054,7054,7055,0.9967470555243971,1.0,0.9968031407739765,1.0,5.608524957934069e-05
Random Forest,7055,7055,7056,0.9968031407739765,1.0,0.9968592260235558,1.0,5.608524957934069e-05
Random Forest,7056,7056,7057,0.9968592260235558,1.0,0.9969153112731352,1.0,5.608524957934069e-05
Random Forest,7057,7057,7058,0.9969153112731352,1.0,0.9969713965227145,1.0,5.608524957934069e-05
Random Forest,7058,7058,7059,0.9969713965227145,1.0,0.9970274817722938,1.0,5.608524957934069e-05
Random Forest,7059,7059,7060,0.9970274817722938,1.0,0.9970835670218733,1.0,5.608524957945171e-05
Random Forest,7060,7060,7061,0.9970835670218733,1.0,0.9971396522714526,1.0,5.608524957934069e-05
Random Forest,7061,7061,7062,0.9971396522714526,1.0,0.997195737521032,1.0,5.608524957934069e-05
Random Forest,7062,7062,7063,0.997195737521032,1.0,0.9972518227706113,1.0,5.608524957934069e-05
Random Forest,7063,7063,7064,0.9972518227706113,1.0,0.9973079080201906,1.0,5.608524957934069e-05
Random Forest,7064,7064,7065,0.9973079080201906,1.0,0.9973639932697701,1.0,5.608524957945171e-05
Random Forest,7065,7065,7066,0.9973639932697701,1.0,0.9974200785193494,1.0,5.608524957934069e-05
Random Forest,7066,7066,7067,0.9974200785193494,1.0,0.9974761637689288,1.0,5.608524957934069e-05
Random Forest,7067,7067,7068,0.9974761637689288,1.0,0.9975322490185081,1.0,5.608524957934069e-05
Random Forest,7068,7068,7069,0.9975322490185081,1.0,0.9975883342680875,1.0,5.608524957934069e-05
Random Forest,7069,7069,7070,0.9975883342680875,1.0,0.9977005047672463,1.0,0.0001121704991587924
Random Forest,7070,7070,7071,0.9977005047672463,1.0,0.9977565900168256,1.0,5.608524957934069e-05
Random Forest,7071,7071,7072,0.9977565900168256,1.0,0.9978126752664049,1.0,5.608524957934069e-05
Random Forest,7072,7072,7073,0.9978126752664049,1.0,0.9978687605159843,1.0,5.608524957934069e-05
Random Forest,7073,7073,7074,0.9978687605159843,1.0,0.9979248457655636,1.0,5.608524957934069e-05
Random Forest,7074,7074,7075,0.9979248457655636,1.0,0.9979809310151431,1.0,5.608524957945171e-05
Random Forest,7075,7075,7076,0.9979809310151431,1.0,0.9980370162647224,1.0,5.608524957934069e-05
Random Forest,7076,7076,7077,0.9980370162647224,1.0,0.9980931015143018,1.0,5.608524957934069e-05
Random Forest,7077,7077,7078,0.9980931015143018,1.0,0.9981491867638811,1.0,5.608524957934069e-05
Random Forest,7078,7078,7079,0.9981491867638811,1.0,0.9982052720134604,1.0,5.608524957934069e-05
Random Forest,7079,7079,7080,0.9982052720134604,1.0,0.9982613572630398,1.0,5.608524957934069e-05
Random Forest,7080,7080,7081,0.9982613572630398,1.0,0.9983174425126192,1.0,5.608524957945171e-05
Random Forest,7081,7081,7082,0.9983174425126192,1.0,0.9983735277621986,1.0,5.608524957934069e-05
Random Forest,7082,7082,7083,0.9983735277621986,1.0,0.9984856982613572,1.0,0.00011217049915868138
Random Forest,7083,7083,7084,0.9984856982613572,1.0,0.9985417835109366,1.0,5.608524957934069e-05
Random Forest,7084,7084,7085,0.9985417835109366,1.0,0.998597868760516,1.0,5.608524957945171e-05
Random Forest,7085,7085,7086,0.998597868760516,1.0,0.9986539540100954,1.0,5.608524957934069e-05
Random Forest,7086,7086,7087,0.9986539540100954,1.0,0.9987100392596747,1.0,5.608524957934069e-05
Random Forest,7087,7087,7088,0.9987100392596747,1.0,0.9987661245092541,1.0,5.608524957934069e-05
Random Forest,7088,7088,7089,0.9987661245092541,1.0,0.9990465507571509,1.0,0.0002804262478968145
Random Forest,7089,7089,7090,0.9990465507571509,1.0,0.9991026360067302,1.0,5.608524957934069e-05
Random Forest,7090,7090,7091,0.9991026360067302,1.0,0.9991587212563096,1.0,5.608524957934069e-05
Random Forest,7091,7091,7092,0.9991587212563096,1.0,0.9992148065058889,1.0,5.608524957934069e-05
Random Forest,7092,7092,7093,0.9992148065058889,1.0,0.9992708917554683,1.0,5.608524957945171e-05
Random Forest,7093,7093,7094,0.9992708917554683,1.0,0.9994952327537857,1.0,0.00022434099831736276
Random Forest,7094,7094,7095,0.9994952327537857,1.0,0.9995513180033652,1.0,5.608524957945171e-05
Random Forest,7095,7095,7096,0.9995513180033652,1.0,0.9996074032529445,1.0,5.608524957934069e-05
Random Forest,7096,7096,7097,0.9996074032529445,1.0,0.9996634885025238,1.0,5.608524957934069e-05
Random Forest,7097,7097,7098,0.9996634885025238,1.0,0.9997195737521032,1.0,5.608524957934069e-05
Random Forest,7098,7098,7099,0.9997195737521032,1.0,0.9997756590016825,1.0,5.608524957934069e-05
Random Forest,7099,7099,7100,0.9997756590016825,1.0,0.9998317442512619,1.0,5.608524957934069e-05
Random Forest,7100,7100,7101,0.9998317442512619,1.0,0.9998878295008413,1.0,5.608524957945171e-05
Random Forest,7101,7101,7102,0.9998878295008413,1.0,0.9999439147504207,1.0,5.608524957934069e-05
Random Forest,7102,7102,7103,0.9999439147504207,1.0,1.0,1.0,5.608524957934069e-05
