model,point_index,threshold_score,tp_cumulative,fp_cumulative,tpr,fpr,total_positive,total_negative
Random Forest,0,above_max_probability,0,0,0.0,0.0,1261,17830
Random Forest,1,0.15614032317558788,0,1,0.0,5.6085249579360626e-05,1261,17830
Random Forest,2,0.14703932636768421,1,1,0.0007930214115781126,5.6085249579360626e-05,1261,17830
Random Forest,3,0.14601357588016567,2,1,0.0015860428231562252,5.6085249579360626e-05,1261,17830
Random Forest,4,0.14584438878970285,3,1,0.0023790642347343376,5.6085249579360626e-05,1261,17830
Random Forest,5,0.14442290532925148,4,1,0.0031720856463124504,5.6085249579360626e-05,1261,17830
Random Forest,6,0.1443764552464605,4,2,0.0031720856463124504,0.00011217049915872125,1261,17830
Random Forest,7,0.1393098030125569,5,2,0.003965107057890563,0.00011217049915872125,1261,17830
Random Forest,8,0.1372845244098644,5,3,0.003965107057890563,0.0001682557487380819,1261,17830
Random Forest,9,0.13595444328283648,5,4,0.003965107057890563,0.0002243409983174425,1261,17830
Random Forest,10,0.13436209860775455,5,5,0.003965107057890563,0.00028042624789680314,1261,17830
Random Forest,11,0.13350572426609683,6,5,0.004758128469468675,0.00028042624789680314,1261,17830
Random Forest,12,0.1334976597010175,7,5,0.0055511498810467885,0.00028042624789680314,1261,17830
Random Forest,13,0.1332514392550151,7,6,0.0055511498810467885,0.0003365114974761638,1261,17830
Random Forest,14,0.13249377140111201,7,7,0.0055511498810467885,0.0003925967470555244,1261,17830
Random Forest,15,0.13000873135958116,8,7,0.006344171292624901,0.0003925967470555244,1261,17830
Random Forest,16,0.12967969114587446,8,8,0.006344171292624901,0.000448681996634885,1261,17830
Random Forest,17,0.12945483200240557,10,8,0.007930214115781126,0.000448681996634885,1261,17830
Random Forest,18,0.12935932940196257,10,9,0.007930214115781126,0.0005047672462142456,1261,17830
Random Forest,19,0.12933488230976195,10,10,0.007930214115781126,0.0005608524957936063,1261,17830
Random Forest,20,0.1289544539407394,10,11,0.007930214115781126,0.0006169377453729669,1261,17830
Random Forest,21,0.12883516751028987,10,12,0.007930214115781126,0.0006730229949523276,1261,17830
Random Forest,22,0.12784914040444037,12,12,0.00951625693893735,0.0006730229949523276,1261,17830
Random Forest,23,0.12616272953806953,13,12,0.010309278350515464,0.0006730229949523276,1261,17830
Random Forest,24,0.1260602744486515,14,12,0.011102299762093577,0.0006730229949523276,1261,17830
Random Forest,25,0.12522427073476725,14,13,0.011102299762093577,0.0007291082445316882,1261,17830
Random Forest,26,0.12427512516335286,15,13,0.011895321173671689,0.0007291082445316882,1261,17830
Random Forest,27,0.12381390458925652,15,14,0.011895321173671689,0.0007851934941110488,1261,17830
Random Forest,28,0.12330635535319144,16,15,0.012688342585249802,0.0008412787436904094,1261,17830
Random Forest,29,0.12313075684422084,16,16,0.012688342585249802,0.00089736399326977,1261,17830
Random Forest,30,0.12189541045937284,16,17,0.012688342585249802,0.0009534492428491307,1261,17830
Random Forest,31,0.1217245947574899,16,18,0.012688342585249802,0.0010095344924284913,1261,17830
Random Forest,32,0.12101769211889896,17,18,0.013481363996827915,0.0010095344924284913,1261,17830
Random Forest,33,0.12042538927263828,17,19,0.013481363996827915,0.001065619742007852,1261,17830
Random Forest,34,0.12034968611851603,17,20,0.013481363996827915,0.0011217049915872126,1261,17830
Random Forest,35,0.12025482180510004,17,21,0.013481363996827915,0.0011777902411665732,1261,17830
Random Forest,36,0.12002308229341478,18,21,0.014274385408406027,0.0011777902411665732,1261,17830
Random Forest,37,0.11994671455992949,19,21,0.01506740681998414,0.0011777902411665732,1261,17830
Random Forest,38,0.11945839179817558,20,21,0.01586042823156225,0.0011777902411665732,1261,17830
Random Forest,39,0.11933999364441686,24,25,0.0190325138778747,0.0014021312394840158,1261,17830
Random Forest,40,0.11891758665571613,25,25,0.019825535289452814,0.0014021312394840158,1261,17830
Random Forest,41,0.11865394967826531,25,26,0.019825535289452814,0.0014582164890633764,1261,17830
Random Forest,42,0.11854253337963025,26,26,0.020618556701030927,0.0014582164890633764,1261,17830
Random Forest,43,0.1179769103166941,26,27,0.020618556701030927,0.001514301738642737,1261,17830
Random Forest,44,0.11792311960230295,26,28,0.020618556701030927,0.0015703869882220977,1261,17830
Random Forest,45,0.1179085954318975,27,28,0.02141157811260904,0.0015703869882220977,1261,17830
Random Forest,46,0.11755667682794421,27,29,0.02141157811260904,0.0016264722378014581,1261,17830
Random Forest,47,0.11735805679143,28,29,0.022204599524187154,0.0016264722378014581,1261,17830
Random Forest,48,0.11674642185467181,30,31,0.023790642347343377,0.0017386427369601794,1261,17830
Random Forest,49,0.11668720634802643,31,31,0.02458366375892149,0.0017386427369601794,1261,17830
Random Forest,50,0.11663462607283429,31,32,0.02458366375892149,0.00179472798653954,1261,17830
Random Forest,51,0.11648793864198756,33,32,0.026169706582077717,0.00179472798653954,1261,17830
Random Forest,52,0.11639495630481127,33,34,0.026169706582077717,0.0019068984856982613,1261,17830
Random Forest,53,0.11604939741997616,33,35,0.026169706582077717,0.001962983735277622,1261,17830
Random Forest,54,0.11602953528175555,39,37,0.030927835051546393,0.0020751542344363432,1261,17830
Random Forest,55,0.11600763380484487,39,40,0.030927835051546393,0.002243409983174425,1261,17830
Random Forest,56,0.11592322256941302,39,41,0.030927835051546393,0.002299495232753786,1261,17830
Random Forest,57,0.11591465146766859,42,42,0.03330689928628073,0.0023555804823331464,1261,17830
Random Forest,58,0.11583327087839006,46,42,0.03647898493259318,0.0023555804823331464,1261,17830
Random Forest,59,0.11580972765195315,48,45,0.0380650277557494,0.0025238362310712283,1261,17830
Random Forest,60,0.11537584080740086,48,46,0.0380650277557494,0.002579921480650589,1261,17830
Random Forest,61,0.11531535296354793,48,47,0.0380650277557494,0.0026360067302299496,1261,17830
Random Forest,62,0.11510962839250255,48,48,0.0380650277557494,0.0026920919798093103,1261,17830
Random Forest,63,0.11503384111873585,49,50,0.03885804916732752,0.0028042624789680315,1261,17830
Random Forest,64,0.11497838181990486,49,51,0.03885804916732752,0.002860347728547392,1261,17830
Random Forest,65,0.11492156827284483,49,52,0.03885804916732752,0.002916432978126753,1261,17830
Random Forest,66,0.11476641365644398,49,53,0.03885804916732752,0.0029725182277061135,1261,17830
Random Forest,67,0.11463023068760801,49,54,0.03885804916732752,0.003028603477285474,1261,17830
Random Forest,68,0.11457336976780705,49,56,0.03885804916732752,0.0031407739764441954,1261,17830
Random Forest,69,0.11425618262329568,49,57,0.03885804916732752,0.003196859226023556,1261,17830
Random Forest,70,0.11412050943757773,49,58,0.03885804916732752,0.0032529444756029162,1261,17830
Random Forest,71,0.11404759842876869,49,59,0.03885804916732752,0.003309029725182277,1261,17830
Random Forest,72,0.1139855101013742,49,61,0.03885804916732752,0.003421200224340998,1261,17830
Random Forest,73,0.1139546160915924,49,62,0.03885804916732752,0.003477285473920359,1261,17830
Random Forest,74,0.1138089128603605,50,62,0.03965107057890563,0.003477285473920359,1261,17830
Random Forest,75,0.11379809017894586,50,63,0.03965107057890563,0.0035333707234997194,1261,17830
Random Forest,76,0.11368182797388447,50,64,0.03965107057890563,0.00358945597307908,1261,17830
Random Forest,77,0.11367095397043753,52,66,0.041237113402061855,0.0037016264722378013,1261,17830
Random Forest,78,0.11341994861086784,52,67,0.041237113402061855,0.003757711721817162,1261,17830
Random Forest,79,0.11320520750819969,52,68,0.041237113402061855,0.0038137969713965226,1261,17830
Random Forest,80,0.11314751583683771,52,69,0.041237113402061855,0.0038698822209758833,1261,17830
Random Forest,81,0.1131281601564266,53,69,0.04203013481363997,0.0038698822209758833,1261,17830
Random Forest,82,0.11293430698503631,53,71,0.04203013481363997,0.0039820527201346045,1261,17830
Random Forest,83,0.11289636969494635,53,72,0.04203013481363997,0.004038137969713965,1261,17830
Random Forest,84,0.11283283455886294,53,73,0.04203013481363997,0.004094223219293326,1261,17830
Random Forest,85,0.11281556089860113,53,74,0.04203013481363997,0.0041503084688726865,1261,17830
Random Forest,86,0.11281335535536412,53,75,0.04203013481363997,0.004206393718452047,1261,17830
Random Forest,87,0.11277008645099262,53,76,0.04203013481363997,0.004262478968031408,1261,17830
Random Forest,88,0.11269717544218356,53,83,0.04203013481363997,0.004655075715086932,1261,17830
Random Forest,89,0.11260419310500729,80,108,0.063441712926249,0.006057206954570948,1261,17830
Random Forest,90,0.11255693064107795,80,109,0.063441712926249,0.006113292204150309,1261,17830
Random Forest,91,0.1125009110388181,81,110,0.06423473433782712,0.0061693774537296695,1261,17830
Random Forest,92,0.11244766719236077,81,112,0.06423473433782712,0.006281547952888391,1261,17830
Random Forest,93,0.11240792870164182,85,117,0.06740681998413957,0.006561974200785193,1261,17830
Random Forest,94,0.11237822466453146,86,117,0.06819984139571768,0.006561974200785193,1261,17830
Random Forest,95,0.11235468485518446,86,118,0.06819984139571768,0.006618059450364554,1261,17830
Random Forest,96,0.1121894245044361,93,126,0.07375099127676447,0.007066741446999439,1261,17830
Random Forest,97,0.11217543473525095,93,127,0.07375099127676447,0.0071228266965787995,1261,17830
Random Forest,98,0.1120861424382469,94,129,0.07454401268834258,0.007234997195737521,1261,17830
Random Forest,99,0.11204985846193098,95,129,0.0753370340999207,0.007234997195737521,1261,17830
Random Forest,100,0.11203555486698151,96,129,0.0761300555114988,0.007234997195737521,1261,17830
Random Forest,101,0.11201896445214915,113,158,0.08961141950832673,0.00886146943353898,1261,17830
Random Forest,102,0.11199316010107062,114,159,0.09040444091990484,0.008917554683118339,1261,17830
Random Forest,103,0.11197024835570125,115,159,0.09119746233148295,0.008917554683118339,1261,17830
Random Forest,104,0.11190453785551799,115,160,0.09119746233148295,0.0089736399326977,1261,17830
Random Forest,105,0.11190114386048212,118,163,0.09357652656621729,0.009141895681435782,1261,17830
Random Forest,106,0.11185863564063901,119,163,0.0943695479777954,0.009141895681435782,1261,17830
Random Forest,107,0.11177940768978273,119,164,0.0943695479777954,0.009197980931015143,1261,17830
Random Forest,108,0.11173241205177625,119,165,0.0943695479777954,0.009254066180594503,1261,17830
Random Forest,109,0.11164933605765508,119,166,0.0943695479777954,0.009310151430173864,1261,17830
Random Forest,110,0.1115874395356613,119,167,0.0943695479777954,0.009366236679753224,1261,17830
Random Forest,111,0.1114884475469369,120,167,0.09516256938937351,0.009366236679753224,1261,17830
Random Forest,112,0.11145781608172005,121,168,0.09595559080095163,0.009422321929332586,1261,17830
Random Forest,113,0.11145595529378267,122,168,0.09674861221252974,0.009422321929332586,1261,17830
Random Forest,114,0.11145138420322127,122,169,0.09674861221252974,0.009478407178911945,1261,17830
Random Forest,115,0.11143405381687202,123,169,0.09754163362410785,0.009478407178911945,1261,17830
Random Forest,116,0.11138706546555627,123,170,0.09754163362410785,0.009534492428491307,1261,17830
Random Forest,117,0.11124877777891393,123,171,0.09754163362410785,0.009590577678070667,1261,17830
Random Forest,118,0.11120223166430257,123,173,0.09754163362410785,0.009702748177229388,1261,17830
Random Forest,119,0.11117217776185181,124,173,0.09833465503568596,0.009702748177229388,1261,17830
Random Forest,120,0.11110528269693634,124,174,0.09833465503568596,0.00975883342680875,1261,17830
Random Forest,121,0.11107919542467552,124,175,0.09833465503568596,0.00981491867638811,1261,17830
Random Forest,122,0.11078765808166956,124,176,0.09833465503568596,0.00987100392596747,1261,17830
Random Forest,123,0.11076079226191611,125,177,0.09912767644726407,0.00992708917554683,1261,17830
Random Forest,124,0.11070146863782133,125,178,0.09912767644726407,0.009983174425126192,1261,17830
Random Forest,125,0.11067677090021574,125,179,0.09912767644726407,0.010039259674705552,1261,17830
Random Forest,126,0.11056587358287287,126,179,0.0999206978588422,0.010039259674705552,1261,17830
Random Forest,127,0.11047965158102273,126,181,0.0999206978588422,0.010151430173864273,1261,17830
Random Forest,128,0.11046541942349167,126,184,0.0999206978588422,0.010319685922602356,1261,17830
Random Forest,129,0.110462853999315,126,186,0.0999206978588422,0.010431856421761077,1261,17830
Random Forest,130,0.11026658959594955,127,186,0.1007137192704203,0.010431856421761077,1261,17830
Random Forest,131,0.11009522720168136,127,187,0.1007137192704203,0.010487941671340437,1261,17830
Random Forest,132,0.11005065082292048,128,193,0.10150674068199841,0.0108244531688166,1261,17830
Random Forest,133,0.10992019808811415,129,193,0.10229976209357652,0.0108244531688166,1261,17830
Random Forest,134,0.10989589724710408,129,194,0.10229976209357652,0.010880538418395962,1261,17830
Random Forest,135,0.10988019077063352,130,209,0.10309278350515463,0.011721817162086371,1261,17830
Random Forest,136,0.1098776253464569,130,213,0.10309278350515463,0.011946158160403814,1261,17830
Random Forest,137,0.1098217547752667,131,213,0.10388580491673276,0.011946158160403814,1261,17830
Random Forest,138,0.10974553767864804,131,214,0.10388580491673276,0.012002243409983175,1261,17830
Random Forest,139,0.10972877243809043,132,216,0.10467882632831087,0.012114413909141896,1261,17830
Random Forest,140,0.10947401844079581,132,217,0.10467882632831087,0.012170499158721256,1261,17830
Random Forest,141,0.10947084462489355,132,218,0.10467882632831087,0.012226584408300618,1261,17830
Random Forest,142,0.10925350483914423,132,219,0.10467882632831087,0.012282669657879977,1261,17830
Random Forest,143,0.10914354378523232,133,221,0.10547184773988898,0.012394840157038699,1261,17830
Random Forest,144,0.10888086103379165,134,221,0.10626486915146709,0.012394840157038699,1261,17830
Random Forest,145,0.10885141002298082,134,222,0.10626486915146709,0.01245092540661806,1261,17830
Random Forest,146,0.10882491968813461,135,225,0.1070578905630452,0.012619181155356141,1261,17830
Random Forest,147,0.10875179315142362,135,226,0.1070578905630452,0.012675266404935503,1261,17830
Random Forest,148,0.1086163274275109,135,227,0.1070578905630452,0.012731351654514863,1261,17830
Random Forest,149,0.10860865987455745,136,227,0.10785091197462332,0.012731351654514863,1261,17830
Random Forest,150,0.10846103511332562,137,227,0.10864393338620143,0.012731351654514863,1261,17830
Random Forest,151,0.10827857971894697,137,228,0.10864393338620143,0.012787436904094224,1261,17830
Random Forest,152,0.10804324323196803,138,229,0.10943695479777954,0.012843522153673584,1261,17830
Random Forest,153,0.10803061311703442,139,237,0.11022997620935765,0.013292204150308469,1261,17830
Random Forest,154,0.10785986359333677,139,238,0.11022997620935765,0.013348289399887829,1261,17830
Random Forest,155,0.1077768894875543,139,239,0.11022997620935765,0.01340437464946719,1261,17830
Random Forest,156,0.10767782280102241,139,240,0.11022997620935765,0.01346045989904655,1261,17830
Random Forest,157,0.10761584451646324,139,242,0.11022997620935765,0.013572630398205271,1261,17830
Random Forest,158,0.10751256245027403,139,243,0.11022997620935765,0.013628715647784633,1261,17830
Random Forest,159,0.10745801457910992,139,244,0.11022997620935765,0.013684800897363993,1261,17830
Random Forest,160,0.10744538446417629,142,248,0.11260904044409199,0.013909141895681435,1261,17830
Random Forest,161,0.10740051874161965,142,249,0.11260904044409199,0.013965227145260797,1261,17830
Random Forest,162,0.10736965051302831,142,250,0.11260904044409199,0.014021312394840156,1261,17830
Random Forest,163,0.10732920278515286,142,251,0.11260904044409199,0.014077397644419518,1261,17830
Random Forest,164,0.10717182315481581,142,252,0.11260904044409199,0.014133482893998878,1261,17830
Random Forest,165,0.10715999269090418,142,253,0.11260904044409199,0.01418956814357824,1261,17830
Random Forest,166,0.1071379238817432,142,254,0.11260904044409199,0.014245653393157599,1261,17830
Random Forest,167,0.10711473710943616,142,255,0.11260904044409199,0.01430173864273696,1261,17830
Random Forest,168,0.10694459855838408,142,256,0.11260904044409199,0.01435782389231632,1261,17830
Random Forest,169,0.10681709433125039,142,257,0.11260904044409199,0.014413909141895682,1261,17830
Random Forest,170,0.10676659799461685,142,258,0.11260904044409199,0.014469994391475042,1261,17830
Random Forest,171,0.10675140031338581,142,259,0.11260904044409199,0.014526079641054403,1261,17830
Random Forest,172,0.10672467327224683,143,260,0.1134020618556701,0.014582164890633763,1261,17830
Random Forest,173,0.10671740005087385,143,261,0.1134020618556701,0.014638250140213124,1261,17830
Random Forest,174,0.10668597842494344,144,261,0.11419508326724821,0.014638250140213124,1261,17830
Random Forest,175,0.10663394013014411,144,262,0.11419508326724821,0.014694335389792484,1261,17830
Random Forest,176,0.10652784759070864,144,263,0.11419508326724821,0.014750420639371846,1261,17830
Random Forest,177,0.10639423308976742,144,264,0.11419508326724821,0.014806505888951205,1261,17830
Random Forest,178,0.10632735070671802,145,264,0.11498810467882632,0.014806505888951205,1261,17830
Random Forest,179,0.1062966428659601,145,265,0.11498810467882632,0.014862591138530567,1261,17830
Random Forest,180,0.10628201524200907,145,266,0.11498810467882632,0.014918676388109927,1261,17830
Random Forest,181,0.10627422729057885,145,267,0.11498810467882632,0.014974761637689288,1261,17830
Random Forest,182,0.10626124690702768,145,269,0.11498810467882632,0.01508693213684801,1261,17830
Random Forest,183,0.10623436836954175,146,270,0.11578112609040445,0.01514301738642737,1261,17830
Random Forest,184,0.10622987749588551,146,271,0.11578112609040445,0.01519910263600673,1261,17830
Random Forest,185,0.10616826456985139,148,278,0.11736716891356067,0.015591699383062254,1261,17830
Random Forest,186,0.10589391020943754,149,278,0.11816019032513878,0.015591699383062254,1261,17830
Random Forest,187,0.10583948406394983,149,279,0.11816019032513878,0.015647784632641614,1261,17830
Random Forest,188,0.10571774666813934,149,280,0.11816019032513878,0.015703869882220976,1261,17830
Random Forest,189,0.10568467971819266,150,280,0.11895321173671689,0.015703869882220976,1261,17830
Random Forest,190,0.10567092601212232,150,281,0.11895321173671689,0.015759955131800337,1261,17830
Random Forest,191,0.1056446488430274,150,283,0.11895321173671689,0.015872125630959057,1261,17830
Random Forest,192,0.1056270096645443,150,284,0.11895321173671689,0.015928210880538418,1261,17830
Random Forest,193,0.10558303591699326,151,295,0.11974623314829501,0.016545148625911384,1261,17830
Random Forest,194,0.10536538120678247,152,295,0.12053925455987312,0.016545148625911384,1261,17830
Random Forest,195,0.10533555543835833,152,296,0.12053925455987312,0.016601233875490746,1261,17830
Random Forest,196,0.10530661078266067,152,297,0.12053925455987312,0.016657319125070107,1261,17830
Random Forest,197,0.10528937758144502,152,298,0.12053925455987312,0.01671340437464947,1261,17830
Random Forest,198,0.10521435963124037,153,298,0.12133227597145123,0.01671340437464947,1261,17830
Random Forest,199,0.10520830797546049,154,298,0.12212529738302934,0.01671340437464947,1261,17830
Random Forest,200,0.10510671333862719,154,299,0.12212529738302934,0.016769489624228827,1261,17830
Random Forest,201,0.10508718386853269,154,300,0.12212529738302934,0.01682557487380819,1261,17830
Random Forest,202,0.10499260924105647,154,301,0.12212529738302934,0.01688166012338755,1261,17830
Random Forest,203,0.10494882811639353,154,302,0.12212529738302934,0.01693774537296691,1261,17830
Random Forest,204,0.10492129328458967,155,303,0.12291831879460745,0.01699383062254627,1261,17830
Random Forest,205,0.1048623247250638,155,304,0.12291831879460745,0.01704991587212563,1261,17830
Random Forest,206,0.10485323754219872,155,305,0.12291831879460745,0.017106001121704992,1261,17830
Random Forest,207,0.10480499584627727,156,305,0.12371134020618557,0.017106001121704992,1261,17830
Random Forest,208,0.10477257642812213,156,307,0.12371134020618557,0.017218171620863712,1261,17830
Random Forest,209,0.10477016704735263,156,308,0.12371134020618557,0.017274256870443074,1261,17830
Random Forest,210,0.10474217514108725,156,309,0.12371134020618557,0.017330342120022435,1261,17830
Random Forest,211,0.10473624922669593,156,310,0.12371134020618557,0.017386427369601793,1261,17830
Random Forest,212,0.1047250288812242,156,311,0.12371134020618557,0.017442512619181155,1261,17830
Random Forest,213,0.1046591486908128,158,314,0.1252973830293418,0.017610768367919236,1261,17830
Random Forest,214,0.10463132723195946,158,315,0.1252973830293418,0.017666853617498597,1261,17830
Random Forest,215,0.10462096443251585,159,315,0.1260904044409199,0.017666853617498597,1261,17830
Random Forest,216,0.10454120075585473,160,315,0.126883425852498,0.017666853617498597,1261,17830
Random Forest,217,0.10451201146464918,161,315,0.12767644726407612,0.017666853617498597,1261,17830
Random Forest,218,0.10451060676639369,162,319,0.12846946867565423,0.01789119461581604,1261,17830
Random Forest,219,0.10448284266623654,162,320,0.12846946867565423,0.0179472798653954,1261,17830
Random Forest,220,0.10436112423551415,162,321,0.12846946867565423,0.018003365114974763,1261,17830
Random Forest,221,0.10428496406008775,162,322,0.12846946867565423,0.01805945036455412,1261,17830
Random Forest,222,0.10427016672152752,162,323,0.12846946867565423,0.018115535614133482,1261,17830
Random Forest,223,0.10406540953044224,163,323,0.12926249008723237,0.018115535614133482,1261,17830
Random Forest,224,0.10405003292308447,164,324,0.13005551149881048,0.018171620863712844,1261,17830
Random Forest,225,0.10403858064528804,164,325,0.13005551149881048,0.018227706113292205,1261,17830
Random Forest,226,0.10391197335645065,164,326,0.13005551149881048,0.018283791362871563,1261,17830
Random Forest,227,0.10385658694811,165,327,0.1308485329103886,0.018339876612450925,1261,17830
Random Forest,228,0.1038186058026234,165,329,0.1308485329103886,0.018452047111609648,1261,17830
Random Forest,229,0.1037865353052385,165,330,0.1308485329103886,0.018508132361189006,1261,17830
Random Forest,230,0.10378631702194467,166,330,0.1316415543219667,0.018508132361189006,1261,17830
Random Forest,231,0.10367842748143603,167,330,0.1324345757335448,0.018508132361189006,1261,17830
Random Forest,232,0.10366345452779312,167,331,0.1324345757335448,0.018564217610768367,1261,17830
Random Forest,233,0.10364706484568181,167,332,0.1324345757335448,0.01862030286034773,1261,17830
Random Forest,234,0.10356264558117144,167,333,0.1324345757335448,0.01867638810992709,1261,17830
Random Forest,235,0.10349372615788086,167,334,0.1324345757335448,0.01873247335950645,1261,17830
Random Forest,236,0.10344426223547763,167,336,0.1324345757335448,0.01884464385866517,1261,17830
Random Forest,237,0.10339175215450215,167,338,0.1324345757335448,0.01895681435782389,1261,17830
Random Forest,238,0.10336740362983039,168,338,0.13322759714512292,0.01895681435782389,1261,17830
Random Forest,239,0.10329876981732586,168,340,0.13322759714512292,0.019068984856982614,1261,17830
Random Forest,240,0.10329423434385011,168,341,0.13322759714512292,0.019125070106561975,1261,17830
Random Forest,241,0.10324172304515505,168,342,0.13322759714512292,0.019181155356141334,1261,17830
Random Forest,242,0.10310250541396038,169,343,0.13402061855670103,0.019237240605720695,1261,17830
Random Forest,243,0.10307940881443507,169,349,0.13402061855670103,0.01957375210319686,1261,17830
Random Forest,244,0.10304628478628948,170,353,0.13481363996827914,0.019798093101514303,1261,17830
Random Forest,245,0.10303822951914937,170,354,0.13481363996827914,0.01985417835109366,1261,17830
Random Forest,246,0.10299287313048919,170,355,0.13481363996827914,0.019910263600673023,1261,17830
Random Forest,247,0.10291954761300623,170,356,0.13481363996827914,0.019966348850252384,1261,17830
Random Forest,248,0.10287031384426994,170,357,0.13481363996827914,0.020022434099831746,1261,17830
Random Forest,249,0.10285387987177479,170,358,0.13481363996827914,0.020078519349411104,1261,17830
Random Forest,250,0.10284390606669648,170,359,0.13481363996827914,0.020134604598990465,1261,17830
Random Forest,251,0.1028090261927935,170,360,0.13481363996827914,0.020190689848569827,1261,17830
Random Forest,252,0.10279401188441335,170,361,0.13481363996827914,0.02024677509814919,1261,17830
Random Forest,253,0.10276575234260951,170,362,0.13481363996827914,0.020302860347728546,1261,17830
Random Forest,254,0.10271354116446772,170,363,0.13481363996827914,0.020358945597307908,1261,17830
Random Forest,255,0.10270761525007642,170,366,0.13481363996827914,0.02052720134604599,1261,17830
Random Forest,256,0.10267721183782592,170,367,0.13481363996827914,0.02058328659562535,1261,17830
Random Forest,257,0.10263446824547479,170,368,0.13481363996827914,0.020639371845204712,1261,17830
Random Forest,258,0.10256155036986556,170,369,0.13481363996827914,0.020695457094784073,1261,17830
Random Forest,259,0.10256147527274272,171,369,0.13560666137985725,0.020695457094784073,1261,17830
Random Forest,260,0.10255381044981843,171,370,0.13560666137985725,0.02075154234436343,1261,17830
Random Forest,261,0.1025475732367804,171,371,0.13560666137985725,0.020807627593942793,1261,17830
Random Forest,262,0.10247673997058662,171,373,0.13560666137985725,0.020919798093101516,1261,17830
Random Forest,263,0.10246856803268928,171,374,0.13560666137985725,0.020975883342680874,1261,17830
Random Forest,264,0.10243099756866864,171,375,0.13560666137985725,0.021031968592260235,1261,17830
Random Forest,265,0.10232161741900224,171,376,0.13560666137985725,0.021088053841839597,1261,17830
Random Forest,266,0.10223592696838334,171,377,0.13560666137985725,0.02114413909141896,1261,17830
Random Forest,267,0.1022263382801628,171,378,0.13560666137985725,0.021200224340998317,1261,17830
Random Forest,268,0.10194524866255734,171,379,0.13560666137985725,0.021256309590577678,1261,17830
Random Forest,269,0.10189474638043577,171,380,0.13560666137985725,0.02131239484015704,1261,17830
Random Forest,270,0.10188333937983116,171,381,0.13560666137985725,0.021368480089736398,1261,17830
Random Forest,271,0.10181261534721783,171,382,0.13560666137985725,0.02142456533931576,1261,17830
Random Forest,272,0.10173701630403811,172,382,0.13639968279143536,0.02142456533931576,1261,17830
Random Forest,273,0.10172272013800251,172,384,0.13639968279143536,0.021536735838474482,1261,17830
Random Forest,274,0.10164606401885222,172,385,0.13639968279143536,0.02159282108805384,1261,17830
Random Forest,275,0.10163591864077876,172,386,0.13639968279143536,0.0216489063376332,1261,17830
Random Forest,276,0.10163414439677938,172,387,0.13639968279143536,0.021704991587212563,1261,17830
Random Forest,277,0.10153333153826884,172,389,0.13639968279143536,0.021817162086371283,1261,17830
Random Forest,278,0.10152841378856468,172,390,0.13639968279143536,0.021873247335950644,1261,17830
Random Forest,279,0.10152348593964527,172,391,0.13639968279143536,0.021929332585530006,1261,17830
Random Forest,280,0.10149625651836067,172,392,0.13639968279143536,0.021985417835109367,1261,17830
Random Forest,281,0.10149348308011139,172,393,0.13639968279143536,0.022041503084688725,1261,17830
Random Forest,282,0.10140327418118437,172,394,0.13639968279143536,0.022097588334268087,1261,17830
Random Forest,283,0.10135567075676312,172,395,0.13639968279143536,0.02215367358384745,1261,17830
Random Forest,284,0.10134723425137387,173,397,0.1371927042030135,0.022265844083006168,1261,17830
Random Forest,285,0.10132244638546464,174,397,0.1379857256145916,0.022265844083006168,1261,17830
Random Forest,286,0.10129636980040958,174,398,0.1379857256145916,0.02232192933258553,1261,17830
Random Forest,287,0.10123380651406455,177,403,0.14036478984932593,0.022602355580482333,1261,17830
Random Forest,288,0.10121706026725205,177,406,0.14036478984932593,0.022770611329220414,1261,17830
Random Forest,289,0.10120338746323332,177,419,0.14036478984932593,0.023499719573752104,1261,17830
Random Forest,290,0.10114490476588692,177,420,0.14036478984932593,0.023555804823331465,1261,17830
Random Forest,291,0.10113749148514437,177,422,0.14036478984932593,0.023667975322490185,1261,17830
Random Forest,292,0.10111585857910647,177,423,0.14036478984932593,0.023724060572069546,1261,17830
Random Forest,293,0.10107870474505447,177,424,0.14036478984932593,0.023780145821648908,1261,17830
Random Forest,294,0.10106790764802515,177,425,0.14036478984932593,0.023836231071228266,1261,17830
Random Forest,295,0.10102208604395403,177,426,0.14036478984932593,0.023892316320807627,1261,17830
Random Forest,296,0.10100899100253857,177,427,0.14036478984932593,0.02394840157038699,1261,17830
Random Forest,297,0.10098384265393895,177,431,0.14036478984932593,0.02417274256870443,1261,17830
Random Forest,298,0.10093246565080269,178,434,0.14115781126090404,0.024340998317442512,1261,17830
Random Forest,299,0.10093174617560076,178,435,0.14115781126090404,0.024397083567021874,1261,17830
Random Forest,300,0.10090279542087241,178,436,0.14115781126090404,0.024453168816601235,1261,17830
Random Forest,301,0.10089086031676266,179,439,0.14195083267248215,0.024621424565339316,1261,17830
Random Forest,302,0.10088101619805254,179,440,0.14195083267248215,0.024677509814918678,1261,17830
Random Forest,303,0.10084893953810808,179,441,0.14195083267248215,0.024733595064498036,1261,17830
Random Forest,304,0.10078861886266213,179,442,0.14195083267248215,0.024789680314077397,1261,17830
Random Forest,305,0.100781728115918,179,443,0.14195083267248215,0.02484576556365676,1261,17830
Random Forest,306,0.10078064167372039,179,446,0.14195083267248215,0.02501402131239484,1261,17830
Random Forest,307,0.10076200559851574,181,449,0.14353687549563837,0.02518227706113292,1261,17830
Random Forest,308,0.10071081144870643,181,451,0.14353687549563837,0.025294447560291644,1261,17830
Random Forest,309,0.1007014666481358,181,452,0.14353687549563837,0.025350532809871006,1261,17830
Random Forest,310,0.10064267559071252,181,453,0.14353687549563837,0.025406618059450364,1261,17830
Random Forest,311,0.10061815881037518,181,454,0.14353687549563837,0.025462703309029725,1261,17830
Random Forest,312,0.10060616717101172,181,455,0.14353687549563837,0.025518788558609087,1261,17830
Random Forest,313,0.10054332804691277,181,456,0.14353687549563837,0.025574873808188448,1261,17830
Random Forest,314,0.10044163603653189,181,457,0.14353687549563837,0.025630959057767806,1261,17830
Random Forest,315,0.10040977218875512,181,458,0.14353687549563837,0.025687044307347168,1261,17830
Random Forest,316,0.1003118778230259,181,459,0.14353687549563837,0.02574312955692653,1261,17830
Random Forest,317,0.10027317717842675,181,460,0.14353687549563837,0.025799214806505887,1261,17830
Random Forest,318,0.10023128555973987,181,461,0.14353687549563837,0.02585530005608525,1261,17830
Random Forest,319,0.10021889548584961,181,462,0.14353687549563837,0.02591138530566461,1261,17830
Random Forest,320,0.1001904492318843,182,462,0.14432989690721648,0.02591138530566461,1261,17830
Random Forest,321,0.10017260952611792,183,462,0.14512291831879462,0.02591138530566461,1261,17830
Random Forest,322,0.10014583353177556,184,463,0.14591593973037273,0.025967470555243972,1261,17830
Random Forest,323,0.10013981554379817,185,466,0.14670896114195084,0.026135726303982053,1261,17830
Random Forest,324,0.10009687469370163,185,467,0.14670896114195084,0.026191811553561414,1261,17830
Random Forest,325,0.1000635409191925,185,468,0.14670896114195084,0.026247896803140772,1261,17830
Random Forest,326,0.10004967399935466,185,469,0.14670896114195084,0.026303982052720134,1261,17830
Random Forest,327,0.09993118074019322,185,470,0.14670896114195084,0.026360067302299495,1261,17830
Random Forest,328,0.09992130240100759,185,471,0.14670896114195084,0.026416152551878857,1261,17830
Random Forest,329,0.09986889216710186,185,472,0.14670896114195084,0.026472237801458215,1261,17830
Random Forest,330,0.09986571695054924,187,475,0.14829500396510706,0.0266404935501963,1261,17830
Random Forest,331,0.09984418145501706,188,475,0.14908802537668517,0.0266404935501963,1261,17830
Random Forest,332,0.09983458080501904,188,476,0.14908802537668517,0.026696578799775657,1261,17830
Random Forest,333,0.09978710402372858,189,476,0.14988104678826328,0.026696578799775657,1261,17830
Random Forest,334,0.09975186620475268,189,477,0.14988104678826328,0.02675266404935502,1261,17830
Random Forest,335,0.0997174245108951,189,478,0.14988104678826328,0.02680874929893438,1261,17830
Random Forest,336,0.09966338674175931,189,479,0.14988104678826328,0.026864834548513742,1261,17830
Random Forest,337,0.0996540666376868,190,485,0.1506740681998414,0.027201346045989904,1261,17830
Random Forest,338,0.09963366683299149,190,486,0.1506740681998414,0.027257431295569266,1261,17830
Random Forest,339,0.09955458689094002,190,487,0.1506740681998414,0.027313516545148627,1261,17830
Random Forest,340,0.09952161838664741,190,488,0.1506740681998414,0.027369601794727985,1261,17830
Random Forest,341,0.09947724514479912,190,489,0.1506740681998414,0.027425687044307347,1261,17830
Random Forest,342,0.09941402513414802,191,489,0.1514670896114195,0.027425687044307347,1261,17830
Random Forest,343,0.09936565015266693,191,490,0.1514670896114195,0.027481772293886708,1261,17830
Random Forest,344,0.09933116809706238,191,491,0.1514670896114195,0.02753785754346607,1261,17830
Random Forest,345,0.09928108364332819,191,493,0.1514670896114195,0.02765002804262479,1261,17830
Random Forest,346,0.09919822087609581,191,496,0.1514670896114195,0.02781828379136287,1261,17830
Random Forest,347,0.09918405215830853,191,497,0.1514670896114195,0.027874369040942232,1261,17830
Random Forest,348,0.0990903647127885,192,497,0.1522601110229976,0.027874369040942232,1261,17830
Random Forest,349,0.09906883798482868,198,518,0.1570182394924663,0.029052159282108806,1261,17830
Random Forest,350,0.09901862390246635,199,518,0.1578112609040444,0.029052159282108806,1261,17830
Random Forest,351,0.0990166465295118,199,519,0.1578112609040444,0.029108244531688168,1261,17830
Random Forest,352,0.09892564156529006,199,520,0.1578112609040444,0.029164329781267526,1261,17830
Random Forest,353,0.09891505217842159,200,520,0.1586042823156225,0.029164329781267526,1261,17830
Random Forest,354,0.09887635789524246,200,521,0.1586042823156225,0.029220415030846887,1261,17830
Random Forest,355,0.09886828830694588,200,522,0.1586042823156225,0.02927650028042625,1261,17830
Random Forest,356,0.0988367454045554,200,523,0.1586042823156225,0.02933258553000561,1261,17830
Random Forest,357,0.0988315465481244,200,524,0.1586042823156225,0.029388670779584968,1261,17830
Random Forest,358,0.09880099610341454,200,525,0.1586042823156225,0.02944475602916433,1261,17830
Random Forest,359,0.09879369196928707,200,526,0.1586042823156225,0.02950084127874369,1261,17830
Random Forest,360,0.09878345227552462,200,529,0.1586042823156225,0.029669097027481772,1261,17830
Random Forest,361,0.09876544935781172,202,529,0.16019032513877876,0.029669097027481772,1261,17830
Random Forest,362,0.09875518151300312,203,529,0.16098334655035687,0.029669097027481772,1261,17830
Random Forest,363,0.09874593944420426,203,530,0.16098334655035687,0.029725182277061134,1261,17830
Random Forest,364,0.09868629531549789,203,531,0.16098334655035687,0.029781267526640495,1261,17830
Random Forest,365,0.09863413064847712,203,534,0.16098334655035687,0.029949523275378576,1261,17830
Random Forest,366,0.09862323191700012,204,534,0.16177636796193498,0.029949523275378576,1261,17830
Random Forest,367,0.09856237113594987,204,535,0.16177636796193498,0.030005608524957934,1261,17830
Random Forest,368,0.09854708786049411,204,537,0.16177636796193498,0.030117779024116657,1261,17830
Random Forest,369,0.09849032478699386,204,538,0.16177636796193498,0.03017386427369602,1261,17830
Random Forest,370,0.09847681970468293,204,539,0.16177636796193498,0.030229949523275377,1261,17830
Random Forest,371,0.0984693887987736,204,540,0.16177636796193498,0.03028603477285474,1261,17830
Random Forest,372,0.09837044933379141,204,541,0.16177636796193498,0.0303421200224341,1261,17830
Random Forest,373,0.09835838584714768,204,543,0.16177636796193498,0.03045429052159282,1261,17830
Random Forest,374,0.09835820241354161,205,543,0.1625693893735131,0.03045429052159282,1261,17830
Random Forest,375,0.09829861255699254,205,544,0.1625693893735131,0.03051037577117218,1261,17830
Random Forest,376,0.09827746699661515,205,546,0.1625693893735131,0.030622546270330904,1261,17830
Random Forest,377,0.09826103275018784,206,549,0.1633624107850912,0.030790802019068985,1261,17830
Random Forest,378,0.09822808639782767,207,551,0.1641554321966693,0.030902972518227705,1261,17830
Random Forest,379,0.09821690223975495,208,551,0.16494845360824742,0.030902972518227705,1261,17830
Random Forest,380,0.09815665980430963,209,553,0.16574147501982553,0.031015143017386428,1261,17830
Random Forest,381,0.09814657793358884,209,555,0.16574147501982553,0.031127313516545147,1261,17830
Random Forest,382,0.09807915073161251,209,557,0.16574147501982553,0.03123948401570387,1261,17830
Random Forest,383,0.0980318219944622,209,558,0.16574147501982553,0.03129556926528323,1261,17830
Random Forest,384,0.0980167631736185,209,560,0.16574147501982553,0.03140773976444195,1261,17830
Random Forest,385,0.09801196919892725,209,561,0.16574147501982553,0.03146382501402131,1261,17830
Random Forest,386,0.09786555226787041,209,562,0.16574147501982553,0.031519910263600674,1261,17830
Random Forest,387,0.0978335093884272,210,563,0.16653449643140364,0.031575995513180036,1261,17830
Random Forest,388,0.09778027030406398,210,564,0.16653449643140364,0.0316320807627594,1261,17830
Random Forest,389,0.09778022568160959,210,565,0.16653449643140364,0.03168816601233875,1261,17830
Random Forest,390,0.09773143372309256,211,565,0.16732751784298175,0.03168816601233875,1261,17830
Random Forest,391,0.09772694326903361,211,566,0.16732751784298175,0.03174425126191811,1261,17830
Random Forest,392,0.09768074562366803,211,568,0.16732751784298175,0.031856421761076836,1261,17830
Random Forest,393,0.09767497709534408,211,569,0.16732751784298175,0.0319125070106562,1261,17830
Random Forest,394,0.09765462396071535,212,573,0.1681205392545599,0.03213684800897364,1261,17830
Random Forest,395,0.09764991280453987,212,574,0.1681205392545599,0.032192933258553,1261,17830
Random Forest,396,0.09762492040728682,212,575,0.1681205392545599,0.03224901850813236,1261,17830
Random Forest,397,0.09760976562932262,212,576,0.1681205392545599,0.03230510375771172,1261,17830
Random Forest,398,0.09756621536961503,212,577,0.1681205392545599,0.03236118900729108,1261,17830
Random Forest,399,0.09747392337372277,212,578,0.1681205392545599,0.032417274256870444,1261,17830
Random Forest,400,0.09738022240125511,212,579,0.1681205392545599,0.032473359506449806,1261,17830
Random Forest,401,0.09733587232891279,212,580,0.1681205392545599,0.03252944475602917,1261,17830
Random Forest,402,0.09731095725838912,212,581,0.1681205392545599,0.03258553000560852,1261,17830
Random Forest,403,0.09730536516083618,212,582,0.1681205392545599,0.032641615255187884,1261,17830
Random Forest,404,0.09728870462374893,212,583,0.1681205392545599,0.032697700504767245,1261,17830
Random Forest,405,0.09727612447138753,212,584,0.1681205392545599,0.03275378575434661,1261,17830
Random Forest,406,0.09727591471394866,212,585,0.1681205392545599,0.03280987100392597,1261,17830
Random Forest,407,0.09726089300684039,212,587,0.1681205392545599,0.03292204150308469,1261,17830
Random Forest,408,0.09724632487482457,212,588,0.1681205392545599,0.03297812675266405,1261,17830
Random Forest,409,0.09721496863122889,212,589,0.1681205392545599,0.03303421200224341,1261,17830
Random Forest,410,0.09720648943764566,212,593,0.1681205392545599,0.03325855300056085,1261,17830
Random Forest,411,0.0971601342298121,212,594,0.1681205392545599,0.033314638250140215,1261,17830
Random Forest,412,0.09711906045415718,212,596,0.1681205392545599,0.03342680874929894,1261,17830
Random Forest,413,0.09709043295455344,213,609,0.168913560666138,0.03415591699383062,1261,17830
Random Forest,414,0.09705573177926902,214,609,0.1697065820777161,0.03415591699383062,1261,17830
Random Forest,415,0.09705484712275574,214,612,0.1697065820777161,0.0343241727425687,1261,17830
Random Forest,416,0.09705176557009315,214,613,0.1697065820777161,0.03438025799214806,1261,17830
Random Forest,417,0.09702940264580051,214,614,0.1697065820777161,0.034436343241727424,1261,17830
Random Forest,418,0.09698710918959208,214,615,0.1697065820777161,0.034492428491306786,1261,17830
Random Forest,419,0.09696274944209274,215,617,0.17049960348929422,0.03460459899046551,1261,17830
Random Forest,420,0.0969391856401046,215,618,0.17049960348929422,0.03466068424004487,1261,17830
Random Forest,421,0.09693864755623152,215,619,0.17049960348929422,0.03471676948962423,1261,17830
Random Forest,422,0.09688180186066118,215,620,0.17049960348929422,0.034772854739203586,1261,17830
Random Forest,423,0.09687745404439044,215,621,0.17049960348929422,0.03482893998878295,1261,17830
Random Forest,424,0.0968704903202473,215,623,0.17049960348929422,0.03494111048794167,1261,17830
Random Forest,425,0.09679586295047961,215,624,0.17049960348929422,0.03499719573752103,1261,17830
Random Forest,426,0.09678686788377444,215,625,0.17049960348929422,0.035053280987100394,1261,17830
Random Forest,427,0.0967743915418304,216,625,0.17129262490087233,0.035053280987100394,1261,17830
Random Forest,428,0.09670002258876685,216,626,0.17129262490087233,0.035109366236679755,1261,17830
Random Forest,429,0.09668913930640873,216,627,0.17129262490087233,0.03516545148625912,1261,17830
Random Forest,430,0.09667916622402319,218,629,0.17287866772402855,0.03527762198541783,1261,17830
Random Forest,431,0.09667285664102528,219,629,0.17367168913560665,0.03527762198541783,1261,17830
Random Forest,432,0.0966243318226064,220,630,0.17446471054718476,0.035333707234997194,1261,17830
Random Forest,433,0.09655919930522942,220,632,0.17446471054718476,0.03544587773415592,1261,17830
Random Forest,434,0.09655851914520117,220,633,0.17446471054718476,0.03550196298373528,1261,17830
Random Forest,435,0.09652393843282162,220,634,0.17446471054718476,0.03555804823331464,1261,17830
Random Forest,436,0.09641077258454604,221,634,0.17525773195876287,0.03555804823331464,1261,17830
Random Forest,437,0.0963426462857377,221,635,0.17525773195876287,0.035614133482894,1261,17830
Random Forest,438,0.09631507716179545,221,639,0.17525773195876287,0.03583847448121144,1261,17830
Random Forest,439,0.09623129188885075,222,639,0.176050753370341,0.03583847448121144,1261,17830
Random Forest,440,0.09621388417200773,223,639,0.17684377478191912,0.03583847448121144,1261,17830
Random Forest,441,0.09619944781083553,223,640,0.17684377478191912,0.0358945597307908,1261,17830
Random Forest,442,0.09619341731791184,225,641,0.17842981760507534,0.035950644980370164,1261,17830
Random Forest,443,0.0961539845738615,225,642,0.17842981760507534,0.036006730229949525,1261,17830
Random Forest,444,0.09614626357861684,225,643,0.17842981760507534,0.03606281547952889,1261,17830
Random Forest,445,0.09610646547365925,225,644,0.17842981760507534,0.03611890072910824,1261,17830
Random Forest,446,0.09608931271631203,225,645,0.17842981760507534,0.0361749859786876,1261,17830
Random Forest,447,0.09599612031431941,225,646,0.17842981760507534,0.036231071228266964,1261,17830
Random Forest,448,0.09598359829541002,225,647,0.17842981760507534,0.036287156477846326,1261,17830
Random Forest,449,0.09597066484000275,225,648,0.17842981760507534,0.03634324172742569,1261,17830
Random Forest,450,0.0959589206308746,225,649,0.17842981760507534,0.03639932697700505,1261,17830
Random Forest,451,0.095918855630405,225,650,0.17842981760507534,0.03645541222658441,1261,17830
Random Forest,452,0.0959056048139725,225,651,0.17842981760507534,0.03651149747616377,1261,17830
Random Forest,453,0.09573111933770538,225,652,0.17842981760507534,0.03656758272574313,1261,17830
Random Forest,454,0.09569548948164505,226,652,0.17922283901665345,0.03656758272574313,1261,17830
Random Forest,455,0.09565614489680468,226,653,0.17922283901665345,0.03662366797532249,1261,17830
Random Forest,456,0.09563761257893931,226,654,0.17922283901665345,0.03667975322490185,1261,17830
Random Forest,457,0.09562817605627157,226,655,0.17922283901665345,0.03673583847448121,1261,17830
Random Forest,458,0.09562044806927675,227,655,0.18001586042823156,0.03673583847448121,1261,17830
Random Forest,459,0.09561532073954056,227,659,0.18001586042823156,0.03696017947279866,1261,17830
Random Forest,460,0.09561490412007702,227,660,0.18001586042823156,0.03701626472237801,1261,17830
Random Forest,461,0.09560534793720155,227,661,0.18001586042823156,0.03707234997195737,1261,17830
Random Forest,462,0.09555606967300886,227,662,0.18001586042823156,0.037128435221536735,1261,17830
Random Forest,463,0.09553360843947513,227,663,0.18001586042823156,0.037184520471116096,1261,17830
Random Forest,464,0.09550095750067308,229,680,0.18160190325138778,0.03813796971396523,1261,17830
Random Forest,465,0.09549774323999063,229,681,0.18160190325138778,0.03819405496354459,1261,17830
Random Forest,466,0.0954712425462452,229,682,0.18160190325138778,0.03825014021312395,1261,17830
Random Forest,467,0.09546798294913099,229,684,0.18160190325138778,0.03836231071228267,1261,17830
Random Forest,468,0.09543426681286268,229,687,0.18160190325138778,0.03853056646102075,1261,17830
Random Forest,469,0.09542971852499599,229,688,0.18160190325138778,0.03858665171060011,1261,17830
Random Forest,470,0.09542000991924156,230,690,0.1823949246629659,0.038698822209758836,1261,17830
Random Forest,471,0.0954144218167272,231,692,0.183187946074544,0.03881099270891755,1261,17830
Random Forest,472,0.09537703623236032,232,692,0.18398096748612214,0.03881099270891755,1261,17830
Random Forest,473,0.09535580480005316,232,693,0.18398096748612214,0.038867077958496914,1261,17830
Random Forest,474,0.09535514839723877,232,694,0.18398096748612214,0.038923163208076275,1261,17830
Random Forest,475,0.09532143947955093,232,696,0.18398096748612214,0.039035333707235,1261,17830
Random Forest,476,0.09529204388754804,232,697,0.18398096748612214,0.03909141895681436,1261,17830
Random Forest,477,0.09526091599713428,232,698,0.18398096748612214,0.03914750420639372,1261,17830
Random Forest,478,0.0952395316515295,232,699,0.18398096748612214,0.039203589455973076,1261,17830
Random Forest,479,0.095230172042295,232,702,0.18398096748612214,0.03937184520471116,1261,17830
Random Forest,480,0.09520297511011436,232,703,0.18398096748612214,0.03942793045429052,1261,17830
Random Forest,481,0.09513714103243304,232,704,0.18398096748612214,0.03948401570386988,1261,17830
Random Forest,482,0.09512840285145023,232,705,0.18398096748612214,0.039540100953449245,1261,17830
Random Forest,483,0.09511026082878692,232,706,0.18398096748612214,0.039596186203028606,1261,17830
Random Forest,484,0.0951097761908766,232,707,0.18398096748612214,0.03965227145260796,1261,17830
Random Forest,485,0.09508973415466367,232,708,0.18398096748612214,0.03970835670218732,1261,17830
Random Forest,486,0.09508526636741593,232,710,0.18398096748612214,0.039820527201346045,1261,17830
Random Forest,487,0.09507951833233487,233,713,0.18477398889770025,0.03998878295008413,1261,17830
Random Forest,488,0.09501709502214103,233,714,0.18477398889770025,0.04004486819966349,1261,17830
Random Forest,489,0.09501679385370033,235,721,0.18636003172085647,0.040437464946719015,1261,17830
Random Forest,490,0.09500524131867039,235,722,0.18636003172085647,0.04049355019629838,1261,17830
Random Forest,491,0.09498028677264156,235,723,0.18636003172085647,0.04054963544587773,1261,17830
Random Forest,492,0.09495808872151035,235,724,0.18636003172085647,0.04060572069545709,1261,17830
Random Forest,493,0.09494911352668571,235,725,0.18636003172085647,0.040661805945036454,1261,17830
Random Forest,494,0.09494909384886119,235,726,0.18636003172085647,0.040717891194615816,1261,17830
Random Forest,495,0.09492867291061585,235,729,0.18636003172085647,0.0408861469433539,1261,17830
Random Forest,496,0.0948369175800714,235,730,0.18636003172085647,0.04094223219293326,1261,17830
Random Forest,497,0.09483569057343959,237,733,0.1879460745440127,0.04111048794167134,1261,17830
Random Forest,498,0.09483478126638344,237,734,0.1879460745440127,0.0411665731912507,1261,17830
Random Forest,499,0.09482516886770641,237,735,0.1879460745440127,0.04122265844083006,1261,17830
Random Forest,500,0.09481681767684018,237,736,0.1879460745440127,0.041278743690409424,1261,17830
Random Forest,501,0.09480979810284917,237,737,0.1879460745440127,0.041334828939988785,1261,17830
Random Forest,502,0.0947096663433581,237,738,0.1879460745440127,0.04139091418956815,1261,17830
Random Forest,503,0.0946968507580464,237,739,0.1879460745440127,0.0414469994391475,1261,17830
Random Forest,504,0.09462451192267557,237,741,0.1879460745440127,0.041559169938306224,1261,17830
Random Forest,505,0.09461853710553679,238,748,0.1887390959555908,0.04195176668536175,1261,17830
Random Forest,506,0.094613243716837,238,749,0.1887390959555908,0.04200785193494111,1261,17830
Random Forest,507,0.094610878350422,238,750,0.1887390959555908,0.04206393718452047,1261,17830
Random Forest,508,0.09459764610292215,238,751,0.1887390959555908,0.04212002243409983,1261,17830
Random Forest,509,0.09458501549779748,238,752,0.1887390959555908,0.042176107683679194,1261,17830
Random Forest,510,0.09453361146779446,239,755,0.1895321173671689,0.04234436343241727,1261,17830
Random Forest,511,0.09451979927203595,239,756,0.1895321173671689,0.04240044868199663,1261,17830
Random Forest,512,0.09448509933914827,239,757,0.1895321173671689,0.042456533931575995,1261,17830
Random Forest,513,0.09440816721167895,239,759,0.1895321173671689,0.04256870443073472,1261,17830
Random Forest,514,0.0943912009727065,239,760,0.1895321173671689,0.04262478968031408,1261,17830
Random Forest,515,0.09438920586326188,239,761,0.1895321173671689,0.04268087492989344,1261,17830
Random Forest,516,0.09437470880422932,239,762,0.1895321173671689,0.042736960179472795,1261,17830
Random Forest,517,0.09434385549656708,239,763,0.1895321173671689,0.04279304542905216,1261,17830
Random Forest,518,0.09430868746493216,239,764,0.1895321173671689,0.04284913067863152,1261,17830
Random Forest,519,0.09413366278093481,240,765,0.19032513877874702,0.04290521592821088,1261,17830
Random Forest,520,0.09411657979133085,240,766,0.19032513877874702,0.04296130117779024,1261,17830
Random Forest,521,0.09411613850863207,241,766,0.19111816019032513,0.04296130117779024,1261,17830
Random Forest,522,0.09408630897580433,241,767,0.19111816019032513,0.0430173864273696,1261,17830
Random Forest,523,0.09407181649805547,241,768,0.19111816019032513,0.043073471676948964,1261,17830
Random Forest,524,0.09405895636672333,241,769,0.19111816019032513,0.043129556926528326,1261,17830
Random Forest,525,0.0940408034825681,241,770,0.19111816019032513,0.04318564217610768,1261,17830
Random Forest,526,0.09403683495935801,241,771,0.19111816019032513,0.04324172742568704,1261,17830
Random Forest,527,0.0940231561714558,241,773,0.19111816019032513,0.043353897924845765,1261,17830
Random Forest,528,0.09398114712870688,241,774,0.19111816019032513,0.043409983174425126,1261,17830
Random Forest,529,0.0939730053212642,241,775,0.19111816019032513,0.04346606842400449,1261,17830
Random Forest,530,0.0939639017573611,242,776,0.19191118160190326,0.04352215367358385,1261,17830
Random Forest,531,0.09395545570827439,242,777,0.19191118160190326,0.04357823892316321,1261,17830
Random Forest,532,0.09393849261841694,243,778,0.19270420301348137,0.043634324172742565,1261,17830
Random Forest,533,0.09393336010167086,243,779,0.19270420301348137,0.04369040942232193,1261,17830
Random Forest,534,0.09393301462701233,243,782,0.19270420301348137,0.04385866517106001,1261,17830
Random Forest,535,0.09393188873419989,243,784,0.19270420301348137,0.043970835670218734,1261,17830
Random Forest,536,0.09392039156360778,243,785,0.19270420301348137,0.044026920919798096,1261,17830
Random Forest,537,0.0938718682979373,243,786,0.19270420301348137,0.04408300616937745,1261,17830
Random Forest,538,0.09382293855882082,243,801,0.19270420301348137,0.044924284913067866,1261,17830
Random Forest,539,0.0938209826980763,243,802,0.19270420301348137,0.04498037016264722,1261,17830
Random Forest,540,0.09380814647309105,243,803,0.19270420301348137,0.04503645541222658,1261,17830
Random Forest,541,0.09367286299691673,243,804,0.19270420301348137,0.045092540661805944,1261,17830
Random Forest,542,0.09366811280228764,243,805,0.19270420301348137,0.045148625911385305,1261,17830
Random Forest,543,0.09364798424945696,243,806,0.19270420301348137,0.04520471116096467,1261,17830
Random Forest,544,0.09363532312752713,244,806,0.19349722442505948,0.04520471116096467,1261,17830
Random Forest,545,0.09363038960252076,244,811,0.19349722442505948,0.04548513740886147,1261,17830
Random Forest,546,0.09358434516218471,245,811,0.1942902458366376,0.04548513740886147,1261,17830
Random Forest,547,0.09355500191228068,247,822,0.1958762886597938,0.04610207515423444,1261,17830
Random Forest,548,0.09354365687849742,247,824,0.1958762886597938,0.04621424565339316,1261,17830
Random Forest,549,0.09353740726534449,247,831,0.1958762886597938,0.046606842400448684,1261,17830
Random Forest,550,0.09346846622833481,248,832,0.19666931007137192,0.046662927650028045,1261,17830
Random Forest,551,0.09340549855404859,248,833,0.19666931007137192,0.04671901289960741,1261,17830
Random Forest,552,0.0933707564046882,248,834,0.19666931007137192,0.04677509814918676,1261,17830
Random Forest,553,0.09334583476917833,248,835,0.19666931007137192,0.04683118339876612,1261,17830
Random Forest,554,0.0933427857518953,248,836,0.19666931007137192,0.046887268648345484,1261,17830
Random Forest,555,0.09329479433122981,249,838,0.19746233148295003,0.04699943914750421,1261,17830
Random Forest,556,0.09328663964507918,249,839,0.19746233148295003,0.04705552439708357,1261,17830
Random Forest,557,0.09328421645390261,249,844,0.19746233148295003,0.04733595064498037,1261,17830
Random Forest,558,0.09327825348778661,249,845,0.19746233148295003,0.04739203589455973,1261,17830
Random Forest,559,0.09324968156824834,250,845,0.19825535289452814,0.04739203589455973,1261,17830
Random Forest,560,0.0932308881570585,250,846,0.19825535289452814,0.04744812114413909,1261,17830
Random Forest,561,0.0932254719113366,250,847,0.19825535289452814,0.047504206393718454,1261,17830
Random Forest,562,0.09322291782023291,250,848,0.19825535289452814,0.047560291643297815,1261,17830
Random Forest,563,0.09320273275730143,250,849,0.19825535289452814,0.04761637689287717,1261,17830
Random Forest,564,0.09319123411672633,250,850,0.19825535289452814,0.04767246214245653,1261,17830
Random Forest,565,0.09317644841270084,250,851,0.19825535289452814,0.04772854739203589,1261,17830
Random Forest,566,0.09312263866477329,253,853,0.2006344171292625,0.047840717891194616,1261,17830
Random Forest,567,0.09311540158717384,253,854,0.2006344171292625,0.04789680314077398,1261,17830
Random Forest,568,0.09309716663724187,253,857,0.2006344171292625,0.048065058889512055,1261,17830
Random Forest,569,0.09309293462766294,253,858,0.2006344171292625,0.04812114413909142,1261,17830
Random Forest,570,0.09307560476576643,253,859,0.2006344171292625,0.04817722938867078,1261,17830
Random Forest,571,0.09304166651330072,253,861,0.2006344171292625,0.0482893998878295,1261,17830
Random Forest,572,0.09302290012137603,253,862,0.2006344171292625,0.04834548513740886,1261,17830
Random Forest,573,0.0929907271951567,254,862,0.2014274385408406,0.04834548513740886,1261,17830
Random Forest,574,0.09297025442443739,254,863,0.2014274385408406,0.048401570386988224,1261,17830
Random Forest,575,0.09296316169445543,254,864,0.2014274385408406,0.048457655636567586,1261,17830
Random Forest,576,0.09293719216023662,254,865,0.2014274385408406,0.04851374088614694,1261,17830
Random Forest,577,0.09292531279273293,254,866,0.2014274385408406,0.0485698261357263,1261,17830
Random Forest,578,0.0929219465651262,254,867,0.2014274385408406,0.04862591138530566,1261,17830
Random Forest,579,0.09291299308606059,254,868,0.2014274385408406,0.048681996634885025,1261,17830
Random Forest,580,0.09291291686280968,255,869,0.20222045995241872,0.048738081884464386,1261,17830
Random Forest,581,0.09289921630109238,255,870,0.20222045995241872,0.04879416713404375,1261,17830
Random Forest,582,0.0928897349850472,255,872,0.20222045995241872,0.04890633763320247,1261,17830
Random Forest,583,0.09285097353358701,255,873,0.20222045995241872,0.048962422882781825,1261,17830
Random Forest,584,0.0928353794728397,255,875,0.20222045995241872,0.04907459338194055,1261,17830
Random Forest,585,0.092831778022836,255,876,0.20222045995241872,0.04913067863151991,1261,17830
Random Forest,586,0.09274574532822388,255,877,0.20222045995241872,0.04918676388109927,1261,17830
Random Forest,587,0.0927392722049548,255,878,0.20222045995241872,0.04924284913067863,1261,17830
Random Forest,588,0.09273297613787736,255,879,0.20222045995241872,0.049298934380257994,1261,17830
Random Forest,589,0.092681123296911,255,882,0.20222045995241872,0.04946719012899607,1261,17830
Random Forest,590,0.0926725815171444,256,882,0.20301348136399683,0.04946719012899607,1261,17830
Random Forest,591,0.09265434656721246,258,886,0.20459952418715305,0.04969153112731352,1261,17830
Random Forest,592,0.09264024325847846,259,887,0.20539254559873116,0.04974761637689288,1261,17830
Random Forest,593,0.09263037973596826,259,888,0.20539254559873116,0.04980370162647224,1261,17830
Random Forest,594,0.09262553683375623,259,889,0.20539254559873116,0.049859786876051596,1261,17830
Random Forest,595,0.09261141773113052,259,890,0.20539254559873116,0.04991587212563096,1261,17830
Random Forest,596,0.09256136423003618,264,913,0.20935765265662173,0.05120583286595625,1261,17830
Random Forest,597,0.09254581866449593,264,914,0.20935765265662173,0.05126191811553561,1261,17830
Random Forest,598,0.09247122268559267,265,914,0.21015067406819984,0.05126191811553561,1261,17830
Random Forest,599,0.09247009679278026,266,915,0.21094369547977795,0.051318003365114974,1261,17830
Random Forest,600,0.09246417214601027,266,917,0.21094369547977795,0.0514301738642737,1261,17830
Random Forest,601,0.09243182933597636,266,918,0.21094369547977795,0.05148625911385306,1261,17830
Random Forest,602,0.09242339355030638,266,919,0.21094369547977795,0.05154234436343242,1261,17830
Random Forest,603,0.09237711445560398,266,922,0.21094369547977795,0.0517106001121705,1261,17830
Random Forest,604,0.09235933703351609,266,923,0.21094369547977795,0.05176668536174986,1261,17830
Random Forest,605,0.09231621415297295,266,924,0.21094369547977795,0.05182277061132922,1261,17830
Random Forest,606,0.09230359567262844,267,924,0.21173671689135606,0.05182277061132922,1261,17830
Random Forest,607,0.09228489366296443,267,925,0.21173671689135606,0.05187885586090858,1261,17830
Random Forest,608,0.09224088266880838,267,926,0.21173671689135606,0.051934941110487944,1261,17830
Random Forest,609,0.09220409766541801,267,927,0.21173671689135606,0.051991026360067305,1261,17830
Random Forest,610,0.09218000576045329,267,928,0.21173671689135606,0.05204711160964666,1261,17830
Random Forest,611,0.0921764704852794,267,929,0.21173671689135606,0.05210319685922602,1261,17830
Random Forest,612,0.0921701829202397,267,934,0.21173671689135606,0.05238362310712283,1261,17830
Random Forest,613,0.09216110988829657,267,935,0.21173671689135606,0.05243970835670219,1261,17830
Random Forest,614,0.09207720058306341,267,937,0.21173671689135606,0.052551878855860906,1261,17830
Random Forest,615,0.09207619080769236,267,938,0.21173671689135606,0.05260796410544027,1261,17830
Random Forest,616,0.09207561532392482,277,966,0.2196669310071372,0.05417835109366237,1261,17830
Random Forest,617,0.09206240878450994,277,967,0.2196669310071372,0.05423443634324173,1261,17830
Random Forest,618,0.09203519154031449,277,968,0.2196669310071372,0.054290521592821085,1261,17830
Random Forest,619,0.09202741563400167,277,969,0.2196669310071372,0.05434660684240045,1261,17830
Random Forest,620,0.09200892463611442,277,971,0.2196669310071372,0.05445877734155917,1261,17830
Random Forest,621,0.09198329147214328,277,974,0.2196669310071372,0.054627033090297254,1261,17830
Random Forest,622,0.09197782038063225,278,974,0.2204599524187153,0.054627033090297254,1261,17830
Random Forest,623,0.09197613557717803,278,980,0.2204599524187153,0.054963544587773416,1261,17830
Random Forest,624,0.0919500323076146,278,981,0.2204599524187153,0.05501962983735278,1261,17830
Random Forest,625,0.09186670171079979,278,982,0.2204599524187153,0.05507571508693214,1261,17830
Random Forest,626,0.09186281943806329,278,983,0.2204599524187153,0.0551318003365115,1261,17830
Random Forest,627,0.09183557382038603,278,984,0.2204599524187153,0.055187885586090855,1261,17830
Random Forest,628,0.09182430372804153,279,986,0.2212529738302934,0.05530005608524958,1261,17830
Random Forest,629,0.09179806259877897,279,988,0.2212529738302934,0.0554122265844083,1261,17830
Random Forest,630,0.09179188580274585,279,989,0.2212529738302934,0.05546831183398766,1261,17830
Random Forest,631,0.09178459288307679,279,990,0.2212529738302934,0.055524397083567024,1261,17830
Random Forest,632,0.09176925286532277,280,990,0.22204599524187152,0.055524397083567024,1261,17830
Random Forest,633,0.0917580934856764,280,991,0.22204599524187152,0.05558048233314638,1261,17830
Random Forest,634,0.0917449287687116,280,992,0.22204599524187152,0.05563656758272574,1261,17830
Random Forest,635,0.09172784786722661,280,993,0.22204599524187152,0.0556926528323051,1261,17830
Random Forest,636,0.09171558663899484,280,994,0.22204599524187152,0.055748738081884464,1261,17830
Random Forest,637,0.09170323134658251,280,995,0.22204599524187152,0.055804823331463825,1261,17830
Random Forest,638,0.09170006844748899,280,997,0.22204599524187152,0.05591699383062255,1261,17830
Random Forest,639,0.09168443401412833,280,1000,0.22204599524187152,0.056085249579360626,1261,17830
Random Forest,640,0.09167280489070936,281,1001,0.22283901665344966,0.05614133482893999,1261,17830
Random Forest,641,0.09166084672335365,284,1018,0.22521808088818399,0.05709478407178912,1261,17830
Random Forest,642,0.09164921135403496,285,1018,0.2260111022997621,0.05709478407178912,1261,17830
Random Forest,643,0.09163101404826107,285,1019,0.2260111022997621,0.05715086932136848,1261,17830
Random Forest,644,0.09160566693739401,285,1020,0.2260111022997621,0.05720695457094784,1261,17830
Random Forest,645,0.0916052452431196,285,1021,0.2260111022997621,0.0572630398205272,1261,17830
Random Forest,646,0.09159145167695207,287,1030,0.22759714512291832,0.05776780706674145,1261,17830
Random Forest,647,0.09155694113455036,287,1032,0.22759714512291832,0.057879977565900166,1261,17830
Random Forest,648,0.09155375450253946,287,1033,0.22759714512291832,0.05793606281547953,1261,17830
Random Forest,649,0.09154259492980125,287,1035,0.22759714512291832,0.05804823331463825,1261,17830
Random Forest,650,0.09153301157394018,287,1036,0.22759714512291832,0.05810431856421761,1261,17830
Random Forest,651,0.09151092869874673,287,1037,0.22759714512291832,0.058160403813796974,1261,17830
Random Forest,652,0.09149717518342479,287,1038,0.22759714512291832,0.058216489063376335,1261,17830
Random Forest,653,0.0914903866710667,307,1109,0.24345757335448057,0.06219854178351094,1261,17830
Random Forest,654,0.09146395879737408,308,1109,0.24425059476605868,0.06219854178351094,1261,17830
Random Forest,655,0.09146352085131328,308,1110,0.24425059476605868,0.062254627033090294,1261,17830
Random Forest,656,0.09143244578404679,308,1112,0.24425059476605868,0.06236679753224902,1261,17830
Random Forest,657,0.09139532234163879,308,1113,0.24425059476605868,0.06242288278182838,1261,17830
Random Forest,658,0.09137843239659853,308,1114,0.24425059476605868,0.06247896803140774,1261,17830
Random Forest,659,0.09133756176379988,310,1116,0.2458366375892149,0.06259113853056646,1261,17830
Random Forest,660,0.09132969904836717,310,1117,0.2458366375892149,0.06264722378014582,1261,17830
Random Forest,661,0.09131344129083693,310,1118,0.2458366375892149,0.06270330902972518,1261,17830
Random Forest,662,0.09131231369266762,310,1119,0.2458366375892149,0.06275939427930455,1261,17830
Random Forest,663,0.09130207671617858,310,1120,0.2458366375892149,0.0628154795288839,1261,17830
Random Forest,664,0.09127013918573564,310,1121,0.2458366375892149,0.06287156477846327,1261,17830
Random Forest,665,0.09126966541355716,310,1123,0.2458366375892149,0.06298373527762198,1261,17830
Random Forest,666,0.0912659394503717,310,1124,0.2458366375892149,0.06303982052720135,1261,17830
Random Forest,667,0.09126364361740678,310,1125,0.2458366375892149,0.0630959057767807,1261,17830
Random Forest,668,0.091248897551828,310,1126,0.2458366375892149,0.06315199102636007,1261,17830
Random Forest,669,0.09123613668659183,310,1127,0.2458366375892149,0.06320807627593943,1261,17830
Random Forest,670,0.09121933135549136,311,1132,0.24662965900079303,0.06348850252383623,1261,17830
Random Forest,671,0.0911766830763809,311,1135,0.24662965900079303,0.06365675827257432,1261,17830
Random Forest,672,0.09115582853473539,311,1136,0.24662965900079303,0.06371284352215367,1261,17830
Random Forest,673,0.09115121104884946,312,1138,0.24742268041237114,0.0638250140213124,1261,17830
Random Forest,674,0.09113173756477268,312,1140,0.24742268041237114,0.06393718452047112,1261,17830
Random Forest,675,0.09112204534140589,312,1141,0.24742268041237114,0.06399326977005047,1261,17830
Random Forest,676,0.09112184674608151,312,1142,0.24742268041237114,0.06404935501962984,1261,17830
Random Forest,677,0.09111985160874456,313,1143,0.24821570182394925,0.0641054402692092,1261,17830
Random Forest,678,0.09109345573958436,313,1144,0.24821570182394925,0.06416152551878856,1261,17830
Random Forest,679,0.09107325781456395,313,1145,0.24821570182394925,0.06421761076836792,1261,17830
Random Forest,680,0.09105435511339535,313,1147,0.24821570182394925,0.06432978126752664,1261,17830
Random Forest,681,0.09102812779121808,313,1148,0.24821570182394925,0.064385866517106,1261,17830
Random Forest,682,0.09102742928354417,313,1149,0.24821570182394925,0.06444195176668537,1261,17830
Random Forest,683,0.09102058662632823,313,1150,0.24821570182394925,0.06449803701626472,1261,17830
Random Forest,684,0.09099551408194485,313,1151,0.24821570182394925,0.06455412226584409,1261,17830
Random Forest,685,0.0909718949739197,313,1152,0.24821570182394925,0.06461020751542344,1261,17830
Random Forest,686,0.09096696127441728,313,1154,0.24821570182394925,0.06472237801458217,1261,17830
Random Forest,687,0.09094751789190397,313,1155,0.24821570182394925,0.06477846326416152,1261,17830
Random Forest,688,0.09092963367457622,313,1156,0.24821570182394925,0.06483454851374089,1261,17830
Random Forest,689,0.09087636800532352,313,1157,0.24821570182394925,0.06489063376332024,1261,17830
Random Forest,690,0.0908735142645525,313,1158,0.24821570182394925,0.06494671901289961,1261,17830
Random Forest,691,0.0908338779721705,314,1158,0.24900872323552736,0.06494671901289961,1261,17830
Random Forest,692,0.0908224715383714,314,1159,0.24900872323552736,0.06500280426247897,1261,17830
Random Forest,693,0.09081206403165806,314,1160,0.24900872323552736,0.06505888951205833,1261,17830
Random Forest,694,0.09081009368878067,314,1161,0.24900872323552736,0.06511497476163769,1261,17830
Random Forest,695,0.09080456275492017,314,1162,0.24900872323552736,0.06517106001121704,1261,17830
Random Forest,696,0.09080130294136282,314,1163,0.24900872323552736,0.06522714526079641,1261,17830
Random Forest,697,0.09079199802002944,314,1164,0.24900872323552736,0.06528323051037577,1261,17830
Random Forest,698,0.09078396636809921,314,1165,0.24900872323552736,0.06533931575995514,1261,17830
Random Forest,699,0.09070839097882004,316,1168,0.2505947660586836,0.06550757150869321,1261,17830
Random Forest,700,0.09070832060418654,316,1170,0.2505947660586836,0.06561974200785194,1261,17830
Random Forest,701,0.09069901568285316,316,1172,0.2505947660586836,0.06573191250701066,1261,17830
Random Forest,702,0.0906614670740802,316,1173,0.2505947660586836,0.06578799775659001,1261,17830
Random Forest,703,0.09063410270263324,318,1182,0.2521808088818398,0.06629276500280426,1261,17830
Random Forest,704,0.09061540864164376,320,1207,0.253766851704996,0.06769489624228828,1261,17830
Random Forest,705,0.09061013034415356,320,1208,0.253766851704996,0.06775098149186765,1261,17830
Random Forest,706,0.09058460921351474,320,1209,0.253766851704996,0.067807066741447,1261,17830
Random Forest,707,0.0905655211383671,320,1210,0.253766851704996,0.06786315199102635,1261,17830
Random Forest,708,0.09056184654921122,320,1211,0.253766851704996,0.06791923724060572,1261,17830
Random Forest,709,0.09055740434161272,320,1212,0.253766851704996,0.06797532249018508,1261,17830
Random Forest,710,0.09054591532126591,320,1213,0.253766851704996,0.06803140773976445,1261,17830
Random Forest,711,0.09052414120438784,320,1217,0.253766851704996,0.06825574873808188,1261,17830
Random Forest,712,0.0905185647795516,320,1218,0.253766851704996,0.06831183398766125,1261,17830
Random Forest,713,0.09051316907886911,320,1219,0.253766851704996,0.0683679192372406,1261,17830
Random Forest,714,0.09050801792492259,320,1221,0.253766851704996,0.06848008973639932,1261,17830
Random Forest,715,0.09050767245026406,320,1224,0.253766851704996,0.0686483454851374,1261,17830
Random Forest,716,0.09049131714464922,320,1225,0.253766851704996,0.06870443073471677,1261,17830
Random Forest,717,0.09048015530416416,320,1226,0.253766851704996,0.06876051598429612,1261,17830
Random Forest,718,0.09043115886721158,320,1228,0.253766851704996,0.06887268648345485,1261,17830
Random Forest,719,0.09040499857920904,320,1229,0.253766851704996,0.06892877173303422,1261,17830
Random Forest,720,0.09040215925813826,320,1230,0.253766851704996,0.06898485698261357,1261,17830
Random Forest,721,0.09038173262155916,320,1232,0.253766851704996,0.0690970274817723,1261,17830
Random Forest,722,0.09034764965236565,320,1233,0.253766851704996,0.06915311273135165,1261,17830
Random Forest,723,0.09031897840652586,320,1234,0.253766851704996,0.06920919798093102,1261,17830
Random Forest,724,0.09028373930575391,320,1235,0.253766851704996,0.06926528323051037,1261,17830
Random Forest,725,0.0902749759619722,320,1236,0.253766851704996,0.06932136848008974,1261,17830
Random Forest,726,0.09025039956284564,321,1236,0.25455987311657413,0.06932136848008974,1261,17830
Random Forest,727,0.0902226420727087,321,1238,0.25455987311657413,0.06943353897924846,1261,17830
Random Forest,728,0.0902177474623893,321,1239,0.25455987311657413,0.06948962422882782,1261,17830
Random Forest,729,0.09021326677674181,322,1242,0.25535289452815224,0.0696578799775659,1261,17830
Random Forest,730,0.09019573709625618,322,1243,0.25535289452815224,0.06971396522714526,1261,17830
Random Forest,731,0.09015514914481663,322,1244,0.25535289452815224,0.06977005047672462,1261,17830
Random Forest,732,0.09012965973553243,329,1279,0.26090404440919907,0.07173303421200225,1261,17830
Random Forest,733,0.09011079315224137,329,1280,0.26090404440919907,0.0717891194615816,1261,17830
Random Forest,734,0.09009324932435141,329,1281,0.26090404440919907,0.07184520471116096,1261,17830
Random Forest,735,0.09003749619589282,329,1283,0.26090404440919907,0.07195737521031968,1261,17830
Random Forest,736,0.09003301324348359,330,1283,0.2616970658207772,0.07195737521031968,1261,17830
Random Forest,737,0.09003017998878564,331,1288,0.2624900872323553,0.07223780145821648,1261,17830
Random Forest,738,0.09002379761565109,331,1289,0.2624900872323553,0.07229388670779585,1261,17830
Random Forest,739,0.09001327497783819,331,1290,0.2624900872323553,0.0723499719573752,1261,17830
Random Forest,740,0.089973225273203,331,1291,0.2624900872323553,0.07240605720695457,1261,17830
Random Forest,741,0.08995549795979631,331,1293,0.2624900872323553,0.0725182277061133,1261,17830
Random Forest,742,0.0899368416424092,331,1294,0.2624900872323553,0.07257431295569265,1261,17830
Random Forest,743,0.0899094962162291,331,1296,0.2624900872323553,0.07268648345485137,1261,17830
Random Forest,744,0.08983539700193403,331,1297,0.2624900872323553,0.07274256870443073,1261,17830
Random Forest,745,0.0898275102552538,331,1299,0.2624900872323553,0.07285473920358945,1261,17830
Random Forest,746,0.08979849817617062,331,1300,0.2624900872323553,0.07291082445316882,1261,17830
Random Forest,747,0.08979720206377698,332,1300,0.2632831086439334,0.07291082445316882,1261,17830
Random Forest,748,0.08977892590029558,333,1300,0.2640761300555115,0.07291082445316882,1261,17830
Random Forest,749,0.08977003145424124,333,1301,0.2640761300555115,0.07296690970274818,1261,17830
Random Forest,750,0.0897674829851261,333,1302,0.2640761300555115,0.07302299495232754,1261,17830
Random Forest,751,0.08975673482068378,333,1303,0.2640761300555115,0.0730790802019069,1261,17830
Random Forest,752,0.08975115329837846,334,1304,0.2648691514670896,0.07313516545148625,1261,17830
Random Forest,753,0.08971489113496123,334,1314,0.2648691514670896,0.07369601794727987,1261,17830
Random Forest,754,0.08971459715563991,334,1315,0.2648691514670896,0.07375210319685922,1261,17830
Random Forest,755,0.0896859435631193,334,1318,0.2648691514670896,0.07392035894559731,1261,17830
Random Forest,756,0.08965371646146843,334,1319,0.2648691514670896,0.07397644419517667,1261,17830
Random Forest,757,0.08964329660630815,334,1320,0.2648691514670896,0.07403252944475602,1261,17830
Random Forest,758,0.0896316637981647,334,1324,0.2648691514670896,0.07425687044307347,1261,17830
Random Forest,759,0.08962803812388367,334,1328,0.2648691514670896,0.07448121144139092,1261,17830
Random Forest,760,0.08960117230413026,334,1329,0.2648691514670896,0.07453729669097027,1261,17830
Random Forest,761,0.0895946761258634,334,1330,0.2648691514670896,0.07459338194054964,1261,17830
Random Forest,762,0.08959125218681763,335,1330,0.2656621728786677,0.07459338194054964,1261,17830
Random Forest,763,0.0895816829160501,335,1332,0.2656621728786677,0.07470555243970836,1261,17830
Random Forest,764,0.08955845667263183,335,1334,0.2656621728786677,0.07481772293886708,1261,17830
Random Forest,765,0.0895444310826743,347,1399,0.2751784298176051,0.07846326416152552,1261,17830
Random Forest,766,0.0895225531227417,347,1400,0.2751784298176051,0.07851934941110487,1261,17830
Random Forest,767,0.08952207304183801,348,1403,0.2759714512291832,0.07868760515984297,1261,17830
Random Forest,768,0.08950301963326769,348,1405,0.2759714512291832,0.07879977565900169,1261,17830
Random Forest,769,0.08949997061598468,348,1406,0.2759714512291832,0.07885586090858104,1261,17830
Random Forest,770,0.08946936067375393,349,1406,0.2767644726407613,0.07885586090858104,1261,17830
Random Forest,771,0.0894522675430347,349,1407,0.2767644726407613,0.0789119461581604,1261,17830
Random Forest,772,0.08941639550855592,350,1407,0.2775574940523394,0.0789119461581604,1261,17830
Random Forest,773,0.08941003729609143,350,1409,0.2775574940523394,0.07902411665731912,1261,17830
Random Forest,774,0.08935161298955106,352,1421,0.27914353687549565,0.07969713965227146,1261,17830
Random Forest,775,0.08933888555831909,352,1422,0.27914353687549565,0.07975322490185081,1261,17830
Random Forest,776,0.0893205175532083,352,1423,0.27914353687549565,0.07980931015143017,1261,17830
Random Forest,777,0.0893141856926502,352,1424,0.27914353687549565,0.07986539540100954,1261,17830
Random Forest,778,0.08928906448189898,352,1426,0.27914353687549565,0.07997756590016826,1261,17830
Random Forest,779,0.08923992562278946,352,1427,0.27914353687549565,0.08003365114974761,1261,17830
Random Forest,780,0.08920444440587388,352,1428,0.27914353687549565,0.08008973639932698,1261,17830
Random Forest,781,0.08920019465700796,352,1429,0.27914353687549565,0.08014582164890634,1261,17830
Random Forest,782,0.08918080470054104,352,1430,0.27914353687549565,0.08020190689848569,1261,17830
Random Forest,783,0.0891741513789802,352,1432,0.27914353687549565,0.08031407739764442,1261,17830
Random Forest,784,0.08913374663587002,352,1433,0.27914353687549565,0.08037016264722378,1261,17830
Random Forest,785,0.08910761001624802,352,1434,0.27914353687549565,0.08042624789680314,1261,17830
Random Forest,786,0.0891007149102612,352,1437,0.27914353687549565,0.08059450364554123,1261,17830
Random Forest,787,0.08906493920076212,352,1438,0.27914353687549565,0.08065058889512058,1261,17830
Random Forest,788,0.0890458805088444,357,1444,0.2831086439333862,0.08098710039259675,1261,17830
Random Forest,789,0.08899526869552024,357,1445,0.2831086439333862,0.08104318564217611,1261,17830
Random Forest,790,0.08898612699883195,357,1446,0.2831086439333862,0.08109927089175546,1261,17830
Random Forest,791,0.08897177305207657,357,1447,0.2831086439333862,0.08115535614133483,1261,17830
Random Forest,792,0.08896556465840987,357,1448,0.2831086439333862,0.08121144139091419,1261,17830
Random Forest,793,0.08894418180373281,357,1449,0.2831086439333862,0.08126752664049355,1261,17830
Random Forest,794,0.088916465135829,357,1450,0.2831086439333862,0.08132361189007291,1261,17830
Random Forest,795,0.0888571864651062,357,1452,0.2831086439333862,0.08143578238923163,1261,17830
Random Forest,796,0.08884604243163702,357,1453,0.2831086439333862,0.08149186763881099,1261,17830
Random Forest,797,0.08881281967458915,358,1453,0.2839016653449643,0.08149186763881099,1261,17830
Random Forest,798,0.08880590872909132,358,1454,0.2839016653449643,0.08154795288839035,1261,17830
Random Forest,799,0.0888043913896057,358,1455,0.2839016653449643,0.08160403813796971,1261,17830
Random Forest,800,0.0888011848784391,358,1456,0.2839016653449643,0.08166012338754908,1261,17830
Random Forest,801,0.08878642188296303,358,1457,0.2839016653449643,0.08171620863712843,1261,17830
Random Forest,802,0.08878167204335846,358,1458,0.2839016653449643,0.0817722938867078,1261,17830
Random Forest,803,0.08876766879945595,358,1459,0.2839016653449643,0.08182837913628715,1261,17830
Random Forest,804,0.08875708423593266,358,1460,0.2839016653449643,0.08188446438586652,1261,17830
Random Forest,805,0.08869177632800689,359,1460,0.2846946867565424,0.08188446438586652,1261,17830
Random Forest,806,0.08869168868009275,359,1461,0.2846946867565424,0.08194054963544588,1261,17830
Random Forest,807,0.08868460056908219,359,1462,0.2846946867565424,0.08199663488502523,1261,17830
Random Forest,808,0.08866578907340456,359,1464,0.2846946867565424,0.08210880538418396,1261,17830
Random Forest,809,0.0886160866356751,359,1465,0.2846946867565424,0.08216489063376332,1261,17830
Random Forest,810,0.088615162209663,359,1466,0.2846946867565424,0.08222097588334268,1261,17830
Random Forest,811,0.08861496600414985,360,1469,0.2854877081681205,0.08238923163208076,1261,17830
Random Forest,812,0.08860684719637545,360,1470,0.2854877081681205,0.08244531688166012,1261,17830
Random Forest,813,0.08858062190355269,360,1471,0.2854877081681205,0.08250140213123948,1261,17830
Random Forest,814,0.08856961729730442,360,1472,0.2854877081681205,0.08255748738081885,1261,17830
Random Forest,815,0.08851938407437615,360,1473,0.2854877081681205,0.0826135726303982,1261,17830
Random Forest,816,0.08851723590886322,361,1473,0.28628072957969863,0.0826135726303982,1261,17830
Random Forest,817,0.08850838201513613,361,1474,0.28628072957969863,0.08266965787997757,1261,17830
Random Forest,818,0.08850540433277924,362,1475,0.28707375099127674,0.08272574312955693,1261,17830
Random Forest,819,0.08849532902111762,364,1483,0.28865979381443296,0.08317442512619182,1261,17830
Random Forest,820,0.08847663496012816,365,1483,0.28945281522601113,0.08317442512619182,1261,17830
Random Forest,821,0.08846228904784366,365,1484,0.28945281522601113,0.08323051037577117,1261,17830
Random Forest,822,0.08846065185598627,365,1485,0.28945281522601113,0.08328659562535053,1261,17830
Random Forest,823,0.08844344721013737,365,1486,0.28945281522601113,0.0833426808749299,1261,17830
Random Forest,824,0.08843713915477196,365,1487,0.28945281522601113,0.08339876612450925,1261,17830
Random Forest,825,0.08843689302575079,365,1488,0.28945281522601113,0.08345485137408862,1261,17830
Random Forest,826,0.08841669339576477,365,1489,0.28945281522601113,0.08351093662366797,1261,17830
Random Forest,827,0.08840993655717191,365,1490,0.28945281522601113,0.08356702187324734,1261,17830
Random Forest,828,0.08836227701984062,366,1491,0.29024583663758924,0.0836231071228267,1261,17830
Random Forest,829,0.08836071601967498,366,1492,0.29024583663758924,0.08367919237240606,1261,17830
Random Forest,830,0.08834625468315818,366,1493,0.29024583663758924,0.08373527762198542,1261,17830
Random Forest,831,0.08833961127677029,366,1494,0.29024583663758924,0.08379136287156477,1261,17830
Random Forest,832,0.0882673111883494,366,1495,0.29024583663758924,0.08384744812114414,1261,17830
Random Forest,833,0.08826260280419652,366,1496,0.29024583663758924,0.0839035333707235,1261,17830
Random Forest,834,0.08824885683595642,366,1497,0.29024583663758924,0.08395961862030286,1261,17830
Random Forest,835,0.08824651580022076,366,1498,0.29024583663758924,0.08401570386988222,1261,17830
Random Forest,836,0.08824443094182773,366,1499,0.29024583663758924,0.08407178911946159,1261,17830
Random Forest,837,0.08821785162233892,366,1500,0.29024583663758924,0.08412787436904094,1261,17830
Random Forest,838,0.08821561013018861,366,1501,0.29024583663758924,0.0841839596186203,1261,17830
Random Forest,839,0.08820897555621501,366,1502,0.29024583663758924,0.08424004486819966,1261,17830
Random Forest,840,0.08820118473783095,366,1504,0.29024583663758924,0.08435221536735839,1261,17830
Random Forest,841,0.08819902336657824,366,1505,0.29024583663758924,0.08440830061693774,1261,17830
Random Forest,842,0.08816783144160263,366,1508,0.29024583663758924,0.08457655636567583,1261,17830
Random Forest,843,0.08812060002433783,366,1509,0.29024583663758924,0.08463264161525519,1261,17830
Random Forest,844,0.08808558652199847,366,1513,0.29024583663758924,0.08485698261357263,1261,17830
Random Forest,845,0.08807341878542789,366,1514,0.29024583663758924,0.08491306786315199,1261,17830
Random Forest,846,0.08804972474250958,367,1514,0.29103885804916735,0.08491306786315199,1261,17830
Random Forest,847,0.08803817867456501,367,1515,0.29103885804916735,0.08496915311273136,1261,17830
Random Forest,848,0.0879908860540168,367,1516,0.29103885804916735,0.08502523836231071,1261,17830
Random Forest,849,0.08792378491380468,367,1517,0.29103885804916735,0.08508132361189007,1261,17830
Random Forest,850,0.08792095667598035,367,1518,0.29103885804916735,0.08513740886146944,1261,17830
Random Forest,851,0.0879191648130697,367,1519,0.29103885804916735,0.08519349411104879,1261,17830
Random Forest,852,0.08791728959414151,367,1520,0.29103885804916735,0.08524957936062816,1261,17830
Random Forest,853,0.08791221958705164,367,1522,0.29103885804916735,0.08536174985978688,1261,17830
Random Forest,854,0.08790670264596463,368,1524,0.29183187946074546,0.08547392035894559,1261,17830
Random Forest,855,0.08790587556802604,368,1525,0.29183187946074546,0.08553000560852496,1261,17830
Random Forest,856,0.08787188839779644,368,1526,0.29183187946074546,0.08558609085810431,1261,17830
Random Forest,857,0.08785760493078032,368,1528,0.29183187946074546,0.08569826135726304,1261,17830
Random Forest,858,0.0878522486084569,368,1530,0.29183187946074546,0.08581043185642176,1261,17830
Random Forest,859,0.08783580863644073,368,1531,0.29183187946074546,0.08586651710600113,1261,17830
Random Forest,860,0.08783297031190318,368,1533,0.29183187946074546,0.08597868760515984,1261,17830
Random Forest,861,0.08781372030878837,368,1535,0.29183187946074546,0.08609085810431856,1261,17830
Random Forest,862,0.08779555170752017,369,1537,0.29262490087232357,0.08620302860347728,1261,17830
Random Forest,863,0.08778561895505618,369,1540,0.29262490087232357,0.08637128435221536,1261,17830
Random Forest,864,0.08777302174120785,369,1541,0.29262490087232357,0.08642736960179473,1261,17830
Random Forest,865,0.08775868203571638,370,1541,0.2934179222839017,0.08642736960179473,1261,17830
Random Forest,866,0.08774108956807679,370,1542,0.2934179222839017,0.08648345485137408,1261,17830
Random Forest,867,0.08772308624064394,370,1543,0.2934179222839017,0.08653954010095345,1261,17830
Random Forest,868,0.08770981711026841,370,1544,0.2934179222839017,0.0865956253505328,1261,17830
Random Forest,869,0.08769074348694615,370,1545,0.2934179222839017,0.08665171060011218,1261,17830
Random Forest,870,0.0876905617290745,370,1546,0.2934179222839017,0.08670779584969153,1261,17830
Random Forest,871,0.0876820825354913,370,1547,0.2934179222839017,0.0867638810992709,1261,17830
Random Forest,872,0.08767217808351287,370,1548,0.2934179222839017,0.08681996634885025,1261,17830
Random Forest,873,0.0876681135628361,370,1550,0.2934179222839017,0.08693213684800898,1261,17830
Random Forest,874,0.087659724494655,370,1551,0.2934179222839017,0.08698822209758833,1261,17830
Random Forest,875,0.08764372644885937,370,1552,0.2934179222839017,0.0870443073471677,1261,17830
Random Forest,876,0.08760358599945568,370,1553,0.2934179222839017,0.08710039259674705,1261,17830
Random Forest,877,0.0875899189958517,370,1554,0.2934179222839017,0.08715647784632642,1261,17830
Random Forest,878,0.08757611745344561,370,1560,0.2934179222839017,0.08749298934380258,1261,17830
Random Forest,879,0.08755588193949716,370,1561,0.2934179222839017,0.08754907459338195,1261,17830
Random Forest,880,0.08755573820029472,370,1562,0.2934179222839017,0.0876051598429613,1261,17830
Random Forest,881,0.087553391013726,370,1563,0.2934179222839017,0.08766124509254067,1261,17830
Random Forest,882,0.08752319557823794,370,1564,0.2934179222839017,0.08771733034212002,1261,17830
Random Forest,883,0.08751527756544854,370,1565,0.2934179222839017,0.08777341559169938,1261,17830
Random Forest,884,0.08750914415418493,370,1566,0.2934179222839017,0.08782950084127875,1261,17830
Random Forest,885,0.0875063119546423,371,1567,0.2942109436954798,0.0878855860908581,1261,17830
Random Forest,886,0.08750169185390731,371,1568,0.2942109436954798,0.08794167134043747,1261,17830
Random Forest,887,0.08748926444236806,371,1571,0.2942109436954798,0.08810992708917555,1261,17830
Random Forest,888,0.08746917797712067,371,1572,0.2942109436954798,0.0881660123387549,1261,17830
Random Forest,889,0.08745295002170689,371,1573,0.2942109436954798,0.08822209758833427,1261,17830
Random Forest,890,0.0874337004683854,371,1574,0.2942109436954798,0.08827818283791362,1261,17830
Random Forest,891,0.08740979958131698,372,1574,0.2950039651070579,0.08827818283791362,1261,17830
Random Forest,892,0.08740565740115867,373,1585,0.295796986518636,0.0888951205832866,1261,17830
Random Forest,893,0.08737938513588893,373,1586,0.295796986518636,0.08895120583286596,1261,17830
Random Forest,894,0.08732699093419352,374,1586,0.2965900079302141,0.08895120583286596,1261,17830
Random Forest,895,0.08731248723614593,374,1587,0.2965900079302141,0.08900729108244532,1261,17830
Random Forest,896,0.08730302849252466,374,1588,0.2965900079302141,0.08906337633202467,1261,17830
Random Forest,897,0.08728924359144544,374,1589,0.2965900079302141,0.08911946158160404,1261,17830
Random Forest,898,0.0872830722007763,375,1597,0.2973830293417922,0.08956814357823892,1261,17830
Random Forest,899,0.08726434153373579,376,1597,0.29817605075337034,0.08956814357823892,1261,17830
Random Forest,900,0.08725423906861558,376,1599,0.29817605075337034,0.08968031407739764,1261,17830
Random Forest,901,0.08720617382020225,376,1600,0.29817605075337034,0.08973639932697701,1261,17830
Random Forest,902,0.08720481282296315,376,1601,0.29817605075337034,0.08979248457655636,1261,17830
Random Forest,903,0.087194323714872,376,1602,0.29817605075337034,0.08984856982613573,1261,17830
Random Forest,904,0.08718728383343824,376,1603,0.29817605075337034,0.08990465507571509,1261,17830
Random Forest,905,0.0871737734154869,376,1605,0.29817605075337034,0.09001682557487381,1261,17830
Random Forest,906,0.0871583884181671,376,1606,0.29817605075337034,0.09007291082445316,1261,17830
Random Forest,907,0.08715475932186881,377,1613,0.29896907216494845,0.09046550757150869,1261,17830
Random Forest,908,0.08711876190500048,377,1615,0.29896907216494845,0.09057767807066741,1261,17830
Random Forest,909,0.08711540624958106,377,1616,0.29896907216494845,0.09063376332024678,1261,17830
Random Forest,910,0.08711058100204311,377,1617,0.29896907216494845,0.09068984856982613,1261,17830
Random Forest,911,0.08709206111542146,377,1618,0.29896907216494845,0.0907459338194055,1261,17830
Random Forest,912,0.08709042814077858,377,1619,0.29896907216494845,0.09080201906898486,1261,17830
Random Forest,913,0.08708313599567749,377,1622,0.29896907216494845,0.09097027481772293,1261,17830
Random Forest,914,0.08702523383148511,379,1622,0.30055511498810467,0.09097027481772293,1261,17830
Random Forest,915,0.08700303405900606,379,1623,0.30055511498810467,0.0910263600673023,1261,17830
Random Forest,916,0.08698661856695387,379,1624,0.30055511498810467,0.09108244531688166,1261,17830
Random Forest,917,0.08697050954743661,379,1625,0.30055511498810467,0.09113853056646103,1261,17830
Random Forest,918,0.08696888987922971,379,1626,0.30055511498810467,0.09119461581604038,1261,17830
Random Forest,919,0.08694970048430294,379,1627,0.30055511498810467,0.09125070106561974,1261,17830
Random Forest,920,0.08694025857836458,379,1628,0.30055511498810467,0.0913067863151991,1261,17830
Random Forest,921,0.08692652367462893,379,1630,0.30055511498810467,0.09141895681435783,1261,17830
Random Forest,922,0.0868936362297776,379,1634,0.30055511498810467,0.09164329781267527,1261,17830
Random Forest,923,0.08689060134607159,379,1635,0.30055511498810467,0.09169938306225463,1261,17830
Random Forest,924,0.08688687159231204,379,1638,0.30055511498810467,0.0918676388109927,1261,17830
Random Forest,925,0.08687978781320467,379,1639,0.30055511498810467,0.09192372406057207,1261,17830
Random Forest,926,0.08686814411269181,379,1640,0.30055511498810467,0.09197980931015143,1261,17830
Random Forest,927,0.08685596923655338,379,1641,0.30055511498810467,0.0920358945597308,1261,17830
Random Forest,928,0.08684892157229243,379,1642,0.30055511498810467,0.09209197980931015,1261,17830
Random Forest,929,0.08683341123934703,380,1642,0.3013481363996828,0.09209197980931015,1261,17830
Random Forest,930,0.08682672405816766,380,1643,0.3013481363996828,0.0921480650588895,1261,17830
Random Forest,931,0.08681075454949991,380,1646,0.3013481363996828,0.0923163208076276,1261,17830
Random Forest,932,0.08680391169272939,380,1647,0.3013481363996828,0.09237240605720695,1261,17830
Random Forest,933,0.086802246512211,380,1648,0.3013481363996828,0.09242849130678632,1261,17830
Random Forest,934,0.08679777544017339,380,1649,0.3013481363996828,0.09248457655636567,1261,17830
Random Forest,935,0.08679713476642899,380,1650,0.3013481363996828,0.09254066180594504,1261,17830
Random Forest,936,0.08679388925513574,380,1651,0.3013481363996828,0.0925967470555244,1261,17830
Random Forest,937,0.08676199275293373,380,1652,0.3013481363996828,0.09265283230510375,1261,17830
Random Forest,938,0.08675593923511615,380,1654,0.3013481363996828,0.09276500280426248,1261,17830
Random Forest,939,0.08672980696806837,380,1655,0.3013481363996828,0.09282108805384184,1261,17830
Random Forest,940,0.0867015349273269,380,1658,0.3013481363996828,0.09298934380257992,1261,17830
Random Forest,941,0.08666901041575745,381,1662,0.3021411578112609,0.09321368480089737,1261,17830
Random Forest,942,0.08666604934625351,381,1663,0.3021411578112609,0.09326977005047672,1261,17830
Random Forest,943,0.08666113414216058,381,1664,0.3021411578112609,0.09332585530005609,1261,17830
Random Forest,944,0.08665626400588072,381,1665,0.3021411578112609,0.09338194054963544,1261,17830
Random Forest,945,0.08665383603469747,381,1667,0.3021411578112609,0.09349411104879417,1261,17830
Random Forest,946,0.08663898346665976,381,1668,0.3021411578112609,0.09355019629837352,1261,17830
Random Forest,947,0.0866379710082812,381,1670,0.3021411578112609,0.09366236679753225,1261,17830
Random Forest,948,0.08661984216047373,381,1671,0.3021411578112609,0.09371845204711161,1261,17830
Random Forest,949,0.08661736579032257,381,1672,0.3021411578112609,0.09377453729669097,1261,17830
Random Forest,950,0.08661162684400824,382,1672,0.302934179222839,0.09377453729669097,1261,17830
Random Forest,951,0.08656827090595993,382,1673,0.302934179222839,0.09383062254627034,1261,17830
Random Forest,952,0.08655815757679981,382,1674,0.302934179222839,0.09388670779584969,1261,17830
Random Forest,953,0.08655656265860721,382,1676,0.302934179222839,0.09399887829500841,1261,17830
Random Forest,954,0.086542931847068,382,1677,0.302934179222839,0.09405496354458777,1261,17830
Random Forest,955,0.08651998934574044,382,1678,0.302934179222839,0.09411104879416714,1261,17830
Random Forest,956,0.08651269116793901,382,1681,0.302934179222839,0.09427930454290522,1261,17830
Random Forest,957,0.086509215289098,382,1682,0.302934179222839,0.09433538979248457,1261,17830
Random Forest,958,0.08649482607807178,382,1683,0.302934179222839,0.09439147504206394,1261,17830
Random Forest,959,0.0864730203616249,382,1684,0.302934179222839,0.09444756029164329,1261,17830
Random Forest,960,0.08645339560167499,382,1685,0.302934179222839,0.09450364554122266,1261,17830
Random Forest,961,0.08645247794710284,382,1686,0.302934179222839,0.09455973079080202,1261,17830
Random Forest,962,0.08644805302292935,382,1687,0.302934179222839,0.09461581604038138,1261,17830
Random Forest,963,0.08640593322290882,382,1688,0.302934179222839,0.09467190128996074,1261,17830
Random Forest,964,0.08635806102179672,382,1689,0.302934179222839,0.09472798653954011,1261,17830
Random Forest,965,0.08635697891366366,382,1690,0.302934179222839,0.09478407178911946,1261,17830
Random Forest,966,0.08635507068575307,382,1691,0.302934179222839,0.09484015703869882,1261,17830
Random Forest,967,0.08632581112163022,382,1692,0.302934179222839,0.09489624228827818,1261,17830
Random Forest,968,0.08632452670263129,382,1693,0.302934179222839,0.09495232753785754,1261,17830
Random Forest,969,0.0863199268022179,382,1694,0.302934179222839,0.09500841278743691,1261,17830
Random Forest,970,0.08631587438231843,382,1695,0.302934179222839,0.09506449803701626,1261,17830
Random Forest,971,0.08629930395859273,382,1696,0.302934179222839,0.09512058328659563,1261,17830
Random Forest,972,0.0862691458272428,382,1697,0.302934179222839,0.09517666853617499,1261,17830
Random Forest,973,0.08624233792994382,382,1698,0.302934179222839,0.09523275378575434,1261,17830
Random Forest,974,0.08622643338190575,382,1702,0.302934179222839,0.09545709478407179,1261,17830
Random Forest,975,0.08620632162141645,382,1706,0.302934179222839,0.09568143578238923,1261,17830
Random Forest,976,0.08620457801578908,382,1707,0.302934179222839,0.09573752103196859,1261,17830
Random Forest,977,0.08619476675342176,383,1707,0.3037272006344171,0.09573752103196859,1261,17830
Random Forest,978,0.08619268846791867,383,1708,0.3037272006344171,0.09579360628154795,1261,17830
Random Forest,979,0.086175830127382,383,1709,0.3037272006344171,0.09584969153112731,1261,17830
Random Forest,980,0.08617071058225803,383,1711,0.3037272006344171,0.09596186203028603,1261,17830
Random Forest,981,0.08617045984192753,383,1712,0.3037272006344171,0.0960179472798654,1261,17830
Random Forest,982,0.08614671667148431,383,1714,0.3037272006344171,0.09613011777902411,1261,17830
Random Forest,983,0.08612502753098261,383,1716,0.3037272006344171,0.09624228827818283,1261,17830
Random Forest,984,0.08607708893906478,383,1718,0.3037272006344171,0.09635445877734156,1261,17830
Random Forest,985,0.08603776291958418,383,1719,0.3037272006344171,0.09641054402692092,1261,17830
Random Forest,986,0.08603020558950913,384,1722,0.3045202220459952,0.096578799775659,1261,17830
Random Forest,987,0.08602244433971692,385,1723,0.3053132434575734,0.09663488502523836,1261,17830
Random Forest,988,0.08601057553164557,385,1727,0.3053132434575734,0.0968592260235558,1261,17830
Random Forest,989,0.08599268515696112,385,1728,0.3053132434575734,0.09691531127313517,1261,17830
Random Forest,990,0.0859915503299351,385,1729,0.3053132434575734,0.09697139652271453,1261,17830
Random Forest,991,0.08597856718108594,385,1730,0.3053132434575734,0.09702748177229388,1261,17830
Random Forest,992,0.08597062176472016,385,1731,0.3053132434575734,0.09708356702187325,1261,17830
Random Forest,993,0.08596833798933821,385,1732,0.3053132434575734,0.0971396522714526,1261,17830
Random Forest,994,0.08594357604697661,385,1733,0.3053132434575734,0.09719573752103197,1261,17830
Random Forest,995,0.085936796299606,385,1734,0.3053132434575734,0.09725182277061133,1261,17830
Random Forest,996,0.08591759319446929,386,1742,0.3061062648691515,0.09770050476724622,1261,17830
Random Forest,997,0.08590833816246785,386,1744,0.3061062648691515,0.09781267526640494,1261,17830
Random Forest,998,0.08586932177964174,386,1745,0.3061062648691515,0.0978687605159843,1261,17830
Random Forest,999,0.08586224752837253,386,1746,0.3061062648691515,0.09792484576556365,1261,17830
Random Forest,1000,0.08583035615234615,386,1747,0.3061062648691515,0.09798093101514302,1261,17830
Random Forest,1001,0.08583027969101727,386,1748,0.3061062648691515,0.09803701626472237,1261,17830
Random Forest,1002,0.08582745165002578,386,1749,0.3061062648691515,0.09809310151430174,1261,17830
Random Forest,1003,0.08580222032741605,386,1750,0.3061062648691515,0.0981491867638811,1261,17830
Random Forest,1004,0.08579787793705128,387,1752,0.3068992862807296,0.09826135726303982,1261,17830
Random Forest,1005,0.08579654170754925,387,1754,0.3068992862807296,0.09837352776219854,1261,17830
Random Forest,1006,0.08578751467860596,387,1755,0.3068992862807296,0.0984296130117779,1261,17830
Random Forest,1007,0.0857391235068696,387,1760,0.3068992862807296,0.09871003925967471,1261,17830
Random Forest,1008,0.08573054606212718,387,1762,0.3068992862807296,0.09882220975883342,1261,17830
Random Forest,1009,0.0857107555967213,387,1763,0.3068992862807296,0.09887829500841279,1261,17830
Random Forest,1010,0.08570088357723424,387,1764,0.3068992862807296,0.09893438025799214,1261,17830
Random Forest,1011,0.08568364898761642,387,1765,0.3068992862807296,0.09899046550757151,1261,17830
Random Forest,1012,0.0856771605062801,387,1766,0.3068992862807296,0.09904655075715087,1261,17830
Random Forest,1013,0.0856641186454097,387,1769,0.3068992862807296,0.09921480650588894,1261,17830
Random Forest,1014,0.08564682124488057,387,1771,0.3068992862807296,0.09932697700504767,1261,17830
Random Forest,1015,0.08564614116969331,387,1772,0.3068992862807296,0.09938306225462704,1261,17830
Random Forest,1016,0.08564008472175061,387,1773,0.3068992862807296,0.09943914750420639,1261,17830
Random Forest,1017,0.0856302691740018,387,1775,0.3068992862807296,0.09955131800336511,1261,17830
Random Forest,1018,0.08558523118906942,387,1776,0.3068992862807296,0.09960740325294448,1261,17830
Random Forest,1019,0.08558194712406819,387,1777,0.3068992862807296,0.09966348850252384,1261,17830
Random Forest,1020,0.08557785671447174,387,1778,0.3068992862807296,0.09971957375210319,1261,17830
Random Forest,1021,0.08555775626429558,387,1780,0.3068992862807296,0.09983174425126191,1261,17830
Random Forest,1022,0.08555478060096065,387,1781,0.3068992862807296,0.09988782950084128,1261,17830
Random Forest,1023,0.08552482662553423,387,1782,0.3068992862807296,0.09994391475042064,1261,17830
Random Forest,1024,0.08552277611474993,387,1783,0.3068992862807296,0.1,1261,17830
Random Forest,1025,0.08551883962698455,387,1784,0.3068992862807296,0.10005608524957936,1261,17830
Random Forest,1026,0.08551786446104113,387,1787,0.3068992862807296,0.10022434099831744,1261,17830
Random Forest,1027,0.08548310320794804,387,1788,0.3068992862807296,0.1002804262478968,1261,17830
Random Forest,1028,0.08548184289373562,387,1789,0.3068992862807296,0.10033651149747616,1261,17830
Random Forest,1029,0.08546473173320927,388,1792,0.3076923076923077,0.10050476724621425,1261,17830
Random Forest,1030,0.08545300241888777,388,1793,0.3076923076923077,0.1005608524957936,1261,17830
Random Forest,1031,0.08544156947006085,389,1793,0.3084853291038858,0.1005608524957936,1261,17830
Random Forest,1032,0.08543698903076585,389,1795,0.3084853291038858,0.10067302299495233,1261,17830
Random Forest,1033,0.08543184428835794,394,1815,0.31245043616177637,0.10179472798653955,1261,17830
Random Forest,1034,0.08542846695648204,394,1817,0.31245043616177637,0.10190689848569826,1261,17830
Random Forest,1035,0.08541258650224455,394,1818,0.31245043616177637,0.10196298373527762,1261,17830
Random Forest,1036,0.08539544508809303,394,1819,0.31245043616177637,0.10201906898485698,1261,17830
Random Forest,1037,0.08534375260528591,394,1820,0.31245043616177637,0.10207515423443635,1261,17830
Random Forest,1038,0.08534246427578014,394,1821,0.31245043616177637,0.1021312394840157,1261,17830
Random Forest,1039,0.08532851920640445,394,1822,0.31245043616177637,0.10218732473359507,1261,17830
Random Forest,1040,0.08532221661715354,394,1823,0.31245043616177637,0.10224340998317442,1261,17830
Random Forest,1041,0.08531622523813424,395,1823,0.3132434575733545,0.10224340998317442,1261,17830
Random Forest,1042,0.08529786190538716,395,1824,0.3132434575733545,0.10229949523275379,1261,17830
Random Forest,1043,0.08529450586395497,395,1826,0.3132434575733545,0.1024116657319125,1261,17830
Random Forest,1044,0.08528640266266982,395,1827,0.3132434575733545,0.10246775098149187,1261,17830
Random Forest,1045,0.08527639105298464,395,1828,0.3132434575733545,0.10252383623107122,1261,17830
Random Forest,1046,0.08527345902261736,396,1829,0.3140364789849326,0.1025799214806506,1261,17830
Random Forest,1047,0.08524499482244892,396,1830,0.3140364789849326,0.10263600673022995,1261,17830
Random Forest,1048,0.08522500669060996,396,1831,0.3140364789849326,0.10269209197980932,1261,17830
Random Forest,1049,0.08520471314960766,396,1832,0.3140364789849326,0.10274817722938867,1261,17830
Random Forest,1050,0.08519920831364987,396,1833,0.3140364789849326,0.10280426247896803,1261,17830
Random Forest,1051,0.08519861978713705,396,1835,0.3140364789849326,0.10291643297812675,1261,17830
Random Forest,1052,0.08514637273925325,396,1836,0.3140364789849326,0.10297251822770612,1261,17830
Random Forest,1053,0.08513204934420283,397,1836,0.3148295003965107,0.10297251822770612,1261,17830
Random Forest,1054,0.08512748857011138,399,1838,0.3164155432196669,0.10308468872686484,1261,17830
Random Forest,1055,0.08511627279037202,399,1839,0.3164155432196669,0.1031407739764442,1261,17830
Random Forest,1056,0.08510309586046995,400,1839,0.317208564631245,0.1031407739764442,1261,17830
Random Forest,1057,0.0850937720788817,400,1840,0.317208564631245,0.10319685922602355,1261,17830
Random Forest,1058,0.08509210780836039,400,1841,0.317208564631245,0.10325294447560292,1261,17830
Random Forest,1059,0.08505934379422991,400,1842,0.317208564631245,0.10330902972518227,1261,17830
Random Forest,1060,0.08504292070190839,401,1842,0.31800158604282314,0.10330902972518227,1261,17830
Random Forest,1061,0.0850329487827447,401,1843,0.31800158604282314,0.10336511497476164,1261,17830
Random Forest,1062,0.08503232951036849,402,1845,0.31879460745440125,0.10347728547392036,1261,17830
Random Forest,1063,0.08501810503338914,403,1845,0.31958762886597936,0.10347728547392036,1261,17830
Random Forest,1064,0.08501707568778676,403,1850,0.31958762886597936,0.10375771172181716,1261,17830
Random Forest,1065,0.085015748722181,403,1852,0.31958762886597936,0.10386988222097589,1261,17830
Random Forest,1066,0.08501099399731969,403,1853,0.31958762886597936,0.10392596747055524,1261,17830
Random Forest,1067,0.0849742821305861,403,1854,0.31958762886597936,0.10398205272013461,1261,17830
Random Forest,1068,0.0849625013164913,404,1854,0.3203806502775575,0.10398205272013461,1261,17830
Random Forest,1069,0.08495781499501516,404,1857,0.3203806502775575,0.10415030846887269,1261,17830
Random Forest,1070,0.08493515494037454,404,1859,0.3203806502775575,0.10426247896803141,1261,17830
Random Forest,1071,0.08493263580818303,405,1859,0.32117367168913563,0.10426247896803141,1261,17830
Random Forest,1072,0.08493169352067563,405,1860,0.32117367168913563,0.10431856421761077,1261,17830
Random Forest,1073,0.084895186972244,405,1861,0.32117367168913563,0.10437464946719013,1261,17830
Random Forest,1074,0.08489261400432212,406,1861,0.32196669310071374,0.10437464946719013,1261,17830
Random Forest,1075,0.0848905050040064,406,1862,0.32196669310071374,0.10443073471676949,1261,17830
Random Forest,1076,0.08485632413184137,406,1863,0.32196669310071374,0.10448681996634886,1261,17830
Random Forest,1077,0.08483712911430306,407,1863,0.32275971451229185,0.10448681996634886,1261,17830
Random Forest,1078,0.08482512868215361,407,1864,0.32275971451229185,0.10454290521592821,1261,17830
Random Forest,1079,0.08473124276844658,407,1865,0.32275971451229185,0.10459899046550757,1261,17830
Random Forest,1080,0.08470874665260371,407,1866,0.32275971451229185,0.10465507571508693,1261,17830
Random Forest,1081,0.08467658464477731,407,1867,0.32275971451229185,0.10471116096466629,1261,17830
Random Forest,1082,0.0846577615193545,407,1868,0.32275971451229185,0.10476724621424566,1261,17830
Random Forest,1083,0.08465739275508895,407,1869,0.32275971451229185,0.10482333146382501,1261,17830
Random Forest,1084,0.0846540433252057,407,1870,0.32275971451229185,0.10487941671340438,1261,17830
Random Forest,1085,0.08464769178861126,407,1871,0.32275971451229185,0.10493550196298373,1261,17830
Random Forest,1086,0.08463471329015285,407,1872,0.32275971451229185,0.10499158721256309,1261,17830
Random Forest,1087,0.08463446135455348,407,1873,0.32275971451229185,0.10504767246214246,1261,17830
Random Forest,1088,0.0846197566367573,407,1874,0.32275971451229185,0.10510375771172181,1261,17830
Random Forest,1089,0.08460838809514365,407,1875,0.32275971451229185,0.10515984296130118,1261,17830
Random Forest,1090,0.08459720201702145,407,1877,0.32275971451229185,0.1052720134604599,1261,17830
Random Forest,1091,0.08457762020224825,407,1878,0.32275971451229185,0.10532809871003926,1261,17830
Random Forest,1092,0.08456795370212851,408,1878,0.32355273592386996,0.10532809871003926,1261,17830
Random Forest,1093,0.08456719009623756,408,1879,0.32355273592386996,0.10538418395961863,1261,17830
Random Forest,1094,0.0845642593925383,408,1880,0.32355273592386996,0.10544026920919798,1261,17830
Random Forest,1095,0.08456104275663069,408,1883,0.32355273592386996,0.10560852495793606,1261,17830
Random Forest,1096,0.08455787768665435,408,1884,0.32355273592386996,0.10566461020751543,1261,17830
Random Forest,1097,0.0845575704741952,408,1885,0.32355273592386996,0.10572069545709478,1261,17830
Random Forest,1098,0.08453761638326307,408,1886,0.32355273592386996,0.10577678070667415,1261,17830
Random Forest,1099,0.08453631366761696,408,1887,0.32355273592386996,0.1058328659562535,1261,17830
Random Forest,1100,0.08449345913558305,408,1888,0.32355273592386996,0.10588895120583286,1261,17830
Random Forest,1101,0.08449233487034512,408,1889,0.32355273592386996,0.10594503645541223,1261,17830
Random Forest,1102,0.08445263413390983,408,1891,0.32355273592386996,0.10605720695457095,1261,17830
Random Forest,1103,0.08444654622104822,408,1896,0.32355273592386996,0.10633763320246775,1261,17830
Random Forest,1104,0.08443226275403205,408,1897,0.32355273592386996,0.1063937184520471,1261,17830
Random Forest,1105,0.08441125203414251,409,1898,0.32434575733544807,0.10644980370162647,1261,17830
Random Forest,1106,0.08439935253316884,409,1899,0.32434575733544807,0.10650588895120583,1261,17830
Random Forest,1107,0.08438986593961018,409,1900,0.32434575733544807,0.1065619742007852,1261,17830
Random Forest,1108,0.08434767956445961,409,1901,0.32434575733544807,0.10661805945036455,1261,17830
Random Forest,1109,0.08433612592436737,409,1902,0.32434575733544807,0.10667414469994392,1261,17830
Random Forest,1110,0.08430058675457701,409,1903,0.32434575733544807,0.10673022994952328,1261,17830
Random Forest,1111,0.08429855296858164,409,1904,0.32434575733544807,0.10678631519910263,1261,17830
Random Forest,1112,0.08427870082839042,409,1905,0.32434575733544807,0.106842400448682,1261,17830
Random Forest,1113,0.08427739871582834,409,1906,0.32434575733544807,0.10689848569826135,1261,17830
Random Forest,1114,0.08426838435947764,409,1907,0.32434575733544807,0.10695457094784072,1261,17830
Random Forest,1115,0.08426051228700221,409,1908,0.32434575733544807,0.10701065619742008,1261,17830
Random Forest,1116,0.08425567489092413,409,1909,0.32434575733544807,0.10706674144699944,1261,17830
Random Forest,1117,0.08424703599071799,409,1911,0.32434575733544807,0.10717891194615815,1261,17830
Random Forest,1118,0.08419558933129874,409,1913,0.32434575733544807,0.10729108244531688,1261,17830
Random Forest,1119,0.0841877036308003,409,1915,0.32434575733544807,0.1074032529444756,1261,17830
Random Forest,1120,0.08417972905785906,409,1917,0.32434575733544807,0.10751542344363432,1261,17830
Random Forest,1121,0.08415626987097544,409,1918,0.32434575733544807,0.10757150869321369,1261,17830
Random Forest,1122,0.08414822698446256,409,1919,0.32434575733544807,0.10762759394279305,1261,17830
Random Forest,1123,0.08412885218507823,409,1920,0.32434575733544807,0.1076836791923724,1261,17830
Random Forest,1124,0.08412080243159116,409,1921,0.32434575733544807,0.10773976444195177,1261,17830
Random Forest,1125,0.08410840147356434,409,1922,0.32434575733544807,0.10779584969153112,1261,17830
Random Forest,1126,0.08410260699412248,409,1923,0.32434575733544807,0.10785193494111049,1261,17830
Random Forest,1127,0.08409947254174709,409,1925,0.32434575733544807,0.10796410544026921,1261,17830
Random Forest,1128,0.08409445105395823,410,1925,0.3251387787470262,0.10796410544026921,1261,17830
Random Forest,1129,0.0840780629360838,410,1926,0.3251387787470262,0.10802019068984857,1261,17830
Random Forest,1130,0.08406811974806846,410,1927,0.3251387787470262,0.10807627593942792,1261,17830
Random Forest,1131,0.08405524464728628,410,1928,0.3251387787470262,0.10813236118900729,1261,17830
Random Forest,1132,0.08404440371638455,411,1928,0.3259318001586043,0.10813236118900729,1261,17830
Random Forest,1133,0.0840417100818615,411,1930,0.3259318001586043,0.10824453168816602,1261,17830
Random Forest,1134,0.08403888766331274,412,1931,0.3267248215701824,0.10830061693774537,1261,17830
Random Forest,1135,0.08403177762047702,412,1933,0.3267248215701824,0.10841278743690409,1261,17830
Random Forest,1136,0.08402985473020662,412,1934,0.3267248215701824,0.10846887268648346,1261,17830
Random Forest,1137,0.08402503900237163,413,1935,0.3275178429817605,0.10852495793606282,1261,17830
Random Forest,1138,0.08402462767608908,413,1936,0.3275178429817605,0.10858104318564217,1261,17830
Random Forest,1139,0.08401641658843398,413,1938,0.3275178429817605,0.1086932136848009,1261,17830
Random Forest,1140,0.08400649020457081,413,1939,0.3275178429817605,0.10874929893438026,1261,17830
Random Forest,1141,0.08400292400650872,413,1940,0.3275178429817605,0.10880538418395962,1261,17830
Random Forest,1142,0.08398508059890752,413,1942,0.3275178429817605,0.10891755468311834,1261,17830
Random Forest,1143,0.08398349895102261,413,1943,0.3275178429817605,0.1089736399326977,1261,17830
Random Forest,1144,0.08397519708934621,413,1945,0.3275178429817605,0.10908581043185642,1261,17830
Random Forest,1145,0.08396688522779851,413,1946,0.3275178429817605,0.10914189568143579,1261,17830
Random Forest,1146,0.08396414361603927,413,1949,0.3275178429817605,0.10931015143017386,1261,17830
Random Forest,1147,0.08394535208244239,413,1950,0.3275178429817605,0.10936623667975323,1261,17830
Random Forest,1148,0.08392818584050708,414,1950,0.3283108643933386,0.10936623667975323,1261,17830
Random Forest,1149,0.08392659094945777,414,1951,0.3283108643933386,0.10942232192933259,1261,17830
Random Forest,1150,0.08391683172670412,414,1954,0.3283108643933386,0.10959057767807066,1261,17830
Random Forest,1151,0.08389562154085797,414,1956,0.3283108643933386,0.10970274817722939,1261,17830
Random Forest,1152,0.08388330287200398,414,1960,0.3283108643933386,0.10992708917554683,1261,17830
Random Forest,1153,0.08387609529419217,414,1961,0.3283108643933386,0.10998317442512619,1261,17830
Random Forest,1154,0.08387116127886299,415,1964,0.32910388580491673,0.11015143017386428,1261,17830
Random Forest,1155,0.08386131756819008,415,1965,0.32910388580491673,0.11020751542344363,1261,17830
Random Forest,1156,0.08386107584764618,415,1966,0.32910388580491673,0.110263600673023,1261,17830
Random Forest,1157,0.08385810107686945,415,1968,0.32910388580491673,0.11037577117218171,1261,17830
Random Forest,1158,0.0838295643078226,415,1969,0.32910388580491673,0.11043185642176108,1261,17830
Random Forest,1159,0.08382173503321057,415,1970,0.32910388580491673,0.11048794167134043,1261,17830
Random Forest,1160,0.08381943841279288,415,1971,0.32910388580491673,0.1105440269209198,1261,17830
Random Forest,1161,0.0838093593864803,415,1972,0.32910388580491673,0.11060011217049916,1261,17830
Random Forest,1162,0.08380228802233936,415,1974,0.32910388580491673,0.11071228266965788,1261,17830
Random Forest,1163,0.08379733385264466,415,1975,0.32910388580491673,0.11076836791923723,1261,17830
Random Forest,1164,0.08379601274947499,415,1976,0.32910388580491673,0.1108244531688166,1261,17830
Random Forest,1165,0.0837679206268188,415,1977,0.32910388580491673,0.11088053841839596,1261,17830
Random Forest,1166,0.08376511873969317,415,2010,0.32910388580491673,0.11273135165451487,1261,17830
Random Forest,1167,0.08374780558067323,415,2011,0.32910388580491673,0.11278743690409422,1261,17830
Random Forest,1168,0.08373565196675382,417,2011,0.33068992862807295,0.11278743690409422,1261,17830
Random Forest,1169,0.0837264560756166,417,2013,0.33068992862807295,0.11289960740325294,1261,17830
Random Forest,1170,0.08371982172529403,417,2014,0.33068992862807295,0.1129556926528323,1261,17830
Random Forest,1171,0.08371845455155616,417,2020,0.33068992862807295,0.11329220415030847,1261,17830
Random Forest,1172,0.08371752856207602,418,2020,0.33148295003965106,0.11329220415030847,1261,17830
Random Forest,1173,0.08371137922591587,418,2021,0.33148295003965106,0.11334828939988784,1261,17830
Random Forest,1174,0.08368691150443079,418,2022,0.33148295003965106,0.11340437464946719,1261,17830
Random Forest,1175,0.08368640807776244,418,2023,0.33148295003965106,0.11346045989904655,1261,17830
Random Forest,1176,0.08368523882529484,418,2024,0.33148295003965106,0.11351654514862591,1261,17830
Random Forest,1177,0.08367839671560999,418,2025,0.33148295003965106,0.11357263039820527,1261,17830
Random Forest,1178,0.083670446238066,419,2026,0.33227597145122917,0.11362871564778464,1261,17830
Random Forest,1179,0.08366183667350398,419,2027,0.33227597145122917,0.11368480089736399,1261,17830
Random Forest,1180,0.08365910425553567,420,2027,0.3330689928628073,0.11368480089736399,1261,17830
Random Forest,1181,0.08365165505663696,420,2029,0.3330689928628073,0.11379697139652271,1261,17830
Random Forest,1182,0.08364080867600296,420,2030,0.3330689928628073,0.11385305664610207,1261,17830
Random Forest,1183,0.08363518863836068,420,2031,0.3330689928628073,0.11390914189568144,1261,17830
Random Forest,1184,0.08363231066794118,420,2032,0.3330689928628073,0.11396522714526079,1261,17830
Random Forest,1185,0.08363111977532421,420,2033,0.3330689928628073,0.11402131239484016,1261,17830
Random Forest,1186,0.08361629778828517,420,2034,0.3330689928628073,0.11407739764441951,1261,17830
Random Forest,1187,0.08358673418944133,420,2035,0.3330689928628073,0.11413348289399888,1261,17830
Random Forest,1188,0.0835801398669779,420,2040,0.3330689928628073,0.11441390914189568,1261,17830
Random Forest,1189,0.0835688543363277,421,2043,0.3338620142743854,0.11458216489063376,1261,17830
Random Forest,1190,0.08356882443373503,421,2044,0.3338620142743854,0.11463825014021313,1261,17830
Random Forest,1191,0.08356440670403009,421,2045,0.3338620142743854,0.11469433538979248,1261,17830
Random Forest,1192,0.08355613789299977,421,2048,0.3338620142743854,0.11486259113853056,1261,17830
Random Forest,1193,0.08354354770248146,421,2049,0.3338620142743854,0.11491867638810993,1261,17830
Random Forest,1194,0.08353751037629753,421,2050,0.3338620142743854,0.11497476163768929,1261,17830
Random Forest,1195,0.08350793666332304,421,2051,0.3338620142743854,0.11503084688726865,1261,17830
Random Forest,1196,0.08350485821505088,421,2052,0.3338620142743854,0.11508693213684801,1261,17830
Random Forest,1197,0.08350403382776884,421,2053,0.3338620142743854,0.11514301738642738,1261,17830
Random Forest,1198,0.08349517301418137,421,2054,0.3338620142743854,0.11519910263600673,1261,17830
Random Forest,1199,0.08348902860257844,421,2055,0.3338620142743854,0.11525518788558609,1261,17830
Random Forest,1200,0.08348715752980161,422,2059,0.3346550356859635,0.11547952888390353,1261,17830
Random Forest,1201,0.08348625223420227,422,2062,0.3346550356859635,0.11564778463264161,1261,17830
Random Forest,1202,0.08347584209655876,422,2064,0.3346550356859635,0.11575995513180033,1261,17830
Random Forest,1203,0.08347165852518172,422,2065,0.3346550356859635,0.1158160403813797,1261,17830
Random Forest,1204,0.083444018779701,422,2066,0.3346550356859635,0.11587212563095906,1261,17830
Random Forest,1205,0.08343757686218996,422,2067,0.3346550356859635,0.11592821088053842,1261,17830
Random Forest,1206,0.08343108282059278,424,2093,0.3362410785091198,0.1173864273696018,1261,17830
Random Forest,1207,0.08342388329167587,424,2094,0.3362410785091198,0.11744251261918115,1261,17830
Random Forest,1208,0.08342033190781341,424,2095,0.3362410785091198,0.11749859786876052,1261,17830
Random Forest,1209,0.08339803546189913,424,2096,0.3362410785091198,0.11755468311833987,1261,17830
Random Forest,1210,0.08338541237275165,424,2100,0.3362410785091198,0.11777902411665732,1261,17830
Random Forest,1211,0.08337100865078138,424,2101,0.3362410785091198,0.11783510936623667,1261,17830
Random Forest,1212,0.08336846941001148,424,2102,0.3362410785091198,0.11789119461581604,1261,17830
Random Forest,1213,0.08335265476399192,424,2107,0.3362410785091198,0.11817162086371284,1261,17830
Random Forest,1214,0.08332943897572978,424,2108,0.3362410785091198,0.11822770611329221,1261,17830
Random Forest,1215,0.08332938410289667,424,2109,0.3362410785091198,0.11828379136287157,1261,17830
Random Forest,1216,0.0833274529688574,424,2112,0.3362410785091198,0.11845204711160964,1261,17830
Random Forest,1217,0.08332083350087577,424,2113,0.3362410785091198,0.11850813236118901,1261,17830
Random Forest,1218,0.08331102284742253,425,2114,0.3370340999206979,0.11856421761076837,1261,17830
Random Forest,1219,0.08330505312472283,425,2116,0.3370340999206979,0.11867638810992709,1261,17830
Random Forest,1220,0.08330066020079561,425,2117,0.3370340999206979,0.11873247335950644,1261,17830
Random Forest,1221,0.08329682204847762,425,2118,0.3370340999206979,0.11878855860908581,1261,17830
Random Forest,1222,0.08329598137013489,426,2118,0.337827121332276,0.11878855860908581,1261,17830
Random Forest,1223,0.08329307060684232,426,2119,0.337827121332276,0.11884464385866517,1261,17830
Random Forest,1224,0.08328593262600487,427,2119,0.3386201427438541,0.11884464385866517,1261,17830
Random Forest,1225,0.08328462540866641,427,2120,0.3386201427438541,0.11890072910824454,1261,17830
Random Forest,1226,0.08326691959525721,427,2121,0.3386201427438541,0.11895681435782389,1261,17830
Random Forest,1227,0.08325257607614708,428,2121,0.3394131641554322,0.11895681435782389,1261,17830
Random Forest,1228,0.08324262279293733,429,2121,0.3402061855670103,0.11895681435782389,1261,17830
Random Forest,1229,0.08324070716950525,429,2122,0.3402061855670103,0.11901289960740326,1261,17830
Random Forest,1230,0.08323447063168112,432,2207,0.34258524980174465,0.12378014582164891,1261,17830
Random Forest,1231,0.08323324216403917,432,2208,0.34258524980174465,0.12383623107122826,1261,17830
Random Forest,1232,0.08322792318731287,432,2209,0.34258524980174465,0.12389231632080763,1261,17830
Random Forest,1233,0.08321313145379629,433,2209,0.34337827121332276,0.12389231632080763,1261,17830
Random Forest,1234,0.08319880288323002,433,2210,0.34337827121332276,0.12394840157038699,1261,17830
Random Forest,1235,0.08318628466726,433,2211,0.34337827121332276,0.12400448681996634,1261,17830
Random Forest,1236,0.08318078073218997,433,2212,0.34337827121332276,0.12406057206954571,1261,17830
Random Forest,1237,0.08314804806366644,433,2213,0.34337827121332276,0.12411665731912506,1261,17830
Random Forest,1238,0.0831378133119204,433,2214,0.34337827121332276,0.12417274256870443,1261,17830
Random Forest,1239,0.08312959721222933,434,2219,0.34417129262490087,0.12445316881660123,1261,17830
Random Forest,1240,0.08312877910191026,434,2224,0.34417129262490087,0.12473359506449803,1261,17830
Random Forest,1241,0.08312827388194638,434,2225,0.34417129262490087,0.1247896803140774,1261,17830
Random Forest,1242,0.08312568185721823,434,2226,0.34417129262490087,0.12484576556365676,1261,17830
Random Forest,1243,0.08312548236691529,434,2227,0.34417129262490087,0.12490185081323611,1261,17830
Random Forest,1244,0.08312232198297388,434,2228,0.34417129262490087,0.12495793606281548,1261,17830
Random Forest,1245,0.08310964109426265,434,2229,0.34417129262490087,0.12501402131239484,1261,17830
Random Forest,1246,0.08310470871734248,434,2230,0.34417129262490087,0.1250701065619742,1261,17830
Random Forest,1247,0.08309696511351597,434,2231,0.34417129262490087,0.12512619181155357,1261,17830
Random Forest,1248,0.08309134634059523,434,2232,0.34417129262490087,0.1251822770611329,1261,17830
Random Forest,1249,0.08308264309511511,434,2233,0.34417129262490087,0.12523836231071228,1261,17830
Random Forest,1250,0.08308079199733699,434,2234,0.34417129262490087,0.12529444756029165,1261,17830
Random Forest,1251,0.08307304982565905,435,2234,0.344964314036479,0.12529444756029165,1261,17830
Random Forest,1252,0.08305512500933225,435,2235,0.344964314036479,0.125350532809871,1261,17830
Random Forest,1253,0.08305357561277373,435,2236,0.344964314036479,0.12540661805945036,1261,17830
Random Forest,1254,0.08303820622831563,436,2246,0.3457573354480571,0.12596747055524396,1261,17830
Random Forest,1255,0.08302628786295209,436,2247,0.3457573354480571,0.12602355580482333,1261,17830
Random Forest,1256,0.08302407578619764,436,2250,0.3457573354480571,0.1261918115535614,1261,17830
Random Forest,1257,0.08301233103133257,436,2251,0.3457573354480571,0.12624789680314077,1261,17830
Random Forest,1258,0.08301125182933046,436,2252,0.3457573354480571,0.12630398205272014,1261,17830
Random Forest,1259,0.08298919935198212,436,2253,0.3457573354480571,0.12636006730229948,1261,17830
Random Forest,1260,0.08298614946441911,436,2254,0.3457573354480571,0.12641615255187885,1261,17830
Random Forest,1261,0.08298133120651362,436,2255,0.3457573354480571,0.12647223780145822,1261,17830
Random Forest,1262,0.08297788634295628,436,2256,0.3457573354480571,0.1265283230510376,1261,17830
Random Forest,1263,0.08297064377218047,436,2257,0.3457573354480571,0.12658440830061693,1261,17830
Random Forest,1264,0.08296432217895432,436,2258,0.3457573354480571,0.1266404935501963,1261,17830
Random Forest,1265,0.08296406675186462,436,2259,0.3457573354480571,0.12669657879977567,1261,17830
Random Forest,1266,0.08295650942178956,437,2269,0.3465503568596352,0.12725743129556927,1261,17830
Random Forest,1267,0.08291410303993807,437,2270,0.3465503568596352,0.12731351654514864,1261,17830
Random Forest,1268,0.0829040211692173,437,2271,0.3465503568596352,0.12736960179472798,1261,17830
Random Forest,1269,0.0829003601543382,437,2272,0.3465503568596352,0.12742568704430735,1261,17830
Random Forest,1270,0.0828807886344951,437,2273,0.3465503568596352,0.1274817722938867,1261,17830
Random Forest,1271,0.08287830200627114,437,2276,0.3465503568596352,0.1276500280426248,1261,17830
Random Forest,1272,0.0828685188601777,438,2276,0.3473433782712133,0.1276500280426248,1261,17830
Random Forest,1273,0.08286353775686055,438,2277,0.3473433782712133,0.12770611329220416,1261,17830
Random Forest,1274,0.08285757495893317,439,2277,0.3481363996827914,0.12770611329220416,1261,17830
Random Forest,1275,0.08285474632592105,439,2278,0.3481363996827914,0.1277621985417835,1261,17830
Random Forest,1276,0.08282424895741591,439,2279,0.3481363996827914,0.12781828379136287,1261,17830
Random Forest,1277,0.08282069805990139,439,2280,0.3481363996827914,0.12787436904094224,1261,17830
Random Forest,1278,0.08282041307709478,439,2281,0.3481363996827914,0.1279304542905216,1261,17830
Random Forest,1279,0.0828107993029035,439,2282,0.3481363996827914,0.12798653954010095,1261,17830
Random Forest,1280,0.08280825878516766,439,2283,0.3481363996827914,0.12804262478968031,1261,17830
Random Forest,1281,0.08280691033948916,439,2284,0.3481363996827914,0.12809871003925968,1261,17830
Random Forest,1282,0.0828043062246035,440,2284,0.34892942109436953,0.12809871003925968,1261,17830
Random Forest,1283,0.08280018371989352,440,2285,0.34892942109436953,0.12815479528883902,1261,17830
Random Forest,1284,0.08279853559280954,440,2286,0.34892942109436953,0.1282108805384184,1261,17830
Random Forest,1285,0.08279546820864307,440,2287,0.34892942109436953,0.12826696578799776,1261,17830
Random Forest,1286,0.0827938621266674,440,2288,0.34892942109436953,0.12832305103757713,1261,17830
Random Forest,1287,0.082793087793104,440,2289,0.34892942109436953,0.12837913628715647,1261,17830
Random Forest,1288,0.08278689066405816,440,2290,0.34892942109436953,0.12843522153673584,1261,17830
Random Forest,1289,0.08274915784844336,440,2291,0.34892942109436953,0.1284913067863152,1261,17830
Random Forest,1290,0.0827458393944702,441,2291,0.34972244250594764,0.1284913067863152,1261,17830
Random Forest,1291,0.0827306290563849,441,2292,0.34972244250594764,0.12854739203589455,1261,17830
Random Forest,1292,0.08273060226864169,441,2293,0.34972244250594764,0.12860347728547392,1261,17830
Random Forest,1293,0.08272192796813502,442,2319,0.35051546391752575,0.1300616937745373,1261,17830
Random Forest,1294,0.08272137449473606,442,2324,0.35051546391752575,0.1303421200224341,1261,17830
Random Forest,1295,0.08271793711643943,442,2325,0.35051546391752575,0.13039820527201346,1261,17830
Random Forest,1296,0.0827147575216637,443,2325,0.35130848532910386,0.13039820527201346,1261,17830
Random Forest,1297,0.08271189674260578,443,2326,0.35130848532910386,0.13045429052159283,1261,17830
Random Forest,1298,0.08271075271727676,443,2328,0.35130848532910386,0.13056646102075153,1261,17830
Random Forest,1299,0.08270949221280344,443,2329,0.35130848532910386,0.1306225462703309,1261,17830
Random Forest,1300,0.08270097729648154,443,2330,0.35130848532910386,0.13067863151991027,1261,17830
Random Forest,1301,0.08269009495838617,443,2331,0.35130848532910386,0.1307347167694896,1261,17830
Random Forest,1302,0.0826773290465906,443,2332,0.35130848532910386,0.13079080201906898,1261,17830
Random Forest,1303,0.08266787835427684,443,2333,0.35130848532910386,0.13084688726864835,1261,17830
Random Forest,1304,0.08265547851664712,443,2334,0.35130848532910386,0.13090297251822772,1261,17830
Random Forest,1305,0.08265243143492759,443,2335,0.35130848532910386,0.13095905776780706,1261,17830
Random Forest,1306,0.08264781407957873,443,2336,0.35130848532910386,0.13101514301738643,1261,17830
Random Forest,1307,0.08264236389885843,443,2337,0.35130848532910386,0.1310712282669658,1261,17830
Random Forest,1308,0.08263797192730757,443,2338,0.35130848532910386,0.13112731351654514,1261,17830
Random Forest,1309,0.08261824239627377,443,2339,0.35130848532910386,0.1311833987661245,1261,17830
Random Forest,1310,0.0826147044382054,443,2340,0.35130848532910386,0.13123948401570387,1261,17830
Random Forest,1311,0.08260105601440186,443,2341,0.35130848532910386,0.13129556926528324,1261,17830
Random Forest,1312,0.08259149852720779,444,2341,0.352101506740682,0.13129556926528324,1261,17830
Random Forest,1313,0.08258523838315143,444,2342,0.352101506740682,0.13135165451486258,1261,17830
Random Forest,1314,0.08257625275917616,445,2342,0.35289452815226013,0.13135165451486258,1261,17830
Random Forest,1315,0.08256311449050108,445,2343,0.35289452815226013,0.13140773976444195,1261,17830
Random Forest,1316,0.08255199643510237,445,2344,0.35289452815226013,0.13146382501402132,1261,17830
Random Forest,1317,0.08254938912950659,445,2345,0.35289452815226013,0.1315199102636007,1261,17830
Random Forest,1318,0.08253856552627359,445,2346,0.35289452815226013,0.13157599551318003,1261,17830
Random Forest,1319,0.08253584586820205,445,2347,0.35289452815226013,0.1316320807627594,1261,17830
Random Forest,1320,0.08250854858863318,445,2348,0.35289452815226013,0.13168816601233876,1261,17830
Random Forest,1321,0.08250265360938032,445,2349,0.35289452815226013,0.1317442512619181,1261,17830
Random Forest,1322,0.08249213743684493,445,2350,0.35289452815226013,0.13180033651149747,1261,17830
Random Forest,1323,0.08245339694477642,445,2351,0.35289452815226013,0.13185642176107684,1261,17830
Random Forest,1324,0.08242819623357582,445,2353,0.35289452815226013,0.13196859226023555,1261,17830
Random Forest,1325,0.08241405263363634,446,2353,0.35368754956383824,0.13196859226023555,1261,17830
Random Forest,1326,0.0824120671963438,446,2354,0.35368754956383824,0.13202467750981492,1261,17830
Random Forest,1327,0.0824089700622368,446,2355,0.35368754956383824,0.1320807627593943,1261,17830
Random Forest,1328,0.08240777257603993,446,2356,0.35368754956383824,0.13213684800897363,1261,17830
Random Forest,1329,0.08240210947327753,446,2357,0.35368754956383824,0.132192933258553,1261,17830
Random Forest,1330,0.08239524091241303,446,2358,0.35368754956383824,0.13224901850813237,1261,17830
Random Forest,1331,0.08238815253387678,446,2359,0.35368754956383824,0.13230510375771173,1261,17830
Random Forest,1332,0.08238016023307279,446,2366,0.35368754956383824,0.13269770050476726,1261,17830
Random Forest,1333,0.08235910197752652,447,2366,0.35448057097541635,0.13269770050476726,1261,17830
Random Forest,1334,0.08235716027907296,447,2367,0.35448057097541635,0.1327537857543466,1261,17830
Random Forest,1335,0.082351948021014,447,2369,0.35448057097541635,0.13286595625350534,1261,17830
Random Forest,1336,0.08235058395666361,447,2370,0.35448057097541635,0.13292204150308468,1261,17830
Random Forest,1337,0.08234691809669445,447,2373,0.35448057097541635,0.13309029725182278,1261,17830
Random Forest,1338,0.08231801448019005,447,2374,0.35448057097541635,0.13314638250140212,1261,17830
Random Forest,1339,0.08230971930253174,447,2375,0.35448057097541635,0.1332024677509815,1261,17830
Random Forest,1340,0.08230108040232559,447,2376,0.35448057097541635,0.13325855300056086,1261,17830
Random Forest,1341,0.08229580436466327,447,2378,0.35448057097541635,0.13337072349971957,1261,17830
Random Forest,1342,0.0822947629290978,447,2379,0.35448057097541635,0.13342680874929894,1261,17830
Random Forest,1343,0.08229075600305785,448,2379,0.35527359238699446,0.13342680874929894,1261,17830
Random Forest,1344,0.08228770064272647,448,2381,0.35527359238699446,0.13353897924845765,1261,17830
Random Forest,1345,0.08226803615878854,448,2382,0.35527359238699446,0.13359506449803701,1261,17830
Random Forest,1346,0.08226584274929816,450,2389,0.3568596352101507,0.13398766124509254,1261,17830
Random Forest,1347,0.0822625947527747,450,2390,0.3568596352101507,0.1340437464946719,1261,17830
Random Forest,1348,0.08222986569779783,450,2392,0.3568596352101507,0.13415591699383062,1261,17830
Random Forest,1349,0.08222478086012609,450,2393,0.3568596352101507,0.13421200224340998,1261,17830
Random Forest,1350,0.08220886014316364,450,2394,0.3568596352101507,0.13426808749298935,1261,17830
Random Forest,1351,0.08220840791566596,450,2395,0.3568596352101507,0.1343241727425687,1261,17830
Random Forest,1352,0.08220314649577504,450,2398,0.3568596352101507,0.1344924284913068,1261,17830
Random Forest,1353,0.08220166201120002,450,2399,0.3568596352101507,0.13454851374088614,1261,17830
Random Forest,1354,0.08219777366588156,450,2400,0.3568596352101507,0.1346045989904655,1261,17830
Random Forest,1355,0.08219158014047924,450,2401,0.3568596352101507,0.13466068424004488,1261,17830
Random Forest,1356,0.08218883699273083,450,2402,0.3568596352101507,0.13471676948962422,1261,17830
Random Forest,1357,0.08217286041212189,464,2423,0.3679619349722443,0.13589455973079081,1261,17830
Random Forest,1358,0.08215660494731995,464,2425,0.3679619349722443,0.13600673022994952,1261,17830
Random Forest,1359,0.08213614584187792,465,2431,0.3687549563838224,0.13634324172742568,1261,17830
Random Forest,1360,0.08212895553209408,465,2433,0.3687549563838224,0.13645541222658442,1261,17830
Random Forest,1361,0.08212850655714582,465,2434,0.3687549563838224,0.13651149747616376,1261,17830
Random Forest,1362,0.08209585465555455,465,2435,0.3687549563838224,0.13656758272574313,1261,17830
Random Forest,1363,0.08207820495485801,465,2436,0.3687549563838224,0.1366236679753225,1261,17830
Random Forest,1364,0.0820701317586743,465,2437,0.3687549563838224,0.13667975322490186,1261,17830
Random Forest,1365,0.08206614563183526,465,2438,0.3687549563838224,0.1367358384744812,1261,17830
Random Forest,1366,0.08203660569140703,466,2439,0.3695479777954005,0.13679192372406057,1261,17830
Random Forest,1367,0.08201359020917814,467,2439,0.3703409992069786,0.13679192372406057,1261,17830
Random Forest,1368,0.08200949475236415,467,2440,0.3703409992069786,0.13684800897363994,1261,17830
Random Forest,1369,0.08198691770669209,467,2441,0.3703409992069786,0.13690409422321928,1261,17830
Random Forest,1370,0.08198332093461114,467,2442,0.3703409992069786,0.13696017947279865,1261,17830
Random Forest,1371,0.08198123612282587,467,2443,0.3703409992069786,0.13701626472237802,1261,17830
Random Forest,1372,0.08196550289861244,467,2444,0.3703409992069786,0.13707234997195739,1261,17830
Random Forest,1373,0.0819626872739104,467,2450,0.3703409992069786,0.13740886146943354,1261,17830
Random Forest,1374,0.08194994577742927,467,2452,0.3703409992069786,0.13752103196859225,1261,17830
Random Forest,1375,0.08194362335423076,470,2453,0.37272006344171293,0.13757711721817162,1261,17830
Random Forest,1376,0.08193021004620382,470,2454,0.37272006344171293,0.137633202467751,1261,17830
Random Forest,1377,0.08192729190443104,470,2455,0.37272006344171293,0.13768928771733036,1261,17830
Random Forest,1378,0.0819069087839868,470,2457,0.37272006344171293,0.13780145821648906,1261,17830
Random Forest,1379,0.08190605484791229,470,2458,0.37272006344171293,0.13785754346606843,1261,17830
Random Forest,1380,0.0818930039389614,470,2459,0.37272006344171293,0.13791362871564777,1261,17830
Random Forest,1381,0.08188576630647434,470,2460,0.37272006344171293,0.13796971396522714,1261,17830
Random Forest,1382,0.08187832195422474,471,2460,0.37351308485329104,0.13796971396522714,1261,17830
Random Forest,1383,0.08187046289623952,471,2461,0.37351308485329104,0.1380257992148065,1261,17830
Random Forest,1384,0.081868203974435,471,2463,0.37351308485329104,0.13813796971396522,1261,17830
Random Forest,1385,0.0818568794074009,471,2464,0.37351308485329104,0.1381940549635446,1261,17830
Random Forest,1386,0.08185070163080757,471,2465,0.37351308485329104,0.13825014021312396,1261,17830
Random Forest,1387,0.08184174627035126,471,2466,0.37351308485329104,0.1383062254627033,1261,17830
Random Forest,1388,0.08183393825321468,471,2467,0.37351308485329104,0.13836231071228267,1261,17830
Random Forest,1389,0.08182686571385973,471,2468,0.37351308485329104,0.13841839596186203,1261,17830
Random Forest,1390,0.08182129991300194,471,2471,0.37351308485329104,0.1385866517106001,1261,17830
Random Forest,1391,0.08181185657701123,471,2472,0.37351308485329104,0.13864273696017948,1261,17830
Random Forest,1392,0.08179688359065401,471,2473,0.37351308485329104,0.13869882220975882,1261,17830
Random Forest,1393,0.0817966967123151,471,2474,0.37351308485329104,0.1387549074593382,1261,17830
Random Forest,1394,0.08178533961704847,477,2479,0.3782712133227597,0.139035333707235,1261,17830
Random Forest,1395,0.08178321960808517,477,2480,0.3782712133227597,0.13909141895681434,1261,17830
Random Forest,1396,0.08178172813681808,477,2482,0.3782712133227597,0.13920358945597308,1261,17830
Random Forest,1397,0.08177748055906324,477,2483,0.3782712133227597,0.13925967470555245,1261,17830
Random Forest,1398,0.08174196376631171,477,2484,0.3782712133227597,0.1393157599551318,1261,17830
Random Forest,1399,0.08173577664402144,479,2484,0.3798572561459159,0.1393157599551318,1261,17830
Random Forest,1400,0.0817351946412861,479,2486,0.3798572561459159,0.13942793045429053,1261,17830
Random Forest,1401,0.08172917140425169,479,2487,0.3798572561459159,0.1394840157038699,1261,17830
Random Forest,1402,0.08172449064967362,479,2489,0.3798572561459159,0.1395961862030286,1261,17830
Random Forest,1403,0.08172254388667445,480,2489,0.38065027755749403,0.1395961862030286,1261,17830
Random Forest,1404,0.08171091872985427,480,2490,0.38065027755749403,0.13965227145260797,1261,17830
Random Forest,1405,0.08170797374409298,480,2491,0.38065027755749403,0.13970835670218731,1261,17830
Random Forest,1406,0.08169996967079653,480,2492,0.38065027755749403,0.13976444195176668,1261,17830
Random Forest,1407,0.08169962616760575,480,2503,0.38065027755749403,0.14038137969713965,1261,17830
Random Forest,1408,0.08169512001951594,480,2504,0.38065027755749403,0.14043746494671902,1261,17830
Random Forest,1409,0.08167060373933377,480,2505,0.38065027755749403,0.14049355019629836,1261,17830
Random Forest,1410,0.08166712555786951,480,2506,0.38065027755749403,0.14054963544587773,1261,17830
Random Forest,1411,0.08166031774857581,482,2509,0.38223632038065025,0.1407178911946158,1261,17830
Random Forest,1412,0.08165875539503176,482,2510,0.38223632038065025,0.14077397644419518,1261,17830
Random Forest,1413,0.08164250966786787,483,2510,0.3830293417922284,0.14077397644419518,1261,17830
Random Forest,1414,0.08164221230410984,494,2525,0.3917525773195876,0.1416152551878856,1261,17830
Random Forest,1415,0.08163896691654388,494,2526,0.3917525773195876,0.14167134043746496,1261,17830
Random Forest,1416,0.08163531310490557,494,2527,0.3917525773195876,0.1417274256870443,1261,17830
Random Forest,1417,0.08163128921303332,494,2528,0.3917525773195876,0.14178351093662367,1261,17830
Random Forest,1418,0.08162717421229043,494,2529,0.3917525773195876,0.14183959618620304,1261,17830
Random Forest,1419,0.0816237796340009,495,2535,0.39254559873116573,0.1421761076836792,1261,17830
Random Forest,1420,0.08162307536855605,495,2536,0.39254559873116573,0.14223219293325856,1261,17830
Random Forest,1421,0.0816206641781937,495,2537,0.39254559873116573,0.1422882781828379,1261,17830
Random Forest,1422,0.0816149914069167,495,2538,0.39254559873116573,0.14234436343241727,1261,17830
Random Forest,1423,0.08161443203098867,495,2539,0.39254559873116573,0.14240044868199664,1261,17830
Random Forest,1424,0.0816101057494432,496,2540,0.39333862014274384,0.142456533931576,1261,17830
Random Forest,1425,0.08160698733362025,496,2543,0.39333862014274384,0.14262478968031408,1261,17830
Random Forest,1426,0.08160385258226002,496,2544,0.39333862014274384,0.14268087492989343,1261,17830
Random Forest,1427,0.08160222555672726,496,2545,0.39333862014274384,0.1427369601794728,1261,17830
Random Forest,1428,0.0815931902014367,496,2546,0.39333862014274384,0.14279304542905216,1261,17830
Random Forest,1429,0.08158819158082327,496,2548,0.39333862014274384,0.14290521592821087,1261,17830
Random Forest,1430,0.08158636826135056,496,2549,0.39333862014274384,0.14296130117779024,1261,17830
Random Forest,1431,0.08158472799387831,496,2550,0.39333862014274384,0.1430173864273696,1261,17830
Random Forest,1432,0.0815764958395858,496,2551,0.39333862014274384,0.14307347167694895,1261,17830
Random Forest,1433,0.08157137629446182,496,2552,0.39333862014274384,0.14312955692652832,1261,17830
Random Forest,1434,0.08152941354706517,497,2552,0.39413164155432195,0.14312955692652832,1261,17830
Random Forest,1435,0.08152392350453841,497,2553,0.39413164155432195,0.14318564217610769,1261,17830
Random Forest,1436,0.08152049756781173,497,2554,0.39413164155432195,0.14324172742568705,1261,17830
Random Forest,1437,0.08151571989636433,498,2554,0.39492466296590006,0.14324172742568705,1261,17830
Random Forest,1438,0.0815071896341549,498,2555,0.39492466296590006,0.1432978126752664,1261,17830
Random Forest,1439,0.08150673305954195,498,2556,0.39492466296590006,0.14335389792484576,1261,17830
Random Forest,1440,0.08149425753440893,498,2558,0.39492466296590006,0.1434660684240045,1261,17830
Random Forest,1441,0.08149182738991456,498,2559,0.39492466296590006,0.14352215367358384,1261,17830
Random Forest,1442,0.08149179350461387,498,2560,0.39492466296590006,0.1435782389231632,1261,17830
Random Forest,1443,0.0814819909426641,498,2561,0.39492466296590006,0.14363432417274258,1261,17830
Random Forest,1444,0.08146205309548359,498,2562,0.39492466296590006,0.14369040942232192,1261,17830
Random Forest,1445,0.08143945678435925,498,2565,0.39492466296590006,0.14385866517106002,1261,17830
Random Forest,1446,0.08143560140597636,498,2567,0.39492466296590006,0.14397083567021873,1261,17830
Random Forest,1447,0.08141297524621871,499,2568,0.3957176843774782,0.1440269209197981,1261,17830
Random Forest,1448,0.08140658957883615,500,2568,0.3965107057890563,0.1440269209197981,1261,17830
Random Forest,1449,0.08135909753633043,500,2569,0.3965107057890563,0.14408300616937744,1261,17830
Random Forest,1450,0.0813563063798225,500,2570,0.3965107057890563,0.1441390914189568,1261,17830
Random Forest,1451,0.08135415014963128,500,2573,0.3965107057890563,0.1443073471676949,1261,17830
Random Forest,1452,0.08135113022147031,500,2577,0.3965107057890563,0.14453168816601233,1261,17830
Random Forest,1453,0.0813491966777105,500,2578,0.3965107057890563,0.1445877734155917,1261,17830
Random Forest,1454,0.08134631111773187,500,2579,0.3965107057890563,0.14464385866517107,1261,17830
Random Forest,1455,0.08133755586642294,500,2580,0.3965107057890563,0.1446999439147504,1261,17830
Random Forest,1456,0.08133645433604701,500,2582,0.3965107057890563,0.14481211441390915,1261,17830
Random Forest,1457,0.081333646000066,500,2584,0.3965107057890563,0.14492428491306786,1261,17830
Random Forest,1458,0.08131058790212803,500,2585,0.3965107057890563,0.14498037016264723,1261,17830
Random Forest,1459,0.08130355760334264,500,2586,0.3965107057890563,0.1450364554122266,1261,17830
Random Forest,1460,0.08129475158111285,500,2587,0.3965107057890563,0.14509254066180594,1261,17830
Random Forest,1461,0.08129299214088545,500,2588,0.3965107057890563,0.1451486259113853,1261,17830
Random Forest,1462,0.08129230913907716,501,2593,0.3973037272006344,0.14542905215928212,1261,17830
Random Forest,1463,0.08129104702460248,501,2594,0.3973037272006344,0.14548513740886146,1261,17830
Random Forest,1464,0.08128760457272542,502,2597,0.3980967486122125,0.14565339315759956,1261,17830
Random Forest,1465,0.08128315622847625,503,2597,0.39888977002379067,0.14565339315759956,1261,17830
Random Forest,1466,0.08127279695350237,504,2597,0.3996827914353688,0.14565339315759956,1261,17830
Random Forest,1467,0.081261167812455,504,2604,0.3996827914353688,0.1460459899046551,1261,17830
Random Forest,1468,0.08125180450835573,504,2606,0.3996827914353688,0.1461581604038138,1261,17830
Random Forest,1469,0.08124784646524243,504,2607,0.3996827914353688,0.14621424565339317,1261,17830
Random Forest,1470,0.08123380250335394,504,2608,0.3996827914353688,0.1462703309029725,1261,17830
Random Forest,1471,0.08122478780967522,504,2609,0.3996827914353688,0.14632641615255187,1261,17830
Random Forest,1472,0.08121995056213324,504,2613,0.3996827914353688,0.14655075715086932,1261,17830
Random Forest,1473,0.0812093711134046,504,2615,0.3996827914353688,0.14666292765002803,1261,17830
Random Forest,1474,0.08120608064308645,504,2616,0.3996827914353688,0.1467190128996074,1261,17830
Random Forest,1475,0.08120115830888425,504,2617,0.3996827914353688,0.14677509814918677,1261,17830
Random Forest,1476,0.08118787185882476,504,2618,0.3996827914353688,0.14683118339876614,1261,17830
Random Forest,1477,0.08117185984027318,508,2621,0.4028548770816812,0.1469994391475042,1261,17830
Random Forest,1478,0.08116990037519908,508,2623,0.4028548770816812,0.14711160964666292,1261,17830
Random Forest,1479,0.0811605250792322,508,2624,0.4028548770816812,0.1471676948962423,1261,17830
Random Forest,1480,0.08115882217117944,508,2625,0.4028548770816812,0.14722378014582166,1261,17830
Random Forest,1481,0.08114890311304056,508,2627,0.4028548770816812,0.14733595064498037,1261,17830
Random Forest,1482,0.08113483640894457,508,2628,0.4028548770816812,0.14739203589455974,1261,17830
Random Forest,1483,0.08112966964056374,529,2673,0.4195083267248216,0.14991587212563096,1261,17830
Random Forest,1484,0.08112785478652154,529,2674,0.4195083267248216,0.14997195737521032,1261,17830
Random Forest,1485,0.08112526674929547,529,2675,0.4195083267248216,0.1500280426247897,1261,17830
Random Forest,1486,0.08112189316357918,529,2678,0.4195083267248216,0.15019629837352777,1261,17830
Random Forest,1487,0.08111362306966559,529,2679,0.4195083267248216,0.1502523836231071,1261,17830
Random Forest,1488,0.08111123697045482,529,2680,0.4195083267248216,0.15030846887268648,1261,17830
Random Forest,1489,0.08110831880853181,529,2681,0.4195083267248216,0.15036455412226585,1261,17830
Random Forest,1490,0.08110645054537605,530,2683,0.4203013481363997,0.15047672462142456,1261,17830
Random Forest,1491,0.08109313152598883,530,2688,0.4203013481363997,0.15075715086932137,1261,17830
Random Forest,1492,0.08108040222496059,530,2689,0.4203013481363997,0.15081323611890074,1261,17830
Random Forest,1493,0.0810769180380228,530,2690,0.4203013481363997,0.15086932136848008,1261,17830
Random Forest,1494,0.08107406984593321,530,2691,0.4203013481363997,0.15092540661805945,1261,17830
Random Forest,1495,0.08106875254595552,530,2692,0.4203013481363997,0.15098149186763882,1261,17830
Random Forest,1496,0.08105568063262117,531,2695,0.4210943695479778,0.1511497476163769,1261,17830
Random Forest,1497,0.08104417993162032,531,2696,0.4210943695479778,0.15120583286595626,1261,17830
Random Forest,1498,0.08104332799161486,532,2696,0.4218873909595559,0.15120583286595626,1261,17830
Random Forest,1499,0.08102439420446675,532,2697,0.4218873909595559,0.1512619181155356,1261,17830
Random Forest,1500,0.08101812844681397,532,2699,0.4218873909595559,0.15137408861469434,1261,17830
Random Forest,1501,0.08101675721248353,532,2701,0.4218873909595559,0.15148625911385305,1261,17830
Random Forest,1502,0.08101032268866368,532,2702,0.4218873909595559,0.15154234436343242,1261,17830
Random Forest,1503,0.08100765876784499,532,2703,0.4218873909595559,0.1515984296130118,1261,17830
Random Forest,1504,0.08099547506686815,532,2704,0.4218873909595559,0.15165451486259113,1261,17830
Random Forest,1505,0.08098825810653706,532,2705,0.4218873909595559,0.1517106001121705,1261,17830
Random Forest,1506,0.08096822691500502,532,2706,0.4218873909595559,0.15176668536174986,1261,17830
Random Forest,1507,0.08096563005996432,532,2707,0.4218873909595559,0.15182277061132923,1261,17830
Random Forest,1508,0.08094520517054245,532,2708,0.4218873909595559,0.15187885586090857,1261,17830
Random Forest,1509,0.08094224394314989,532,2710,0.4218873909595559,0.1519910263600673,1261,17830
Random Forest,1510,0.08093205784245394,532,2711,0.4218873909595559,0.15204711160964665,1261,17830
Random Forest,1511,0.08090043258267261,532,2712,0.4218873909595559,0.15210319685922602,1261,17830
Random Forest,1512,0.08089395389579844,532,2713,0.4218873909595559,0.1521592821088054,1261,17830
Random Forest,1513,0.08089358351340888,533,2717,0.422680412371134,0.15238362310712283,1261,17830
Random Forest,1514,0.08087998298054165,533,2718,0.422680412371134,0.15243970835670217,1261,17830
Random Forest,1515,0.08085902594755305,533,2721,0.422680412371134,0.15260796410544028,1261,17830
Random Forest,1516,0.08085560314174207,533,2722,0.422680412371134,0.15266404935501962,1261,17830
Random Forest,1517,0.080852257066882,533,2723,0.422680412371134,0.152720134604599,1261,17830
Random Forest,1518,0.08084303388463931,533,2724,0.422680412371134,0.15277621985417836,1261,17830
Random Forest,1519,0.08083706889756039,533,2725,0.422680412371134,0.1528323051037577,1261,17830
Random Forest,1520,0.08083187009066485,533,2726,0.422680412371134,0.15288839035333707,1261,17830
Random Forest,1521,0.08082845456738488,533,2727,0.422680412371134,0.15294447560291644,1261,17830
Random Forest,1522,0.08082114844440419,534,2727,0.4234734337827121,0.15294447560291644,1261,17830
Random Forest,1523,0.08081229906383462,534,2728,0.4234734337827121,0.1530005608524958,1261,17830
Random Forest,1524,0.0807931299694641,534,2729,0.4234734337827121,0.15305664610207514,1261,17830
Random Forest,1525,0.08077671695496441,534,2731,0.4234734337827121,0.15316881660123388,1261,17830
Random Forest,1526,0.08077566715661101,534,2733,0.4234734337827121,0.1532809871003926,1261,17830
Random Forest,1527,0.08077541890634364,534,2746,0.4234734337827121,0.1540100953449243,1261,17830
Random Forest,1528,0.08076364843764033,534,2747,0.4234734337827121,0.15406618059450364,1261,17830
Random Forest,1529,0.08076155820877871,534,2748,0.4234734337827121,0.154122265844083,1261,17830
Random Forest,1530,0.08075438688111079,534,2762,0.4234734337827121,0.15490745933819405,1261,17830
Random Forest,1531,0.0807448006380233,534,2763,0.4234734337827121,0.15496354458777342,1261,17830
Random Forest,1532,0.08072871045431843,534,2765,0.4234734337827121,0.15507571508693213,1261,17830
Random Forest,1533,0.08071435969660114,534,2766,0.4234734337827121,0.1551318003365115,1261,17830
Random Forest,1534,0.08071308948698772,534,2767,0.4234734337827121,0.15518788558609087,1261,17830
Random Forest,1535,0.08069201633891515,534,2768,0.4234734337827121,0.1552439708356702,1261,17830
Random Forest,1536,0.0806896814754171,535,2768,0.42426645519429024,0.1552439708356702,1261,17830
Random Forest,1537,0.08068706837487359,535,2769,0.42426645519429024,0.15530005608524958,1261,17830
Random Forest,1538,0.08067593915959687,535,2770,0.42426645519429024,0.15535614133482895,1261,17830
Random Forest,1539,0.08067509141920191,535,2773,0.42426645519429024,0.15552439708356702,1261,17830
Random Forest,1540,0.08064876997101561,535,2774,0.42426645519429024,0.1555804823331464,1261,17830
Random Forest,1541,0.08064016957159752,535,2775,0.42426645519429024,0.15563656758272573,1261,17830
Random Forest,1542,0.08063533626160595,535,2776,0.42426645519429024,0.1556926528323051,1261,17830
Random Forest,1543,0.0806332074511999,535,2777,0.42426645519429024,0.15574873808188447,1261,17830
Random Forest,1544,0.08062414246054649,535,2779,0.42426645519429024,0.15586090858104318,1261,17830
Random Forest,1545,0.08061145815938071,535,2780,0.42426645519429024,0.15591699383062255,1261,17830
Random Forest,1546,0.08059928549934085,535,2781,0.42426645519429024,0.15597307908020192,1261,17830
Random Forest,1547,0.08058864685060009,535,2782,0.42426645519429024,0.15602916432978126,1261,17830
Random Forest,1548,0.08058844825208708,536,2782,0.42505947660586835,0.15602916432978126,1261,17830
Random Forest,1549,0.08058308165470747,536,2783,0.42505947660586835,0.15608524957936062,1261,17830
Random Forest,1550,0.08058157575231274,536,2786,0.42505947660586835,0.1562535053280987,1261,17830
Random Forest,1551,0.08058058886244274,537,2787,0.42585249801744646,0.15630959057767807,1261,17830
Random Forest,1552,0.08057909144164774,537,2788,0.42585249801744646,0.15636567582725744,1261,17830
Random Forest,1553,0.08056283884295663,537,2789,0.42585249801744646,0.15642176107683678,1261,17830
Random Forest,1554,0.08054964017260598,537,2790,0.42585249801744646,0.15647784632641615,1261,17830
Random Forest,1555,0.08053078532806875,538,2792,0.42664551942902457,0.15659001682557488,1261,17830
Random Forest,1556,0.08053000237992002,538,2793,0.42664551942902457,0.15664610207515423,1261,17830
Random Forest,1557,0.08052950111112646,539,2793,0.4274385408406027,0.15664610207515423,1261,17830
Random Forest,1558,0.08051458488329155,539,2794,0.4274385408406027,0.1567021873247336,1261,17830
Random Forest,1559,0.08051276499223566,539,2795,0.4274385408406027,0.15675827257431296,1261,17830
Random Forest,1560,0.08050089533249077,540,2802,0.4282315622521808,0.15715086932136849,1261,17830
Random Forest,1561,0.0804949841443076,540,2803,0.4282315622521808,0.15720695457094785,1261,17830
Random Forest,1562,0.08048861219923446,541,2803,0.4290245836637589,0.15720695457094785,1261,17830
Random Forest,1563,0.08048622056901504,541,2804,0.4290245836637589,0.1572630398205272,1261,17830
Random Forest,1564,0.08048610910447146,543,2807,0.43061062648691517,0.15743129556926527,1261,17830
Random Forest,1565,0.08048028587036361,543,2808,0.43061062648691517,0.15748738081884464,1261,17830
Random Forest,1566,0.08047611055424651,544,2812,0.4314036478984933,0.1577117218171621,1261,17830
Random Forest,1567,0.08047025922504085,544,2813,0.4314036478984933,0.15776780706674146,1261,17830
Random Forest,1568,0.08046435344687689,544,2814,0.4314036478984933,0.1578238923163208,1261,17830
Random Forest,1569,0.0804586805435518,544,2816,0.4314036478984933,0.15793606281547953,1261,17830
Random Forest,1570,0.08044670210170574,544,2818,0.4314036478984933,0.15804823331463824,1261,17830
Random Forest,1571,0.08043145997109784,544,2819,0.4314036478984933,0.1581043185642176,1261,17830
Random Forest,1572,0.08042345402612466,544,2820,0.4314036478984933,0.15816040381379698,1261,17830
Random Forest,1573,0.08042160030633687,544,2826,0.4314036478984933,0.15849691531127313,1261,17830
Random Forest,1574,0.0804038034750993,544,2827,0.4314036478984933,0.1585530005608525,1261,17830
Random Forest,1575,0.08039937081760128,544,2828,0.4314036478984933,0.15860908581043184,1261,17830
Random Forest,1576,0.08039025041066333,544,2829,0.4314036478984933,0.1586651710600112,1261,17830
Random Forest,1577,0.08037032261198145,545,2829,0.4321966693100714,0.1586651710600112,1261,17830
Random Forest,1578,0.08036991645061362,545,2830,0.4321966693100714,0.15872125630959058,1261,17830
Random Forest,1579,0.08036228256745925,546,2830,0.4329896907216495,0.15872125630959058,1261,17830
Random Forest,1580,0.08035977444751814,546,2832,0.4329896907216495,0.1588334268087493,1261,17830
Random Forest,1581,0.08033961828053962,546,2835,0.4329896907216495,0.15900168255748737,1261,17830
Random Forest,1582,0.08033879971686815,546,2836,0.4329896907216495,0.15905776780706674,1261,17830
Random Forest,1583,0.08032616927757884,546,2837,0.4329896907216495,0.1591138530566461,1261,17830
Random Forest,1584,0.08032299495478383,546,2838,0.4329896907216495,0.15916993830622547,1261,17830
Random Forest,1585,0.08031623428579757,546,2839,0.4329896907216495,0.1592260235558048,1261,17830
Random Forest,1586,0.08031231152930843,546,2840,0.4329896907216495,0.15928210880538418,1261,17830
Random Forest,1587,0.0803070608512078,546,2841,0.4329896907216495,0.15933819405496355,1261,17830
Random Forest,1588,0.08029920573727854,546,2842,0.4329896907216495,0.15939427930454292,1261,17830
Random Forest,1589,0.08029564413473962,546,2843,0.4329896907216495,0.15945036455412226,1261,17830
Random Forest,1590,0.08028275263906207,547,2843,0.4337827121332276,0.15945036455412226,1261,17830
Random Forest,1591,0.08027379729469492,547,2845,0.4337827121332276,0.159562535053281,1261,17830
Random Forest,1592,0.0802730182555404,548,2845,0.4345757335448057,0.159562535053281,1261,17830
Random Forest,1593,0.08026067616216066,548,2846,0.4345757335448057,0.15961862030286034,1261,17830
Random Forest,1594,0.08025954455572791,548,2847,0.4345757335448057,0.1596747055524397,1261,17830
Random Forest,1595,0.08021439914138999,548,2848,0.4345757335448057,0.15973079080201907,1261,17830
Random Forest,1596,0.08020287034727154,548,2850,0.4345757335448057,0.15984296130117778,1261,17830
Random Forest,1597,0.08019502702183194,548,2851,0.4345757335448057,0.15989904655075715,1261,17830
Random Forest,1598,0.08019019025348553,548,2853,0.4345757335448057,0.16001121704991586,1261,17830
Random Forest,1599,0.08017688237090616,548,2854,0.4345757335448057,0.16006730229949523,1261,17830
Random Forest,1600,0.0801711829993286,548,2855,0.4345757335448057,0.1601233875490746,1261,17830
Random Forest,1601,0.0801676938249844,549,2861,0.43536875495638383,0.16045989904655075,1261,17830
Random Forest,1602,0.08016415800599382,549,2862,0.43536875495638383,0.16051598429613012,1261,17830
Random Forest,1603,0.0801621085263013,549,2863,0.43536875495638383,0.1605720695457095,1261,17830
Random Forest,1604,0.08013576167387454,549,2864,0.43536875495638383,0.16062815479528883,1261,17830
Random Forest,1605,0.08013327334352917,549,2865,0.43536875495638383,0.1606842400448682,1261,17830
Random Forest,1606,0.08013056263002039,549,2866,0.43536875495638383,0.16074032529444757,1261,17830
Random Forest,1607,0.08011216819954926,549,2867,0.43536875495638383,0.1607964105440269,1261,17830
Random Forest,1608,0.08010445282255897,549,2868,0.43536875495638383,0.16085249579360628,1261,17830
Random Forest,1609,0.08007647392694736,549,2869,0.43536875495638383,0.16090858104318564,1261,17830
Random Forest,1610,0.0800754847786361,549,2870,0.43536875495638383,0.160964666292765,1261,17830
Random Forest,1611,0.08007244893663264,549,2871,0.43536875495638383,0.16102075154234435,1261,17830
Random Forest,1612,0.08006082791352949,549,2872,0.43536875495638383,0.16107683679192372,1261,17830
Random Forest,1613,0.08006041675212988,549,2874,0.43536875495638383,0.16118900729108246,1261,17830
Random Forest,1614,0.08004797879834177,549,2875,0.43536875495638383,0.1612450925406618,1261,17830
Random Forest,1615,0.08004707131413819,549,2876,0.43536875495638383,0.16130117779024117,1261,17830
Random Forest,1616,0.08003912779879192,549,2877,0.43536875495638383,0.16135726303982054,1261,17830
Random Forest,1617,0.08002090076229335,549,2878,0.43536875495638383,0.16141334828939988,1261,17830
Random Forest,1618,0.08001742001615386,550,2878,0.43616177636796194,0.16141334828939988,1261,17830
Random Forest,1619,0.0800081398143911,550,2879,0.43616177636796194,0.16146943353897925,1261,17830
Random Forest,1620,0.07999419997271431,550,2880,0.43616177636796194,0.16152551878855861,1261,17830
Random Forest,1621,0.07998964107460965,550,2881,0.43616177636796194,0.16158160403813798,1261,17830
Random Forest,1622,0.07996963423096663,550,2882,0.43616177636796194,0.16163768928771732,1261,17830
Random Forest,1623,0.07996095319559442,550,2883,0.43616177636796194,0.1616937745372967,1261,17830
Random Forest,1624,0.07992772854285947,550,2884,0.43616177636796194,0.16174985978687606,1261,17830
Random Forest,1625,0.07992383665217898,550,2886,0.43616177636796194,0.16186203028603477,1261,17830
Random Forest,1626,0.07991487328230093,550,2891,0.43616177636796194,0.16214245653393158,1261,17830
Random Forest,1627,0.07991159828648497,550,2892,0.43616177636796194,0.16219854178351092,1261,17830
Random Forest,1628,0.07989466757551894,550,2893,0.43616177636796194,0.1622546270330903,1261,17830
Random Forest,1629,0.07987837822901148,550,2894,0.43616177636796194,0.16231071228266966,1261,17830
Random Forest,1630,0.07984788673497702,550,2895,0.43616177636796194,0.16236679753224903,1261,17830
Random Forest,1631,0.07984387249506769,551,2895,0.43695479777954005,0.16236679753224903,1261,17830
Random Forest,1632,0.07984251644952255,552,2895,0.43774781919111816,0.16236679753224903,1261,17830
Random Forest,1633,0.0798303584422257,554,2902,0.4393338620142744,0.16275939427930455,1261,17830
Random Forest,1634,0.07982215918026948,554,2903,0.4393338620142744,0.1628154795288839,1261,17830
Random Forest,1635,0.07980843229405835,554,2904,0.4393338620142744,0.16287156477846326,1261,17830
Random Forest,1636,0.07979156541092144,554,2905,0.4393338620142744,0.16292765002804263,1261,17830
Random Forest,1637,0.07978851822291542,554,2906,0.4393338620142744,0.16298373527762197,1261,17830
Random Forest,1638,0.07978317731780041,554,2907,0.4393338620142744,0.16303982052720134,1261,17830
Random Forest,1639,0.07978017302991096,554,2910,0.4393338620142744,0.16320807627593942,1261,17830
Random Forest,1640,0.07976162423211017,554,2914,0.4393338620142744,0.16343241727425686,1261,17830
Random Forest,1641,0.07975754225528027,554,2915,0.4393338620142744,0.16348850252383623,1261,17830
Random Forest,1642,0.07975367057921336,554,2916,0.4393338620142744,0.1635445877734156,1261,17830
Random Forest,1643,0.07975347875323575,554,2917,0.4393338620142744,0.16360067302299494,1261,17830
Random Forest,1644,0.07975159128340677,554,2918,0.4393338620142744,0.1636567582725743,1261,17830
Random Forest,1645,0.07974775720226018,554,2919,0.4393338620142744,0.16371284352215368,1261,17830
Random Forest,1646,0.07974700189218181,555,2920,0.4401268834258525,0.16376892877173305,1261,17830
Random Forest,1647,0.07974668504683141,555,2921,0.4401268834258525,0.1638250140213124,1261,17830
Random Forest,1648,0.0797436164769987,555,2922,0.4401268834258525,0.16388109927089176,1261,17830
Random Forest,1649,0.07973705065847023,555,2924,0.4401268834258525,0.16399326977005046,1261,17830
Random Forest,1650,0.0797300280541486,556,2924,0.4409199048374306,0.16399326977005046,1261,17830
Random Forest,1651,0.07972183219834968,556,2929,0.4409199048374306,0.16427369601794728,1261,17830
Random Forest,1652,0.07971860887893546,556,2930,0.4409199048374306,0.16432978126752665,1261,17830
Random Forest,1653,0.0797114792563478,556,2932,0.4409199048374306,0.16444195176668536,1261,17830
Random Forest,1654,0.0797043489166181,556,2933,0.4409199048374306,0.16449803701626473,1261,17830
Random Forest,1655,0.07967903186733086,557,2935,0.4417129262490087,0.16461020751542343,1261,17830
Random Forest,1656,0.07967896809317597,557,2936,0.4417129262490087,0.1646662927650028,1261,17830
Random Forest,1657,0.0796573012707207,557,2937,0.4417129262490087,0.16472237801458217,1261,17830
Random Forest,1658,0.0796446586039564,557,2938,0.4417129262490087,0.1647784632641615,1261,17830
Random Forest,1659,0.07964115922353385,557,2939,0.4417129262490087,0.16483454851374088,1261,17830
Random Forest,1660,0.07964107996370046,557,2940,0.4417129262490087,0.16489063376332025,1261,17830
Random Forest,1661,0.07963704571697233,558,2940,0.4425059476605868,0.16489063376332025,1261,17830
Random Forest,1662,0.07962704635000167,558,2941,0.4425059476605868,0.16494671901289962,1261,17830
Random Forest,1663,0.07961849691917153,558,2946,0.4425059476605868,0.1652271452607964,1261,17830
Random Forest,1664,0.07961311383983778,558,2947,0.4425059476605868,0.16528323051037577,1261,17830
Random Forest,1665,0.07959261076494227,558,2948,0.4425059476605868,0.16533931575995514,1261,17830
Random Forest,1666,0.0795733528633233,558,2949,0.4425059476605868,0.16539540100953448,1261,17830
Random Forest,1667,0.07955676289773561,558,2950,0.4425059476605868,0.16545148625911385,1261,17830
Random Forest,1668,0.07955633650539436,559,2955,0.44329896907216493,0.16573191250701066,1261,17830
Random Forest,1669,0.07955349549306094,559,2956,0.44329896907216493,0.16578799775659,1261,17830
Random Forest,1670,0.07954277117197138,559,2957,0.44329896907216493,0.16584408300616937,1261,17830
Random Forest,1671,0.0795309205884501,559,2963,0.44329896907216493,0.16618059450364553,1261,17830
Random Forest,1672,0.07952230054564062,559,2964,0.44329896907216493,0.1662366797532249,1261,17830
Random Forest,1673,0.07951479408181586,559,2965,0.44329896907216493,0.16629276500280427,1261,17830
Random Forest,1674,0.07950473956615593,559,2968,0.44329896907216493,0.16646102075154234,1261,17830
Random Forest,1675,0.07950010468172973,559,2969,0.44329896907216493,0.1665171060011217,1261,17830
Random Forest,1676,0.07948991125697917,559,2970,0.44329896907216493,0.16657319125070105,1261,17830
Random Forest,1677,0.07948222756526775,559,2972,0.44329896907216493,0.1666853617498598,1261,17830
Random Forest,1678,0.07946132199375316,559,2973,0.44329896907216493,0.16674144699943916,1261,17830
Random Forest,1679,0.07945095909428597,559,2974,0.44329896907216493,0.1667975322490185,1261,17830
Random Forest,1680,0.07943383182376093,559,2975,0.44329896907216493,0.16685361749859787,1261,17830
Random Forest,1681,0.07943154713739968,560,2975,0.44409199048374304,0.16685361749859787,1261,17830
Random Forest,1682,0.07942910389449649,560,2976,0.44409199048374304,0.16690970274817724,1261,17830
Random Forest,1683,0.0794200826186524,560,2977,0.44409199048374304,0.16696578799775658,1261,17830
Random Forest,1684,0.07941232579987996,560,2978,0.44409199048374304,0.16702187324733594,1261,17830
Random Forest,1685,0.07940784697845318,560,2979,0.44409199048374304,0.1670779584969153,1261,17830
Random Forest,1686,0.0794078086590812,560,2980,0.44409199048374304,0.16713404374649468,1261,17830
Random Forest,1687,0.07938044986919737,560,2981,0.44409199048374304,0.16719012899607402,1261,17830
Random Forest,1688,0.07937604916984092,560,2982,0.44409199048374304,0.1672462142456534,1261,17830
Random Forest,1689,0.07936642560259952,560,2983,0.44409199048374304,0.16730229949523276,1261,17830
Random Forest,1690,0.07933527389451722,560,2987,0.44409199048374304,0.1675266404935502,1261,17830
Random Forest,1691,0.07932456695377134,560,2988,0.44409199048374304,0.16758272574312955,1261,17830
Random Forest,1692,0.07932395846127438,561,2989,0.44488501189532115,0.16763881099270891,1261,17830
Random Forest,1693,0.07931781577867962,561,2991,0.44488501189532115,0.16775098149186765,1261,17830
Random Forest,1694,0.07930235129648386,561,2992,0.44488501189532115,0.167807066741447,1261,17830
Random Forest,1695,0.07929259493969118,564,3005,0.44726407613005553,0.1685361749859787,1261,17830
Random Forest,1696,0.0792881508501684,564,3006,0.44726407613005553,0.16859226023555804,1261,17830
Random Forest,1697,0.07928655456585752,564,3007,0.44726407613005553,0.1686483454851374,1261,17830
Random Forest,1698,0.0792829513885249,564,3008,0.44726407613005553,0.16870443073471678,1261,17830
Random Forest,1699,0.07928028476980374,564,3009,0.44726407613005553,0.16876051598429612,1261,17830
Random Forest,1700,0.07927163614052644,564,3010,0.44726407613005553,0.16881660123387549,1261,17830
Random Forest,1701,0.07926928881973105,564,3011,0.44726407613005553,0.16887268648345485,1261,17830
Random Forest,1702,0.0792624958483844,564,3012,0.44726407613005553,0.16892877173303422,1261,17830
Random Forest,1703,0.07924754281947481,564,3013,0.44726407613005553,0.16898485698261356,1261,17830
Random Forest,1704,0.07924229155734096,565,3022,0.44805709754163364,0.16948962422882782,1261,17830
Random Forest,1705,0.07923891895016365,565,3023,0.44805709754163364,0.1695457094784072,1261,17830
Random Forest,1706,0.0792309761240981,565,3024,0.44805709754163364,0.16960179472798653,1261,17830
Random Forest,1707,0.0792254318182484,565,3025,0.44805709754163364,0.1696578799775659,1261,17830
Random Forest,1708,0.0792224327615021,565,3026,0.44805709754163364,0.16971396522714527,1261,17830
Random Forest,1709,0.07922233329007786,565,3027,0.44805709754163364,0.1697700504767246,1261,17830
Random Forest,1710,0.07921387969815594,565,3029,0.44805709754163364,0.16988222097588335,1261,17830
Random Forest,1711,0.07921232659957983,565,3030,0.44805709754163364,0.16993830622546272,1261,17830
Random Forest,1712,0.07920957339083928,566,3033,0.44885011895321175,0.1701065619742008,1261,17830
Random Forest,1713,0.07919516851299212,566,3034,0.44885011895321175,0.17016264722378013,1261,17830
Random Forest,1714,0.0791921465815786,566,3041,0.44885011895321175,0.17055524397083566,1261,17830
Random Forest,1715,0.0791915387517203,566,3043,0.44885011895321175,0.1706674144699944,1261,17830
Random Forest,1716,0.07918716475980374,566,3044,0.44885011895321175,0.17072349971957376,1261,17830
Random Forest,1717,0.07917768315546979,566,3045,0.44885011895321175,0.1707795849691531,1261,17830
Random Forest,1718,0.0791676850882917,566,3046,0.44885011895321175,0.17083567021873247,1261,17830
Random Forest,1719,0.07916537282597949,566,3047,0.44885011895321175,0.17089175546831184,1261,17830
Random Forest,1720,0.07916514324518736,566,3048,0.44885011895321175,0.17094784071789118,1261,17830
Random Forest,1721,0.0791497017053847,566,3049,0.44885011895321175,0.17100392596747055,1261,17830
Random Forest,1722,0.07913928270135409,567,3049,0.44964314036478986,0.17100392596747055,1261,17830
Random Forest,1723,0.07913477473539034,567,3050,0.44964314036478986,0.17106001121704992,1261,17830
Random Forest,1724,0.07912775266082538,567,3051,0.44964314036478986,0.17111609646662929,1261,17830
Random Forest,1725,0.0791266366237349,567,3052,0.44964314036478986,0.17117218171620863,1261,17830
Random Forest,1726,0.07912450305342623,568,3063,0.45043616177636797,0.1717891194615816,1261,17830
Random Forest,1727,0.07911912026375996,568,3064,0.45043616177636797,0.17184520471116096,1261,17830
Random Forest,1728,0.07911680877860176,568,3065,0.45043616177636797,0.17190128996074033,1261,17830
Random Forest,1729,0.07910595425562543,568,3071,0.45043616177636797,0.1722378014582165,1261,17830
Random Forest,1730,0.07909916424440232,570,3117,0.4520222045995242,0.17481772293886708,1261,17830
Random Forest,1731,0.07908784881115946,571,3127,0.4528152260111023,0.17537857543466068,1261,17830
Random Forest,1732,0.07907775428810826,571,3129,0.4528152260111023,0.17549074593381941,1261,17830
Random Forest,1733,0.07906611444452757,571,3130,0.4528152260111023,0.17554683118339875,1261,17830
Random Forest,1734,0.07906082794648224,571,3131,0.4528152260111023,0.17560291643297812,1261,17830
Random Forest,1735,0.0790499108179154,571,3132,0.4528152260111023,0.1756590016825575,1261,17830
Random Forest,1736,0.07903443409812891,571,3133,0.4528152260111023,0.17571508693213686,1261,17830
Random Forest,1737,0.07902189958385762,571,3134,0.4528152260111023,0.1757711721817162,1261,17830
Random Forest,1738,0.07901431861282686,571,3139,0.4528152260111023,0.17605159842961302,1261,17830
Random Forest,1739,0.07901159062534602,571,3140,0.4528152260111023,0.17610768367919238,1261,17830
Random Forest,1740,0.07900787119587162,571,3141,0.4528152260111023,0.17616376892877172,1261,17830
Random Forest,1741,0.07898833053487148,571,3142,0.4528152260111023,0.1762198541783511,1261,17830
Random Forest,1742,0.07898649813843493,571,3144,0.4528152260111023,0.1763320246775098,1261,17830
Random Forest,1743,0.07898055405788691,571,3146,0.4528152260111023,0.17644419517666854,1261,17830
Random Forest,1744,0.07897942584876741,572,3147,0.4536082474226804,0.1765002804262479,1261,17830
Random Forest,1745,0.07895845927026486,572,3148,0.4536082474226804,0.17655636567582725,1261,17830
Random Forest,1746,0.07895415921855813,572,3149,0.4536082474226804,0.17661245092540662,1261,17830
Random Forest,1747,0.0789480829176496,572,3150,0.4536082474226804,0.17666853617498599,1261,17830
Random Forest,1748,0.07893328588804142,572,3152,0.4536082474226804,0.1767807066741447,1261,17830
Random Forest,1749,0.0789317266856046,572,3153,0.4536082474226804,0.17683679192372406,1261,17830
Random Forest,1750,0.07891690695110556,572,3154,0.4536082474226804,0.17689287717330343,1261,17830
Random Forest,1751,0.07891307035916063,572,3157,0.4536082474226804,0.1770611329220415,1261,17830
Random Forest,1752,0.07888979847101467,572,3158,0.4536082474226804,0.17711721817162088,1261,17830
Random Forest,1753,0.07887782633911998,574,3164,0.45519429024583663,0.17745372966909703,1261,17830
Random Forest,1754,0.07887168161334535,574,3165,0.45519429024583663,0.1775098149186764,1261,17830
Random Forest,1755,0.07886992718651119,574,3167,0.45519429024583663,0.1776219854178351,1261,17830
Random Forest,1756,0.07886607962144257,574,3168,0.45519429024583663,0.17767807066741448,1261,17830
Random Forest,1757,0.07885861175326833,574,3170,0.45519429024583663,0.1777902411665732,1261,17830
Random Forest,1758,0.07883859740572889,574,3171,0.45519429024583663,0.17784632641615256,1261,17830
Random Forest,1759,0.0788334209707867,574,3172,0.45519429024583663,0.17790241166573192,1261,17830
Random Forest,1760,0.07882096069764241,574,3173,0.45519429024583663,0.17795849691531127,1261,17830
Random Forest,1761,0.07880923924646095,574,3174,0.45519429024583663,0.17801458216489063,1261,17830
Random Forest,1762,0.07880462578650517,574,3178,0.45519429024583663,0.17823892316320808,1261,17830
Random Forest,1763,0.07877907477601905,574,3183,0.45519429024583663,0.17851934941110487,1261,17830
Random Forest,1764,0.07876179391336348,574,3184,0.45519429024583663,0.17857543466068423,1261,17830
Random Forest,1765,0.07875387298088453,574,3185,0.45519429024583663,0.1786315199102636,1261,17830
Random Forest,1766,0.07874505551397473,574,3186,0.45519429024583663,0.17868760515984297,1261,17830
Random Forest,1767,0.07874333445026477,574,3188,0.45519429024583663,0.17879977565900168,1261,17830
Random Forest,1768,0.07873191369578372,574,3189,0.45519429024583663,0.17885586090858105,1261,17830
Random Forest,1769,0.07872974889379487,574,3190,0.45519429024583663,0.17891194615816042,1261,17830
Random Forest,1770,0.07872339597465412,574,3191,0.45519429024583663,0.17896803140773976,1261,17830
Random Forest,1771,0.0787199540082242,574,3197,0.45519429024583663,0.17930454290521594,1261,17830
Random Forest,1772,0.07871164344932889,576,3202,0.45678033306899285,0.17958496915311273,1261,17830
Random Forest,1773,0.07870887516730662,576,3203,0.45678033306899285,0.1796410544026921,1261,17830
Random Forest,1774,0.07870827084215158,577,3203,0.45757335448057096,0.1796410544026921,1261,17830
Random Forest,1775,0.07870736628683304,578,3216,0.45836637589214907,0.18037016264722378,1261,17830
Random Forest,1776,0.07870685589595257,578,3217,0.45836637589214907,0.18042624789680314,1261,17830
Random Forest,1777,0.07870132591299939,578,3218,0.45836637589214907,0.1804823331463825,1261,17830
Random Forest,1778,0.07869124849332232,578,3219,0.45836637589214907,0.18053841839596185,1261,17830
Random Forest,1779,0.07868393784537622,578,3220,0.45836637589214907,0.18059450364554122,1261,17830
Random Forest,1780,0.07867960391803251,578,3221,0.45836637589214907,0.1806505888951206,1261,17830
Random Forest,1781,0.07866149847356653,578,3222,0.45836637589214907,0.18070667414469993,1261,17830
Random Forest,1782,0.07866089064370824,580,3244,0.4599524187153053,0.18194054963544587,1261,17830
Random Forest,1783,0.07865744399631731,580,3245,0.4599524187153053,0.18199663488502524,1261,17830
Random Forest,1784,0.0786494692049292,580,3246,0.4599524187153053,0.1820527201346046,1261,17830
Random Forest,1785,0.0786486414853652,580,3247,0.4599524187153053,0.18210880538418395,1261,17830
Random Forest,1786,0.07863883714344444,580,3248,0.4599524187153053,0.18216489063376332,1261,17830
Random Forest,1787,0.07863854678530775,580,3250,0.4599524187153053,0.18227706113292205,1261,17830
Random Forest,1788,0.07863638618922428,580,3251,0.4599524187153053,0.1823331463825014,1261,17830
Random Forest,1789,0.07862468294957706,581,3252,0.4607454401268834,0.18238923163208076,1261,17830
Random Forest,1790,0.07860841998605618,582,3259,0.46153846153846156,0.18278182837913629,1261,17830
Random Forest,1791,0.07860360836660898,582,3260,0.46153846153846156,0.18283791362871565,1261,17830
Random Forest,1792,0.07858664158269187,582,3261,0.46153846153846156,0.18289399887829502,1261,17830
Random Forest,1793,0.07858662158085623,584,3272,0.4631245043616178,0.18351093662366796,1261,17830
Random Forest,1794,0.07858433023390148,584,3274,0.4631245043616178,0.1836231071228267,1261,17830
Random Forest,1795,0.07857530614761338,585,3294,0.4639175257731959,0.1847448121144139,1261,17830
Random Forest,1796,0.07856851613639025,588,3336,0.4662965900079302,0.18710039259674704,1261,17830
Random Forest,1797,0.07855797875786287,588,3337,0.4662965900079302,0.1871564778463264,1261,17830
Random Forest,1798,0.0785495460825322,588,3338,0.4662965900079302,0.18721256309590578,1261,17830
Random Forest,1799,0.07854129523919715,589,3342,0.46708961141950833,0.18743690409422323,1261,17830
Random Forest,1800,0.07853503346229647,589,3343,0.46708961141950833,0.18749298934380257,1261,17830
Random Forest,1801,0.07852486607022843,590,3343,0.46788263283108644,0.18749298934380257,1261,17830
Random Forest,1802,0.07851298400558082,590,3345,0.46788263283108644,0.1876051598429613,1261,17830
Random Forest,1803,0.07851041714681382,590,3346,0.46788263283108644,0.18766124509254067,1261,17830
Random Forest,1804,0.07848896449866448,590,3347,0.46788263283108644,0.18771733034212001,1261,17830
Random Forest,1805,0.0784790740005543,590,3349,0.46788263283108644,0.18782950084127875,1261,17830
Random Forest,1806,0.07847903378426045,591,3349,0.46867565424266455,0.18782950084127875,1261,17830
Random Forest,1807,0.0784683184083274,592,3349,0.46946867565424266,0.18782950084127875,1261,17830
Random Forest,1808,0.07846462624034277,592,3350,0.46946867565424266,0.1878855860908581,1261,17830
Random Forest,1809,0.07846239371953315,592,3351,0.46946867565424266,0.18794167134043746,1261,17830
Random Forest,1810,0.07845439492147803,592,3352,0.46946867565424266,0.18799775659001683,1261,17830
Random Forest,1811,0.07844877774075534,594,3360,0.4710547184773989,0.18844643858665172,1261,17830
Random Forest,1812,0.0784449425860931,594,3361,0.4710547184773989,0.18850252383623106,1261,17830
Random Forest,1813,0.07844205112512019,594,3362,0.4710547184773989,0.18855860908581043,1261,17830
Random Forest,1814,0.07843317861638105,594,3364,0.4710547184773989,0.18867077958496914,1261,17830
Random Forest,1815,0.07842433582460244,594,3365,0.4710547184773989,0.1887268648345485,1261,17830
Random Forest,1816,0.07841743480963755,594,3367,0.4710547184773989,0.18883903533370724,1261,17830
Random Forest,1817,0.07841278871087523,594,3368,0.4710547184773989,0.18889512058328659,1261,17830
Random Forest,1818,0.07841017901077377,594,3369,0.4710547184773989,0.18895120583286595,1261,17830
Random Forest,1819,0.0784003949878381,594,3370,0.4710547184773989,0.18900729108244532,1261,17830
Random Forest,1820,0.07839850528176898,594,3371,0.4710547184773989,0.1890633763320247,1261,17830
Random Forest,1821,0.07839775321518756,594,3373,0.4710547184773989,0.1891755468311834,1261,17830
Random Forest,1822,0.07839070580428516,594,3374,0.4710547184773989,0.18923163208076277,1261,17830
Random Forest,1823,0.07838638118841575,594,3375,0.4710547184773989,0.1892877173303421,1261,17830
Random Forest,1824,0.07835025001207575,595,3375,0.471847739888977,0.1892877173303421,1261,17830
Random Forest,1825,0.07834613114820681,595,3376,0.471847739888977,0.18934380257992148,1261,17830
Random Forest,1826,0.0783438181370273,595,3377,0.471847739888977,0.18939988782950085,1261,17830
Random Forest,1827,0.07833927907849912,595,3383,0.471847739888977,0.189736399326977,1261,17830
Random Forest,1828,0.07833230095284523,595,3389,0.471847739888977,0.19007291082445316,1261,17830
Random Forest,1829,0.0783305855281378,595,3391,0.471847739888977,0.1901850813236119,1261,17830
Random Forest,1830,0.07831686511949194,596,3391,0.4726407613005551,0.1901850813236119,1261,17830
Random Forest,1831,0.07830794929771684,596,3397,0.4726407613005551,0.19052159282108805,1261,17830
Random Forest,1832,0.07830169127382257,596,3398,0.4726407613005551,0.19057767807066742,1261,17830
Random Forest,1833,0.07829643917335632,596,3401,0.4726407613005551,0.1907459338194055,1261,17830
Random Forest,1834,0.07829441750891573,596,3403,0.4726407613005551,0.19085810431856423,1261,17830
Random Forest,1835,0.07828527197837223,596,3404,0.4726407613005551,0.19091418956814357,1261,17830
Random Forest,1836,0.07826586805031174,596,3405,0.4726407613005551,0.19097027481772294,1261,17830
Random Forest,1837,0.07825726767489946,596,3407,0.4726407613005551,0.19108244531688165,1261,17830
Random Forest,1838,0.07822339785785565,596,3408,0.4726407613005551,0.19113853056646102,1261,17830
Random Forest,1839,0.07820258799921276,596,3409,0.4726407613005551,0.1911946158160404,1261,17830
Random Forest,1840,0.0781991007857828,596,3411,0.4726407613005551,0.1913067863151991,1261,17830
Random Forest,1841,0.07819520214720248,596,3412,0.4726407613005551,0.19136287156477846,1261,17830
Random Forest,1842,0.07819164205298339,597,3413,0.4734337827121332,0.19141895681435783,1261,17830
Random Forest,1843,0.0781912161922934,597,3414,0.4734337827121332,0.19147504206393717,1261,17830
Random Forest,1844,0.07816962243651022,597,3417,0.4734337827121332,0.19164329781267528,1261,17830
Random Forest,1845,0.07816685727473914,599,3426,0.47501982553528943,0.1921480650588895,1261,17830
Random Forest,1846,0.07816010633563437,599,3427,0.47501982553528943,0.19220415030846888,1261,17830
Random Forest,1847,0.07815090926441509,599,3429,0.47501982553528943,0.1923163208076276,1261,17830
Random Forest,1848,0.07814834798016215,600,3433,0.47581284694686754,0.19254066180594503,1261,17830
Random Forest,1849,0.07812155561743114,601,3435,0.4766058683584457,0.19265283230510374,1261,17830
Random Forest,1850,0.07811785946049767,601,3436,0.4766058683584457,0.1927089175546831,1261,17830
Random Forest,1851,0.0781175605031341,601,3441,0.4766058683584457,0.19298934380257993,1261,17830
Random Forest,1852,0.07811141842948055,601,3445,0.4766058683584457,0.19321368480089737,1261,17830
Random Forest,1853,0.0781078084704502,601,3446,0.4766058683584457,0.1932697700504767,1261,17830
Random Forest,1854,0.07809858132779016,601,3450,0.4766058683584457,0.19349411104879416,1261,17830
Random Forest,1855,0.07809536863043255,601,3451,0.4766058683584457,0.19355019629837353,1261,17830
Random Forest,1856,0.07808395636814115,601,3452,0.4766058683584457,0.1936062815479529,1261,17830
Random Forest,1857,0.07807672736246402,601,3453,0.4766058683584457,0.19366236679753224,1261,17830
Random Forest,1858,0.07807028786052714,601,3454,0.4766058683584457,0.1937184520471116,1261,17830
Random Forest,1859,0.07805597347284415,603,3544,0.4781919111816019,0.19876612450925407,1261,17830
Random Forest,1860,0.07805020938911046,603,3545,0.4781919111816019,0.19882220975883344,1261,17830
Random Forest,1861,0.07803281360921044,603,3546,0.4781919111816019,0.19887829500841278,1261,17830
Random Forest,1862,0.07803233338590293,603,3548,0.4781919111816019,0.19899046550757152,1261,17830
Random Forest,1863,0.07802737591303816,603,3549,0.4781919111816019,0.19904655075715086,1261,17830
Random Forest,1864,0.07802676958954766,603,3550,0.4781919111816019,0.19910263600673023,1261,17830
Random Forest,1865,0.07802549833829797,603,3551,0.4781919111816019,0.1991587212563096,1261,17830
Random Forest,1866,0.07800711901924913,603,3552,0.4781919111816019,0.19921480650588896,1261,17830
Random Forest,1867,0.0779696318238953,603,3553,0.4781919111816019,0.1992708917554683,1261,17830
Random Forest,1868,0.07795962335592316,603,3558,0.4781919111816019,0.19955131800336512,1261,17830
Random Forest,1869,0.07794306104476394,603,3559,0.4781919111816019,0.1996074032529445,1261,17830
Random Forest,1870,0.07794111904296278,603,3560,0.4781919111816019,0.19966348850252383,1261,17830
Random Forest,1871,0.07793891979169883,604,3560,0.47898493259318004,0.19966348850252383,1261,17830
Random Forest,1872,0.07793886782033813,604,3561,0.47898493259318004,0.1997195737521032,1261,17830
Random Forest,1873,0.07793378725237138,604,3563,0.47898493259318004,0.1998317442512619,1261,17830
Random Forest,1874,0.07793174561152108,604,3564,0.47898493259318004,0.19988782950084127,1261,17830
Random Forest,1875,0.07791986240192635,604,3565,0.47898493259318004,0.19994391475042064,1261,17830
Random Forest,1876,0.07791488249145614,604,3566,0.47898493259318004,0.2,1261,17830
Random Forest,1877,0.07791482799368284,604,3567,0.47898493259318004,0.20005608524957935,1261,17830
Random Forest,1878,0.07790906667610396,605,3567,0.47977795400475814,0.20005608524957935,1261,17830
Random Forest,1879,0.07789799827165558,605,3568,0.47977795400475814,0.20011217049915872,1261,17830
Random Forest,1880,0.07789467126209888,605,3569,0.47977795400475814,0.2001682557487381,1261,17830
Random Forest,1881,0.0778913793808463,605,3570,0.47977795400475814,0.20022434099831743,1261,17830
Random Forest,1882,0.07789112467069173,605,3571,0.47977795400475814,0.2002804262478968,1261,17830
Random Forest,1883,0.07789024209599256,606,3571,0.48057097541633625,0.2002804262478968,1261,17830
Random Forest,1884,0.07788641539246353,606,3572,0.48057097541633625,0.20033651149747617,1261,17830
Random Forest,1885,0.07788465342610866,606,3573,0.48057097541633625,0.20039259674705553,1261,17830
Random Forest,1886,0.07787911157136228,606,3574,0.48057097541633625,0.20044868199663488,1261,17830
Random Forest,1887,0.07787737599775142,606,3575,0.48057097541633625,0.20050476724621424,1261,17830
Random Forest,1888,0.07787562188008526,606,3576,0.48057097541633625,0.2005608524957936,1261,17830
Random Forest,1889,0.07786974687982604,607,3576,0.48136399682791436,0.2005608524957936,1261,17830
Random Forest,1890,0.07786878901376341,607,3577,0.48136399682791436,0.20061693774537298,1261,17830
Random Forest,1891,0.07784794748263248,607,3578,0.48136399682791436,0.20067302299495232,1261,17830
Random Forest,1892,0.07780112906328578,607,3580,0.48136399682791436,0.20078519349411106,1261,17830
Random Forest,1893,0.07779635724359558,607,3581,0.48136399682791436,0.2008412787436904,1261,17830
Random Forest,1894,0.07779549494694955,607,3582,0.48136399682791436,0.20089736399326977,1261,17830
Random Forest,1895,0.07777657625032144,607,3583,0.48136399682791436,0.20095344924284914,1261,17830
Random Forest,1896,0.07774778144941963,608,3621,0.4821570182394925,0.20308468872686483,1261,17830
Random Forest,1897,0.07772724041774139,608,3622,0.4821570182394925,0.2031407739764442,1261,17830
Random Forest,1898,0.0777266195668874,608,3625,0.4821570182394925,0.20330902972518228,1261,17830
Random Forest,1899,0.07772616267563598,608,3632,0.4821570182394925,0.2037016264722378,1261,17830
Random Forest,1900,0.07772421186150434,608,3633,0.4821570182394925,0.20375771172181717,1261,17830
Random Forest,1901,0.07772386483242398,608,3634,0.4821570182394925,0.2038137969713965,1261,17830
Random Forest,1902,0.07772337417932144,608,3635,0.4821570182394925,0.20386988222097588,1261,17830
Random Forest,1903,0.07771102734962447,608,3636,0.4821570182394925,0.20392596747055525,1261,17830
Random Forest,1904,0.07771054092813295,608,3637,0.4821570182394925,0.20398205272013462,1261,17830
Random Forest,1905,0.07770258835624783,608,3638,0.4821570182394925,0.20403813796971396,1261,17830
Random Forest,1906,0.0777002854866168,608,3639,0.4821570182394925,0.20409422321929332,1261,17830
Random Forest,1907,0.07769966445255364,608,3640,0.4821570182394925,0.2041503084688727,1261,17830
Random Forest,1908,0.07768110836862778,609,3644,0.4829500396510706,0.20437464946719014,1261,17830
Random Forest,1909,0.07767935747671981,609,3645,0.4829500396510706,0.20443073471676948,1261,17830
Random Forest,1910,0.07766834096274186,609,3646,0.4829500396510706,0.20448681996634885,1261,17830
Random Forest,1911,0.0776668208213802,609,3647,0.4829500396510706,0.20454290521592822,1261,17830
Random Forest,1912,0.0776599519984576,609,3648,0.4829500396510706,0.20459899046550759,1261,17830
Random Forest,1913,0.0776487932298173,609,3649,0.4829500396510706,0.20465507571508693,1261,17830
Random Forest,1914,0.07764027818951655,609,3650,0.4829500396510706,0.2047111609646663,1261,17830
Random Forest,1915,0.0776396096355544,609,3651,0.4829500396510706,0.20476724621424566,1261,17830
Random Forest,1916,0.0776339550989651,609,3654,0.4829500396510706,0.20493550196298374,1261,17830
Random Forest,1917,0.0776304581077097,609,3655,0.4829500396510706,0.2049915872125631,1261,17830
Random Forest,1918,0.07762547466557393,609,3658,0.4829500396510706,0.2051598429613012,1261,17830
Random Forest,1919,0.07762288060944679,609,3660,0.4829500396510706,0.2052720134604599,1261,17830
Random Forest,1920,0.07762026115640304,609,3661,0.4829500396510706,0.20532809871003926,1261,17830
Random Forest,1921,0.07761756478533176,609,3662,0.4829500396510706,0.20538418395961863,1261,17830
Random Forest,1922,0.07761489689769772,609,3663,0.4829500396510706,0.20544026920919797,1261,17830
Random Forest,1923,0.07758923205433961,609,3664,0.4829500396510706,0.20549635445877734,1261,17830
Random Forest,1924,0.07758757985740528,609,3665,0.4829500396510706,0.2055524397083567,1261,17830
Random Forest,1925,0.07758721135248561,609,3666,0.4829500396510706,0.20560852495793605,1261,17830
Random Forest,1926,0.0775802468663828,609,3667,0.4829500396510706,0.20566461020751542,1261,17830
Random Forest,1927,0.07757953772486367,609,3668,0.4829500396510706,0.2057206954570948,1261,17830
Random Forest,1928,0.07756348590412881,609,3669,0.4829500396510706,0.20577678070667416,1261,17830
Random Forest,1929,0.07755855042148811,609,3670,0.4829500396510706,0.2058328659562535,1261,17830
Random Forest,1930,0.07754733919243031,609,3671,0.4829500396510706,0.20588895120583287,1261,17830
Random Forest,1931,0.07754607925445196,610,3680,0.4837430610626487,0.2063937184520471,1261,17830
Random Forest,1932,0.0775446715585304,610,3681,0.4837430610626487,0.20644980370162647,1261,17830
Random Forest,1933,0.07752989827227051,610,3683,0.4837430610626487,0.2065619742007852,1261,17830
Random Forest,1934,0.0775251621622235,610,3684,0.4837430610626487,0.20661805945036454,1261,17830
Random Forest,1935,0.07750005939311166,610,3686,0.4837430610626487,0.20673022994952328,1261,17830
Random Forest,1936,0.07749999023661683,610,3687,0.4837430610626487,0.20678631519910265,1261,17830
Random Forest,1937,0.07749738250899627,611,3687,0.4845360824742268,0.20678631519910265,1261,17830
Random Forest,1938,0.07748430875953255,611,3688,0.4845360824742268,0.206842400448682,1261,17830
Random Forest,1939,0.0774799026615277,611,3689,0.4845360824742268,0.20689848569826136,1261,17830
Random Forest,1940,0.07747902970673191,611,3690,0.4845360824742268,0.20695457094784073,1261,17830
Random Forest,1941,0.07747715781347925,611,3691,0.4845360824742268,0.20701065619742007,1261,17830
Random Forest,1942,0.07746915949822757,612,3691,0.4853291038858049,0.20701065619742007,1261,17830
Random Forest,1943,0.07745776339648981,612,3692,0.4853291038858049,0.20706674144699944,1261,17830
Random Forest,1944,0.07745708916034919,612,3693,0.4853291038858049,0.2071228266965788,1261,17830
Random Forest,1945,0.07745651372031115,612,3694,0.4853291038858049,0.20717891194615817,1261,17830
Random Forest,1946,0.0774553598611222,612,3695,0.4853291038858049,0.2072349971957375,1261,17830
Random Forest,1947,0.07744881965574307,612,3696,0.4853291038858049,0.20729108244531688,1261,17830
Random Forest,1948,0.07743392676435916,612,3697,0.4853291038858049,0.20734716769489625,1261,17830
Random Forest,1949,0.07742913482856192,612,3698,0.4853291038858049,0.2074032529444756,1261,17830
Random Forest,1950,0.07742706589026288,612,3700,0.4853291038858049,0.20751542344363433,1261,17830
Random Forest,1951,0.07742588493222478,612,3702,0.4853291038858049,0.20762759394279304,1261,17830
Random Forest,1952,0.07742428271718615,612,3703,0.4853291038858049,0.2076836791923724,1261,17830
Random Forest,1953,0.0774149160315149,612,3704,0.4853291038858049,0.20773976444195177,1261,17830
Random Forest,1954,0.07741241293675187,612,3708,0.4853291038858049,0.20796410544026922,1261,17830
Random Forest,1955,0.07740700789944055,612,3710,0.4853291038858049,0.20807627593942793,1261,17830
Random Forest,1956,0.0774023983306106,612,3711,0.4853291038858049,0.2081323611890073,1261,17830
Random Forest,1957,0.07739152522748617,612,3712,0.4853291038858049,0.20818844643858664,1261,17830
Random Forest,1958,0.07738526924009491,612,3713,0.4853291038858049,0.208244531688166,1261,17830
Random Forest,1959,0.07736540672762439,612,3714,0.4853291038858049,0.20830061693774538,1261,17830
Random Forest,1960,0.07736047656267968,612,3715,0.4853291038858049,0.20835670218732474,1261,17830
Random Forest,1961,0.07735983371927747,612,3716,0.4853291038858049,0.20841278743690408,1261,17830
Random Forest,1962,0.0773502174923285,612,3718,0.4853291038858049,0.20852495793606282,1261,17830
Random Forest,1963,0.07734497377207321,612,3721,0.4853291038858049,0.2086932136848009,1261,17830
Random Forest,1964,0.07734341800833923,612,3722,0.4853291038858049,0.20874929893438027,1261,17830
Random Forest,1965,0.07734226505763735,612,3723,0.4853291038858049,0.2088053841839596,1261,17830
Random Forest,1966,0.0773368262814871,612,3724,0.4853291038858049,0.20886146943353898,1261,17830
Random Forest,1967,0.07733461479757393,612,3727,0.4853291038858049,0.20902972518227705,1261,17830
Random Forest,1968,0.07732776364570894,612,3728,0.4853291038858049,0.20908581043185642,1261,17830
Random Forest,1969,0.07732459911856583,612,3730,0.4853291038858049,0.20919798093101513,1261,17830
Random Forest,1970,0.0773244809335776,612,3731,0.4853291038858049,0.2092540661805945,1261,17830
Random Forest,1971,0.07732037258047238,612,3732,0.4853291038858049,0.20931015143017387,1261,17830
Random Forest,1972,0.07731839605823236,612,3733,0.4853291038858049,0.20936623667975324,1261,17830
Random Forest,1973,0.0772934409033964,612,3735,0.4853291038858049,0.20947840717891195,1261,17830
Random Forest,1974,0.0772860782797986,612,3739,0.4853291038858049,0.2097027481772294,1261,17830
Random Forest,1975,0.07727611394806962,612,3740,0.4853291038858049,0.20975883342680876,1261,17830
Random Forest,1976,0.07726779568731913,612,3741,0.4853291038858049,0.2098149186763881,1261,17830
Random Forest,1977,0.07726612095398279,612,3742,0.4853291038858049,0.20987100392596747,1261,17830
Random Forest,1978,0.07726510354914859,612,3743,0.4853291038858049,0.20992708917554684,1261,17830
Random Forest,1979,0.077256342888696,612,3745,0.4853291038858049,0.21003925967470555,1261,17830
Random Forest,1980,0.07724822642826408,612,3746,0.4853291038858049,0.21009534492428492,1261,17830
Random Forest,1981,0.07724708322588696,612,3748,0.4853291038858049,0.21020751542344362,1261,17830
Random Forest,1982,0.07724467269276461,612,3749,0.4853291038858049,0.210263600673023,1261,17830
Random Forest,1983,0.0772399727505904,612,3750,0.4853291038858049,0.21031968592260236,1261,17830
Random Forest,1984,0.0772332134963217,612,3751,0.4853291038858049,0.2103757711721817,1261,17830
Random Forest,1985,0.0772273902432961,612,3752,0.4853291038858049,0.21043185642176107,1261,17830
Random Forest,1986,0.0772261974196866,612,3753,0.4853291038858049,0.21048794167134044,1261,17830
Random Forest,1987,0.0772140769033413,613,3753,0.486122125297383,0.21048794167134044,1261,17830
Random Forest,1988,0.07720206300724711,613,3754,0.486122125297383,0.2105440269209198,1261,17830
Random Forest,1989,0.07719417246430765,613,3755,0.486122125297383,0.21060011217049915,1261,17830
Random Forest,1990,0.07718684954394554,613,3756,0.486122125297383,0.21065619742007852,1261,17830
Random Forest,1991,0.07718179707243297,613,3759,0.486122125297383,0.2108244531688166,1261,17830
Random Forest,1992,0.07717342540928446,613,3760,0.486122125297383,0.21088053841839596,1261,17830
Random Forest,1993,0.07716817045849182,613,3761,0.486122125297383,0.21093662366797533,1261,17830
Random Forest,1994,0.07716206476570128,614,3763,0.48691514670896113,0.21104879416713404,1261,17830
Random Forest,1995,0.07715436783913637,614,3764,0.48691514670896113,0.2111048794167134,1261,17830
Random Forest,1996,0.07715382125817556,614,3765,0.48691514670896113,0.21116096466629278,1261,17830
Random Forest,1997,0.07714870936870775,614,3767,0.48691514670896113,0.2112731351654515,1261,17830
Random Forest,1998,0.07712466837438049,614,3768,0.48691514670896113,0.21132922041503086,1261,17830
Random Forest,1999,0.07711357623380379,614,3769,0.48691514670896113,0.2113853056646102,1261,17830
Random Forest,2000,0.07710419199666628,614,3770,0.48691514670896113,0.21144139091418956,1261,17830
Random Forest,2001,0.07710095245164869,614,3772,0.48691514670896113,0.2115535614133483,1261,17830
Random Forest,2002,0.07709858863174386,614,3774,0.48691514670896113,0.211665731912507,1261,17830
Random Forest,2003,0.07709838879763983,614,3775,0.48691514670896113,0.21172181716208638,1261,17830
Random Forest,2004,0.07709399765726482,614,3778,0.48691514670896113,0.21189007291082446,1261,17830
Random Forest,2005,0.07708268222402197,614,3779,0.48691514670896113,0.21194615816040382,1261,17830
Random Forest,2006,0.07707100129834898,614,3780,0.48691514670896113,0.21200224340998317,1261,17830
Random Forest,2007,0.07706989937957043,614,3781,0.48691514670896113,0.21205832865956253,1261,17830
Random Forest,2008,0.07706087839226679,614,3783,0.48691514670896113,0.21217049915872124,1261,17830
Random Forest,2009,0.07705119206416118,614,3786,0.48691514670896113,0.21233875490745935,1261,17830
Random Forest,2010,0.07705080747588633,614,3788,0.48691514670896113,0.21245092540661806,1261,17830
Random Forest,2011,0.07704542009544871,614,3789,0.48691514670896113,0.21250701065619743,1261,17830
Random Forest,2012,0.07704150100530632,614,3790,0.48691514670896113,0.2125630959057768,1261,17830
Random Forest,2013,0.07704024601271581,614,3791,0.48691514670896113,0.21261918115535614,1261,17830
Random Forest,2014,0.07703648433056019,614,3792,0.48691514670896113,0.2126752664049355,1261,17830
Random Forest,2015,0.07703353659090587,614,3793,0.48691514670896113,0.21273135165451487,1261,17830
Random Forest,2016,0.07702314244407954,614,3795,0.48691514670896113,0.21284352215367358,1261,17830
Random Forest,2017,0.07701214274483573,614,3796,0.48691514670896113,0.21289960740325295,1261,17830
Random Forest,2018,0.07700693853589506,614,3798,0.48691514670896113,0.21301177790241166,1261,17830
Random Forest,2019,0.07700554099540688,614,3799,0.48691514670896113,0.21306786315199103,1261,17830
Random Forest,2020,0.0770026536659629,615,3806,0.48770816812053924,0.21346045989904655,1261,17830
Random Forest,2021,0.07699582941619836,615,3807,0.48770816812053924,0.21351654514862592,1261,17830
Random Forest,2022,0.07699301506266258,615,3809,0.48770816812053924,0.21362871564778463,1261,17830
Random Forest,2023,0.07699234198888746,615,3810,0.48770816812053924,0.213684800897364,1261,17830
Random Forest,2024,0.07699150297795088,615,3811,0.48770816812053924,0.21374088614694337,1261,17830
Random Forest,2025,0.07699007158103525,615,3812,0.48770816812053924,0.2137969713965227,1261,17830
Random Forest,2026,0.07697803388209246,615,3813,0.48770816812053924,0.21385305664610207,1261,17830
Random Forest,2027,0.0769770904248894,615,3814,0.48770816812053924,0.21390914189568144,1261,17830
Random Forest,2028,0.07695782513871004,616,3815,0.48850118953211735,0.21396522714526078,1261,17830
Random Forest,2029,0.07694213802925949,616,3816,0.48850118953211735,0.21402131239484015,1261,17830
Random Forest,2030,0.07693980113421636,616,3817,0.48850118953211735,0.21407739764441952,1261,17830
Random Forest,2031,0.07693420009009602,616,3818,0.48850118953211735,0.2141334828939989,1261,17830
Random Forest,2032,0.0769281839664965,616,3819,0.48850118953211735,0.21418956814357823,1261,17830
Random Forest,2033,0.07692779825556557,616,3824,0.48850118953211735,0.21446999439147504,1261,17830
Random Forest,2034,0.07691594490689009,617,3824,0.48929421094369546,0.21446999439147504,1261,17830
Random Forest,2035,0.07691467713440969,617,3825,0.48929421094369546,0.2145260796410544,1261,17830
Random Forest,2036,0.07690921420043736,617,3826,0.48929421094369546,0.21458216489063375,1261,17830
Random Forest,2037,0.0768996340064105,617,3829,0.48929421094369546,0.21475042063937186,1261,17830
Random Forest,2038,0.07689641778225081,618,3831,0.49008723235527357,0.21486259113853057,1261,17830
Random Forest,2039,0.07689240288608619,618,3832,0.49008723235527357,0.21491867638810994,1261,17830
Random Forest,2040,0.0768910328822407,618,3833,0.49008723235527357,0.21497476163768928,1261,17830
Random Forest,2041,0.07688453699041067,618,3834,0.49008723235527357,0.21503084688726865,1261,17830
Random Forest,2042,0.07687219255271699,618,3836,0.49008723235527357,0.21514301738642738,1261,17830
Random Forest,2043,0.07686910866027435,618,3838,0.49008723235527357,0.2152551878855861,1261,17830
Random Forest,2044,0.07684681879704008,618,3839,0.49008723235527357,0.21531127313516546,1261,17830
Random Forest,2045,0.07684372492436399,618,3841,0.49008723235527357,0.21542344363432417,1261,17830
Random Forest,2046,0.07683413295130147,618,3842,0.49008723235527357,0.21547952888390354,1261,17830
Random Forest,2047,0.07683292444995073,618,3845,0.49008723235527357,0.21564778463264161,1261,17830
Random Forest,2048,0.07682552145588292,618,3846,0.49008723235527357,0.21570386988222098,1261,17830
Random Forest,2049,0.07681252666949348,618,3849,0.49008723235527357,0.21587212563095906,1261,17830
Random Forest,2050,0.07681008308053254,618,3850,0.49008723235527357,0.21592821088053843,1261,17830
Random Forest,2051,0.07679740713841635,618,3851,0.49008723235527357,0.21598429613011777,1261,17830
Random Forest,2052,0.07679560976554065,618,3857,0.49008723235527357,0.21632080762759395,1261,17830
Random Forest,2053,0.07679418451630088,618,3858,0.49008723235527357,0.2163768928771733,1261,17830
Random Forest,2054,0.07677753779438955,618,3859,0.49008723235527357,0.21643297812675266,1261,17830
Random Forest,2055,0.07677297200565075,618,3860,0.49008723235527357,0.21648906337633203,1261,17830
Random Forest,2056,0.07677059398258466,618,3864,0.49008723235527357,0.21671340437464948,1261,17830
Random Forest,2057,0.07676528777394154,618,3867,0.49008723235527357,0.21688166012338755,1261,17830
Random Forest,2058,0.07676434636751409,618,3868,0.49008723235527357,0.21693774537296692,1261,17830
Random Forest,2059,0.07676279279538435,618,3871,0.49008723235527357,0.217106001121705,1261,17830
Random Forest,2060,0.07676160591643601,618,3872,0.49008723235527357,0.21716208637128434,1261,17830
Random Forest,2061,0.07674877238944464,618,3873,0.49008723235527357,0.2172181716208637,1261,17830
Random Forest,2062,0.07674007961514025,618,3875,0.49008723235527357,0.21733034212002245,1261,17830
Random Forest,2063,0.07673905265760435,618,3877,0.49008723235527357,0.21744251261918116,1261,17830
Random Forest,2064,0.07673087225229798,618,3879,0.49008723235527357,0.21755468311833986,1261,17830
Random Forest,2065,0.07671402458475256,618,3880,0.49008723235527357,0.21761076836791923,1261,17830
Random Forest,2066,0.07670690793573577,618,3881,0.49008723235527357,0.2176668536174986,1261,17830
Random Forest,2067,0.07670506533331947,618,3897,0.49008723235527357,0.21856421761076836,1261,17830
Random Forest,2068,0.07669936180213494,618,3898,0.49008723235527357,0.21862030286034773,1261,17830
Random Forest,2069,0.07669920513917368,618,3899,0.49008723235527357,0.2186763881099271,1261,17830
Random Forest,2070,0.07669441836607742,619,3901,0.4908802537668517,0.2187885586090858,1261,17830
Random Forest,2071,0.07669069811562129,619,3904,0.4908802537668517,0.21895681435782388,1261,17830
Random Forest,2072,0.07668134096791232,619,3905,0.4908802537668517,0.21901289960740325,1261,17830
Random Forest,2073,0.07667673954625287,619,3906,0.4908802537668517,0.21906898485698262,1261,17830
Random Forest,2074,0.07667137216348374,619,3907,0.4908802537668517,0.219125070106562,1261,17830
Random Forest,2075,0.07667096774670176,619,3908,0.4908802537668517,0.21918115535614133,1261,17830
Random Forest,2076,0.07666246439766379,619,3922,0.4908802537668517,0.21996634885025237,1261,17830
Random Forest,2077,0.07665576856171445,619,3932,0.4908802537668517,0.220527201346046,1261,17830
Random Forest,2078,0.07665030470383552,619,3933,0.4908802537668517,0.22058328659562534,1261,17830
Random Forest,2079,0.07664979060648545,619,3936,0.4908802537668517,0.22075154234436342,1261,17830
Random Forest,2080,0.07664910880420966,619,3937,0.4908802537668517,0.2208076275939428,1261,17830
Random Forest,2081,0.07661392559855949,619,3938,0.4908802537668517,0.22086371284352216,1261,17830
Random Forest,2082,0.07660693328750341,619,3939,0.4908802537668517,0.22091979809310153,1261,17830
Random Forest,2083,0.0766053356996113,619,3940,0.4908802537668517,0.22097588334268087,1261,17830
Random Forest,2084,0.07660082749375571,619,3942,0.4908802537668517,0.2210880538418396,1261,17830
Random Forest,2085,0.07659235224030209,619,3943,0.4908802537668517,0.22114413909141895,1261,17830
Random Forest,2086,0.07658954500706854,619,3944,0.4908802537668517,0.2212002243409983,1261,17830
Random Forest,2087,0.07658841744769082,619,3945,0.4908802537668517,0.22125630959057768,1261,17830
Random Forest,2088,0.07658788506539173,619,3946,0.4908802537668517,0.22131239484015705,1261,17830
Random Forest,2089,0.07657132213550706,619,3947,0.4908802537668517,0.2213684800897364,1261,17830
Random Forest,2090,0.07657013956047586,619,3948,0.4908802537668517,0.22142456533931576,1261,17830
Random Forest,2091,0.07656859260531741,620,3950,0.4916732751784298,0.22153673583847447,1261,17830
Random Forest,2092,0.07656757435312193,620,3951,0.4916732751784298,0.22159282108805384,1261,17830
Random Forest,2093,0.07656555918725932,620,3952,0.4916732751784298,0.2216489063376332,1261,17830
Random Forest,2094,0.07656334954925274,620,3957,0.4916732751784298,0.22192933258553,1261,17830
Random Forest,2095,0.07655637090507238,620,3960,0.4916732751784298,0.2220975883342681,1261,17830
Random Forest,2096,0.0765478103330979,620,3963,0.4916732751784298,0.22226584408300618,1261,17830
Random Forest,2097,0.07652475430061217,620,3964,0.4916732751784298,0.22232192933258552,1261,17830
Random Forest,2098,0.07651776018138708,620,3965,0.4916732751784298,0.22237801458216488,1261,17830
Random Forest,2099,0.07651491660371866,620,3966,0.4916732751784298,0.22243409983174425,1261,17830
Random Forest,2100,0.07651477198743666,620,3971,0.4916732751784298,0.22271452607964107,1261,17830
Random Forest,2101,0.07650623648556154,620,3972,0.4916732751784298,0.2227706113292204,1261,17830
Random Forest,2102,0.07650083510610238,620,3973,0.4916732751784298,0.22282669657879978,1261,17830
Random Forest,2103,0.07649249433606749,620,3975,0.4916732751784298,0.22293886707795849,1261,17830
Random Forest,2104,0.0764770758789185,620,3976,0.4916732751784298,0.22299495232753785,1261,17830
Random Forest,2105,0.07647173547635881,620,3977,0.4916732751784298,0.22305103757711722,1261,17830
Random Forest,2106,0.07645792154101311,620,3978,0.4916732751784298,0.2231071228266966,1261,17830
Random Forest,2107,0.07645303605226321,620,3996,0.4916732751784298,0.22411665731912506,1261,17830
Random Forest,2108,0.07644705191298415,620,3997,0.4916732751784298,0.22417274256870443,1261,17830
Random Forest,2109,0.07644528247516395,620,3998,0.4916732751784298,0.2242288278182838,1261,17830
Random Forest,2110,0.07643940289876541,620,3999,0.4916732751784298,0.22428491306786316,1261,17830
Random Forest,2111,0.076427177030698,620,4002,0.4916732751784298,0.22445316881660124,1261,17830
Random Forest,2112,0.07642254455822874,621,4002,0.49246629659000796,0.22445316881660124,1261,17830
Random Forest,2113,0.07641742501310476,621,4011,0.49246629659000796,0.22495793606281547,1261,17830
Random Forest,2114,0.0764171742727743,621,4012,0.49246629659000796,0.22501402131239484,1261,17830
Random Forest,2115,0.07641077240101658,621,4013,0.49246629659000796,0.2250701065619742,1261,17830
Random Forest,2116,0.07640778640980446,621,4017,0.49246629659000796,0.22529444756029166,1261,17830
Random Forest,2117,0.07640456309039026,621,4018,0.49246629659000796,0.225350532809871,1261,17830
Random Forest,2118,0.07639399657164796,621,4019,0.49246629659000796,0.22540661805945036,1261,17830
Random Forest,2119,0.07638904199476927,621,4020,0.49246629659000796,0.22546270330902973,1261,17830
Random Forest,2120,0.07638458247639633,621,4021,0.49246629659000796,0.22551878855860907,1261,17830
Random Forest,2121,0.07637486089865769,621,4022,0.49246629659000796,0.22557487380818844,1261,17830
Random Forest,2122,0.0763647957866313,621,4023,0.49246629659000796,0.2256309590577678,1261,17830
Random Forest,2123,0.07636341777154095,621,4024,0.49246629659000796,0.22568704430734718,1261,17830
Random Forest,2124,0.07635582538201348,622,4025,0.49325931800158607,0.22574312955692652,1261,17830
Random Forest,2125,0.07633187505227179,622,4026,0.49325931800158607,0.2257992148065059,1261,17830
Random Forest,2126,0.07632339225430204,622,4027,0.49325931800158607,0.22585530005608526,1261,17830
Random Forest,2127,0.07632204568928729,623,4029,0.4940523394131642,0.22596747055524397,1261,17830
Random Forest,2128,0.07632202672557169,623,4030,0.4940523394131642,0.22602355580482333,1261,17830
Random Forest,2129,0.07631850758407119,623,4031,0.4940523394131642,0.2260796410544027,1261,17830
Random Forest,2130,0.07630812990636429,623,4032,0.4940523394131642,0.22613572630398204,1261,17830
Random Forest,2131,0.07629998400594738,623,4033,0.4940523394131642,0.2261918115535614,1261,17830
Random Forest,2132,0.07629719601137513,623,4034,0.4940523394131642,0.22624789680314078,1261,17830
Random Forest,2133,0.07628350356331544,623,4036,0.4940523394131642,0.2263600673022995,1261,17830
Random Forest,2134,0.07628187856148143,623,4045,0.4940523394131642,0.22686483454851375,1261,17830
Random Forest,2135,0.07625941512663148,623,4046,0.4940523394131642,0.2269209197980931,1261,17830
Random Forest,2136,0.07625820511962035,623,4047,0.4940523394131642,0.22697700504767246,1261,17830
Random Forest,2137,0.07625210108776195,623,4048,0.4940523394131642,0.22703309029725183,1261,17830
Random Forest,2138,0.07621931642720811,623,4071,0.4940523394131642,0.2283230510375771,1261,17830
Random Forest,2139,0.07621876362309808,623,4072,0.4940523394131642,0.22837913628715648,1261,17830
Random Forest,2140,0.07621542229210906,623,4073,0.4940523394131642,0.22843522153673584,1261,17830
Random Forest,2141,0.07621475679170242,623,4074,0.4940523394131642,0.2284913067863152,1261,17830
Random Forest,2142,0.07621125568168982,623,4075,0.4940523394131642,0.22854739203589455,1261,17830
Random Forest,2143,0.076205170053448,624,4080,0.4948453608247423,0.22882781828379137,1261,17830
Random Forest,2144,0.07619149240585339,624,4081,0.4948453608247423,0.22888390353337074,1261,17830
Random Forest,2145,0.0761906937776107,624,4082,0.4948453608247423,0.22893998878295008,1261,17830
Random Forest,2146,0.07618605889318453,624,4085,0.4948453608247423,0.22910824453168815,1261,17830
Random Forest,2147,0.0761820501818072,625,4085,0.4956383822363204,0.22910824453168815,1261,17830
Random Forest,2148,0.07617579610202173,625,4086,0.4956383822363204,0.22916432978126752,1261,17830
Random Forest,2149,0.07617165154701076,626,4086,0.4964314036478985,0.22916432978126752,1261,17830
Random Forest,2150,0.07615098169274949,626,4088,0.4964314036478985,0.22927650028042626,1261,17830
Random Forest,2151,0.07615067455747863,626,4089,0.4964314036478985,0.2293325855300056,1261,17830
Random Forest,2152,0.07614388138804584,626,4090,0.4964314036478985,0.22938867077958497,1261,17830
Random Forest,2153,0.07614224254935953,626,4091,0.4964314036478985,0.22944475602916434,1261,17830
Random Forest,2154,0.07613889794591001,626,4095,0.4964314036478985,0.22966909702748178,1261,17830
Random Forest,2155,0.07613724794293937,626,4099,0.4964314036478985,0.2298934380257992,1261,17830
Random Forest,2156,0.07612510818529188,626,4100,0.4964314036478985,0.22994952327537857,1261,17830
Random Forest,2157,0.07611861434159879,626,4101,0.4964314036478985,0.23000560852495794,1261,17830
Random Forest,2158,0.07609341649157278,626,4102,0.4964314036478985,0.2300616937745373,1261,17830
Random Forest,2159,0.07608235842505755,626,4103,0.4964314036478985,0.23011777902411665,1261,17830
Random Forest,2160,0.07608163488986955,626,4104,0.4964314036478985,0.23017386427369602,1261,17830
Random Forest,2161,0.07608161842585631,626,4110,0.4964314036478985,0.23051037577117217,1261,17830
Random Forest,2162,0.07607031945662669,626,4111,0.4964314036478985,0.23056646102075154,1261,17830
Random Forest,2163,0.07605941652969685,626,4112,0.4964314036478985,0.2306225462703309,1261,17830
Random Forest,2164,0.07605097179794343,626,4113,0.4964314036478985,0.23067863151991028,1261,17830
Random Forest,2165,0.07605080688570665,626,4114,0.4964314036478985,0.23073471676948962,1261,17830
Random Forest,2166,0.07604639955512336,626,4118,0.4964314036478985,0.23095905776780706,1261,17830
Random Forest,2167,0.07603826745169201,626,4121,0.4964314036478985,0.23112731351654514,1261,17830
Random Forest,2168,0.07601846054792603,627,4122,0.4972244250594766,0.2311833987661245,1261,17830
Random Forest,2169,0.07600124572366139,627,4123,0.4972244250594766,0.23123948401570388,1261,17830
Random Forest,2170,0.07599551843764707,628,4123,0.4980174464710547,0.23123948401570388,1261,17830
Random Forest,2171,0.07599495183168352,628,4124,0.4980174464710547,0.23129556926528322,1261,17830
Random Forest,2172,0.07598323942846916,628,4125,0.4980174464710547,0.2313516545148626,1261,17830
Random Forest,2173,0.07597995167252139,630,4126,0.49960348929421095,0.23140773976444196,1261,17830
Random Forest,2174,0.07595184231818891,630,4127,0.49960348929421095,0.23146382501402132,1261,17830
Random Forest,2175,0.07594955539623761,630,4130,0.49960348929421095,0.2316320807627594,1261,17830
Random Forest,2176,0.0759429026760665,630,4131,0.49960348929421095,0.23168816601233874,1261,17830
Random Forest,2177,0.07594170839094466,630,4132,0.49960348929421095,0.2317442512619181,1261,17830
Random Forest,2178,0.07593212165400665,630,4133,0.49960348929421095,0.23180033651149748,1261,17830
Random Forest,2179,0.07592347729867527,630,4134,0.49960348929421095,0.23185642176107685,1261,17830
Random Forest,2180,0.07592299412769041,630,4135,0.49960348929421095,0.2319125070106562,1261,17830
Random Forest,2181,0.0759146343671519,630,4139,0.49960348929421095,0.23213684800897363,1261,17830
Random Forest,2182,0.07589196902195133,630,4140,0.49960348929421095,0.232192933258553,1261,17830
Random Forest,2183,0.0758891479277492,630,4141,0.49960348929421095,0.23224901850813237,1261,17830
Random Forest,2184,0.07588417777080113,630,4142,0.49960348929421095,0.2323051037577117,1261,17830
Random Forest,2185,0.07587937281673952,630,4143,0.49960348929421095,0.23236118900729108,1261,17830
Random Forest,2186,0.07585305669904155,630,4144,0.49960348929421095,0.23241727425687045,1261,17830
Random Forest,2187,0.07584920550159507,630,4145,0.49960348929421095,0.23247335950644982,1261,17830
Random Forest,2188,0.07583194561991617,630,4146,0.49960348929421095,0.23252944475602916,1261,17830
Random Forest,2189,0.07583155749019622,630,4147,0.49960348929421095,0.23258553000560853,1261,17830
Random Forest,2190,0.07582352425863384,630,4152,0.49960348929421095,0.23286595625350534,1261,17830
Random Forest,2191,0.07581832188345916,630,4153,0.49960348929421095,0.23292204150308468,1261,17830
Random Forest,2192,0.07581688498525474,630,4154,0.49960348929421095,0.23297812675266405,1261,17830
Random Forest,2193,0.07581610150686652,630,4156,0.49960348929421095,0.23309029725182276,1261,17830
Random Forest,2194,0.07581438274515911,630,4157,0.49960348929421095,0.23314638250140213,1261,17830
Random Forest,2195,0.07580876791878985,630,4158,0.49960348929421095,0.2332024677509815,1261,17830
Random Forest,2196,0.07580612019665636,631,4158,0.500396510705789,0.2332024677509815,1261,17830
Random Forest,2197,0.07580552205813788,631,4159,0.500396510705789,0.23325855300056086,1261,17830
Random Forest,2198,0.07579775465720412,632,4168,0.5011895321173672,0.2337633202467751,1261,17830
Random Forest,2199,0.0757962765429463,632,4169,0.5011895321173672,0.23381940549635447,1261,17830
Random Forest,2200,0.07579588651912536,632,4170,0.5011895321173672,0.2338754907459338,1261,17830
Random Forest,2201,0.07579243324057193,632,4171,0.5011895321173672,0.23393157599551317,1261,17830
Random Forest,2202,0.07579228289705559,632,4172,0.5011895321173672,0.23398766124509254,1261,17830
Random Forest,2203,0.07578863603527465,633,4172,0.5019825535289453,0.23398766124509254,1261,17830
Random Forest,2204,0.07578734826674335,633,4173,0.5019825535289453,0.2340437464946719,1261,17830
Random Forest,2205,0.07576933589793533,633,4176,0.5019825535289453,0.23421200224341,1261,17830
Random Forest,2206,0.07576601008881138,633,4177,0.5019825535289453,0.23426808749298936,1261,17830
Random Forest,2207,0.07576259508417167,633,4179,0.5019825535289453,0.23438025799214807,1261,17830
Random Forest,2208,0.07574869415318146,633,4180,0.5019825535289453,0.23443634324172744,1261,17830
Random Forest,2209,0.07574520890231261,633,4185,0.5019825535289453,0.23471676948962422,1261,17830
Random Forest,2210,0.0757366512312212,633,4187,0.5019825535289453,0.23482893998878296,1261,17830
Random Forest,2211,0.0757287670186194,633,4188,0.5019825535289453,0.2348850252383623,1261,17830
Random Forest,2212,0.07572609387290709,633,4189,0.5019825535289453,0.23494111048794167,1261,17830
Random Forest,2213,0.07572145297974989,633,4192,0.5019825535289453,0.23510936623667975,1261,17830
Random Forest,2214,0.07571991014208614,633,4193,0.5019825535289453,0.23516545148625911,1261,17830
Random Forest,2215,0.07571598079457353,633,4195,0.5019825535289453,0.23527762198541782,1261,17830
Random Forest,2216,0.07571470126312667,633,4196,0.5019825535289453,0.2353337072349972,1261,17830
Random Forest,2217,0.07570890956698463,633,4198,0.5019825535289453,0.23544587773415593,1261,17830
Random Forest,2218,0.0757029041819491,633,4199,0.5019825535289453,0.23550196298373527,1261,17830
Random Forest,2219,0.07569827491045733,633,4200,0.5019825535289453,0.23555804823331464,1261,17830
Random Forest,2220,0.07569657229043844,633,4201,0.5019825535289453,0.235614133482894,1261,17830
Random Forest,2221,0.07568793606434557,633,4202,0.5019825535289453,0.23567021873247335,1261,17830
Random Forest,2222,0.07568070588108043,633,4203,0.5019825535289453,0.23572630398205272,1261,17830
Random Forest,2223,0.0756696820821949,633,4204,0.5019825535289453,0.23578238923163208,1261,17830
Random Forest,2224,0.07566173072491092,633,4205,0.5019825535289453,0.23583847448121145,1261,17830
Random Forest,2225,0.07565742671592554,633,4206,0.5019825535289453,0.2358945597307908,1261,17830
Random Forest,2226,0.07564235425350277,633,4207,0.5019825535289453,0.23595064498037016,1261,17830
Random Forest,2227,0.07563647631391406,633,4208,0.5019825535289453,0.23600673022994953,1261,17830
Random Forest,2228,0.07562276567360739,633,4210,0.5019825535289453,0.23611890072910824,1261,17830
Random Forest,2229,0.07560900776790401,633,4220,0.5019825535289453,0.23667975322490184,1261,17830
Random Forest,2230,0.07560644014215383,633,4224,0.5019825535289453,0.23690409422321929,1261,17830
Random Forest,2231,0.07560027518884672,633,4225,0.5019825535289453,0.23696017947279865,1261,17830
Random Forest,2232,0.07559752858443612,633,4227,0.5019825535289453,0.23707234997195736,1261,17830
Random Forest,2233,0.07558091411118578,633,4228,0.5019825535289453,0.23712843522153673,1261,17830
Random Forest,2234,0.07557897425456117,633,4229,0.5019825535289453,0.2371845204711161,1261,17830
Random Forest,2235,0.07557735743841812,633,4230,0.5019825535289453,0.23724060572069547,1261,17830
Random Forest,2236,0.07557267427294015,633,4231,0.5019825535289453,0.2372966909702748,1261,17830
Random Forest,2237,0.07556125688125233,633,4232,0.5019825535289453,0.23735277621985418,1261,17830
Random Forest,2238,0.07555937242071699,633,4233,0.5019825535289453,0.23740886146943355,1261,17830
Random Forest,2239,0.07555215435014238,633,4234,0.5019825535289453,0.2374649467190129,1261,17830
Random Forest,2240,0.0755509867818575,633,4238,0.5019825535289453,0.23768928771733033,1261,17830
Random Forest,2241,0.07554233468711216,633,4242,0.5019825535289453,0.23791362871564778,1261,17830
Random Forest,2242,0.07553311709351657,634,4246,0.5027755749405234,0.23813796971396523,1261,17830
Random Forest,2243,0.0755327116418147,634,4248,0.5027755749405234,0.23825014021312396,1261,17830
Random Forest,2244,0.07551055813191873,635,4248,0.5035685963521015,0.23825014021312396,1261,17830
Random Forest,2245,0.07550516739877383,635,4249,0.5035685963521015,0.2383062254627033,1261,17830
Random Forest,2246,0.07549772439187336,635,4250,0.5035685963521015,0.23836231071228267,1261,17830
Random Forest,2247,0.07549478178973687,635,4251,0.5035685963521015,0.23841839596186204,1261,17830
Random Forest,2248,0.07549418080201083,635,4252,0.5035685963521015,0.23847448121144138,1261,17830
Random Forest,2249,0.07548964335976964,635,4253,0.5035685963521015,0.23853056646102075,1261,17830
Random Forest,2250,0.07546841117301763,636,4253,0.5043616177636796,0.23853056646102075,1261,17830
Random Forest,2251,0.07546321237768726,636,4254,0.5043616177636796,0.23858665171060012,1261,17830
Random Forest,2252,0.07546081408786044,636,4257,0.5043616177636796,0.2387549074593382,1261,17830
Random Forest,2253,0.07545930706147046,636,4258,0.5043616177636796,0.23881099270891756,1261,17830
Random Forest,2254,0.07544863281284912,636,4259,0.5043616177636796,0.2388670779584969,1261,17830
Random Forest,2255,0.07544659518959222,636,4260,0.5043616177636796,0.23892316320807627,1261,17830
Random Forest,2256,0.0754453342179838,636,4264,0.5043616177636796,0.23914750420639372,1261,17830
Random Forest,2257,0.07544122153590166,636,4266,0.5043616177636796,0.23925967470555243,1261,17830
Random Forest,2258,0.075428851009,636,4267,0.5043616177636796,0.2393157599551318,1261,17830
Random Forest,2259,0.07540972317882538,636,4271,0.5043616177636796,0.23954010095344924,1261,17830
Random Forest,2260,0.07540724634961438,636,4272,0.5043616177636796,0.2395961862030286,1261,17830
Random Forest,2261,0.07539482937876138,636,4273,0.5043616177636796,0.23965227145260795,1261,17830
Random Forest,2262,0.07539413014680867,636,4274,0.5043616177636796,0.23970835670218732,1261,17830
Random Forest,2263,0.07538954694946626,636,4275,0.5043616177636796,0.2397644419517667,1261,17830
Random Forest,2264,0.07536132091393927,636,4278,0.5043616177636796,0.23993269770050477,1261,17830
Random Forest,2265,0.07534167772403681,636,4280,0.5043616177636796,0.24004486819966347,1261,17830
Random Forest,2266,0.07534160536640115,636,4281,0.5043616177636796,0.24010095344924284,1261,17830
Random Forest,2267,0.07532669882011853,636,4282,0.5043616177636796,0.2401570386988222,1261,17830
Random Forest,2268,0.07532385666093401,636,4283,0.5043616177636796,0.24021312394840158,1261,17830
Random Forest,2269,0.07532234381558854,636,4284,0.5043616177636796,0.24026920919798092,1261,17830
Random Forest,2270,0.07532174972396635,636,4285,0.5043616177636796,0.2403252944475603,1261,17830
Random Forest,2271,0.07528041399730788,636,4286,0.5043616177636796,0.24038137969713966,1261,17830
Random Forest,2272,0.07527998700875486,636,4287,0.5043616177636796,0.24043746494671903,1261,17830
Random Forest,2273,0.07527655384435619,636,4291,0.5043616177636796,0.24066180594503644,1261,17830
Random Forest,2274,0.07527028444535627,636,4293,0.5043616177636796,0.24077397644419518,1261,17830
Random Forest,2275,0.07526523841111331,636,4294,0.5043616177636796,0.24083006169377455,1261,17830
Random Forest,2276,0.07526104802333256,636,4295,0.5043616177636796,0.2408861469433539,1261,17830
Random Forest,2277,0.07526043146217866,636,4296,0.5043616177636796,0.24094223219293326,1261,17830
Random Forest,2278,0.07524518159568187,637,4296,0.5051546391752577,0.24094223219293326,1261,17830
Random Forest,2279,0.07524511599431613,637,4297,0.5051546391752577,0.24099831744251263,1261,17830
Random Forest,2280,0.07523080622023606,637,4298,0.5051546391752577,0.24105440269209197,1261,17830
Random Forest,2281,0.07522936147841228,637,4300,0.5051546391752577,0.2411665731912507,1261,17830
Random Forest,2282,0.0752231606608733,637,4302,0.5051546391752577,0.24127874369040941,1261,17830
Random Forest,2283,0.07522077258432164,637,4303,0.5051546391752577,0.24133482893998878,1261,17830
Random Forest,2284,0.07521446551696175,637,4305,0.5051546391752577,0.2414469994391475,1261,17830
Random Forest,2285,0.07521252600434598,638,4311,0.5059476605868358,0.24178351093662367,1261,17830
Random Forest,2286,0.07520529271444502,638,4312,0.5059476605868358,0.24183959618620302,1261,17830
Random Forest,2287,0.07519893821703562,638,4313,0.5059476605868358,0.24189568143578238,1261,17830
Random Forest,2288,0.07519425052207825,638,4314,0.5059476605868358,0.24195176668536175,1261,17830
Random Forest,2289,0.0751835715071799,638,4316,0.5059476605868358,0.24206393718452046,1261,17830
Random Forest,2290,0.07518270354545223,638,4317,0.5059476605868358,0.24212002243409983,1261,17830
Random Forest,2291,0.07518064796029737,638,4318,0.5059476605868358,0.2421761076836792,1261,17830
Random Forest,2292,0.07517723961566926,638,4320,0.5059476605868358,0.2422882781828379,1261,17830
Random Forest,2293,0.07517225607393704,638,4322,0.5059476605868358,0.24240044868199664,1261,17830
Random Forest,2294,0.07517213029504774,638,4323,0.5059476605868358,0.24245653393157598,1261,17830
Random Forest,2295,0.07515213365713985,638,4329,0.5059476605868358,0.24279304542905217,1261,17830
Random Forest,2296,0.07513801383043442,638,4330,0.5059476605868358,0.2428491306786315,1261,17830
Random Forest,2297,0.07513493438855555,638,4331,0.5059476605868358,0.24290521592821088,1261,17830
Random Forest,2298,0.07513201166571092,638,4332,0.5059476605868358,0.24296130117779025,1261,17830
Random Forest,2299,0.07513075240446428,638,4333,0.5059476605868358,0.2430173864273696,1261,17830
Random Forest,2300,0.07512756608654096,639,4333,0.5067406819984139,0.2430173864273696,1261,17830
Random Forest,2301,0.07512648681004856,639,4336,0.5067406819984139,0.2431856421761077,1261,17830
Random Forest,2302,0.07512413133627065,639,4338,0.5067406819984139,0.2432978126752664,1261,17830
Random Forest,2303,0.0751206912360425,639,4339,0.5067406819984139,0.24335389792484577,1261,17830
Random Forest,2304,0.07511756920718038,639,4340,0.5067406819984139,0.24340998317442514,1261,17830
Random Forest,2305,0.07511715400678336,639,4341,0.5067406819984139,0.24346606842400448,1261,17830
Random Forest,2306,0.07511170614549072,639,4342,0.5067406819984139,0.24352215367358385,1261,17830
Random Forest,2307,0.07510863928640953,639,4345,0.5067406819984139,0.24369040942232192,1261,17830
Random Forest,2308,0.07510830954437132,639,4347,0.5067406819984139,0.24380257992148066,1261,17830
Random Forest,2309,0.07510668448192909,639,4348,0.5067406819984139,0.24385866517106,1261,17830
Random Forest,2310,0.07510555060932976,639,4349,0.5067406819984139,0.24391475042063937,1261,17830
Random Forest,2311,0.07510181895003432,639,4350,0.5067406819984139,0.24397083567021874,1261,17830
Random Forest,2312,0.07508356059823734,639,4351,0.5067406819984139,0.24402692091979808,1261,17830
Random Forest,2313,0.07507174456025467,639,4352,0.5067406819984139,0.24408300616937745,1261,17830
Random Forest,2314,0.07505820514483068,639,4353,0.5067406819984139,0.24413909141895682,1261,17830
Random Forest,2315,0.07505516252358081,639,4354,0.5067406819984139,0.24419517666853618,1261,17830
Random Forest,2316,0.07505015405543361,639,4355,0.5067406819984139,0.24425126191811553,1261,17830
Random Forest,2317,0.07504891906591449,639,4358,0.5067406819984139,0.24441951766685363,1261,17830
Random Forest,2318,0.07504807586242994,639,4359,0.5067406819984139,0.24447560291643297,1261,17830
Random Forest,2319,0.07504346228193529,639,4361,0.5067406819984139,0.2445877734155917,1261,17830
Random Forest,2320,0.07504014903896061,639,4362,0.5067406819984139,0.24464385866517105,1261,17830
Random Forest,2321,0.07503777557471017,640,4362,0.507533703409992,0.24464385866517105,1261,17830
Random Forest,2322,0.07503457478382,640,4366,0.507533703409992,0.2448681996634885,1261,17830
Random Forest,2323,0.07503411230273062,641,4370,0.5083267248215702,0.24509254066180594,1261,17830
Random Forest,2324,0.07503411198215534,641,4372,0.5083267248215702,0.24520471116096468,1261,17830
Random Forest,2325,0.07501965976589765,641,4374,0.5083267248215702,0.2453168816601234,1261,17830
Random Forest,2326,0.07501787061863681,641,4375,0.5083267248215702,0.24537296690970276,1261,17830
Random Forest,2327,0.07500507449077734,641,4377,0.5083267248215702,0.24548513740886146,1261,17830
Random Forest,2328,0.07500206353380263,641,4380,0.5083267248215702,0.24565339315759954,1261,17830
Random Forest,2329,0.07500016272255962,641,4381,0.5083267248215702,0.2457094784071789,1261,17830
Random Forest,2330,0.07499969180915969,641,4382,0.5083267248215702,0.24576556365675828,1261,17830
Random Forest,2331,0.07499296748754164,641,4384,0.5083267248215702,0.245877734155917,1261,17830
Random Forest,2332,0.07497774241767759,641,4387,0.5083267248215702,0.24604598990465507,1261,17830
Random Forest,2333,0.07497609909154686,641,4388,0.5083267248215702,0.24610207515423443,1261,17830
Random Forest,2334,0.0749717036616961,641,4389,0.5083267248215702,0.2461581604038138,1261,17830
Random Forest,2335,0.07496733579523342,641,4390,0.5083267248215702,0.24621424565339317,1261,17830
Random Forest,2336,0.0749656847344888,641,4391,0.5083267248215702,0.2462703309029725,1261,17830
Random Forest,2337,0.07494301901604591,641,4392,0.5083267248215702,0.24632641615255188,1261,17830
Random Forest,2338,0.07493301247239921,641,4393,0.5083267248215702,0.24638250140213125,1261,17830
Random Forest,2339,0.07493196388485032,641,4395,0.5083267248215702,0.24649467190128996,1261,17830
Random Forest,2340,0.07491621363219904,641,4396,0.5083267248215702,0.24655075715086933,1261,17830
Random Forest,2341,0.07491241838264556,641,4397,0.5083267248215702,0.2466068424004487,1261,17830
Random Forest,2342,0.07490811329662203,641,4398,0.5083267248215702,0.24666292765002804,1261,17830
Random Forest,2343,0.07490468090133919,641,4399,0.5083267248215702,0.2467190128996074,1261,17830
Random Forest,2344,0.07490201420068651,641,4400,0.5083267248215702,0.24677509814918677,1261,17830
Random Forest,2345,0.07489946219455199,641,4401,0.5083267248215702,0.2468311833987661,1261,17830
Random Forest,2346,0.074894467419273,642,4401,0.5091197462331483,0.2468311833987661,1261,17830
Random Forest,2347,0.07489125119511332,642,4403,0.5091197462331483,0.24694335389792485,1261,17830
Random Forest,2348,0.07488718109115791,642,4404,0.5091197462331483,0.24699943914750422,1261,17830
Random Forest,2349,0.07487270239731252,642,4405,0.5091197462331483,0.24705552439708356,1261,17830
Random Forest,2350,0.07487236078250277,642,4407,0.5091197462331483,0.2471676948962423,1261,17830
Random Forest,2351,0.0748690932393198,642,4408,0.5091197462331483,0.24722378014582164,1261,17830
Random Forest,2352,0.0748545140420807,642,4409,0.5091197462331483,0.247279865395401,1261,17830
Random Forest,2353,0.07485281148619391,642,4410,0.5091197462331483,0.24733595064498037,1261,17830
Random Forest,2354,0.07484214947091429,642,4411,0.5091197462331483,0.24739203589455974,1261,17830
Random Forest,2355,0.07483608230375585,642,4412,0.5091197462331483,0.24744812114413908,1261,17830
Random Forest,2356,0.07481914748664584,642,4413,0.5091197462331483,0.24750420639371845,1261,17830
Random Forest,2357,0.07480857879545809,642,4414,0.5091197462331483,0.24756029164329782,1261,17830
Random Forest,2358,0.07479509765924561,642,4415,0.5091197462331483,0.24761637689287716,1261,17830
Random Forest,2359,0.07478453553924493,642,4417,0.5091197462331483,0.2477285473920359,1261,17830
Random Forest,2360,0.0747668951272896,642,4418,0.5091197462331483,0.24778463264161527,1261,17830
Random Forest,2361,0.07476065433398567,642,4419,0.5091197462331483,0.2478407178911946,1261,17830
Random Forest,2362,0.0747478670870696,642,4420,0.5091197462331483,0.24789680314077397,1261,17830
Random Forest,2363,0.07474529790648578,642,4421,0.5091197462331483,0.24795288839035334,1261,17830
Random Forest,2364,0.07474361257230093,643,4422,0.5099127676447264,0.24800897363993268,1261,17830
Random Forest,2365,0.07473269259030492,645,4422,0.5114988104678826,0.24800897363993268,1261,17830
Random Forest,2366,0.07471453348766982,646,4423,0.5122918318794607,0.24806505888951205,1261,17830
Random Forest,2367,0.07469852489696395,647,4423,0.5130848532910388,0.24806505888951205,1261,17830
Random Forest,2368,0.07469348240141949,647,4424,0.5130848532910388,0.24812114413909142,1261,17830
Random Forest,2369,0.07468925177893992,647,4425,0.5130848532910388,0.2481772293886708,1261,17830
Random Forest,2370,0.0746867477743673,647,4426,0.5130848532910388,0.24823331463825013,1261,17830
Random Forest,2371,0.07468324705455273,647,4427,0.5130848532910388,0.2482893998878295,1261,17830
Random Forest,2372,0.07467471268830171,647,4428,0.5130848532910388,0.24834548513740887,1261,17830
Random Forest,2373,0.07467392916078681,647,4429,0.5130848532910388,0.24840157038698824,1261,17830
Random Forest,2374,0.07467153905022214,647,4430,0.5130848532910388,0.24845765563656758,1261,17830
Random Forest,2375,0.0746663847510285,647,4433,0.5130848532910388,0.24862591138530565,1261,17830
Random Forest,2376,0.07466228499276624,647,4434,0.5130848532910388,0.24868199663488502,1261,17830
Random Forest,2377,0.07465683608402501,647,4439,0.5130848532910388,0.24896242288278184,1261,17830
Random Forest,2378,0.07465292339916785,647,4448,0.5130848532910388,0.24946719012899607,1261,17830
Random Forest,2379,0.07464074052820792,648,4448,0.5138778747026169,0.24946719012899607,1261,17830
Random Forest,2380,0.07463980897135729,648,4449,0.5138778747026169,0.24952327537857544,1261,17830
Random Forest,2381,0.07463971025312865,648,4450,0.5138778747026169,0.2495793606281548,1261,17830
Random Forest,2382,0.07463482613949729,649,4450,0.514670896114195,0.2495793606281548,1261,17830
Random Forest,2383,0.07463182030106906,649,4451,0.514670896114195,0.24963544587773415,1261,17830
Random Forest,2384,0.07461854497605819,649,4452,0.514670896114195,0.24969153112731352,1261,17830
Random Forest,2385,0.07460356099593643,649,4453,0.514670896114195,0.24974761637689288,1261,17830
Random Forest,2386,0.07460130593362463,649,4454,0.514670896114195,0.24980370162647222,1261,17830
Random Forest,2387,0.07459609662286343,649,4456,0.514670896114195,0.24991587212563096,1261,17830
Random Forest,2388,0.0745937601978139,649,4459,0.514670896114195,0.25008412787436907,1261,17830
Random Forest,2389,0.07459004312803043,649,4470,0.514670896114195,0.250701065619742,1261,17830
Random Forest,2390,0.07457882808071734,649,4471,0.514670896114195,0.2507571508693214,1261,17830
Random Forest,2391,0.07456629165180384,650,4479,0.5154639175257731,0.25120583286595627,1261,17830
Random Forest,2392,0.07456349153402371,650,4480,0.5154639175257731,0.2512619181155356,1261,17830
Random Forest,2393,0.07455050421833208,650,4482,0.5154639175257731,0.25137408861469435,1261,17830
Random Forest,2394,0.07455039763526104,650,4483,0.5154639175257731,0.2514301738642737,1261,17830
Random Forest,2395,0.07453696132718174,650,4484,0.5154639175257731,0.2514862591138531,1261,17830
Random Forest,2396,0.07453593383425804,650,4485,0.5154639175257731,0.2515423443634324,1261,17830
Random Forest,2397,0.07452795323864145,650,4486,0.5154639175257731,0.25159842961301176,1261,17830
Random Forest,2398,0.07452214882505,650,4487,0.5154639175257731,0.25165451486259116,1261,17830
Random Forest,2399,0.07452156931860926,650,4488,0.5154639175257731,0.2517106001121705,1261,17830
Random Forest,2400,0.0745169204496742,650,4489,0.5154639175257731,0.25176668536174984,1261,17830
Random Forest,2401,0.07448308584657122,650,4490,0.5154639175257731,0.25182277061132924,1261,17830
Random Forest,2402,0.07448192016414142,650,4491,0.5154639175257731,0.2518788558609086,1261,17830
Random Forest,2403,0.07447810779115041,650,4492,0.5154639175257731,0.2519349411104879,1261,17830
Random Forest,2404,0.07447556322329964,650,4494,0.5154639175257731,0.25204711160964666,1261,17830
Random Forest,2405,0.0744723628969299,650,4495,0.5154639175257731,0.252103196859226,1261,17830
Random Forest,2406,0.07447211672065238,650,4496,0.5154639175257731,0.2521592821088054,1261,17830
Random Forest,2407,0.07447153532283252,650,4497,0.5154639175257731,0.25221536735838473,1261,17830
Random Forest,2408,0.07445413802254428,650,4501,0.5154639175257731,0.2524397083567022,1261,17830
Random Forest,2409,0.07444917845164895,650,4502,0.5154639175257731,0.25249579360628155,1261,17830
Random Forest,2410,0.0744463520597196,650,4503,0.5154639175257731,0.2525518788558609,1261,17830
Random Forest,2411,0.07443443111303953,650,4504,0.5154639175257731,0.2526079641054403,1261,17830
Random Forest,2412,0.07442666947653422,650,4505,0.5154639175257731,0.2526640493550196,1261,17830
Random Forest,2413,0.07442653874032798,651,4505,0.5162569389373514,0.2526640493550196,1261,17830
Random Forest,2414,0.07442638091771077,652,4505,0.5170499603489295,0.2526640493550196,1261,17830
Random Forest,2415,0.07442401254302256,652,4508,0.5170499603489295,0.2528323051037577,1261,17830
Random Forest,2416,0.07442368634127672,652,4509,0.5170499603489295,0.25288839035333704,1261,17830
Random Forest,2417,0.07441404656345997,652,4510,0.5170499603489295,0.25294447560291644,1261,17830
Random Forest,2418,0.07440647295967781,652,4511,0.5170499603489295,0.2530005608524958,1261,17830
Random Forest,2419,0.07439930928195201,652,4512,0.5170499603489295,0.2530566461020752,1261,17830
Random Forest,2420,0.0743931095805917,652,4513,0.5170499603489295,0.2531127313516545,1261,17830
Random Forest,2421,0.07438758438960245,652,4514,0.5170499603489295,0.25316881660123386,1261,17830
Random Forest,2422,0.07437330390489409,652,4515,0.5170499603489295,0.25322490185081326,1261,17830
Random Forest,2423,0.0743680831827742,652,4516,0.5170499603489295,0.2532809871003926,1261,17830
Random Forest,2424,0.07436706258008256,652,4517,0.5170499603489295,0.25333707234997194,1261,17830
Random Forest,2425,0.074356585946703,653,4518,0.5178429817605076,0.25339315759955133,1261,17830
Random Forest,2426,0.07435336972254333,654,4520,0.5186360031720857,0.25350532809871,1261,17830
Random Forest,2427,0.07434241940480577,654,4521,0.5186360031720857,0.2535614133482894,1261,17830
Random Forest,2428,0.07434173091675764,654,4522,0.5186360031720857,0.25361749859786875,1261,17830
Random Forest,2429,0.07433643316817398,655,4522,0.5194290245836638,0.25361749859786875,1261,17830
Random Forest,2430,0.07433324730742094,655,4523,0.5194290245836638,0.25367358384744815,1261,17830
Random Forest,2431,0.07431680182764498,655,4524,0.5194290245836638,0.2537296690970275,1261,17830
Random Forest,2432,0.07431426237074758,655,4525,0.5194290245836638,0.25378575434660683,1261,17830
Random Forest,2433,0.07430338661202113,655,4526,0.5194290245836638,0.2538418395961862,1261,17830
Random Forest,2434,0.0743006292172498,655,4527,0.5194290245836638,0.25389792484576557,1261,17830
Random Forest,2435,0.07430012724341542,655,4530,0.5194290245836638,0.25406618059450364,1261,17830
Random Forest,2436,0.07428130783040172,655,4531,0.5194290245836638,0.254122265844083,1261,17830
Random Forest,2437,0.07427799573469059,655,4532,0.5194290245836638,0.2541783510936624,1261,17830
Random Forest,2438,0.07427652132460892,655,4536,0.5194290245836638,0.2544026920919798,1261,17830
Random Forest,2439,0.07426125443638314,655,4537,0.5194290245836638,0.2544587773415592,1261,17830
Random Forest,2440,0.07425392077532725,655,4539,0.5194290245836638,0.2545709478407179,1261,17830
Random Forest,2441,0.074247117625565,655,4541,0.5194290245836638,0.2546831183398766,1261,17830
Random Forest,2442,0.0742462892485206,655,4542,0.5194290245836638,0.25473920358945595,1261,17830
Random Forest,2443,0.07424257874644383,655,4543,0.5194290245836638,0.25479528883903535,1261,17830
Random Forest,2444,0.07424026219351214,655,4544,0.5194290245836638,0.2548513740886147,1261,17830
Random Forest,2445,0.07422983779861599,655,4545,0.5194290245836638,0.25490745933819403,1261,17830
Random Forest,2446,0.07422316796482702,655,4546,0.5194290245836638,0.2549635445877734,1261,17830
Random Forest,2447,0.07421705170049786,655,4551,0.5194290245836638,0.25524397083567024,1261,17830
Random Forest,2448,0.07421285080390606,655,4552,0.5194290245836638,0.2553000560852496,1261,17830
Random Forest,2449,0.07419782085395996,655,4553,0.5194290245836638,0.2553561413348289,1261,17830
Random Forest,2450,0.07417468437249443,655,4557,0.5194290245836638,0.2555804823331464,1261,17830
Random Forest,2451,0.0741583839194428,655,4558,0.5194290245836638,0.25563656758272574,1261,17830
Random Forest,2452,0.07415511370968234,655,4559,0.5194290245836638,0.2556926528323051,1261,17830
Random Forest,2453,0.07414932799115109,655,4560,0.5194290245836638,0.2557487380818845,1261,17830
Random Forest,2454,0.07414472988179982,657,4561,0.52101506740682,0.2558048233314638,1261,17830
Random Forest,2455,0.0741406597611903,657,4562,0.52101506740682,0.2558609085810432,1261,17830
Random Forest,2456,0.07413573664301645,660,4611,0.5233941316415543,0.25860908581043185,1261,17830
Random Forest,2457,0.07412047629658809,660,4616,0.5233941316415543,0.25888951205832866,1261,17830
Random Forest,2458,0.07411064665866599,660,4617,0.5233941316415543,0.258945597307908,1261,17830
Random Forest,2459,0.07410801129170257,661,4622,0.5241871530531325,0.2592260235558048,1261,17830
Random Forest,2460,0.07410351703533351,661,4623,0.5241871530531325,0.25928210880538416,1261,17830
Random Forest,2461,0.07408054274569252,661,4639,0.5241871530531325,0.26017947279865394,1261,17830
Random Forest,2462,0.07407703176778488,661,4640,0.5241871530531325,0.26023555804823334,1261,17830
Random Forest,2463,0.07407291355446845,661,4641,0.5241871530531325,0.2602916432978127,1261,17830
Random Forest,2464,0.07406911301479772,661,4642,0.5241871530531325,0.260347728547392,1261,17830
Random Forest,2465,0.07405736103078453,661,4643,0.5241871530531325,0.2604038137969714,1261,17830
Random Forest,2466,0.07405424994255932,661,4644,0.5241871530531325,0.26045989904655076,1261,17830
Random Forest,2467,0.07404790477776858,661,4645,0.5241871530531325,0.2605159842961301,1261,17830
Random Forest,2468,0.07404345310080832,661,4646,0.5241871530531325,0.2605720695457095,1261,17830
Random Forest,2469,0.0740393694219731,661,4647,0.5241871530531325,0.26062815479528884,1261,17830
Random Forest,2470,0.07403251837478665,661,4648,0.5241871530531325,0.2606842400448682,1261,17830
Random Forest,2471,0.0740200094258193,661,4649,0.5241871530531325,0.2607403252944476,1261,17830
Random Forest,2472,0.07400510770653021,661,4650,0.5241871530531325,0.2607964105440269,1261,17830
Random Forest,2473,0.0739973051306294,661,4654,0.5241871530531325,0.2610207515423444,1261,17830
Random Forest,2474,0.07399558206312584,662,4655,0.5249801744647106,0.2610768367919237,1261,17830
Random Forest,2475,0.07399150071703794,662,4656,0.5249801744647106,0.26113292204150307,1261,17830
Random Forest,2476,0.07397760195276717,662,4657,0.5249801744647106,0.26118900729108246,1261,17830
Random Forest,2477,0.07397076640841936,662,4658,0.5249801744647106,0.2612450925406618,1261,17830
Random Forest,2478,0.0739658489274699,662,4659,0.5249801744647106,0.26130117779024115,1261,17830
Random Forest,2479,0.07396527556547394,662,4660,0.5249801744647106,0.26135726303982054,1261,17830
Random Forest,2480,0.0739651689824029,663,4666,0.5257731958762887,0.2616937745372967,1261,17830
Random Forest,2481,0.07395631216131378,663,4667,0.5257731958762887,0.26174985978687604,1261,17830
Random Forest,2482,0.073955241217624,663,4668,0.5257731958762887,0.26180594503645543,1261,17830
Random Forest,2483,0.07394944627635996,663,4669,0.5257731958762887,0.2618620302860348,1261,17830
Random Forest,2484,0.07394438880910009,663,4670,0.5257731958762887,0.2619181155356141,1261,17830
Random Forest,2485,0.0739442185888954,663,4671,0.5257731958762887,0.2619742007851935,1261,17830
Random Forest,2486,0.07394229710015081,663,4672,0.5257731958762887,0.26203028603477285,1261,17830
Random Forest,2487,0.0739396467701653,663,4673,0.5257731958762887,0.2620863712843522,1261,17830
Random Forest,2488,0.07393813084311711,663,4674,0.5257731958762887,0.2621424565339316,1261,17830
Random Forest,2489,0.07393322581073879,663,4675,0.5257731958762887,0.26219854178351093,1261,17830
Random Forest,2490,0.07392914686155166,663,4676,0.5257731958762887,0.26225462703309027,1261,17830
Random Forest,2491,0.07391509612184922,663,4678,0.5257731958762887,0.262366797532249,1261,17830
Random Forest,2492,0.07390464436741642,663,4679,0.5257731958762887,0.2624228827818284,1261,17830
Random Forest,2493,0.07390313411009339,663,4682,0.5257731958762887,0.2625911385305665,1261,17830
Random Forest,2494,0.07389949377017638,663,4685,0.5257731958762887,0.26275939427930456,1261,17830
Random Forest,2495,0.07389569513947765,664,4687,0.5265662172878668,0.26287156477846324,1261,17830
Random Forest,2496,0.07389123923869696,664,4688,0.5265662172878668,0.26292765002804264,1261,17830
Random Forest,2497,0.07388766326771418,664,4689,0.5265662172878668,0.262983735277622,1261,17830
Random Forest,2498,0.07387266510765668,664,4690,0.5265662172878668,0.2630398205272014,1261,17830
Random Forest,2499,0.07386402842805043,664,4691,0.5265662172878668,0.2630959057767807,1261,17830
Random Forest,2500,0.0738633298241375,664,4693,0.5265662172878668,0.26320807627593945,1261,17830
Random Forest,2501,0.07386246147257965,664,4695,0.5265662172878668,0.26332024677509813,1261,17830
Random Forest,2502,0.0738427778117511,664,4696,0.5265662172878668,0.26337633202467753,1261,17830
Random Forest,2503,0.07384034715868323,664,4697,0.5265662172878668,0.26343241727425687,1261,17830
Random Forest,2504,0.07383734442454355,664,4698,0.5265662172878668,0.2634885025238362,1261,17830
Random Forest,2505,0.07382964466640263,664,4701,0.5265662172878668,0.2636567582725743,1261,17830
Random Forest,2506,0.07382689451537147,664,4702,0.5265662172878668,0.2637128435221537,1261,17830
Random Forest,2507,0.07382593783869094,664,4703,0.5265662172878668,0.263768928771733,1261,17830
Random Forest,2508,0.07382582257058365,664,4704,0.5265662172878668,0.2638250140213124,1261,17830
Random Forest,2509,0.07382368205709304,664,4705,0.5265662172878668,0.26388109927089176,1261,17830
Random Forest,2510,0.07382272161453127,664,4720,0.5265662172878668,0.26472237801458215,1261,17830
Random Forest,2511,0.07382091988298572,664,4721,0.5265662172878668,0.26477846326416155,1261,17830
Random Forest,2512,0.07381962839356639,664,4722,0.5265662172878668,0.2648345485137409,1261,17830
Random Forest,2513,0.07381920829722555,664,4723,0.5265662172878668,0.2648906337633202,1261,17830
Random Forest,2514,0.07381166203024013,665,4724,0.5273592386994449,0.2649467190128996,1261,17830
Random Forest,2515,0.07380275047252244,667,4725,0.5289452815226011,0.26500280426247896,1261,17830
Random Forest,2516,0.0738011757280963,667,4727,0.5289452815226011,0.2651149747616377,1261,17830
Random Forest,2517,0.07378726450586141,668,4728,0.5297383029341792,0.26517106001121704,1261,17830
Random Forest,2518,0.07378434300909463,668,4729,0.5297383029341792,0.26522714526079644,1261,17830
Random Forest,2519,0.073781903617087,668,4730,0.5297383029341792,0.2652832305103758,1261,17830
Random Forest,2520,0.07377312262932054,668,4734,0.5297383029341792,0.2655075715086932,1261,17830
Random Forest,2521,0.07377044477991838,668,4735,0.5297383029341792,0.2655636567582726,1261,17830
Random Forest,2522,0.07376947913540337,670,4757,0.5313243457573354,0.26679753224901853,1261,17830
Random Forest,2523,0.07376136871945364,670,4758,0.5313243457573354,0.2668536174985979,1261,17830
Random Forest,2524,0.07371527866831903,670,4759,0.5313243457573354,0.2669097027481772,1261,17830
Random Forest,2525,0.07371409771158995,670,4760,0.5313243457573354,0.2669657879977566,1261,17830
Random Forest,2526,0.07371309670567584,670,4761,0.5313243457573354,0.26702187324733595,1261,17830
Random Forest,2527,0.07371277999984767,670,4762,0.5313243457573354,0.2670779584969153,1261,17830
Random Forest,2528,0.0737018941063329,670,4763,0.5313243457573354,0.2671340437464947,1261,17830
Random Forest,2529,0.07370160553472192,670,4768,0.5313243457573354,0.2674144699943915,1261,17830
Random Forest,2530,0.07369652204047232,670,4769,0.5313243457573354,0.26747055524397084,1261,17830
Random Forest,2531,0.07369324269113138,671,4783,0.5321173671689136,0.2682557487380819,1261,17830
Random Forest,2532,0.07369152366400115,671,4786,0.5321173671689136,0.26842400448681997,1261,17830
Random Forest,2533,0.0736912803281657,671,4787,0.5321173671689136,0.2684800897363993,1261,17830
Random Forest,2534,0.07368736555762131,671,4788,0.5321173671689136,0.2685361749859787,1261,17830
Random Forest,2535,0.07368572402048747,671,4789,0.5321173671689136,0.26859226023555804,1261,17830
Random Forest,2536,0.07368281052575232,671,4790,0.5321173671689136,0.2686483454851374,1261,17830
Random Forest,2537,0.07368016365809475,671,4791,0.5321173671689136,0.2687044307347168,1261,17830
Random Forest,2538,0.07367992128647173,671,4792,0.5321173671689136,0.2687605159842961,1261,17830
Random Forest,2539,0.07367398614896176,671,4796,0.5321173671689136,0.2689848569826136,1261,17830
Random Forest,2540,0.07366801895875849,671,4797,0.5321173671689136,0.26904094223219294,1261,17830
Random Forest,2541,0.07366577414512132,671,4804,0.5321173671689136,0.26943353897924843,1261,17830
Random Forest,2542,0.07366502139917805,671,4805,0.5321173671689136,0.26948962422882783,1261,17830
Random Forest,2543,0.07365898097568849,672,4805,0.5329103885804917,0.26948962422882783,1261,17830
Random Forest,2544,0.07365080656049766,672,4806,0.5329103885804917,0.26954570947840717,1261,17830
Random Forest,2545,0.07364983299951831,672,4807,0.5329103885804917,0.26960179472798657,1261,17830
Random Forest,2546,0.0736491342497456,672,4808,0.5329103885804917,0.2696578799775659,1261,17830
Random Forest,2547,0.07363456983642787,672,4809,0.5329103885804917,0.26971396522714525,1261,17830
Random Forest,2548,0.07363320611372878,672,4810,0.5329103885804917,0.26977005047672464,1261,17830
Random Forest,2549,0.07362331323900524,672,4811,0.5329103885804917,0.269826135726304,1261,17830
Random Forest,2550,0.07362072219835786,673,4812,0.5337034099920698,0.2698822209758833,1261,17830
Random Forest,2551,0.07361640294299171,673,4813,0.5337034099920698,0.2699383062254627,1261,17830
Random Forest,2552,0.073616398931911,673,4814,0.5337034099920698,0.26999439147504206,1261,17830
Random Forest,2553,0.07360961301035128,673,4815,0.5337034099920698,0.2700504767246214,1261,17830
Random Forest,2554,0.07359764223335462,673,4816,0.5337034099920698,0.2701065619742008,1261,17830
Random Forest,2555,0.07359661819979912,673,4817,0.5337034099920698,0.27016264722378014,1261,17830
Random Forest,2556,0.07359348455664014,673,4818,0.5337034099920698,0.2702187324733595,1261,17830
Random Forest,2557,0.07358982818857604,673,4823,0.5337034099920698,0.2704991587212563,1261,17830
Random Forest,2558,0.07358896768877606,673,4824,0.5337034099920698,0.2705552439708357,1261,17830
Random Forest,2559,0.07357909366324757,673,4825,0.5337034099920698,0.27061132922041503,1261,17830
Random Forest,2560,0.07357761538534632,673,4829,0.5337034099920698,0.27083567021873245,1261,17830
Random Forest,2561,0.07357541263649009,673,4832,0.5337034099920698,0.2710039259674706,1261,17830
Random Forest,2562,0.07355922036349655,673,4833,0.5337034099920698,0.2710600112170499,1261,17830
Random Forest,2563,0.07354978034002851,673,4835,0.5337034099920698,0.27117218171620866,1261,17830
Random Forest,2564,0.07354200434618793,673,4836,0.5337034099920698,0.271228266965788,1261,17830
Random Forest,2565,0.07353377212692544,673,4837,0.5337034099920698,0.27128435221536734,1261,17830
Random Forest,2566,0.07352412042603912,673,4838,0.5337034099920698,0.27134043746494674,1261,17830
Random Forest,2567,0.07350362809025235,673,4839,0.5337034099920698,0.2713965227145261,1261,17830
Random Forest,2568,0.07349773853142812,673,4840,0.5337034099920698,0.2714526079641054,1261,17830
Random Forest,2569,0.07347485905369612,673,4841,0.5337034099920698,0.2715086932136848,1261,17830
Random Forest,2570,0.0734624767341435,673,4842,0.5337034099920698,0.27156477846326416,1261,17830
Random Forest,2571,0.07345826927799798,673,4843,0.5337034099920698,0.2716208637128435,1261,17830
Random Forest,2572,0.07345218375074646,673,4844,0.5337034099920698,0.2716769489624229,1261,17830
Random Forest,2573,0.07343930258542807,673,4845,0.5337034099920698,0.27173303421200223,1261,17830
Random Forest,2574,0.07343625773690451,673,4846,0.5337034099920698,0.27178911946158163,1261,17830
Random Forest,2575,0.07343280941968,673,4847,0.5337034099920698,0.27184520471116097,1261,17830
Random Forest,2576,0.07343264983486938,673,4848,0.5337034099920698,0.2719012899607403,1261,17830
Random Forest,2577,0.07342558817957102,673,4849,0.5337034099920698,0.2719573752103197,1261,17830
Random Forest,2578,0.07342017695565721,673,4850,0.5337034099920698,0.27201346045989905,1261,17830
Random Forest,2579,0.07341879816834791,673,4853,0.5337034099920698,0.2721817162086371,1261,17830
Random Forest,2580,0.07340060311920268,673,4854,0.5337034099920698,0.27223780145821647,1261,17830
Random Forest,2581,0.07339985461635899,673,4855,0.5337034099920698,0.27229388670779586,1261,17830
Random Forest,2582,0.0733982895980362,673,4858,0.5337034099920698,0.27246214245653394,1261,17830
Random Forest,2583,0.0733947485893862,673,4859,0.5337034099920698,0.2725182277061133,1261,17830
Random Forest,2584,0.07339434341200095,673,4861,0.5337034099920698,0.272630398205272,1261,17830
Random Forest,2585,0.07339385296394982,673,4862,0.5337034099920698,0.27268648345485136,1261,17830
Random Forest,2586,0.07339101954477426,674,4866,0.5344964314036479,0.27291082445316883,1261,17830
Random Forest,2587,0.07339059144654729,674,4868,0.5344964314036479,0.2730229949523275,1261,17830
Random Forest,2588,0.07338586984838372,674,4869,0.5344964314036479,0.2730790802019069,1261,17830
Random Forest,2589,0.07337784816617395,674,4870,0.5344964314036479,0.27313516545148625,1261,17830
Random Forest,2590,0.07336687004993227,674,4871,0.5344964314036479,0.27319125070106565,1261,17830
Random Forest,2591,0.0733605911306849,674,4872,0.5344964314036479,0.273247335950645,1261,17830
Random Forest,2592,0.07335735554522618,675,4875,0.535289452815226,0.27341559169938306,1261,17830
Random Forest,2593,0.07335017745716296,675,4876,0.535289452815226,0.2734716769489624,1261,17830
Random Forest,2594,0.07334389576029128,675,4880,0.535289452815226,0.2736960179472799,1261,17830
Random Forest,2595,0.07334172277316924,675,4882,0.535289452815226,0.27380818844643856,1261,17830
Random Forest,2596,0.0733224916255542,675,4883,0.535289452815226,0.27386427369601796,1261,17830
Random Forest,2597,0.07332153223298102,675,4884,0.535289452815226,0.2739203589455973,1261,17830
Random Forest,2598,0.07332054328213738,675,4885,0.535289452815226,0.2739764441951767,1261,17830
Random Forest,2599,0.07331170002203204,675,4886,0.535289452815226,0.27403252944475603,1261,17830
Random Forest,2600,0.07330891493186438,675,4887,0.535289452815226,0.2740886146943354,1261,17830
Random Forest,2601,0.07330703995689015,675,4888,0.535289452815226,0.27414469994391477,1261,17830
Random Forest,2602,0.0733065605364682,675,4890,0.535289452815226,0.27425687044307345,1261,17830
Random Forest,2603,0.07330045078758685,675,4891,0.535289452815226,0.27431295569265285,1261,17830
Random Forest,2604,0.0732853918035414,676,4891,0.5360824742268041,0.27431295569265285,1261,17830
Random Forest,2605,0.07326505536570802,676,4892,0.5360824742268041,0.2743690409422322,1261,17830
Random Forest,2606,0.07326262596164863,676,4893,0.5360824742268041,0.27442512619181153,1261,17830
Random Forest,2607,0.07325693647185727,676,4902,0.5360824742268041,0.2749298934380258,1261,17830
Random Forest,2608,0.07324441601354449,676,4908,0.5360824742268041,0.275266404935502,1261,17830
Random Forest,2609,0.07323979667190633,676,4909,0.5360824742268041,0.2753224901850813,1261,17830
Random Forest,2610,0.07323087238493343,677,4909,0.5368754956383822,0.2753224901850813,1261,17830
Random Forest,2611,0.07322384839304641,677,4910,0.5368754956383822,0.2753785754346607,1261,17830
Random Forest,2612,0.07322047119530044,677,4911,0.5368754956383822,0.27543466068424005,1261,17830
Random Forest,2613,0.07321860925904702,677,4913,0.5368754956383822,0.2755468311833988,1261,17830
Random Forest,2614,0.07321547476243033,677,4914,0.5368754956383822,0.27560291643297813,1261,17830
Random Forest,2615,0.07320745276100586,677,4915,0.5368754956383822,0.27565900168255747,1261,17830
Random Forest,2616,0.07320701690695453,677,4916,0.5368754956383822,0.27571508693213687,1261,17830
Random Forest,2617,0.07320553142205437,677,4917,0.5368754956383822,0.2757711721817162,1261,17830
Random Forest,2618,0.07320512279457606,677,4918,0.5368754956383822,0.27582725743129555,1261,17830
Random Forest,2619,0.07319749690565946,677,4924,0.5368754956383822,0.27616376892877176,1261,17830
Random Forest,2620,0.0731971808042175,677,4925,0.5368754956383822,0.2762198541783511,1261,17830
Random Forest,2621,0.07319240946636513,678,4925,0.5376685170499603,0.2762198541783511,1261,17830
Random Forest,2622,0.07319213845276394,678,4926,0.5376685170499603,0.27627593942793044,1261,17830
Random Forest,2623,0.07318173950513904,678,4927,0.5376685170499603,0.27633202467750984,1261,17830
Random Forest,2624,0.07317898100045504,678,4928,0.5376685170499603,0.2763881099270892,1261,17830
Random Forest,2625,0.07317660421302419,678,4929,0.5376685170499603,0.2764441951766685,1261,17830
Random Forest,2626,0.07317095742670986,678,4934,0.5376685170499603,0.27672462142456533,1261,17830
Random Forest,2627,0.07316951530667512,678,4935,0.5376685170499603,0.2767807066741447,1261,17830
Random Forest,2628,0.07316595484539613,678,4936,0.5376685170499603,0.27683679192372407,1261,17830
Random Forest,2629,0.07315690179124468,678,4937,0.5376685170499603,0.2768928771733034,1261,17830
Random Forest,2630,0.07315451542982812,678,4938,0.5376685170499603,0.2769489624228828,1261,17830
Random Forest,2631,0.07314749844748927,678,4939,0.5376685170499603,0.27700504767246215,1261,17830
Random Forest,2632,0.07313196825639427,681,4960,0.5400475812846947,0.2781828379136287,1261,17830
Random Forest,2633,0.07313147388572845,681,4968,0.5400475812846947,0.2786315199102636,1261,17830
Random Forest,2634,0.07310479383827485,681,4969,0.5400475812846947,0.278687605159843,1261,17830
Random Forest,2635,0.07308064686373929,681,4970,0.5400475812846947,0.2787436904094223,1261,17830
Random Forest,2636,0.07307728552502994,681,4973,0.5400475812846947,0.2789119461581604,1261,17830
Random Forest,2637,0.07307676526282678,681,4974,0.5400475812846947,0.2789680314077398,1261,17830
Random Forest,2638,0.07307375232283037,682,4979,0.5408406026962728,0.27924845765563655,1261,17830
Random Forest,2639,0.07307025796740012,683,4979,0.5416336241078509,0.27924845765563655,1261,17830
Random Forest,2640,0.07306946258834898,683,4982,0.5416336241078509,0.27941671340437463,1261,17830
Random Forest,2641,0.07306854638163995,683,4983,0.5416336241078509,0.279472798653954,1261,17830
Random Forest,2642,0.07306205751820465,683,4984,0.5416336241078509,0.27952888390353337,1261,17830
Random Forest,2643,0.07305782636715502,683,4986,0.5416336241078509,0.2796410544026921,1261,17830
Random Forest,2644,0.07305653321723195,683,4987,0.5416336241078509,0.27969713965227144,1261,17830
Random Forest,2645,0.07305276665268017,683,4988,0.5416336241078509,0.27975322490185084,1261,17830
Random Forest,2646,0.07304525002365629,683,4989,0.5416336241078509,0.2798093101514302,1261,17830
Random Forest,2647,0.0730289457155931,683,4990,0.5416336241078509,0.2798653954010095,1261,17830
Random Forest,2648,0.07302316647080603,683,4991,0.5416336241078509,0.2799214806505889,1261,17830
Random Forest,2649,0.07301494964837431,683,4992,0.5416336241078509,0.27997756590016826,1261,17830
Random Forest,2650,0.07300866225733799,683,4993,0.5416336241078509,0.2800336511497476,1261,17830
Random Forest,2651,0.07300647578046923,683,4994,0.5416336241078509,0.280089736399327,1261,17830
Random Forest,2652,0.07298738651022932,683,4995,0.5416336241078509,0.28014582164890633,1261,17830
Random Forest,2653,0.07298572036197727,683,4996,0.5416336241078509,0.2802019068984857,1261,17830
Random Forest,2654,0.0729764802511727,683,4997,0.5416336241078509,0.28025799214806507,1261,17830
Random Forest,2655,0.07297257583054008,684,4997,0.542426645519429,0.28025799214806507,1261,17830
Random Forest,2656,0.07296554385065174,684,4998,0.542426645519429,0.2803140773976444,1261,17830
Random Forest,2657,0.07295851728157562,684,4999,0.542426645519429,0.28037016264722375,1261,17830
Random Forest,2658,0.07295837845069557,684,5001,0.542426645519429,0.2804823331463825,1261,17830
Random Forest,2659,0.07295746714812351,685,5004,0.5432196669310071,0.28065058889512057,1261,17830
Random Forest,2660,0.07295467633216582,686,5004,0.5440126883425852,0.28065058889512057,1261,17830
Random Forest,2661,0.07291014538439887,686,5006,0.5440126883425852,0.2807627593942793,1261,17830
Random Forest,2662,0.07290625550480181,686,5011,0.5440126883425852,0.2810431856421761,1261,17830
Random Forest,2663,0.07290527063866291,686,5012,0.5440126883425852,0.28109927089175546,1261,17830
Random Forest,2664,0.072887768112534,686,5013,0.5440126883425852,0.28115535614133486,1261,17830
Random Forest,2665,0.07287993897533801,686,5016,0.5440126883425852,0.28132361189007293,1261,17830
Random Forest,2666,0.07287724808128539,686,5017,0.5440126883425852,0.2813796971396523,1261,17830
Random Forest,2667,0.07287599651957004,686,5018,0.5440126883425852,0.2814357823892316,1261,17830
Random Forest,2668,0.072867535810175,686,5019,0.5440126883425852,0.281491867638811,1261,17830
Random Forest,2669,0.07286003252670259,686,5020,0.5440126883425852,0.28154795288839035,1261,17830
Random Forest,2670,0.07284742118201126,686,5021,0.5440126883425852,0.2816040381379697,1261,17830
Random Forest,2671,0.07284720005816189,686,5022,0.5440126883425852,0.2816601233875491,1261,17830
Random Forest,2672,0.07284670148964836,686,5023,0.5440126883425852,0.28171620863712843,1261,17830
Random Forest,2673,0.07284387423767927,686,5024,0.5440126883425852,0.28177229388670777,1261,17830
Random Forest,2674,0.07284179300447109,686,5025,0.5440126883425852,0.28182837913628717,1261,17830
Random Forest,2675,0.07282485215736477,686,5026,0.5440126883425852,0.2818844643858665,1261,17830
Random Forest,2676,0.07282285424354046,686,5027,0.5440126883425852,0.2819405496354459,1261,17830
Random Forest,2677,0.0728181175786134,686,5028,0.5440126883425852,0.28199663488502524,1261,17830
Random Forest,2678,0.07280047873471274,686,5029,0.5440126883425852,0.2820527201346046,1261,17830
Random Forest,2679,0.07279526501611676,688,5033,0.5455987311657414,0.28227706113292206,1261,17830
Random Forest,2680,0.07279068197977205,688,5034,0.5455987311657414,0.2823331463825014,1261,17830
Random Forest,2681,0.07278272830508827,692,5037,0.548770816812054,0.2825014021312395,1261,17830
Random Forest,2682,0.07277934506634015,692,5038,0.548770816812054,0.2825574873808188,1261,17830
Random Forest,2683,0.07277189611726141,692,5039,0.548770816812054,0.2826135726303982,1261,17830
Random Forest,2684,0.07275866710743314,693,5043,0.5495638382236321,0.28283791362871563,1261,17830
Random Forest,2685,0.07273035585275382,693,5044,0.5495638382236321,0.282893998878295,1261,17830
Random Forest,2686,0.07272514664578139,693,5045,0.5495638382236321,0.28295008412787437,1261,17830
Random Forest,2687,0.07271040648639022,696,5058,0.5519429024583664,0.2836791923724061,1261,17830
Random Forest,2688,0.07270185249091311,696,5059,0.5519429024583664,0.2837352776219854,1261,17830
Random Forest,2689,0.07269852416938691,696,5060,0.5519429024583664,0.28379136287156476,1261,17830
Random Forest,2690,0.0726843375420526,696,5061,0.5519429024583664,0.28384744812114415,1261,17830
Random Forest,2691,0.07268332967923676,696,5062,0.5519429024583664,0.2839035333707235,1261,17830
Random Forest,2692,0.07267488331404232,697,5064,0.5527359238699445,0.28401570386988223,1261,17830
Random Forest,2693,0.07266933810071924,697,5066,0.5527359238699445,0.28412787436904097,1261,17830
Random Forest,2694,0.0726689215831156,697,5076,0.5527359238699445,0.28468872686483454,1261,17830
Random Forest,2695,0.07266176135835306,697,5078,0.5527359238699445,0.2848008973639933,1261,17830
Random Forest,2696,0.07264775681203033,697,5079,0.5527359238699445,0.2848569826135726,1261,17830
Random Forest,2697,0.07264621935028291,698,5110,0.5535289452815226,0.2865956253505328,1261,17830
Random Forest,2698,0.07264221236979168,698,5111,0.5535289452815226,0.2866517106001122,1261,17830
Random Forest,2699,0.0726263819598732,698,5112,0.5535289452815226,0.2867077958496915,1261,17830
Random Forest,2700,0.07261824239627379,698,5113,0.5535289452815226,0.28676388109927087,1261,17830
Random Forest,2701,0.07259460964278838,698,5114,0.5535289452815226,0.28681996634885026,1261,17830
Random Forest,2702,0.0725939496794151,698,5115,0.5535289452815226,0.2868760515984296,1261,17830
Random Forest,2703,0.07257086741344489,698,5116,0.5535289452815226,0.286932136848009,1261,17830
Random Forest,2704,0.07256991355106694,698,5117,0.5535289452815226,0.28698822209758834,1261,17830
Random Forest,2705,0.07255975146320517,698,5118,0.5535289452815226,0.2870443073471677,1261,17830
Random Forest,2706,0.07254251878621495,698,5119,0.5535289452815226,0.2871003925967471,1261,17830
Random Forest,2707,0.07253924085726418,698,5120,0.5535289452815226,0.2871564778463264,1261,17830
Random Forest,2708,0.07253429499572481,698,5121,0.5535289452815226,0.28721256309590576,1261,17830
Random Forest,2709,0.07253274397443425,698,5128,0.5535289452815226,0.2876051598429613,1261,17830
Random Forest,2710,0.07252313341005563,698,5129,0.5535289452815226,0.28766124509254065,1261,17830
Random Forest,2711,0.072520382760668,698,5130,0.5535289452815226,0.28771733034212005,1261,17830
Random Forest,2712,0.07251552267532381,698,5131,0.5535289452815226,0.2877734155916994,1261,17830
Random Forest,2713,0.07250896342082208,698,5132,0.5535289452815226,0.28782950084127873,1261,17830
Random Forest,2714,0.07248370886865889,698,5133,0.5535289452815226,0.2878855860908581,1261,17830
Random Forest,2715,0.07246648647878848,698,5134,0.5535289452815226,0.28794167134043747,1261,17830
Random Forest,2716,0.07246517037476681,699,5150,0.5543219666931007,0.28883903533370725,1261,17830
Random Forest,2717,0.07246247010915126,699,5151,0.5543219666931007,0.2888951205832866,1261,17830
Random Forest,2718,0.07245559907943505,699,5152,0.5543219666931007,0.28895120583286593,1261,17830
Random Forest,2719,0.07244658951543335,699,5153,0.5543219666931007,0.28900729108244533,1261,17830
Random Forest,2720,0.07244583214316064,699,5159,0.5543219666931007,0.2893438025799215,1261,17830
Random Forest,2721,0.07243576598980693,699,5160,0.5543219666931007,0.2893998878295008,1261,17830
Random Forest,2722,0.07242402822415377,699,5161,0.5543219666931007,0.2894559730790802,1261,17830
Random Forest,2723,0.07242337892472722,699,5164,0.5543219666931007,0.2896242288278183,1261,17830
Random Forest,2724,0.0724085221675685,699,5165,0.5543219666931007,0.28968031407739764,1261,17830
Random Forest,2725,0.07240559177879902,699,5166,0.5543219666931007,0.289736399326977,1261,17830
Random Forest,2726,0.07240457821084778,699,5167,0.5543219666931007,0.2897924845765564,1261,17830
Random Forest,2727,0.07240202939509155,699,5168,0.5543219666931007,0.2898485698261357,1261,17830
Random Forest,2728,0.07239819918107737,699,5169,0.5543219666931007,0.2899046550757151,1261,17830
Random Forest,2729,0.07239486377843939,699,5171,0.5543219666931007,0.2900168255748738,1261,17830
Random Forest,2730,0.07239149917517405,699,5176,0.5543219666931007,0.2902972518227706,1261,17830
Random Forest,2731,0.07239073729323903,699,5177,0.5543219666931007,0.29035333707234995,1261,17830
Random Forest,2732,0.07238437906968595,699,5178,0.5543219666931007,0.29040942232192934,1261,17830
Random Forest,2733,0.07237777265546974,699,5179,0.5543219666931007,0.2904655075715087,1261,17830
Random Forest,2734,0.07237611898306047,700,5180,0.5551149881046789,0.2905215928210881,1261,17830
Random Forest,2735,0.07235630841672419,700,5183,0.5551149881046789,0.29068984856982616,1261,17830
Random Forest,2736,0.07235326118445974,700,5184,0.5551149881046789,0.2907459338194055,1261,17830
Random Forest,2737,0.07234538533841699,700,5191,0.5551149881046789,0.291138530566461,1261,17830
Random Forest,2738,0.07234200980585537,700,5192,0.5551149881046789,0.2911946158160404,1261,17830
Random Forest,2739,0.07234095853110277,703,5203,0.5574940523394132,0.29181155356141336,1261,17830
Random Forest,2740,0.07233710533742914,703,5209,0.5574940523394132,0.2921480650588895,1261,17830
Random Forest,2741,0.07233340390947832,703,5211,0.5574940523394132,0.29226023555804825,1261,17830
Random Forest,2742,0.07231605338163631,703,5213,0.5574940523394132,0.29237240605720693,1261,17830
Random Forest,2743,0.07231478979127479,703,5214,0.5574940523394132,0.29242849130678633,1261,17830
Random Forest,2744,0.07230767975173155,703,5215,0.5574940523394132,0.29248457655636567,1261,17830
Random Forest,2745,0.07228826883867909,704,5216,0.5582870737509913,0.292540661805945,1261,17830
Random Forest,2746,0.07227933731523377,704,5217,0.5582870737509913,0.2925967470555244,1261,17830
Random Forest,2747,0.07226509868174819,704,5218,0.5582870737509913,0.29265283230510375,1261,17830
Random Forest,2748,0.07224722735315843,704,5222,0.5582870737509913,0.2928771733034212,1261,17830
Random Forest,2749,0.07223421762239186,704,5223,0.5582870737509913,0.29293325855300056,1261,17830
Random Forest,2750,0.07223145074971174,708,5248,0.5614591593973037,0.2943353897924846,1261,17830
Random Forest,2751,0.07222828889856693,708,5252,0.5614591593973037,0.294559730790802,1261,17830
Random Forest,2752,0.07222562177545397,708,5253,0.5614591593973037,0.2946158160403814,1261,17830
Random Forest,2753,0.07222465758027892,709,5278,0.5622521808088818,0.2960179472798654,1261,17830
Random Forest,2754,0.07220863744144793,709,5280,0.5622521808088818,0.2961301177790241,1261,17830
Random Forest,2755,0.07220252701871574,709,5281,0.5622521808088818,0.2961862030286035,1261,17830
Random Forest,2756,0.07219650289104011,709,5282,0.5622521808088818,0.29624228827818283,1261,17830
Random Forest,2757,0.07219134859184645,710,5283,0.56304520222046,0.29629837352776217,1261,17830
Random Forest,2758,0.0721912707157171,710,5284,0.56304520222046,0.29635445877734157,1261,17830
Random Forest,2759,0.072190066471842,710,5285,0.56304520222046,0.2964105440269209,1261,17830
Random Forest,2760,0.07218144681998827,710,5286,0.56304520222046,0.2964666292765003,1261,17830
Random Forest,2761,0.07217819829234677,710,5287,0.56304520222046,0.29652271452607964,1261,17830
Random Forest,2762,0.07215776563395268,710,5288,0.56304520222046,0.296578799775659,1261,17830
Random Forest,2763,0.0721563789195695,710,5304,0.56304520222046,0.29747616376892877,1261,17830
Random Forest,2764,0.07215601571054943,710,5305,0.56304520222046,0.2975322490185081,1261,17830
Random Forest,2765,0.07213413771411475,710,5306,0.56304520222046,0.2975883342680875,1261,17830
Random Forest,2766,0.07212717574735644,710,5309,0.56304520222046,0.2977565900168256,1261,17830
Random Forest,2767,0.07212517783353212,711,5328,0.5638382236320381,0.29882220975883345,1261,17830
Random Forest,2768,0.07211182670457952,711,5329,0.5638382236320381,0.2988782950084128,1261,17830
Random Forest,2769,0.07211051883386076,711,5330,0.5638382236320381,0.2989343802579921,1261,17830
Random Forest,2770,0.07210103519175953,711,5331,0.5638382236320381,0.2989904655075715,1261,17830
Random Forest,2771,0.072100917027564,711,5332,0.5638382236320381,0.29904655075715086,1261,17830
Random Forest,2772,0.07208521595517048,711,5333,0.5638382236320381,0.2991026360067302,1261,17830
Random Forest,2773,0.07207614715179744,711,5334,0.5638382236320381,0.2991587212563096,1261,17830
Random Forest,2774,0.07207412229829935,711,5335,0.5638382236320381,0.29921480650588894,1261,17830
Random Forest,2775,0.07207270260529439,711,5336,0.5638382236320381,0.29927089175546834,1261,17830
Random Forest,2776,0.07206906342854738,711,5337,0.5638382236320381,0.2993269770050477,1261,17830
Random Forest,2777,0.07205386095327672,711,5338,0.5638382236320381,0.299383062254627,1261,17830
Random Forest,2778,0.07204699506832292,711,5342,0.5638382236320381,0.2996074032529445,1261,17830
Random Forest,2779,0.07204409494378144,711,5343,0.5638382236320381,0.29966348850252383,1261,17830
Random Forest,2780,0.07203838326883966,711,5344,0.5638382236320381,0.2997195737521032,1261,17830
Random Forest,2781,0.07202893233713993,711,5345,0.5638382236320381,0.29977565900168257,1261,17830
Random Forest,2782,0.07200865911825395,711,5347,0.5638382236320381,0.29988782950084125,1261,17830
Random Forest,2783,0.07200435968363865,712,5348,0.5646312450436162,0.29994391475042065,1261,17830
Random Forest,2784,0.071996420757276,712,5349,0.5646312450436162,0.3,1261,17830
Random Forest,2785,0.07198555565826248,714,5361,0.5662172878667724,0.30067302299495235,1261,17830
Random Forest,2786,0.07198202705306071,714,5363,0.5662172878667724,0.30078519349411104,1261,17830
Random Forest,2787,0.07197537068609007,714,5364,0.5662172878667724,0.30084127874369043,1261,17830
Random Forest,2788,0.07197244315258833,714,5365,0.5662172878667724,0.3008973639932698,1261,17830
Random Forest,2789,0.07196087861610043,714,5369,0.5662172878667724,0.3011217049915872,1261,17830
Random Forest,2790,0.07196002001659137,714,5370,0.5662172878667724,0.3011777902411666,1261,17830
Random Forest,2791,0.07195134475852874,714,5371,0.5662172878667724,0.30123387549074593,1261,17830
Random Forest,2792,0.07195067661641617,714,5373,0.5662172878667724,0.30134604598990467,1261,17830
Random Forest,2793,0.07194580795418606,714,5374,0.5662172878667724,0.301402131239484,1261,17830
Random Forest,2794,0.07193717630729786,714,5375,0.5662172878667724,0.3014582164890634,1261,17830
Random Forest,2795,0.07193122590226657,714,5377,0.5662172878667724,0.3015703869882221,1261,17830
Random Forest,2796,0.0719242103172625,714,5378,0.5662172878667724,0.3016264722378015,1261,17830
Random Forest,2797,0.07190911487232807,714,5379,0.5662172878667724,0.3016825574873808,1261,17830
Random Forest,2798,0.07190404624995801,714,5388,0.5662172878667724,0.30218732473359505,1261,17830
Random Forest,2799,0.07189848021580077,714,5390,0.5662172878667724,0.3022994952327538,1261,17830
Random Forest,2800,0.07189177811137523,714,5391,0.5662172878667724,0.30235558048233313,1261,17830
Random Forest,2801,0.0718713812870795,714,5392,0.5662172878667724,0.3024116657319125,1261,17830
Random Forest,2802,0.07186069968413454,715,5398,0.5670103092783505,0.3027481772293887,1261,17830
Random Forest,2803,0.07185069423068006,716,5398,0.5678033306899286,0.3027481772293887,1261,17830
Random Forest,2804,0.07184331612743569,716,5399,0.5678033306899286,0.302804262478968,1261,17830
Random Forest,2805,0.07183943059223996,716,5400,0.5678033306899286,0.3028603477285474,1261,17830
Random Forest,2806,0.07183758103262143,716,5401,0.5678033306899286,0.30291643297812676,1261,17830
Random Forest,2807,0.0718263953008873,717,5402,0.5685963521015067,0.3029725182277061,1261,17830
Random Forest,2808,0.07182173230183617,717,5403,0.5685963521015067,0.3030286034772855,1261,17830
Random Forest,2809,0.07181755502739376,717,5404,0.5685963521015067,0.30308468872686484,1261,17830
Random Forest,2810,0.07181644987254106,717,5405,0.5685963521015067,0.3031407739764442,1261,17830
Random Forest,2811,0.0718149966032998,718,5405,0.5693893735130848,0.3031407739764442,1261,17830
Random Forest,2812,0.0718098889797077,718,5427,0.5693893735130848,0.3043746494671901,1261,17830
Random Forest,2813,0.07179426375582612,718,5428,0.5693893735130848,0.3044307347167695,1261,17830
Random Forest,2814,0.0717867857025626,718,5432,0.5693893735130848,0.30465507571508693,1261,17830
Random Forest,2815,0.0717841048475701,718,5433,0.5693893735130848,0.30471116096466627,1261,17830
Random Forest,2816,0.07178302582259016,718,5434,0.5693893735130848,0.30476724621424567,1261,17830
Random Forest,2817,0.07178296384020903,719,5434,0.5701823949246629,0.30476724621424567,1261,17830
Random Forest,2818,0.071749537234892,719,5435,0.5701823949246629,0.304823331463825,1261,17830
Random Forest,2819,0.07174794735995142,719,5436,0.5701823949246629,0.30487941671340435,1261,17830
Random Forest,2820,0.07170561397735242,719,5437,0.5701823949246629,0.30493550196298375,1261,17830
Random Forest,2821,0.07170183019307935,719,5438,0.5701823949246629,0.3049915872125631,1261,17830
Random Forest,2822,0.07169004348541387,719,5439,0.5701823949246629,0.3050476724621425,1261,17830
Random Forest,2823,0.07168957632594163,719,5441,0.5701823949246629,0.30515984296130116,1261,17830
Random Forest,2824,0.07168900369312528,719,5444,0.5701823949246629,0.30532809871003924,1261,17830
Random Forest,2825,0.071678728052171,719,5445,0.5701823949246629,0.30538418395961864,1261,17830
Random Forest,2826,0.0716719380409479,719,5446,0.5701823949246629,0.305440269209198,1261,17830
Random Forest,2827,0.07167117133869827,719,5447,0.5701823949246629,0.3054963544587773,1261,17830
Random Forest,2828,0.07166729504878994,719,5449,0.5701823949246629,0.30560852495793606,1261,17830
Random Forest,2829,0.07166177187885611,719,5450,0.5701823949246629,0.3056646102075154,1261,17830
Random Forest,2830,0.0716607004838344,719,5451,0.5701823949246629,0.3057206954570948,1261,17830
Random Forest,2831,0.07165419412010018,719,5452,0.5701823949246629,0.30577678070667413,1261,17830
Random Forest,2832,0.07165081545074464,719,5453,0.5701823949246629,0.30583286595625353,1261,17830
Random Forest,2833,0.071648872159595,719,5454,0.5701823949246629,0.30588895120583287,1261,17830
Random Forest,2834,0.07163942892742077,725,5603,0.5749405233941316,0.3142456533931576,1261,17830
Random Forest,2835,0.07163219563751981,725,5604,0.5749405233941316,0.31430173864273697,1261,17830
Random Forest,2836,0.07162662198461907,725,5606,0.5749405233941316,0.3144139091418957,1261,17830
Random Forest,2837,0.07161885492231965,725,5612,0.5749405233941316,0.31475042063937186,1261,17830
Random Forest,2838,0.07161789930988166,726,5612,0.5757335448057097,0.31475042063937186,1261,17830
Random Forest,2839,0.07160932929748713,726,5613,0.5757335448057097,0.3148065058889512,1261,17830
Random Forest,2840,0.07160406444026646,726,5614,0.5757335448057097,0.31486259113853055,1261,17830
Random Forest,2841,0.07159837259410033,727,5615,0.5765265662172878,0.31491867638810994,1261,17830
Random Forest,2842,0.07159274900702359,727,5616,0.5765265662172878,0.3149747616376893,1261,17830
Random Forest,2843,0.07158688672447627,727,5620,0.5765265662172878,0.31519910263600676,1261,17830
Random Forest,2844,0.07157612833681173,727,5621,0.5765265662172878,0.3152551878855861,1261,17830
Random Forest,2845,0.07156164608357744,727,5622,0.5765265662172878,0.31531127313516544,1261,17830
Random Forest,2846,0.07155662030310132,727,5623,0.5765265662172878,0.31536735838474483,1261,17830
Random Forest,2847,0.07153731068818206,727,5624,0.5765265662172878,0.3154234436343242,1261,17830
Random Forest,2848,0.07152986482821687,727,5625,0.5765265662172878,0.3154795288839035,1261,17830
Random Forest,2849,0.07152771351364051,727,5627,0.5765265662172878,0.31559169938306225,1261,17830
Random Forest,2850,0.07151634696031085,731,5659,0.5796986518636004,0.3173864273696018,1261,17830
Random Forest,2851,0.07151267611325589,731,5660,0.5796986518636004,0.31744251261918116,1261,17830
Random Forest,2852,0.0715118188660496,731,5661,0.5796986518636004,0.3174985978687605,1261,17830
Random Forest,2853,0.0715082040567154,731,5662,0.5796986518636004,0.3175546831183399,1261,17830
Random Forest,2854,0.07148767494954827,731,5663,0.5796986518636004,0.31761076836791924,1261,17830
Random Forest,2855,0.0714808955132589,731,5664,0.5796986518636004,0.3176668536174986,1261,17830
Random Forest,2856,0.07147877194777688,731,5665,0.5796986518636004,0.317722938867078,1261,17830
Random Forest,2857,0.07147614145980428,731,5666,0.5796986518636004,0.3177790241166573,1261,17830
Random Forest,2858,0.07147582198898929,731,5667,0.5796986518636004,0.31783510936623666,1261,17830
Random Forest,2859,0.07146547491659941,731,5668,0.5796986518636004,0.31789119461581605,1261,17830
Random Forest,2860,0.07145746854048741,731,5672,0.5796986518636004,0.31811553561413347,1261,17830
Random Forest,2861,0.07144692110333203,731,5673,0.5796986518636004,0.31817162086371287,1261,17830
Random Forest,2862,0.0714439964013044,731,5674,0.5796986518636004,0.3182277061132922,1261,17830
Random Forest,2863,0.07142795543567222,731,5675,0.5796986518636004,0.31828379136287155,1261,17830
Random Forest,2864,0.07142441826817174,731,5676,0.5796986518636004,0.31833987661245094,1261,17830
Random Forest,2865,0.07142058843825733,731,5678,0.5796986518636004,0.3184520471116096,1261,17830
Random Forest,2866,0.07141022702199923,731,5679,0.5796986518636004,0.318508132361189,1261,17830
Random Forest,2867,0.0714029761975276,732,5680,0.5804916732751785,0.31856421761076836,1261,17830
Random Forest,2868,0.07138851574832397,732,5681,0.5804916732751785,0.3186203028603477,1261,17830
Random Forest,2869,0.07138466956446576,732,5682,0.5804916732751785,0.3186763881099271,1261,17830
Random Forest,2870,0.07137575470378626,732,5683,0.5804916732751785,0.31873247335950644,1261,17830
Random Forest,2871,0.07137459270356279,732,5685,0.5804916732751785,0.3188446438586652,1261,17830
Random Forest,2872,0.0713588386235334,732,5686,0.5804916732751785,0.3189007291082445,1261,17830
Random Forest,2873,0.07135028087446606,732,5687,0.5804916732751785,0.3189568143578239,1261,17830
Random Forest,2874,0.07134071653281054,732,5688,0.5804916732751785,0.31901289960740326,1261,17830
Random Forest,2875,0.07133489040457323,732,5689,0.5804916732751785,0.3190689848569826,1261,17830
Random Forest,2876,0.07133300178328748,732,5690,0.5804916732751785,0.319125070106562,1261,17830
Random Forest,2877,0.07131777451252383,732,5693,0.5804916732751785,0.31929332585530007,1261,17830
Random Forest,2878,0.0713075725301154,732,5694,0.5804916732751785,0.3193494111048794,1261,17830
Random Forest,2879,0.07130510549365211,732,5695,0.5804916732751785,0.31940549635445875,1261,17830
Random Forest,2880,0.07130065216253877,732,5696,0.5804916732751785,0.31946158160403815,1261,17830
Random Forest,2881,0.07129914281626884,732,5697,0.5804916732751785,0.3195176668536175,1261,17830
Random Forest,2882,0.0712880864259096,732,5698,0.5804916732751785,0.3195737521031969,1261,17830
Random Forest,2883,0.07128710990241972,732,5701,0.5804916732751785,0.31974200785193496,1261,17830
Random Forest,2884,0.07128668598280598,732,5702,0.5804916732751785,0.3197980931015143,1261,17830
Random Forest,2885,0.0712797144092687,733,5704,0.5812846946867566,0.31991026360067304,1261,17830
Random Forest,2886,0.07125729853728976,733,5706,0.5812846946867566,0.3200224340998317,1261,17830
Random Forest,2887,0.07125646575756893,733,5708,0.5812846946867566,0.32013460459899046,1261,17830
Random Forest,2888,0.07125224586325862,733,5713,0.5812846946867566,0.32041503084688727,1261,17830
Random Forest,2889,0.07123865671150865,733,5714,0.5812846946867566,0.3204711160964666,1261,17830
Random Forest,2890,0.07123770655677733,733,5715,0.5812846946867566,0.320527201346046,1261,17830
Random Forest,2891,0.07123383745776696,733,5716,0.5812846946867566,0.32058328659562535,1261,17830
Random Forest,2892,0.0712266218005451,733,5717,0.5812846946867566,0.3206393718452047,1261,17830
Random Forest,2893,0.07121672261792864,733,5718,0.5812846946867566,0.3206954570947841,1261,17830
Random Forest,2894,0.071216081286968,733,5719,0.5812846946867566,0.3207515423443634,1261,17830
Random Forest,2895,0.07121142007836986,733,5720,0.5812846946867566,0.32080762759394277,1261,17830
Random Forest,2896,0.0712032125347469,733,5721,0.5812846946867566,0.32086371284352216,1261,17830
Random Forest,2897,0.07120319304221584,733,5722,0.5812846946867566,0.3209197980931015,1261,17830
Random Forest,2898,0.07120297699722747,733,5723,0.5812846946867566,0.3209758833426809,1261,17830
Random Forest,2899,0.0711998731142345,733,5724,0.5812846946867566,0.32103196859226024,1261,17830
Random Forest,2900,0.07119534277941698,733,5726,0.5812846946867566,0.321144139091419,1261,17830
Random Forest,2901,0.07119140476184148,733,5727,0.5812846946867566,0.3212002243409983,1261,17830
Random Forest,2902,0.07118342456972893,733,5728,0.5812846946867566,0.32125630959057766,1261,17830
Random Forest,2903,0.07117707501380083,733,5729,0.5812846946867566,0.32131239484015706,1261,17830
Random Forest,2904,0.07117681082409631,733,5730,0.5812846946867566,0.3213684800897364,1261,17830
Random Forest,2905,0.07117178693008423,733,5731,0.5812846946867566,0.32142456533931574,1261,17830
Random Forest,2906,0.07116368364706592,733,5732,0.5812846946867566,0.32148065058889513,1261,17830
Random Forest,2907,0.07115939537740182,733,5733,0.5812846946867566,0.3215367358384745,1261,17830
Random Forest,2908,0.07114908683612325,733,5734,0.5812846946867566,0.3215928210880538,1261,17830
Random Forest,2909,0.07114665450330199,733,5735,0.5812846946867566,0.3216489063376332,1261,17830
Random Forest,2910,0.07114087307850774,733,5738,0.5812846946867566,0.3218171620863713,1261,17830
Random Forest,2911,0.07114009223399906,733,5739,0.5812846946867566,0.32187324733595063,1261,17830
Random Forest,2912,0.07113991867573477,733,5740,0.5812846946867566,0.32192933258553,1261,17830
Random Forest,2913,0.07113508709075868,733,5742,0.5812846946867566,0.3220415030846887,1261,17830
Random Forest,2914,0.07112483545868885,733,5744,0.5812846946867566,0.32215367358384744,1261,17830
Random Forest,2915,0.07111568233019602,733,5745,0.5812846946867566,0.3222097588334268,1261,17830
Random Forest,2916,0.07111215951657265,733,5746,0.5812846946867566,0.3222658440830062,1261,17830
Random Forest,2917,0.07110996675447732,733,5747,0.5812846946867566,0.3223219293325855,1261,17830
Random Forest,2918,0.07110730513456898,733,5748,0.5812846946867566,0.3223780145821649,1261,17830
Random Forest,2919,0.07110631225877355,733,5749,0.5812846946867566,0.32243409983174426,1261,17830
Random Forest,2920,0.07109591811194722,733,5750,0.5812846946867566,0.3224901850813236,1261,17830
Random Forest,2921,0.07109152177672036,733,5751,0.5812846946867566,0.322546270330903,1261,17830
Random Forest,2922,0.07109073109755305,733,5752,0.5812846946867566,0.32260235558048234,1261,17830
Random Forest,2923,0.07108020634347749,733,5753,0.5812846946867566,0.3226584408300617,1261,17830
Random Forest,2924,0.07107341633225439,733,5754,0.5812846946867566,0.3227145260796411,1261,17830
Random Forest,2925,0.07107320470246667,733,5755,0.5812846946867566,0.3227706113292204,1261,17830
Random Forest,2926,0.07106538398668599,733,5756,0.5812846946867566,0.32282669657879975,1261,17830
Random Forest,2927,0.07106511765675515,733,5757,0.5812846946867566,0.32288278182837915,1261,17830
Random Forest,2928,0.07105533246252015,733,5761,0.5812846946867566,0.32310712282669657,1261,17830
Random Forest,2929,0.07104090007571237,733,5762,0.5812846946867566,0.32316320807627597,1261,17830
Random Forest,2930,0.07102488272713005,733,5768,0.5812846946867566,0.3234997195737521,1261,17830
Random Forest,2931,0.07102476802463595,733,5769,0.5812846946867566,0.32355580482333146,1261,17830
Random Forest,2932,0.07102222254488251,733,5770,0.5812846946867566,0.3236118900729108,1261,17830
Random Forest,2933,0.07102089402832609,733,5771,0.5812846946867566,0.3236679753224902,1261,17830
Random Forest,2934,0.07100980165972476,733,5772,0.5812846946867566,0.32372406057206954,1261,17830
Random Forest,2935,0.07100621174178659,734,5772,0.5820777160983347,0.32372406057206954,1261,17830
Random Forest,2936,0.07100567536457511,734,5774,0.5820777160983347,0.3238362310712283,1261,17830
Random Forest,2937,0.07099874948748004,734,5775,0.5820777160983347,0.3238923163208076,1261,17830
Random Forest,2938,0.07099397538426183,734,5779,0.5820777160983347,0.3241166573191251,1261,17830
Random Forest,2939,0.07098915351889482,734,5780,0.5820777160983347,0.32417274256870443,1261,17830
Random Forest,2940,0.07097240164950973,734,5781,0.5820777160983347,0.32422882781828377,1261,17830
Random Forest,2941,0.07097091268756373,735,5781,0.5828707375099128,0.32422882781828377,1261,17830
Random Forest,2942,0.07095529956658597,735,5784,0.5828707375099128,0.32439708356702185,1261,17830
Random Forest,2943,0.07095231818231197,735,5785,0.5828707375099128,0.32445316881660125,1261,17830
Random Forest,2944,0.07092466711660507,735,5786,0.5828707375099128,0.3245092540661806,1261,17830
Random Forest,2945,0.07092321540884036,735,5787,0.5828707375099128,0.32456533931576,1261,17830
Random Forest,2946,0.07090647634214067,735,5788,0.5828707375099128,0.3246214245653393,1261,17830
Random Forest,2947,0.07090459011867052,735,5789,0.5828707375099128,0.32467750981491866,1261,17830
Random Forest,2948,0.07090099304708557,735,5791,0.5828707375099128,0.3247896803140774,1261,17830
Random Forest,2949,0.07088897576346,735,5792,0.5828707375099128,0.32484576556365674,1261,17830
Random Forest,2950,0.07088615290339886,735,5793,0.5828707375099128,0.32490185081323614,1261,17830
Random Forest,2951,0.07087199210377321,735,5794,0.5828707375099128,0.3249579360628155,1261,17830
Random Forest,2952,0.07087069264138053,735,5795,0.5828707375099128,0.3250140213123948,1261,17830
Random Forest,2953,0.07086613355422117,735,5796,0.5828707375099128,0.3250701065619742,1261,17830
Random Forest,2954,0.0708659506024457,735,5797,0.5828707375099128,0.32512619181155356,1261,17830
Random Forest,2955,0.0708623172294097,735,5798,0.5828707375099128,0.3251822770611329,1261,17830
Random Forest,2956,0.07085978251701752,735,5799,0.5828707375099128,0.3252383623107123,1261,17830
Random Forest,2957,0.07085299784985515,735,5800,0.5828707375099128,0.32529444756029163,1261,17830
Random Forest,2958,0.07083338195708552,735,5801,0.5828707375099128,0.32535053280987103,1261,17830
Random Forest,2959,0.07082951232228442,735,5802,0.5828707375099128,0.32540661805945037,1261,17830
Random Forest,2960,0.07082754354618187,736,5803,0.5836637589214909,0.3254627033090297,1261,17830
Random Forest,2961,0.07079568952787622,736,5804,0.5836637589214909,0.3255187885586091,1261,17830
Random Forest,2962,0.07079396550315735,738,5819,0.5852498017446471,0.3263600673022995,1261,17830
Random Forest,2963,0.07078895602970932,738,5820,0.5852498017446471,0.32641615255187884,1261,17830
Random Forest,2964,0.07078401942375344,738,5821,0.5852498017446471,0.32647223780145823,1261,17830
Random Forest,2965,0.07077154963117843,738,5822,0.5852498017446471,0.3265283230510376,1261,17830
Random Forest,2966,0.07077071223853786,738,5823,0.5852498017446471,0.3265844083006169,1261,17830
Random Forest,2967,0.07076649695714729,738,5825,0.5852498017446471,0.32669657879977565,1261,17830
Random Forest,2968,0.0707648804901086,738,5826,0.5852498017446471,0.32675266404935505,1261,17830
Random Forest,2969,0.0707557573998674,738,5827,0.5852498017446471,0.3268087492989344,1261,17830
Random Forest,2970,0.0707460413205712,738,5828,0.5852498017446471,0.3268648345485137,1261,17830
Random Forest,2971,0.07073796586252058,738,5829,0.5852498017446471,0.3269209197980931,1261,17830
Random Forest,2972,0.07072714695687088,739,5829,0.5860428231562252,0.3269209197980931,1261,17830
Random Forest,2973,0.07072543537111071,739,5830,0.5860428231562252,0.32697700504767246,1261,17830
Random Forest,2974,0.07072532363342789,739,5832,0.5860428231562252,0.3270891755468312,1261,17830
Random Forest,2975,0.07072284621178263,739,5833,0.5860428231562252,0.32714526079641054,1261,17830
Random Forest,2976,0.07072188447207735,739,5834,0.5860428231562252,0.3272013460459899,1261,17830
Random Forest,2977,0.07071532675406729,739,5835,0.5860428231562252,0.3272574312955693,1261,17830
Random Forest,2978,0.07071502863384897,739,5836,0.5860428231562252,0.3273135165451486,1261,17830
Random Forest,2979,0.07069324131001194,739,5837,0.5860428231562252,0.32736960179472796,1261,17830
Random Forest,2980,0.07068543317895595,739,5839,0.5860428231562252,0.3274817722938867,1261,17830
Random Forest,2981,0.07067650889198306,739,5840,0.5860428231562252,0.3275378575434661,1261,17830
Random Forest,2982,0.07067334858186256,739,5843,0.5860428231562252,0.32770611329220417,1261,17830
Random Forest,2983,0.07065774233903165,739,5845,0.5860428231562252,0.32781828379136285,1261,17830
Random Forest,2984,0.07065086168493027,739,5846,0.5860428231562252,0.32787436904094225,1261,17830
Random Forest,2985,0.07064791102752362,739,5848,0.5860428231562252,0.32798653954010093,1261,17830
Random Forest,2986,0.0706396365583823,739,5849,0.5860428231562252,0.3280426247896803,1261,17830
Random Forest,2987,0.07063160592565958,739,5850,0.5860428231562252,0.32809871003925967,1261,17830
Random Forest,2988,0.07062185990151554,739,5851,0.5860428231562252,0.32815479528883906,1261,17830
Random Forest,2989,0.07062058600096557,739,5853,0.5860428231562252,0.32826696578799774,1261,17830
Random Forest,2990,0.07061756853795022,739,5854,0.5860428231562252,0.32832305103757714,1261,17830
Random Forest,2991,0.07061442945839545,739,5855,0.5860428231562252,0.3283791362871565,1261,17830
Random Forest,2992,0.07061080069335517,739,5856,0.5860428231562252,0.3284352215367358,1261,17830
Random Forest,2993,0.07060614331007854,739,5857,0.5860428231562252,0.3284913067863152,1261,17830
Random Forest,2994,0.07060150229575826,739,5858,0.5860428231562252,0.32854739203589456,1261,17830
Random Forest,2995,0.0705986048579093,739,5860,0.5860428231562252,0.3286595625350533,1261,17830
Random Forest,2996,0.07059158217123819,739,5861,0.5860428231562252,0.32871564778463264,1261,17830
Random Forest,2997,0.07057214331728974,739,5862,0.5860428231562252,0.328771733034212,1261,17830
Random Forest,2998,0.07056905220015215,740,5862,0.5868358445678034,0.328771733034212,1261,17830
Random Forest,2999,0.07056588867274563,740,5863,0.5868358445678034,0.3288278182837914,1261,17830
Random Forest,3000,0.07056527000393517,741,5865,0.5876288659793815,0.3289399887829501,1261,17830
Random Forest,3001,0.07056087366870831,741,5866,0.5876288659793815,0.32899607403252945,1261,17830
Random Forest,3002,0.07055564442564961,742,5866,0.5884218873909596,0.32899607403252945,1261,17830
Random Forest,3003,0.07055350713404664,743,5868,0.5892149088025377,0.3291082445316882,1261,17830
Random Forest,3004,0.07055305829638216,743,5869,0.5892149088025377,0.32916432978126753,1261,17830
Random Forest,3005,0.0705434782130423,743,5871,0.5892149088025377,0.32927650028042627,1261,17830
Random Forest,3006,0.07053754958174079,743,5872,0.5892149088025377,0.3293325855300056,1261,17830
Random Forest,3007,0.07052553718924898,743,5873,0.5892149088025377,0.32938867077958495,1261,17830
Random Forest,3008,0.07051819407022218,743,5874,0.5892149088025377,0.32944475602916434,1261,17830
Random Forest,3009,0.07051559887785738,743,5878,0.5892149088025377,0.32966909702748176,1261,17830
Random Forest,3010,0.07051070602594249,743,5879,0.5892149088025377,0.32972518227706116,1261,17830
Random Forest,3011,0.07051003358161352,743,5880,0.5892149088025377,0.3297812675266405,1261,17830
Random Forest,3012,0.0705082264781505,743,5883,0.5892149088025377,0.3299495232753786,1261,17830
Random Forest,3013,0.07050331190662391,743,5884,0.5892149088025377,0.3300056085249579,1261,17830
Random Forest,3014,0.07049885588485705,743,5885,0.5892149088025377,0.3300616937745373,1261,17830
Random Forest,3015,0.0704822895225032,743,5887,0.5892149088025377,0.330173864273696,1261,17830
Random Forest,3016,0.07047553733913416,743,5888,0.5892149088025377,0.3302299495232754,1261,17830
Random Forest,3017,0.07047085120235254,743,5889,0.5892149088025377,0.33028603477285473,1261,17830
Random Forest,3018,0.07046994721414206,743,5890,0.5892149088025377,0.3303421200224341,1261,17830
Random Forest,3019,0.07046746593119059,743,5891,0.5892149088025377,0.33039820527201347,1261,17830
Random Forest,3020,0.07046007595920588,743,5893,0.5892149088025377,0.3305103757711722,1261,17830
Random Forest,3021,0.07044732293090843,743,5895,0.5892149088025377,0.3306225462703309,1261,17830
Random Forest,3022,0.07044369752576195,744,5897,0.5900079302141158,0.3307347167694896,1261,17830
Random Forest,3023,0.07043102158364574,744,5901,0.5900079302141158,0.33095905776780704,1261,17830
Random Forest,3024,0.07042771360682103,744,5902,0.5900079302141158,0.33101514301738644,1261,17830
Random Forest,3025,0.0704182123375897,744,5903,0.5900079302141158,0.3310712282669658,1261,17830
Random Forest,3026,0.07041540442054346,744,5904,0.5900079302141158,0.3311273135165452,1261,17830
Random Forest,3027,0.07041524414097423,744,5905,0.5900079302141158,0.3311833987661245,1261,17830
Random Forest,3028,0.07040660442435673,744,5906,0.5900079302141158,0.33123948401570386,1261,17830
Random Forest,3029,0.07040587354768077,744,5907,0.5900079302141158,0.33129556926528325,1261,17830
Random Forest,3030,0.07039959505484351,744,5909,0.5900079302141158,0.33140773976444193,1261,17830
Random Forest,3031,0.07039207190547771,744,5915,0.5900079302141158,0.3317442512619181,1261,17830
Random Forest,3032,0.07038301189039228,744,5916,0.5900079302141158,0.3318003365114975,1261,17830
Random Forest,3033,0.07037919690258616,744,5921,0.5900079302141158,0.3320807627593943,1261,17830
Random Forest,3034,0.0703692000232256,744,5922,0.5900079302141158,0.33213684800897364,1261,17830
Random Forest,3035,0.07036581506548889,744,5923,0.5900079302141158,0.332192933258553,1261,17830
Random Forest,3036,0.07036230903309589,744,5924,0.5900079302141158,0.3322490185081324,1261,17830
Random Forest,3037,0.07036154624233217,744,5925,0.5900079302141158,0.3323051037577117,1261,17830
Random Forest,3038,0.07035994036041653,744,5926,0.5900079302141158,0.33236118900729106,1261,17830
Random Forest,3039,0.0703520429225887,744,5927,0.5900079302141158,0.33241727425687045,1261,17830
Random Forest,3040,0.07034519929358553,744,5928,0.5900079302141158,0.3324733595064498,1261,17830
Random Forest,3041,0.07033803924646946,744,5929,0.5900079302141158,0.3325294447560292,1261,17830
Random Forest,3042,0.07033388386034266,744,5930,0.5900079302141158,0.33258553000560853,1261,17830
Random Forest,3043,0.07032201565005339,744,5932,0.5900079302141158,0.33269770050476727,1261,17830
Random Forest,3044,0.07031811085040121,744,5933,0.5900079302141158,0.3327537857543466,1261,17830
Random Forest,3045,0.0703105377510906,744,5934,0.5900079302141158,0.33280987100392595,1261,17830
Random Forest,3046,0.07029627588510909,744,5935,0.5900079302141158,0.33286595625350535,1261,17830
Random Forest,3047,0.07029391999324207,744,5938,0.5900079302141158,0.3330342120022434,1261,17830
Random Forest,3048,0.07028168845868064,744,5939,0.5900079302141158,0.33309029725182276,1261,17830
Random Forest,3049,0.07027274691404488,744,5940,0.5900079302141158,0.3331463825014021,1261,17830
Random Forest,3050,0.07027030831943532,744,5941,0.5900079302141158,0.3332024677509815,1261,17830
Random Forest,3051,0.07025641434323147,744,5942,0.5900079302141158,0.33325855300056084,1261,17830
Random Forest,3052,0.07025221695640924,744,5943,0.5900079302141158,0.33331463825014024,1261,17830
Random Forest,3053,0.07024754511891035,744,5944,0.5900079302141158,0.3333707234997196,1261,17830
Random Forest,3054,0.0702454554403965,744,5945,0.5900079302141158,0.3334268087492989,1261,17830
Random Forest,3055,0.07024090152316638,744,5952,0.5900079302141158,0.33381940549635447,1261,17830
Random Forest,3056,0.07023521876414482,744,5953,0.5900079302141158,0.3338754907459338,1261,17830
Random Forest,3057,0.07022927972773761,744,5954,0.5900079302141158,0.33393157599551315,1261,17830
Random Forest,3058,0.07022671942129895,744,5955,0.5900079302141158,0.33398766124509255,1261,17830
Random Forest,3059,0.07021169563582183,744,5956,0.5900079302141158,0.3340437464946719,1261,17830
Random Forest,3060,0.07020897475485545,744,5957,0.5900079302141158,0.3340998317442513,1261,17830
Random Forest,3061,0.07020038020257896,744,5958,0.5900079302141158,0.3341559169938306,1261,17830
Random Forest,3062,0.07018963296390503,744,5959,0.5900079302141158,0.33421200224340997,1261,17830
Random Forest,3063,0.0701889530666834,744,5960,0.5900079302141158,0.33426808749298936,1261,17830
Random Forest,3064,0.07018823427006948,744,5961,0.5900079302141158,0.3343241727425687,1261,17830
Random Forest,3065,0.07018322528660836,744,5963,0.5900079302141158,0.33443634324172744,1261,17830
Random Forest,3066,0.07016404919869075,744,5964,0.5900079302141158,0.3344924284913068,1261,17830
Random Forest,3067,0.07016202673191023,744,5965,0.5900079302141158,0.3345485137408861,1261,17830
Random Forest,3068,0.0701608132651509,744,5966,0.5900079302141158,0.3346045989904655,1261,17830
Random Forest,3069,0.07015717621721387,744,5968,0.5900079302141158,0.33471676948962426,1261,17830
Random Forest,3070,0.07014843094559829,744,5969,0.5900079302141158,0.3347728547392036,1261,17830
Random Forest,3071,0.07014271464373938,745,5969,0.5908009516256939,0.3347728547392036,1261,17830
Random Forest,3072,0.0701427004738505,745,5972,0.5908009516256939,0.3349411104879417,1261,17830
Random Forest,3073,0.07014223642696854,745,5973,0.5908009516256939,0.334997195737521,1261,17830
Random Forest,3074,0.07013645724826731,745,5974,0.5908009516256939,0.3350532809871004,1261,17830
Random Forest,3075,0.0701340826556456,745,5983,0.5908009516256939,0.33555804823331464,1261,17830
Random Forest,3076,0.07012906069898994,745,5984,0.5908009516256939,0.335614133482894,1261,17830
Random Forest,3077,0.07012141046798451,746,5986,0.591593973037272,0.3357263039820527,1261,17830
Random Forest,3078,0.07011871329864555,746,5987,0.591593973037272,0.33578238923163206,1261,17830
Random Forest,3079,0.07010804333741949,746,5988,0.591593973037272,0.33583847448121146,1261,17830
Random Forest,3080,0.07009053474533775,746,5989,0.591593973037272,0.3358945597307908,1261,17830
Random Forest,3081,0.07008424380949098,746,5990,0.591593973037272,0.33595064498037014,1261,17830
Random Forest,3082,0.07007405925058671,746,5991,0.591593973037272,0.33600673022994954,1261,17830
Random Forest,3083,0.07007005013775867,746,5992,0.591593973037272,0.3360628154795289,1261,17830
Random Forest,3084,0.07006795674989724,746,5993,0.591593973037272,0.33611890072910827,1261,17830
Random Forest,3085,0.07006783092797463,746,5994,0.591593973037272,0.3361749859786876,1261,17830
Random Forest,3086,0.07006732091155864,746,5996,0.591593973037272,0.33628715647784635,1261,17830
Random Forest,3087,0.07006592157222086,747,5997,0.5923869944488501,0.3363432417274257,1261,17830
Random Forest,3088,0.07005988504024871,748,5997,0.5931800158604282,0.3363432417274257,1261,17830
Random Forest,3089,0.07005883782511403,748,5998,0.5931800158604282,0.33639932697700503,1261,17830
Random Forest,3090,0.07005272734038907,748,6003,0.5931800158604282,0.33667975322490185,1261,17830
Random Forest,3091,0.07004949656312451,748,6006,0.5931800158604282,0.3368480089736399,1261,17830
Random Forest,3092,0.07003598537055583,748,6007,0.5931800158604282,0.3369040942232193,1261,17830
Random Forest,3093,0.07002984997174606,748,6013,0.5931800158604282,0.3372406057206955,1261,17830
Random Forest,3094,0.07001166446527525,749,6013,0.5939730372720063,0.3372406057206955,1261,17830
Random Forest,3095,0.06999018846944023,749,6014,0.5939730372720063,0.3372966909702748,1261,17830
Random Forest,3096,0.06998831249734329,749,6015,0.5939730372720063,0.33735277621985416,1261,17830
Random Forest,3097,0.06998717024816684,749,6016,0.5939730372720063,0.33740886146943355,1261,17830
Random Forest,3098,0.06998410650423155,749,6017,0.5939730372720063,0.3374649467190129,1261,17830
Random Forest,3099,0.06997155816177933,749,6018,0.5939730372720063,0.33752103196859223,1261,17830
Random Forest,3100,0.06997142717095634,749,6019,0.5939730372720063,0.33757711721817163,1261,17830
Random Forest,3101,0.06996295924847494,749,6020,0.5939730372720063,0.33763320246775097,1261,17830
Random Forest,3102,0.06995890470909702,749,6021,0.5939730372720063,0.33768928771733037,1261,17830
Random Forest,3103,0.06995705787874502,749,6022,0.5939730372720063,0.3377453729669097,1261,17830
Random Forest,3104,0.06995676616344963,749,6023,0.5939730372720063,0.33780145821648905,1261,17830
Random Forest,3105,0.0699452726775344,749,6024,0.5939730372720063,0.33785754346606844,1261,17830
Random Forest,3106,0.06993884699332585,749,6025,0.5939730372720063,0.3379136287156478,1261,17830
Random Forest,3107,0.06993659954646182,749,6026,0.5939730372720063,0.3379697139652271,1261,17830
Random Forest,3108,0.06993375494649846,749,6027,0.5939730372720063,0.3380257992148065,1261,17830
Random Forest,3109,0.06993248798401033,749,6028,0.5939730372720063,0.33808188446438586,1261,17830
Random Forest,3110,0.06993181982168352,749,6029,0.5939730372720063,0.3381379697139652,1261,17830
Random Forest,3111,0.06991960953530155,749,6030,0.5939730372720063,0.3381940549635446,1261,17830
Random Forest,3112,0.06991731313261602,749,6031,0.5939730372720063,0.33825014021312394,1261,17830
Random Forest,3113,0.06991062702254872,749,6032,0.5939730372720063,0.33830622546270334,1261,17830
Random Forest,3114,0.06990933311631911,749,6033,0.5939730372720063,0.3383623107122827,1261,17830
Random Forest,3115,0.06990391937461188,749,6034,0.5939730372720063,0.338418395961862,1261,17830
Random Forest,3116,0.06989887966282052,749,6036,0.5939730372720063,0.33853056646102075,1261,17830
Random Forest,3117,0.06989687587141681,749,6037,0.5939730372720063,0.3385866517106001,1261,17830
Random Forest,3118,0.06989468330152597,749,6038,0.5939730372720063,0.3386427369601795,1261,17830
Random Forest,3119,0.06988832875383341,749,6039,0.5939730372720063,0.33869882220975883,1261,17830
Random Forest,3120,0.06988459603296218,750,6057,0.5947660586835845,0.3397083567021873,1261,17830
Random Forest,3121,0.06988345111711425,750,6063,0.5947660586835845,0.3400448681996635,1261,17830
Random Forest,3122,0.06986592237192074,751,6063,0.5955590800951626,0.3400448681996635,1261,17830
Random Forest,3123,0.06985351061120189,751,6064,0.5955590800951626,0.34010095344924285,1261,17830
Random Forest,3124,0.06985229034035813,751,6065,0.5955590800951626,0.3401570386988222,1261,17830
Random Forest,3125,0.06985004101562117,751,6066,0.5955590800951626,0.3402131239484016,1261,17830
Random Forest,3126,0.06982830881606733,751,6068,0.5955590800951626,0.34032529444756027,1261,17830
Random Forest,3127,0.06981792246784904,753,6087,0.5971451229183188,0.34139091418956813,1261,17830
Random Forest,3128,0.06981638583111553,754,6087,0.5979381443298969,0.34139091418956813,1261,17830
Random Forest,3129,0.06981455118557346,754,6088,0.5979381443298969,0.3414469994391475,1261,17830
Random Forest,3130,0.069806370611757,754,6089,0.5979381443298969,0.34150308468872687,1261,17830
Random Forest,3131,0.06978472725161759,754,6090,0.5979381443298969,0.3415591699383062,1261,17830
Random Forest,3132,0.0697812204237171,754,6091,0.5979381443298969,0.3416152551878856,1261,17830
Random Forest,3133,0.06978053390620155,754,6092,0.5979381443298969,0.34167134043746494,1261,17830
Random Forest,3134,0.0697785643432392,754,6093,0.5979381443298969,0.3417274256870443,1261,17830
Random Forest,3135,0.06977708038023775,754,6095,0.5979381443298969,0.341839596186203,1261,17830
Random Forest,3136,0.06975970653428515,755,6095,0.598731165741475,0.341839596186203,1261,17830
Random Forest,3137,0.06973532647889107,756,6097,0.5995241871530531,0.34195176668536176,1261,17830
Random Forest,3138,0.06972156884839718,756,6100,0.5995241871530531,0.34212002243409984,1261,17830
Random Forest,3139,0.06971703469738284,756,6101,0.5995241871530531,0.3421761076836792,1261,17830
Random Forest,3140,0.06970609219054454,756,6102,0.5995241871530531,0.34223219293325857,1261,17830
Random Forest,3141,0.06970388405779368,756,6103,0.5995241871530531,0.3422882781828379,1261,17830
Random Forest,3142,0.0697021791009296,756,6104,0.5995241871530531,0.34234436343241725,1261,17830
Random Forest,3143,0.06969863161972557,756,6107,0.5995241871530531,0.34251261918115533,1261,17830
Random Forest,3144,0.06969780511289961,756,6108,0.5995241871530531,0.3425687044307347,1261,17830
Random Forest,3145,0.06969770477117897,756,6109,0.5995241871530531,0.34262478968031407,1261,17830
Random Forest,3146,0.06967564335906776,756,6111,0.5995241871530531,0.3427369601794728,1261,17830
Random Forest,3147,0.06965789263453796,756,6112,0.5995241871530531,0.34279304542905215,1261,17830
Random Forest,3148,0.06965257717859631,758,6112,0.6011102299762093,0.34279304542905215,1261,17830
Random Forest,3149,0.06965162407764369,758,6113,0.6011102299762093,0.34284913067863154,1261,17830
Random Forest,3150,0.06964666190065599,758,6114,0.6011102299762093,0.3429052159282109,1261,17830
Random Forest,3151,0.06964651534363002,758,6119,0.6011102299762093,0.3431856421761077,1261,17830
Random Forest,3152,0.06964327987898514,758,6120,0.6011102299762093,0.34324172742568704,1261,17830
Random Forest,3153,0.0696289391561334,758,6121,0.6011102299762093,0.3432978126752664,1261,17830
Random Forest,3154,0.06962151040213978,758,6123,0.6011102299762093,0.3434099831744251,1261,17830
Random Forest,3155,0.0695880651906335,758,6125,0.6011102299762093,0.34352215367358385,1261,17830
Random Forest,3156,0.06957873448725396,758,6126,0.6011102299762093,0.3435782389231632,1261,17830
Random Forest,3157,0.06957445215104979,758,6127,0.6011102299762093,0.3436343241727426,1261,17830
Random Forest,3158,0.06957372232398876,758,6128,0.6011102299762093,0.34369040942232193,1261,17830
Random Forest,3159,0.06956320229274017,758,6130,0.6011102299762093,0.34380257992148067,1261,17830
Random Forest,3160,0.0695554447600184,758,6132,0.6011102299762093,0.34391475042063935,1261,17830
Random Forest,3161,0.06954565681365064,758,6133,0.6011102299762093,0.34397083567021874,1261,17830
Random Forest,3162,0.06954397331449343,758,6140,0.6011102299762093,0.34436343241727424,1261,17830
Random Forest,3163,0.06952248641302348,758,6141,0.6011102299762093,0.34441951766685364,1261,17830
Random Forest,3164,0.06952125414610347,758,6142,0.6011102299762093,0.344475602916433,1261,17830
Random Forest,3165,0.06950880845499524,758,6144,0.6011102299762093,0.3445877734155917,1261,17830
Random Forest,3166,0.06950167603807433,758,6146,0.6011102299762093,0.3446999439147504,1261,17830
Random Forest,3167,0.06949714858671832,760,6149,0.6026962727993656,0.34486819966348853,1261,17830
Random Forest,3168,0.06949423677049205,760,6150,0.6026962727993656,0.34492428491306787,1261,17830
Random Forest,3169,0.06949288735700922,760,6151,0.6026962727993656,0.3449803701626472,1261,17830
Random Forest,3170,0.06947721034236362,760,6153,0.6026962727993656,0.34509254066180595,1261,17830
Random Forest,3171,0.06947215294673109,760,6154,0.6026962727993656,0.3451486259113853,1261,17830
Random Forest,3172,0.06947194267576685,760,6155,0.6026962727993656,0.3452047111609647,1261,17830
Random Forest,3173,0.06946943504120373,760,6157,0.6026962727993656,0.34531688166012336,1261,17830
Random Forest,3174,0.06946868251654306,760,6174,0.6026962727993656,0.34627033090297255,1261,17830
Random Forest,3175,0.06946189471693043,760,6175,0.6026962727993656,0.3463264161525519,1261,17830
Random Forest,3176,0.06945529449827853,760,6176,0.6026962727993656,0.3463825014021312,1261,17830
Random Forest,3177,0.06944462131888793,760,6178,0.6026962727993656,0.34649467190128996,1261,17830
Random Forest,3178,0.06942106487929908,760,6179,0.6026962727993656,0.3465507571508693,1261,17830
Random Forest,3179,0.06940038857851412,760,6180,0.6026962727993656,0.3466068424004487,1261,17830
Random Forest,3180,0.06939636069784502,760,6184,0.6026962727993656,0.3468311833987661,1261,17830
Random Forest,3181,0.0693911008735289,760,6185,0.6026962727993656,0.34688726864834546,1261,17830
Random Forest,3182,0.06937879990783509,760,6187,0.6026962727993656,0.3469994391475042,1261,17830
Random Forest,3183,0.06937541988470522,760,6188,0.6026962727993656,0.3470555243970836,1261,17830
Random Forest,3184,0.06936986520462614,760,6191,0.6026962727993656,0.34722378014582167,1261,17830
Random Forest,3185,0.06936594343338023,760,6192,0.6026962727993656,0.347279865395401,1261,17830
Random Forest,3186,0.06934943639426058,760,6194,0.6026962727993656,0.34739203589455975,1261,17830
Random Forest,3187,0.06934756889341712,760,6195,0.6026962727993656,0.3474481211441391,1261,17830
Random Forest,3188,0.06933217356173771,762,6226,0.6042823156225218,0.34918676388109926,1261,17830
Random Forest,3189,0.06932548212082945,762,6227,0.6042823156225218,0.34924284913067866,1261,17830
Random Forest,3190,0.06932164223234608,765,6236,0.6066613798572561,0.3497476163768929,1261,17830
Random Forest,3191,0.06931252702265531,765,6238,0.6066613798572561,0.3498597868760516,1261,17830
Random Forest,3192,0.06930764617097254,765,6239,0.6066613798572561,0.34991587212563097,1261,17830
Random Forest,3193,0.06930005868236729,765,6240,0.6066613798572561,0.3499719573752103,1261,17830
Random Forest,3194,0.06929214193930341,765,6242,0.6066613798572561,0.35008412787436904,1261,17830
Random Forest,3195,0.06926602167969312,765,6243,0.6066613798572561,0.3501402131239484,1261,17830
Random Forest,3196,0.06926353169200822,765,6244,0.6066613798572561,0.3501962983735278,1261,17830
Random Forest,3197,0.06926352012550104,765,6245,0.6066613798572561,0.3502523836231071,1261,17830
Random Forest,3198,0.06925473187197337,766,6245,0.6074544012688342,0.3502523836231071,1261,17830
Random Forest,3199,0.06925330108787611,766,6246,0.6074544012688342,0.35030846887268646,1261,17830
Random Forest,3200,0.06924957757277973,766,6247,0.6074544012688342,0.35036455412226586,1261,17830
Random Forest,3201,0.06924791343891576,766,6249,0.6074544012688342,0.35047672462142454,1261,17830
Random Forest,3202,0.0692443251347116,766,6252,0.6074544012688342,0.3506449803701627,1261,17830
Random Forest,3203,0.06922010317666066,766,6253,0.6074544012688342,0.350701065619742,1261,17830
Random Forest,3204,0.0692169635854744,766,6255,0.6074544012688342,0.35081323611890075,1261,17830
Random Forest,3205,0.06921077067843076,766,6256,0.6074544012688342,0.3508693213684801,1261,17830
Random Forest,3206,0.06918611908610398,766,6259,0.6074544012688342,0.35103757711721817,1261,17830
Random Forest,3207,0.06917323594978161,767,6267,0.6082474226804123,0.35148625911385306,1261,17830
Random Forest,3208,0.06916278441093067,767,6269,0.6082474226804123,0.3515984296130118,1261,17830
Random Forest,3209,0.06916047656311851,767,6270,0.6082474226804123,0.35165451486259114,1261,17830
Random Forest,3210,0.06913498567270485,767,6271,0.6082474226804123,0.3517106001121705,1261,17830
Random Forest,3211,0.0691323737668606,767,6272,0.6082474226804123,0.3517666853617499,1261,17830
Random Forest,3212,0.06910501345386111,768,6274,0.6090404440919904,0.35187885586090856,1261,17830
Random Forest,3213,0.0690931367489277,768,6275,0.6090404440919904,0.35193494111048795,1261,17830
Random Forest,3214,0.06909240517445496,768,6276,0.6090404440919904,0.3519910263600673,1261,17830
Random Forest,3215,0.0690884335857544,768,6278,0.6090404440919904,0.35210319685922603,1261,17830
Random Forest,3216,0.06907745338662884,768,6282,0.6090404440919904,0.35232753785754345,1261,17830
Random Forest,3217,0.06907270776125705,768,6283,0.6090404440919904,0.35238362310712285,1261,17830
Random Forest,3218,0.0690427413281266,768,6284,0.6090404440919904,0.3524397083567022,1261,17830
Random Forest,3219,0.06904214292156273,768,6285,0.6090404440919904,0.3524957936062815,1261,17830
Random Forest,3220,0.06904012300411348,768,6287,0.6090404440919904,0.35260796410544026,1261,17830
Random Forest,3221,0.06903549721448796,768,6288,0.6090404440919904,0.3526640493550196,1261,17830
Random Forest,3222,0.06902655668615441,768,6289,0.6090404440919904,0.352720134604599,1261,17830
Random Forest,3223,0.06902632413888146,768,6293,0.6090404440919904,0.3529444756029164,1261,17830
Random Forest,3224,0.0690230595488839,769,6309,0.6098334655035687,0.3538418395961862,1261,17830
Random Forest,3225,0.06902202869960292,769,6310,0.6098334655035687,0.35389792484576554,1261,17830
Random Forest,3226,0.06902155423089013,769,6311,0.6098334655035687,0.35395401009534494,1261,17830
Random Forest,3227,0.06901890594799118,769,6312,0.6098334655035687,0.3540100953449243,1261,17830
Random Forest,3228,0.06901719436223101,770,6313,0.6106264869151468,0.3540661805945036,1261,17830
Random Forest,3229,0.06900693766356267,770,6314,0.6106264869151468,0.354122265844083,1261,17830
Random Forest,3230,0.06900191344583011,770,6317,0.6106264869151468,0.3542905215928211,1261,17830
Random Forest,3231,0.06896739919760947,770,6318,0.6106264869151468,0.35434660684240044,1261,17830
Random Forest,3232,0.06896649428683453,771,6318,0.6114195083267249,0.35434660684240044,1261,17830
Random Forest,3233,0.06895942425060486,771,6319,0.6114195083267249,0.35440269209197983,1261,17830
Random Forest,3234,0.06895754886973286,771,6330,0.6114195083267249,0.3550196298373528,1261,17830
Random Forest,3235,0.06895024742170242,771,6331,0.6114195083267249,0.35507571508693214,1261,17830
Random Forest,3236,0.0689439988918905,771,6332,0.6114195083267249,0.3551318003365115,1261,17830
Random Forest,3237,0.0689369074613821,771,6333,0.6114195083267249,0.3551878855860909,1261,17830
Random Forest,3238,0.06891740496116652,772,6354,0.612212529738303,0.3563656758272574,1261,17830
Random Forest,3239,0.06891061179173368,772,6376,0.612212529738303,0.35759955131800336,1261,17830
Random Forest,3240,0.0689043532887335,772,6377,0.612212529738303,0.3576556365675827,1261,17830
Random Forest,3241,0.06889951123974183,772,6378,0.612212529738303,0.3577117218171621,1261,17830
Random Forest,3242,0.06889762622057924,772,6379,0.612212529738303,0.35776780706674144,1261,17830
Random Forest,3243,0.0688919816895055,772,6381,0.612212529738303,0.3578799775659002,1261,17830
Random Forest,3244,0.06888134686016768,772,6382,0.612212529738303,0.3579360628154795,1261,17830
Random Forest,3245,0.06887643752962745,772,6383,0.612212529738303,0.3579921480650589,1261,17830
Random Forest,3246,0.0688645665325566,772,6386,0.612212529738303,0.358160403813797,1261,17830
Random Forest,3247,0.06886183965602272,772,6388,0.612212529738303,0.35827257431295567,1261,17830
Random Forest,3248,0.06885229735688277,772,6389,0.612212529738303,0.35832865956253507,1261,17830
Random Forest,3249,0.0688374012237946,772,6390,0.612212529738303,0.3583847448121144,1261,17830
Random Forest,3250,0.06883711359707849,772,6391,0.612212529738303,0.35844083006169375,1261,17830
Random Forest,3251,0.06883479603932702,772,6392,0.612212529738303,0.35849691531127315,1261,17830
Random Forest,3252,0.06883007511859719,772,6393,0.612212529738303,0.3585530005608525,1261,17830
Random Forest,3253,0.06882496000881101,772,6394,0.612212529738303,0.3586090858104319,1261,17830
Random Forest,3254,0.0688147474001239,772,6395,0.612212529738303,0.3586651710600112,1261,17830
Random Forest,3255,0.06881206802827913,772,6396,0.612212529738303,0.35872125630959056,1261,17830
Random Forest,3256,0.06881191180194396,772,6397,0.612212529738303,0.35877734155916996,1261,17830
Random Forest,3257,0.0688111320449869,772,6405,0.612212529738303,0.3592260235558048,1261,17830
Random Forest,3258,0.0688105009685542,772,6406,0.612212529738303,0.3592821088053842,1261,17830
Random Forest,3259,0.06880881311736543,772,6407,0.612212529738303,0.35933819405496353,1261,17830
Random Forest,3260,0.06879709434279493,772,6408,0.612212529738303,0.35939427930454293,1261,17830
Random Forest,3261,0.0687901949562549,772,6409,0.612212529738303,0.35945036455412227,1261,17830
Random Forest,3262,0.06877267638793899,772,6410,0.612212529738303,0.3595064498037016,1261,17830
Random Forest,3263,0.06876231769270512,772,6412,0.612212529738303,0.35961862030286035,1261,17830
Random Forest,3264,0.06872658764438236,773,6412,0.6130055511498811,0.35961862030286035,1261,17830
Random Forest,3265,0.06872143334518871,775,6412,0.6145915939730373,0.35961862030286035,1261,17830
Random Forest,3266,0.0687212347571605,775,6413,0.6145915939730373,0.3596747055524397,1261,17830
Random Forest,3267,0.06871908569110285,775,6414,0.6145915939730373,0.3597307908020191,1261,17830
Random Forest,3268,0.06871892946476768,778,6432,0.6169706582077716,0.36074032529444755,1261,17830
Random Forest,3269,0.06871480141985312,778,6433,0.6169706582077716,0.36079641054402695,1261,17830
Random Forest,3270,0.06869853949723682,778,6436,0.6169706582077716,0.360964666292765,1261,17830
Random Forest,3271,0.0686967963249568,778,6437,0.6169706582077716,0.36102075154234436,1261,17830
Random Forest,3272,0.06869487708252393,779,6437,0.6177636796193497,0.36102075154234436,1261,17830
Random Forest,3273,0.06869094501835013,779,6441,0.6177636796193497,0.3612450925406618,1261,17830
Random Forest,3274,0.06867957377406789,779,6442,0.6177636796193497,0.3613011777902412,1261,17830
Random Forest,3275,0.06867946115533645,779,6443,0.6177636796193497,0.3613572630398205,1261,17830
Random Forest,3276,0.06867813982293912,779,6444,0.6177636796193497,0.36141334828939986,1261,17830
Random Forest,3277,0.06867766138101349,779,6445,0.6177636796193497,0.36146943353897926,1261,17830
Random Forest,3278,0.06867601566050216,779,6446,0.6177636796193497,0.3615255187885586,1261,17830
Random Forest,3279,0.06867150986971726,779,6456,0.6177636796193497,0.3620863712843522,1261,17830
Random Forest,3280,0.06866883795299272,779,6457,0.6177636796193497,0.36214245653393157,1261,17830
Random Forest,3281,0.0686650832367136,779,6458,0.6177636796193497,0.36219854178351096,1261,17830
Random Forest,3282,0.06865961852656485,780,6458,0.6185567010309279,0.36219854178351096,1261,17830
Random Forest,3283,0.06865572489866081,780,6459,0.6185567010309279,0.3622546270330903,1261,17830
Random Forest,3284,0.06865328736077594,780,6460,0.6185567010309279,0.36231071228266964,1261,17830
Random Forest,3285,0.06864561351572498,780,6461,0.6185567010309279,0.36236679753224904,1261,17830
Random Forest,3286,0.06864509172219062,781,6462,0.619349722442506,0.3624228827818284,1261,17830
Random Forest,3287,0.06863572155529732,781,6463,0.619349722442506,0.3624789680314077,1261,17830
Random Forest,3288,0.06863363082038716,781,6464,0.619349722442506,0.3625350532809871,1261,17830
Random Forest,3289,0.06863033582756728,781,6466,0.619349722442506,0.3626472237801458,1261,17830
Random Forest,3290,0.06862817610546748,781,6467,0.619349722442506,0.3627033090297252,1261,17830
Random Forest,3291,0.06862698164017902,781,6468,0.619349722442506,0.36275939427930454,1261,17830
Random Forest,3292,0.06862134544782054,781,6469,0.619349722442506,0.3628154795288839,1261,17830
Random Forest,3293,0.06861817903410256,781,6470,0.619349722442506,0.3628715647784633,1261,17830
Random Forest,3294,0.06861159193534382,781,6471,0.619349722442506,0.3629276500280426,1261,17830
Random Forest,3295,0.06860042867757027,781,6472,0.619349722442506,0.362983735277622,1261,17830
Random Forest,3296,0.0685980740674378,781,6473,0.619349722442506,0.36303982052720135,1261,17830
Random Forest,3297,0.06859576411579854,781,6474,0.619349722442506,0.3630959057767807,1261,17830
Random Forest,3298,0.06858049795238062,782,6474,0.6201427438540841,0.3630959057767807,1261,17830
Random Forest,3299,0.06857580748740708,782,6475,0.6201427438540841,0.3631519910263601,1261,17830
Random Forest,3300,0.06857437429220159,782,6477,0.6201427438540841,0.36326416152551877,1261,17830
Random Forest,3301,0.06856426270223717,782,6478,0.6201427438540841,0.36332024677509817,1261,17830
Random Forest,3302,0.0685580551369264,782,6479,0.6201427438540841,0.3633763320246775,1261,17830
Random Forest,3303,0.06855660868775669,782,6480,0.6201427438540841,0.36343241727425685,1261,17830
Random Forest,3304,0.06855263117854869,782,6481,0.6201427438540841,0.36348850252383624,1261,17830
Random Forest,3305,0.06854669801388058,782,6482,0.6201427438540841,0.3635445877734156,1261,17830
Random Forest,3306,0.06852960025801663,782,6483,0.6201427438540841,0.3636006730229949,1261,17830
Random Forest,3307,0.06852542099340006,782,6484,0.6201427438540841,0.3636567582725743,1261,17830
Random Forest,3308,0.06852489483938196,782,6485,0.6201427438540841,0.36371284352215366,1261,17830
Random Forest,3309,0.06851616453971877,782,6486,0.6201427438540841,0.36376892877173306,1261,17830
Random Forest,3310,0.06851510797991928,782,6487,0.6201427438540841,0.3638250140213124,1261,17830
Random Forest,3311,0.06851331422008768,782,6488,0.6201427438540841,0.36388109927089174,1261,17830
Random Forest,3312,0.06851213105084011,782,6493,0.6201427438540841,0.36416152551878855,1261,17830
Random Forest,3313,0.06850742735167299,782,6494,0.6201427438540841,0.3642176107683679,1261,17830
Random Forest,3314,0.0685048491064759,782,6496,0.6201427438540841,0.36432978126752663,1261,17830
Random Forest,3315,0.06850106376345383,782,6498,0.6201427438540841,0.36444195176668537,1261,17830
Random Forest,3316,0.06850096896956977,782,6499,0.6201427438540841,0.3644980370162647,1261,17830
Random Forest,3317,0.06849584319116249,784,6513,0.6217287866772403,0.36528323051037576,1261,17830
Random Forest,3318,0.06848984863321173,784,6514,0.6217287866772403,0.36533931575995515,1261,17830
Random Forest,3319,0.06848655443321677,784,6515,0.6217287866772403,0.3653954010095345,1261,17830
Random Forest,3320,0.06847835031361889,784,6516,0.6217287866772403,0.36545148625911383,1261,17830
Random Forest,3321,0.06847041991950147,784,6518,0.6217287866772403,0.36556365675827257,1261,17830
Random Forest,3322,0.06846594403692133,784,6519,0.6217287866772403,0.3656197420078519,1261,17830
Random Forest,3323,0.06844701042847563,784,6520,0.6217287866772403,0.3656758272574313,1261,17830
Random Forest,3324,0.0684467558320437,785,6520,0.6225218080888184,0.3656758272574313,1261,17830
Random Forest,3325,0.06844109548602334,785,6522,0.6225218080888184,0.36578799775659004,1261,17830
Random Forest,3326,0.0684328226907763,785,6523,0.6225218080888184,0.3658440830061694,1261,17830
Random Forest,3327,0.06841508853465521,785,6524,0.6225218080888184,0.3659001682557487,1261,17830
Random Forest,3328,0.06841342512018864,785,6525,0.6225218080888184,0.3659562535053281,1261,17830
Random Forest,3329,0.06841320089309505,786,6525,0.6233148295003965,0.3659562535053281,1261,17830
Random Forest,3330,0.06839764027580371,786,6526,0.6233148295003965,0.36601233875490746,1261,17830
Random Forest,3331,0.0683928834833566,787,6528,0.6241078509119746,0.3661245092540662,1261,17830
Random Forest,3332,0.06838019657926898,788,6529,0.6249008723235527,0.36618059450364554,1261,17830
Random Forest,3333,0.06837881762644525,788,6532,0.6249008723235527,0.3663488502523836,1261,17830
Random Forest,3334,0.0683757025578859,788,6533,0.6249008723235527,0.36640493550196296,1261,17830
Random Forest,3335,0.06837119161967915,788,6534,0.6249008723235527,0.36646102075154235,1261,17830
Random Forest,3336,0.06836751196745992,788,6535,0.6249008723235527,0.3665171060011217,1261,17830
Random Forest,3337,0.06834929699247662,788,6539,0.6249008723235527,0.36674144699943917,1261,17830
Random Forest,3338,0.06834927173468866,789,6539,0.6256938937351308,0.36674144699943917,1261,17830
Random Forest,3339,0.06834513723431047,789,6540,0.6256938937351308,0.3667975322490185,1261,17830
Random Forest,3340,0.0683435152635619,789,6541,0.6256938937351308,0.36685361749859785,1261,17830
Random Forest,3341,0.06833737405248776,789,6542,0.6256938937351308,0.36690970274817725,1261,17830
Random Forest,3342,0.068332528770132,789,6543,0.6256938937351308,0.3669657879977566,1261,17830
Random Forest,3343,0.06832928002980802,789,6546,0.6256938937351308,0.36713404374649466,1261,17830
Random Forest,3344,0.06832538313887555,798,6728,0.6328310864393338,0.3773415591699383,1261,17830
Random Forest,3345,0.06831468883468945,798,6730,0.6328310864393338,0.377453729669097,1261,17830
Random Forest,3346,0.06830414793131497,798,6731,0.6328310864393338,0.3775098149186764,1261,17830
Random Forest,3347,0.06830161273194049,798,6733,0.6328310864393338,0.3776219854178351,1261,17830
Random Forest,3348,0.06830086017356833,798,6734,0.6328310864393338,0.3776780706674145,1261,17830
Random Forest,3349,0.06829089069632269,798,6735,0.6328310864393338,0.37773415591699383,1261,17830
Random Forest,3350,0.06828539525986242,798,6736,0.6328310864393338,0.37779024116657317,1261,17830
Random Forest,3351,0.06827387358247473,798,6737,0.6328310864393338,0.37784632641615257,1261,17830
Random Forest,3352,0.06826699220028316,799,6737,0.6336241078509119,0.37784632641615257,1261,17830
Random Forest,3353,0.06826564247759558,799,6738,0.6336241078509119,0.3779024116657319,1261,17830
Random Forest,3354,0.06826366266108479,799,6740,0.6336241078509119,0.37801458216489064,1261,17830
Random Forest,3355,0.06825694476964485,799,6741,0.6336241078509119,0.37807066741447,1261,17830
Random Forest,3356,0.06825215489713418,799,6742,0.6336241078509119,0.3781267526640494,1261,17830
Random Forest,3357,0.06823360816714953,799,6743,0.6336241078509119,0.3781828379136287,1261,17830
Random Forest,3358,0.06823333678499152,799,6745,0.6336241078509119,0.37829500841278746,1261,17830
Random Forest,3359,0.0682323967260287,800,6745,0.63441712926249,0.37829500841278746,1261,17830
Random Forest,3360,0.06822966473286796,800,6746,0.63441712926249,0.3783510936623668,1261,17830
Random Forest,3361,0.06821751877415258,800,6747,0.63441712926249,0.37840717891194614,1261,17830
Random Forest,3362,0.0682158746646895,800,6748,0.63441712926249,0.37846326416152554,1261,17830
Random Forest,3363,0.06821485988657364,800,6749,0.63441712926249,0.3785193494111049,1261,17830
Random Forest,3364,0.06821282911908264,800,6751,0.63441712926249,0.3786315199102636,1261,17830
Random Forest,3365,0.06820492818001862,800,6752,0.63441712926249,0.37868760515984295,1261,17830
Random Forest,3366,0.06819326218140728,800,6753,0.63441712926249,0.3787436904094223,1261,17830
Random Forest,3367,0.06819267153751515,800,6754,0.63441712926249,0.3787997756590017,1261,17830
Random Forest,3368,0.06819164402862227,800,6756,0.63441712926249,0.37891194615816043,1261,17830
Random Forest,3369,0.06819078523717666,801,6764,0.6352101506740682,0.37936062815479527,1261,17830
Random Forest,3370,0.06818276258800374,801,6766,0.6352101506740682,0.379472798653954,1261,17830
Random Forest,3371,0.06816840321791258,801,6767,0.6352101506740682,0.3795288839035334,1261,17830
Random Forest,3372,0.06816364642546548,801,6768,0.6352101506740682,0.37958496915311274,1261,17830
Random Forest,3373,0.06816198805153598,801,6769,0.6352101506740682,0.3796410544026921,1261,17830
Random Forest,3374,0.06814776338338406,802,6769,0.6360031720856463,0.3796410544026921,1261,17830
Random Forest,3375,0.06814482134985453,803,6769,0.6367961934972244,0.3796410544026921,1261,17830
Random Forest,3376,0.06814376758242383,803,6773,0.6367961934972244,0.37986539540100955,1261,17830
Random Forest,3377,0.06814148289076198,803,6774,0.6367961934972244,0.3799214806505889,1261,17830
Random Forest,3378,0.068139781051087,803,6775,0.6367961934972244,0.37997756590016823,1261,17830
Random Forest,3379,0.06813918009842244,803,6776,0.6367961934972244,0.38003365114974763,1261,17830
Random Forest,3380,0.0681388593496311,803,6777,0.6367961934972244,0.38008973639932697,1261,17830
Random Forest,3381,0.06811312487502932,803,6778,0.6367961934972244,0.3801458216489063,1261,17830
Random Forest,3382,0.06810664707327732,803,6779,0.6367961934972244,0.3802019068984857,1261,17830
Random Forest,3383,0.06810126490129939,803,6781,0.6367961934972244,0.38031407739764445,1261,17830
Random Forest,3384,0.06809843848771784,803,6782,0.6367961934972244,0.3803701626472238,1261,17830
Random Forest,3385,0.06809807426177307,803,6784,0.6367961934972244,0.3804823331463825,1261,17830
Random Forest,3386,0.06809752799745543,804,6785,0.6375892149088025,0.38053841839596186,1261,17830
Random Forest,3387,0.06809356797802547,804,6786,0.6375892149088025,0.3805945036455412,1261,17830
Random Forest,3388,0.0680746731465162,804,6787,0.6375892149088025,0.3806505888951206,1261,17830
Random Forest,3389,0.0680622268586429,804,6788,0.6375892149088025,0.38070667414469994,1261,17830
Random Forest,3390,0.06805676113065345,804,6790,0.6375892149088025,0.3808188446438587,1261,17830
Random Forest,3391,0.06804347021204245,804,6791,0.6375892149088025,0.380874929893438,1261,17830
Random Forest,3392,0.06803360896684942,804,6793,0.6375892149088025,0.38098710039259676,1261,17830
Random Forest,3393,0.06803197020778937,804,6794,0.6375892149088025,0.3810431856421761,1261,17830
Random Forest,3394,0.06803141401978642,804,6795,0.6375892149088025,0.3810992708917555,1261,17830
Random Forest,3395,0.06802313472126115,804,6796,0.6375892149088025,0.38115535614133483,1261,17830
Random Forest,3396,0.06801366473610106,804,6797,0.6375892149088025,0.3812114413909142,1261,17830
Random Forest,3397,0.06800828256412311,804,6798,0.6375892149088025,0.38126752664049357,1261,17830
Random Forest,3398,0.06800084332337913,804,6800,0.6375892149088025,0.38137969713965225,1261,17830
Random Forest,3399,0.06799365488714058,804,6801,0.6375892149088025,0.38143578238923165,1261,17830
Random Forest,3400,0.06799069960108958,804,6802,0.6375892149088025,0.381491867638811,1261,17830
Random Forest,3401,0.06799054064943927,804,6804,0.6375892149088025,0.3816040381379697,1261,17830
Random Forest,3402,0.06798551643170672,805,6815,0.6383822363203806,0.3822209758833427,1261,17830
Random Forest,3403,0.0679851529877037,805,6816,0.6383822363203806,0.38227706113292204,1261,17830
Random Forest,3404,0.06798163629480058,805,6821,0.6383822363203806,0.38255748738081885,1261,17830
Random Forest,3405,0.06797742604922404,805,6822,0.6383822363203806,0.3826135726303982,1261,17830
Random Forest,3406,0.06797712759134482,805,6823,0.6383822363203806,0.3826696578799776,1261,17830
Random Forest,3407,0.06797226144649063,805,6826,0.6383822363203806,0.38283791362871566,1261,17830
Random Forest,3408,0.06797041565544178,805,6827,0.6383822363203806,0.382893998878295,1261,17830
Random Forest,3409,0.06796884929147921,805,6828,0.6383822363203806,0.38295008412787435,1261,17830
Random Forest,3410,0.06796393276413093,806,6828,0.6391752577319587,0.38295008412787435,1261,17830
Random Forest,3411,0.06795472229943282,807,6828,0.6399682791435368,0.38295008412787435,1261,17830
Random Forest,3412,0.06795328095214323,807,6829,0.6399682791435368,0.38300616937745374,1261,17830
Random Forest,3413,0.06795074093331355,807,6830,0.6399682791435368,0.3830622546270331,1261,17830
Random Forest,3414,0.06795006341332718,807,6837,0.6399682791435368,0.38345485137408863,1261,17830
Random Forest,3415,0.06794917725022401,807,6840,0.6399682791435368,0.3836231071228267,1261,17830
Random Forest,3416,0.06794241996902371,807,6843,0.6399682791435368,0.3837913628715648,1261,17830
Random Forest,3417,0.06793887477059685,808,6859,0.640761300555115,0.3846887268648346,1261,17830
Random Forest,3418,0.06793857699834266,808,6871,0.640761300555115,0.3853617498597869,1261,17830
Random Forest,3419,0.06793423003540484,808,6872,0.640761300555115,0.3854178351093662,1261,17830
Random Forest,3420,0.0679328562250127,808,6873,0.640761300555115,0.3854739203589456,1261,17830
Random Forest,3421,0.0679303486117162,809,6873,0.6415543219666932,0.3854739203589456,1261,17830
Random Forest,3422,0.06792604230439951,809,6874,0.6415543219666932,0.38553000560852496,1261,17830
Random Forest,3423,0.06791116504950079,809,6875,0.6415543219666932,0.3855860908581043,1261,17830
Random Forest,3424,0.06790884616300544,810,6875,0.6423473433782713,0.3855860908581043,1261,17830
Random Forest,3425,0.06790385350781189,810,6876,0.6423473433782713,0.3856421761076837,1261,17830
Random Forest,3426,0.06790384689329551,811,6876,0.6431403647898494,0.3856421761076837,1261,17830
Random Forest,3427,0.06789642701019695,811,6877,0.6431403647898494,0.38569826135726304,1261,17830
Random Forest,3428,0.06789222318817117,811,6879,0.6431403647898494,0.3858104318564218,1261,17830
Random Forest,3429,0.06788318302077256,811,6880,0.6431403647898494,0.3858665171060011,1261,17830
Random Forest,3430,0.06788242966066522,811,6881,0.6431403647898494,0.38592260235558046,1261,17830
Random Forest,3431,0.06788129699087175,811,6882,0.6431403647898494,0.38597868760515985,1261,17830
Random Forest,3432,0.06787757552537352,811,6883,0.6431403647898494,0.3860347728547392,1261,17830
Random Forest,3433,0.06787665809069537,811,6885,0.6431403647898494,0.38614694335389793,1261,17830
Random Forest,3434,0.06787107989932989,812,6885,0.6439333862014275,0.38614694335389793,1261,17830
Random Forest,3435,0.06786958689649929,812,6886,0.6439333862014275,0.38620302860347727,1261,17830
Random Forest,3436,0.06786833026838487,812,6887,0.6439333862014275,0.38625911385305667,1261,17830
Random Forest,3437,0.0678570810761509,815,6904,0.6463124504361618,0.3872125630959058,1261,17830
Random Forest,3438,0.06784816951843319,816,6924,0.6471054718477399,0.388334268087493,1261,17830
Random Forest,3439,0.06784618970192241,816,6925,0.6471054718477399,0.38839035333707234,1261,17830
Random Forest,3440,0.06782840715993918,816,6926,0.6471054718477399,0.38844643858665173,1261,17830
Random Forest,3441,0.06782478804109439,816,6927,0.6471054718477399,0.3885025238362311,1261,17830
Random Forest,3442,0.06781673799275266,816,6928,0.6471054718477399,0.3885586090858104,1261,17830
Random Forest,3443,0.06781257582573051,816,6929,0.6471054718477399,0.3886146943353898,1261,17830
Random Forest,3444,0.067812349070162,816,6930,0.6471054718477399,0.38867077958496915,1261,17830
Random Forest,3445,0.06780657142960798,816,6931,0.6471054718477399,0.3887268648345485,1261,17830
Random Forest,3446,0.06780119854043044,816,6932,0.6471054718477399,0.3887829500841279,1261,17830
Random Forest,3447,0.06779601823936603,816,6935,0.6471054718477399,0.38895120583286596,1261,17830
Random Forest,3448,0.06779535615992027,816,6936,0.6471054718477399,0.3890072910824453,1261,17830
Random Forest,3449,0.06779015957944744,816,6938,0.6471054718477399,0.38911946158160404,1261,17830
Random Forest,3450,0.06778935397577376,816,6939,0.6471054718477399,0.3891755468311834,1261,17830
Random Forest,3451,0.0677836757535191,816,6941,0.6471054718477399,0.3892877173303421,1261,17830
Random Forest,3452,0.06778334229724985,816,6946,0.6471054718477399,0.38956814357823893,1261,17830
Random Forest,3453,0.06778275696406981,816,6947,0.6471054718477399,0.3896242288278183,1261,17830
Random Forest,3454,0.06778247977433838,816,6948,0.6471054718477399,0.38968031407739767,1261,17830
Random Forest,3455,0.06777665901311915,817,6948,0.647898493259318,0.38968031407739767,1261,17830
Random Forest,3456,0.0677740518591338,817,6949,0.647898493259318,0.389736399326977,1261,17830
Random Forest,3457,0.06776493234048778,817,6950,0.647898493259318,0.38979248457655635,1261,17830
Random Forest,3458,0.06775323305723922,817,6951,0.647898493259318,0.38984856982613575,1261,17830
Random Forest,3459,0.06774117064153407,817,6952,0.647898493259318,0.3899046550757151,1261,17830
Random Forest,3460,0.0677396122335881,817,6954,0.647898493259318,0.3900168255748738,1261,17830
Random Forest,3461,0.06773620384961773,817,6955,0.647898493259318,0.39007291082445317,1261,17830
Random Forest,3462,0.06773431480330568,818,6956,0.6486915146708961,0.3901289960740325,1261,17830
Random Forest,3463,0.06772800556961162,818,6958,0.6486915146708961,0.39024116657319124,1261,17830
Random Forest,3464,0.0677270802129713,818,6959,0.6486915146708961,0.3902972518227706,1261,17830
Random Forest,3465,0.06772082635543605,818,6960,0.6486915146708961,0.39035333707235,1261,17830
Random Forest,3466,0.06771804141240337,818,6962,0.6486915146708961,0.3904655075715087,1261,17830
Random Forest,3467,0.06771396464088852,818,6963,0.6486915146708961,0.39052159282108806,1261,17830
Random Forest,3468,0.06771083693858483,819,6970,0.6494845360824743,0.39091418956814356,1261,17830
Random Forest,3469,0.06770709958557371,819,6971,0.6494845360824743,0.39097027481772295,1261,17830
Random Forest,3470,0.06770268867697947,819,6972,0.6494845360824743,0.3910263600673023,1261,17830
Random Forest,3471,0.06769853549480387,819,6973,0.6494845360824743,0.39108244531688163,1261,17830
Random Forest,3472,0.06769802722308971,819,6974,0.6494845360824743,0.39113853056646103,1261,17830
Random Forest,3473,0.0676969512349724,819,6975,0.6494845360824743,0.39119461581604037,1261,17830
Random Forest,3474,0.06769035996007357,819,6977,0.6494845360824743,0.3913067863151991,1261,17830
Random Forest,3475,0.06768246868096174,819,6978,0.6494845360824743,0.39136287156477845,1261,17830
Random Forest,3476,0.06766224042995861,819,6979,0.6494845360824743,0.39141895681435784,1261,17830
Random Forest,3477,0.06765942920200185,819,6980,0.6494845360824743,0.3914750420639372,1261,17830
Random Forest,3478,0.06764818830435779,819,6981,0.6494845360824743,0.3915311273135165,1261,17830
Random Forest,3479,0.06764391796387674,819,6982,0.6494845360824743,0.3915872125630959,1261,17830
Random Forest,3480,0.06764322151244145,819,6984,0.6494845360824743,0.3916993830622546,1261,17830
Random Forest,3481,0.06764133489749127,819,6985,0.6494845360824743,0.391755468311834,1261,17830
Random Forest,3482,0.06764092012100877,819,6986,0.6494845360824743,0.39181155356141334,1261,17830
Random Forest,3483,0.06763980162985403,819,6987,0.6494845360824743,0.39186763881099274,1261,17830
Random Forest,3484,0.06763526947095465,819,6988,0.6494845360824743,0.3919237240605721,1261,17830
Random Forest,3485,0.0676330484132453,819,6989,0.6494845360824743,0.3919798093101514,1261,17830
Random Forest,3486,0.06762784401825978,820,6992,0.6502775574940524,0.3921480650588895,1261,17830
Random Forest,3487,0.06762553927416406,820,6993,0.6502775574940524,0.3922041503084689,1261,17830
Random Forest,3488,0.06760756649446771,820,6994,0.6502775574940524,0.39226023555804823,1261,17830
Random Forest,3489,0.06760075574666033,820,6995,0.6502775574940524,0.39231632080762757,1261,17830
Random Forest,3490,0.0675844827006756,820,6996,0.6502775574940524,0.39237240605720697,1261,17830
Random Forest,3491,0.06757178475561831,820,6997,0.6502775574940524,0.3924284913067863,1261,17830
Random Forest,3492,0.06755930250203308,820,6998,0.6502775574940524,0.39248457655636565,1261,17830
Random Forest,3493,0.06755288819571809,820,7000,0.6502775574940524,0.3925967470555244,1261,17830
Random Forest,3494,0.06755146910659755,820,7001,0.6502775574940524,0.3926528323051038,1261,17830
Random Forest,3495,0.06753906040540195,820,7002,0.6502775574940524,0.3927089175546831,1261,17830
Random Forest,3496,0.06753623416442531,820,7007,0.6502775574940524,0.39298934380257994,1261,17830
Random Forest,3497,0.06752095872344777,821,7010,0.6510705789056305,0.393157599551318,1261,17830
Random Forest,3498,0.06751932869652855,821,7011,0.6510705789056305,0.39321368480089736,1261,17830
Random Forest,3499,0.06751350636892675,821,7013,0.6510705789056305,0.3933258553000561,1261,17830
Random Forest,3500,0.06751225583281603,821,7014,0.6510705789056305,0.39338194054963543,1261,17830
Random Forest,3501,0.0675080869252301,822,7015,0.6518636003172086,0.39343802579921483,1261,17830
Random Forest,3502,0.06750706713337244,822,7016,0.6518636003172086,0.39349411104879417,1261,17830
Random Forest,3503,0.06750318013267752,822,7017,0.6518636003172086,0.3935501962983735,1261,17830
Random Forest,3504,0.06749836384743871,822,7018,0.6518636003172086,0.3936062815479529,1261,17830
Random Forest,3505,0.06749575692831322,822,7025,0.6518636003172086,0.3939988782950084,1261,17830
Random Forest,3506,0.06749501213651912,822,7027,0.6518636003172086,0.39411104879416714,1261,17830
Random Forest,3507,0.06749210155043453,822,7028,0.6518636003172086,0.3941671340437465,1261,17830
Random Forest,3508,0.06749157383621561,823,7032,0.6526566217287867,0.39439147504206395,1261,17830
Random Forest,3509,0.06748233619440291,823,7033,0.6526566217287867,0.3944475602916433,1261,17830
Random Forest,3510,0.06748151064860994,823,7046,0.6526566217287867,0.395176668536175,1261,17830
Random Forest,3511,0.06748082115266925,823,7047,0.6526566217287867,0.39523275378575434,1261,17830
Random Forest,3512,0.06746309275121858,823,7048,0.6526566217287867,0.3952888390353337,1261,17830
Random Forest,3513,0.0674545398660649,823,7049,0.6526566217287867,0.3953449242849131,1261,17830
Random Forest,3514,0.06745337502747195,823,7050,0.6526566217287867,0.3954010095344924,1261,17830
Random Forest,3515,0.06745282809223131,824,7050,0.6534496431403648,0.3954010095344924,1261,17830
Random Forest,3516,0.06744954702279794,824,7051,0.6534496431403648,0.3954570947840718,1261,17830
Random Forest,3517,0.0674486134197872,824,7052,0.6534496431403648,0.39551318003365116,1261,17830
Random Forest,3518,0.06743690529503545,824,7053,0.6534496431403648,0.3955692652832305,1261,17830
Random Forest,3519,0.0674235628284591,824,7055,0.6534496431403648,0.39568143578238923,1261,17830
Random Forest,3520,0.06742106517356015,824,7056,0.6534496431403648,0.3957375210319686,1261,17830
Random Forest,3521,0.0674093585091621,824,7057,0.6534496431403648,0.39579360628154797,1261,17830
Random Forest,3522,0.06740277459113694,825,7088,0.6542426645519429,0.39753224901850814,1261,17830
Random Forest,3523,0.06739834897243548,826,7088,0.655035685963521,0.39753224901850814,1261,17830
Random Forest,3524,0.06739134938532927,826,7089,0.655035685963521,0.3975883342680875,1261,17830
Random Forest,3525,0.06739103656897202,826,7090,0.655035685963521,0.3976444195176669,1261,17830
Random Forest,3526,0.06738935385722664,826,7091,0.655035685963521,0.3977005047672462,1261,17830
Random Forest,3527,0.06738583878595146,826,7093,0.655035685963521,0.39781267526640496,1261,17830
Random Forest,3528,0.06738448350037547,826,7095,0.655035685963521,0.39792484576556364,1261,17830
Random Forest,3529,0.06738030567721591,826,7098,0.655035685963521,0.3980931015143017,1261,17830
Random Forest,3530,0.06737819978170098,826,7099,0.655035685963521,0.3981491867638811,1261,17830
Random Forest,3531,0.06737819805499337,826,7100,0.655035685963521,0.39820527201346045,1261,17830
Random Forest,3532,0.06737798447360849,826,7102,0.655035685963521,0.3983174425126192,1261,17830
Random Forest,3533,0.06737500354587032,826,7104,0.655035685963521,0.39842961301177793,1261,17830
Random Forest,3534,0.06737391792272324,826,7111,0.655035685963521,0.3988222097588334,1261,17830
Random Forest,3535,0.0673737397377971,826,7113,0.655035685963521,0.39893438025799216,1261,17830
Random Forest,3536,0.06737133217003957,827,7119,0.6558287073750991,0.3992708917554683,1261,17830
Random Forest,3537,0.06737000135804239,827,7121,0.6558287073750991,0.39938306225462705,1261,17830
Random Forest,3538,0.06736365786707635,827,7122,0.6558287073750991,0.3994391475042064,1261,17830
Random Forest,3539,0.06735735946593628,827,7123,0.6558287073750991,0.39949523275378573,1261,17830
Random Forest,3540,0.06735732541592618,827,7127,0.6558287073750991,0.3997195737521032,1261,17830
Random Forest,3541,0.0673567309750872,827,7128,0.6558287073750991,0.39977565900168255,1261,17830
Random Forest,3542,0.06735433679896759,827,7130,0.6558287073750991,0.3998878295008413,1261,17830
Random Forest,3543,0.06735203547322206,827,7131,0.6558287073750991,0.3999439147504206,1261,17830
Random Forest,3544,0.06735129398452205,827,7132,0.6558287073750991,0.4,1261,17830
Random Forest,3545,0.0673445384126048,829,7135,0.6574147501982553,0.4001682557487381,1261,17830
Random Forest,3546,0.06733836034118798,829,7136,0.6574147501982553,0.40022434099831744,1261,17830
Random Forest,3547,0.06733791207840373,829,7137,0.6574147501982553,0.4002804262478968,1261,17830
Random Forest,3548,0.06733364703837633,829,7139,0.6574147501982553,0.4003925967470555,1261,17830
Random Forest,3549,0.06730960725380893,829,7141,0.6574147501982553,0.40050476724621425,1261,17830
Random Forest,3550,0.06730533179911839,829,7142,0.6574147501982553,0.4005608524957936,1261,17830
Random Forest,3551,0.0672975933911385,829,7143,0.6574147501982553,0.400616937745373,1261,17830
Random Forest,3552,0.0672973189562385,829,7145,0.6574147501982553,0.4007291082445317,1261,17830
Random Forest,3553,0.06728521571781709,829,7151,0.6574147501982553,0.40106561974200783,1261,17830
Random Forest,3554,0.06728093970487588,829,7152,0.6574147501982553,0.4011217049915872,1261,17830
Random Forest,3555,0.06728093558554697,829,7153,0.6574147501982553,0.40117779024116657,1261,17830
Random Forest,3556,0.06726468656260677,829,7154,0.6574147501982553,0.40123387549074596,1261,17830
Random Forest,3557,0.0672643430787499,829,7156,0.6574147501982553,0.40134604598990464,1261,17830
Random Forest,3558,0.06725571553992239,829,7157,0.6574147501982553,0.40140213123948404,1261,17830
Random Forest,3559,0.06725571542477445,830,7157,0.6582077716098335,0.40140213123948404,1261,17830
Random Forest,3560,0.06725227359071881,830,7159,0.6582077716098335,0.4015143017386427,1261,17830
Random Forest,3561,0.0672415986371044,830,7160,0.6582077716098335,0.4015703869882221,1261,17830
Random Forest,3562,0.06723674755581717,830,7161,0.6582077716098335,0.40162647223780146,1261,17830
Random Forest,3563,0.06721546290606552,830,7162,0.6582077716098335,0.4016825574873808,1261,17830
Random Forest,3564,0.06721386386832277,830,7163,0.6582077716098335,0.4017386427369602,1261,17830
Random Forest,3565,0.06721265963859802,830,7164,0.6582077716098335,0.40179472798653953,1261,17830
Random Forest,3566,0.06720461105396222,830,7165,0.6582077716098335,0.4018508132361189,1261,17830
Random Forest,3567,0.06720047716221998,830,7166,0.6582077716098335,0.40190689848569827,1261,17830
Random Forest,3568,0.06719960133545877,830,7168,0.6582077716098335,0.402019068984857,1261,17830
Random Forest,3569,0.06718997180192787,830,7169,0.6582077716098335,0.40207515423443635,1261,17830
Random Forest,3570,0.0671833063978046,830,7170,0.6582077716098335,0.4021312394840157,1261,17830
Random Forest,3571,0.06718192449035529,830,7171,0.6582077716098335,0.4021873247335951,1261,17830
Random Forest,3572,0.06718083393223512,830,7172,0.6582077716098335,0.4022434099831744,1261,17830
Random Forest,3573,0.06716601211333124,830,7173,0.6582077716098335,0.40229949523275377,1261,17830
Random Forest,3574,0.06716273308759817,830,7176,0.6582077716098335,0.40246775098149185,1261,17830
Random Forest,3575,0.06715677006174624,830,7177,0.6582077716098335,0.40252383623107124,1261,17830
Random Forest,3576,0.06714952056484332,830,7178,0.6582077716098335,0.4025799214806506,1261,17830
Random Forest,3577,0.06714110118877696,830,7179,0.6582077716098335,0.4026360067302299,1261,17830
Random Forest,3578,0.06713639800044226,830,7180,0.6582077716098335,0.4026920919798093,1261,17830
Random Forest,3579,0.06713585027343938,830,7181,0.6582077716098335,0.40274817722938866,1261,17830
Random Forest,3580,0.06712158744623957,830,7183,0.6582077716098335,0.4028603477285474,1261,17830
Random Forest,3581,0.06711989673973597,830,7184,0.6582077716098335,0.40291643297812674,1261,17830
Random Forest,3582,0.0671186392996732,830,7185,0.6582077716098335,0.40297251822770613,1261,17830
Random Forest,3583,0.06711593679618547,830,7186,0.6582077716098335,0.4030286034772855,1261,17830
Random Forest,3584,0.06710755170603092,830,7188,0.6582077716098335,0.4031407739764442,1261,17830
Random Forest,3585,0.06709377944489371,830,7189,0.6582077716098335,0.40319685922602355,1261,17830
Random Forest,3586,0.067084867887176,830,7190,0.6582077716098335,0.4032529444756029,1261,17830
Random Forest,3587,0.06708229302990917,830,7191,0.6582077716098335,0.4033090297251823,1261,17830
Random Forest,3588,0.06708163146264369,830,7192,0.6582077716098335,0.40336511497476163,1261,17830
Random Forest,3589,0.06708142307189113,830,7193,0.6582077716098335,0.403421200224341,1261,17830
Random Forest,3590,0.06707551527993064,830,7194,0.6582077716098335,0.40347728547392037,1261,17830
Random Forest,3591,0.06706090749330833,830,7195,0.6582077716098335,0.4035333707234997,1261,17830
Random Forest,3592,0.06705924209207222,830,7196,0.6582077716098335,0.4035894559730791,1261,17830
Random Forest,3593,0.06705504687383768,830,7197,0.6582077716098335,0.40364554122265844,1261,17830
Random Forest,3594,0.06705236576894244,830,7198,0.6582077716098335,0.4037016264722378,1261,17830
Random Forest,3595,0.06704876986640544,830,7201,0.6582077716098335,0.40386988222097586,1261,17830
Random Forest,3596,0.06704693649829085,830,7202,0.6582077716098335,0.40392596747055526,1261,17830
Random Forest,3597,0.06704449195223221,830,7203,0.6582077716098335,0.4039820527201346,1261,17830
Random Forest,3598,0.06703962518140334,830,7204,0.6582077716098335,0.40403813796971394,1261,17830
Random Forest,3599,0.06703621118778423,830,7205,0.6582077716098335,0.40409422321929334,1261,17830
Random Forest,3600,0.06703520981733642,830,7208,0.6582077716098335,0.4042624789680314,1261,17830
Random Forest,3601,0.06701322426221859,830,7210,0.6582077716098335,0.40437464946719015,1261,17830
Random Forest,3602,0.06700356318041752,830,7211,0.6582077716098335,0.4044307347167695,1261,17830
Random Forest,3603,0.06700079710771743,830,7212,0.6582077716098335,0.40448681996634883,1261,17830
Random Forest,3604,0.06699431594350043,830,7214,0.6582077716098335,0.40459899046550757,1261,17830
Random Forest,3605,0.06699362397401153,830,7215,0.6582077716098335,0.4046550757150869,1261,17830
Random Forest,3606,0.06699219291204146,830,7216,0.6582077716098335,0.4047111609646663,1261,17830
Random Forest,3607,0.06699188554999973,830,7220,0.6582077716098335,0.4049355019629837,1261,17830
Random Forest,3608,0.06699100762399131,830,7222,0.6582077716098335,0.40504767246214246,1261,17830
Random Forest,3609,0.06698079819715214,830,7223,0.6582077716098335,0.4051037577117218,1261,17830
Random Forest,3610,0.06697903117266951,831,7228,0.6590007930214116,0.4053841839596186,1261,17830
Random Forest,3611,0.06697712530147198,831,7229,0.6590007930214116,0.40544026920919796,1261,17830
Random Forest,3612,0.06697616226154035,831,7230,0.6590007930214116,0.40549635445877735,1261,17830
Random Forest,3613,0.06697454061389779,831,7231,0.6590007930214116,0.4055524397083567,1261,17830
Random Forest,3614,0.06697334661336131,831,7232,0.6590007930214116,0.4056085249579361,1261,17830
Random Forest,3615,0.06696994830569251,831,7233,0.6590007930214116,0.40566461020751543,1261,17830
Random Forest,3616,0.06696850408192567,831,7234,0.6590007930214116,0.40572069545709477,1261,17830
Random Forest,3617,0.0669537347983387,831,7235,0.6590007930214116,0.40577678070667417,1261,17830
Random Forest,3618,0.06694931911167928,831,7236,0.6590007930214116,0.4058328659562535,1261,17830
Random Forest,3619,0.06694435604156565,831,7237,0.6590007930214116,0.40588895120583285,1261,17830
Random Forest,3620,0.06694314718227315,831,7238,0.6590007930214116,0.40594503645541224,1261,17830
Random Forest,3621,0.0669378708335688,832,7239,0.6597938144329897,0.4060011217049916,1261,17830
Random Forest,3622,0.06693511320699688,832,7240,0.6597938144329897,0.4060572069545709,1261,17830
Random Forest,3623,0.06693366639920378,832,7241,0.6597938144329897,0.4061132922041503,1261,17830
Random Forest,3624,0.06693035286935727,832,7242,0.6597938144329897,0.40616937745372966,1261,17830
Random Forest,3625,0.06692914774981842,832,7243,0.6597938144329897,0.406225462703309,1261,17830
Random Forest,3626,0.06692424131642709,832,7244,0.6597938144329897,0.4062815479528884,1261,17830
Random Forest,3627,0.06692217998421926,832,7246,0.6597938144329897,0.40639371845204714,1261,17830
Random Forest,3628,0.06692203466848673,832,7247,0.6597938144329897,0.4064498037016265,1261,17830
Random Forest,3629,0.0669219537684866,832,7248,0.6597938144329897,0.4065058889512058,1261,17830
Random Forest,3630,0.06691757262026625,832,7249,0.6597938144329897,0.4065619742007852,1261,17830
Random Forest,3631,0.06691702568502561,833,7264,0.6605868358445678,0.4074032529444756,1261,17830
Random Forest,3632,0.06691414833015805,833,7265,0.6605868358445678,0.40745933819405494,1261,17830
Random Forest,3633,0.06691357555883838,833,7266,0.6605868358445678,0.40751542344363434,1261,17830
Random Forest,3634,0.06690360495111532,833,7267,0.6605868358445678,0.4075715086932137,1261,17830
Random Forest,3635,0.06689317749547351,833,7268,0.6605868358445678,0.407627593942793,1261,17830
Random Forest,3636,0.0668812795816838,833,7269,0.6605868358445678,0.4076836791923724,1261,17830
Random Forest,3637,0.06687170389420286,833,7270,0.6605868358445678,0.40773976444195176,1261,17830
Random Forest,3638,0.06686667061785108,833,7271,0.6605868358445678,0.40779584969153115,1261,17830
Random Forest,3639,0.06686515082560628,833,7272,0.6605868358445678,0.4078519349411105,1261,17830
Random Forest,3640,0.06686507559801935,833,7275,0.6605868358445678,0.40802019068984857,1261,17830
Random Forest,3641,0.06686454238700258,833,7276,0.6605868358445678,0.4080762759394279,1261,17830
Random Forest,3642,0.06686348899607066,834,7276,0.6613798572561459,0.4080762759394279,1261,17830
Random Forest,3643,0.06685878950649347,834,7277,0.6613798572561459,0.4081323611890073,1261,17830
Random Forest,3644,0.06685383539236342,834,7278,0.6613798572561459,0.40818844643858665,1261,17830
Random Forest,3645,0.06684803621951345,834,7279,0.6613798572561459,0.408244531688166,1261,17830
Random Forest,3646,0.06684773394615794,834,7280,0.6613798572561459,0.4083006169377454,1261,17830
Random Forest,3647,0.06684746966189466,834,7281,0.6613798572561459,0.4083567021873247,1261,17830
Random Forest,3648,0.06684068406202752,844,7320,0.669310071371927,0.4105440269209198,1261,17830
Random Forest,3649,0.06683917790227628,844,7322,0.669310071371927,0.41065619742007853,1261,17830
Random Forest,3650,0.06683221068790936,844,7323,0.669310071371927,0.41071228266965787,1261,17830
Random Forest,3651,0.0668220174113108,844,7324,0.669310071371927,0.41076836791923726,1261,17830
Random Forest,3652,0.06682003686710036,844,7325,0.669310071371927,0.4108244531688166,1261,17830
Random Forest,3653,0.066817594529627,845,7325,0.6701030927835051,0.4108244531688166,1261,17830
Random Forest,3654,0.06681620933590199,845,7326,0.6701030927835051,0.41088053841839595,1261,17830
Random Forest,3655,0.06681404673162468,845,7327,0.6701030927835051,0.41093662366797534,1261,17830
Random Forest,3656,0.06681245605046915,845,7328,0.6701030927835051,0.4109927089175547,1261,17830
Random Forest,3657,0.06680962912279473,845,7329,0.6701030927835051,0.411048794167134,1261,17830
Random Forest,3658,0.06680236822715896,845,7330,0.6701030927835051,0.4111048794167134,1261,17830
Random Forest,3659,0.06679515282822521,845,7331,0.6701030927835051,0.41116096466629276,1261,17830
Random Forest,3660,0.06679289376598962,845,7332,0.6701030927835051,0.4112170499158721,1261,17830
Random Forest,3661,0.06678281189526887,846,7332,0.6708961141950832,0.4112170499158721,1261,17830
Random Forest,3662,0.0667813178995514,846,7333,0.6708961141950832,0.4112731351654515,1261,17830
Random Forest,3663,0.06677859417263855,846,7334,0.6708961141950832,0.41132922041503084,1261,17830
Random Forest,3664,0.066772063405812,846,7335,0.6708961141950832,0.41138530566461023,1261,17830
Random Forest,3665,0.06677060478460904,846,7338,0.6708961141950832,0.4115535614133483,1261,17830
Random Forest,3666,0.06677017133040687,846,7340,0.6708961141950832,0.411665731912507,1261,17830
Random Forest,3667,0.06676869145586976,846,7341,0.6708961141950832,0.4117218171620864,1261,17830
Random Forest,3668,0.06676727873939571,847,7348,0.6716891356066613,0.4121144139091419,1261,17830
Random Forest,3669,0.06676694528312645,847,7349,0.6716891356066613,0.4121704991587213,1261,17830
Random Forest,3670,0.0667663495368503,847,7350,0.6716891356066613,0.4122265844083006,1261,17830
Random Forest,3671,0.06675816352970493,848,7351,0.6724821570182395,0.41228266965787996,1261,17830
Random Forest,3672,0.06674802375294474,848,7353,0.6724821570182395,0.4123948401570387,1261,17830
Random Forest,3673,0.06673638286515321,848,7355,0.6724821570182395,0.41250701065619744,1261,17830
Random Forest,3674,0.06673200628145519,849,7355,0.6732751784298177,0.41250701065619744,1261,17830
Random Forest,3675,0.06672874872514752,849,7362,0.6732751784298177,0.41289960740325293,1261,17830
Random Forest,3676,0.06672744341401479,849,7363,0.6732751784298177,0.41295569265283233,1261,17830
Random Forest,3677,0.06671798178493087,849,7365,0.6732751784298177,0.413067863151991,1261,17830
Random Forest,3678,0.06671591179309984,849,7366,0.6732751784298177,0.4131239484015704,1261,17830
Random Forest,3679,0.06670635336837401,849,7367,0.6732751784298177,0.41318003365114975,1261,17830
Random Forest,3680,0.06670021973093458,849,7368,0.6732751784298177,0.4132361189007291,1261,17830
Random Forest,3681,0.0666774143574798,849,7369,0.6732751784298177,0.4132922041503085,1261,17830
Random Forest,3682,0.06667396294595015,849,7378,0.6732751784298177,0.4137969713965227,1261,17830
Random Forest,3683,0.0666691828618554,849,7379,0.6732751784298177,0.41385305664610206,1261,17830
Random Forest,3684,0.0666646747550143,849,7380,0.6732751784298177,0.41390914189568145,1261,17830
Random Forest,3685,0.06666068097838124,849,7381,0.6732751784298177,0.4139652271452608,1261,17830
Random Forest,3686,0.06665599642190612,849,7382,0.6732751784298177,0.41402131239484014,1261,17830
Random Forest,3687,0.06665400719264178,849,7383,0.6732751784298177,0.41407739764441953,1261,17830
Random Forest,3688,0.06664891345992974,849,7384,0.6732751784298177,0.41413348289399887,1261,17830
Random Forest,3689,0.06663947295987976,849,7385,0.6732751784298177,0.4141895681435782,1261,17830
Random Forest,3690,0.06663943775903652,849,7386,0.6732751784298177,0.4142456533931576,1261,17830
Random Forest,3691,0.06663583854012822,849,7387,0.6732751784298177,0.41430173864273695,1261,17830
Random Forest,3692,0.06663129690724308,849,7389,0.6732751784298177,0.4144139091418957,1261,17830
Random Forest,3693,0.06662500276191481,849,7391,0.6732751784298177,0.4145260796410544,1261,17830
Random Forest,3694,0.06662493545200601,849,7395,0.6732751784298177,0.41475042063937184,1261,17830
Random Forest,3695,0.06661887245683126,849,7396,0.6732751784298177,0.4148065058889512,1261,17830
Random Forest,3696,0.06661144700413639,849,7400,0.6732751784298177,0.41503084688726866,1261,17830
Random Forest,3697,0.06660862366585192,849,7401,0.6732751784298177,0.415086932136848,1261,17830
Random Forest,3698,0.06658001547845588,849,7402,0.6732751784298177,0.4151430173864274,1261,17830
Random Forest,3699,0.06656869260642902,849,7403,0.6732751784298177,0.41519910263600673,1261,17830
Random Forest,3700,0.06656721089656954,849,7404,0.6732751784298177,0.4152551878855861,1261,17830
Random Forest,3701,0.06656380903263713,849,7405,0.6732751784298177,0.41531127313516547,1261,17830
Random Forest,3702,0.06655344101547597,849,7406,0.6732751784298177,0.4153673583847448,1261,17830
Random Forest,3703,0.06655242139102076,849,7407,0.6732751784298177,0.41542344363432415,1261,17830
Random Forest,3704,0.06654687270020475,849,7408,0.6732751784298177,0.41547952888390355,1261,17830
Random Forest,3705,0.06654649062270349,849,7413,0.6732751784298177,0.41575995513180036,1261,17830
Random Forest,3706,0.06654452057196324,849,7414,0.6732751784298177,0.4158160403813797,1261,17830
Random Forest,3707,0.06654407143785164,850,7416,0.6740681998413958,0.41592821088053844,1261,17830
Random Forest,3708,0.06653638118088337,850,7417,0.6740681998413958,0.4159842961301178,1261,17830
Random Forest,3709,0.06653635879338143,850,7418,0.6740681998413958,0.4160403813796971,1261,17830
Random Forest,3710,0.0665332097584092,850,7419,0.6740681998413958,0.4160964666292765,1261,17830
Random Forest,3711,0.06652191408655991,851,7419,0.6748612212529739,0.4160964666292765,1261,17830
Random Forest,3712,0.06651974893208891,851,7420,0.6748612212529739,0.41615255187885586,1261,17830
Random Forest,3713,0.0665150482016061,851,7421,0.6748612212529739,0.4162086371284352,1261,17830
Random Forest,3714,0.06650456170932437,851,7434,0.6748612212529739,0.4169377453729669,1261,17830
Random Forest,3715,0.06650276922356407,851,7435,0.6748612212529739,0.41699383062254625,1261,17830
Random Forest,3716,0.06650170627697323,851,7436,0.6748612212529739,0.41704991587212564,1261,17830
Random Forest,3717,0.06650105311487702,851,7437,0.6748612212529739,0.417106001121705,1261,17830
Random Forest,3718,0.06649770475580874,851,7438,0.6748612212529739,0.4171620863712844,1261,17830
Random Forest,3719,0.06648825444417135,852,7438,0.675654242664552,0.4171620863712844,1261,17830
Random Forest,3720,0.06648266769463636,852,7439,0.675654242664552,0.4172181716208637,1261,17830
Random Forest,3721,0.06647935991418985,852,7441,0.675654242664552,0.41733034212002246,1261,17830
Random Forest,3722,0.06647570453631113,852,7446,0.675654242664552,0.4176107683679192,1261,17830
Random Forest,3723,0.06647313018364384,852,7447,0.675654242664552,0.4176668536174986,1261,17830
Random Forest,3724,0.06646268586352302,852,7448,0.675654242664552,0.41772293886707795,1261,17830
Random Forest,3725,0.0664626085588887,852,7449,0.675654242664552,0.4177790241166573,1261,17830
Random Forest,3726,0.06646168603041254,852,7450,0.675654242664552,0.4178351093662367,1261,17830
Random Forest,3727,0.06646095445326451,854,7454,0.6772402854877082,0.4180594503645541,1261,17830
Random Forest,3728,0.06645054403947169,854,7455,0.6772402854877082,0.4181155356141335,1261,17830
Random Forest,3729,0.06644389250588574,854,7458,0.6772402854877082,0.4182837913628716,1261,17830
Random Forest,3730,0.06644035985433465,854,7459,0.6772402854877082,0.4183398766124509,1261,17830
Random Forest,3731,0.06643734050413108,854,7460,0.6772402854877082,0.41839596186203026,1261,17830
Random Forest,3732,0.06643248657512509,854,7461,0.6772402854877082,0.41845204711160966,1261,17830
Random Forest,3733,0.06643070067506839,854,7462,0.6772402854877082,0.418508132361189,1261,17830
Random Forest,3734,0.0664283243817199,854,7463,0.6772402854877082,0.41856421761076834,1261,17830
Random Forest,3735,0.06642511124843833,855,7463,0.6780333068992863,0.41856421761076834,1261,17830
Random Forest,3736,0.06642341346281168,855,7467,0.6780333068992863,0.4187885586090858,1261,17830
Random Forest,3737,0.06640448302147953,855,7470,0.6780333068992863,0.4189568143578239,1261,17830
Random Forest,3738,0.06640095083218299,856,7470,0.6788263283108644,0.4189568143578239,1261,17830
Random Forest,3739,0.06639596101797159,856,7471,0.6788263283108644,0.41901289960740323,1261,17830
Random Forest,3740,0.06639585294100132,856,7472,0.6788263283108644,0.41906898485698263,1261,17830
Random Forest,3741,0.06639421027606654,856,7473,0.6788263283108644,0.41912507010656197,1261,17830
Random Forest,3742,0.06638949776090475,856,7474,0.6788263283108644,0.4191811553561413,1261,17830
Random Forest,3743,0.06638802985030104,856,7475,0.6788263283108644,0.4192372406057207,1261,17830
Random Forest,3744,0.06638637757701356,859,7654,0.6812053925455988,0.42927650028042624,1261,17830
Random Forest,3745,0.06638432775268899,860,7655,0.6819984139571769,0.4293325855300056,1261,17830
Random Forest,3746,0.06637295684310326,861,7659,0.682791435368755,0.42955692652832306,1261,17830
Random Forest,3747,0.06637156011786453,861,7660,0.682791435368755,0.4296130117779024,1261,17830
Random Forest,3748,0.06637122666159527,861,7662,0.682791435368755,0.42972518227706114,1261,17830
Random Forest,3749,0.06636643246631758,861,7667,0.682791435368755,0.43000560852495795,1261,17830
Random Forest,3750,0.06636588702898492,861,7668,0.682791435368755,0.4300616937745373,1261,17830
Random Forest,3751,0.06635752090859987,861,7669,0.682791435368755,0.43011777902411663,1261,17830
Random Forest,3752,0.06635618263555107,861,7670,0.682791435368755,0.430173864273696,1261,17830
Random Forest,3753,0.06635583618403786,861,7673,0.682791435368755,0.4303421200224341,1261,17830
Random Forest,3754,0.06635494605133302,861,7678,0.682791435368755,0.4306225462703309,1261,17830
Random Forest,3755,0.06635353078213575,861,7679,0.682791435368755,0.43067863151991026,1261,17830
Random Forest,3756,0.06635183420718571,861,7680,0.682791435368755,0.4307347167694896,1261,17830
Random Forest,3757,0.06633534204454362,861,7685,0.682791435368755,0.4310151430173864,1261,17830
Random Forest,3758,0.06633450271759424,861,7686,0.682791435368755,0.4310712282669658,1261,17830
Random Forest,3759,0.0663323599071609,861,7687,0.682791435368755,0.43112731351654515,1261,17830
Random Forest,3760,0.06632825473352198,861,7688,0.682791435368755,0.4311833987661245,1261,17830
Random Forest,3761,0.06632814139848144,867,7742,0.6875495638382236,0.43421200224341,1261,17830
Random Forest,3762,0.0663259991060666,867,7743,0.6875495638382236,0.43426808749298934,1261,17830
Random Forest,3763,0.06632350363023566,867,7744,0.6875495638382236,0.4343241727425687,1261,17830
Random Forest,3764,0.06632161426458202,867,7745,0.6875495638382236,0.4343802579921481,1261,17830
Random Forest,3765,0.06632138191064055,868,7745,0.6883425852498017,0.4343802579921481,1261,17830
Random Forest,3766,0.06631994333414112,868,7746,0.6883425852498017,0.4344363432417274,1261,17830
Random Forest,3767,0.06631733473558042,868,7747,0.6883425852498017,0.43449242849130676,1261,17830
Random Forest,3768,0.06631152320183009,869,7747,0.6891356066613799,0.43449242849130676,1261,17830
Random Forest,3769,0.06630986969106441,870,7752,0.689928628072958,0.4347728547392036,1261,17830
Random Forest,3770,0.06628961100288827,870,7753,0.689928628072958,0.43482893998878297,1261,17830
Random Forest,3771,0.06628179212242132,870,7754,0.689928628072958,0.4348850252383623,1261,17830
Random Forest,3772,0.06627975188330343,870,7755,0.689928628072958,0.43494111048794165,1261,17830
Random Forest,3773,0.06627345012914129,871,7763,0.6907216494845361,0.43538979248457654,1261,17830
Random Forest,3774,0.06626668848562658,871,7764,0.6907216494845361,0.43544587773415594,1261,17830
Random Forest,3775,0.06626453857142357,871,7768,0.6907216494845361,0.43567021873247336,1261,17830
Random Forest,3776,0.06624794606462651,873,7782,0.6923076923076923,0.4364554122265844,1261,17830
Random Forest,3777,0.06623163532244175,873,7783,0.6923076923076923,0.43651149747616375,1261,17830
Random Forest,3778,0.06623005079376229,873,7784,0.6923076923076923,0.43656758272574314,1261,17830
Random Forest,3779,0.06621652830667189,873,7785,0.6923076923076923,0.4366236679753225,1261,17830
Random Forest,3780,0.06621490075046871,873,7786,0.6923076923076923,0.4366797532249018,1261,17830
Random Forest,3781,0.06621438519244617,873,7787,0.6923076923076923,0.4367358384744812,1261,17830
Random Forest,3782,0.06621056627831362,873,7788,0.6923076923076923,0.43679192372406056,1261,17830
Random Forest,3783,0.06620513159152822,873,7789,0.6923076923076923,0.43684800897363996,1261,17830
Random Forest,3784,0.06620316780710207,873,7790,0.6923076923076923,0.4369040942232193,1261,17830
Random Forest,3785,0.06620077034194488,873,7793,0.6923076923076923,0.4370723499719574,1261,17830
Random Forest,3786,0.0661967630047396,873,7794,0.6923076923076923,0.4371284352215367,1261,17830
Random Forest,3787,0.0661867652514535,873,7798,0.6923076923076923,0.4373527762198542,1261,17830
Random Forest,3788,0.06618600393847242,873,7799,0.6923076923076923,0.43740886146943353,1261,17830
Random Forest,3789,0.06616256468854691,873,7800,0.6923076923076923,0.4374649467190129,1261,17830
Random Forest,3790,0.06614838079203526,874,7801,0.6931007137192704,0.43752103196859227,1261,17830
Random Forest,3791,0.06614633607347477,874,7803,0.6931007137192704,0.437633202467751,1261,17830
Random Forest,3792,0.06614409170045825,874,7804,0.6931007137192704,0.43768928771733034,1261,17830
Random Forest,3793,0.06612885090765883,874,7805,0.6931007137192704,0.4377453729669097,1261,17830
Random Forest,3794,0.0661263818067095,874,7806,0.6931007137192704,0.4378014582164891,1261,17830
Random Forest,3795,0.06610878965102446,874,7807,0.6931007137192704,0.4378575434660684,1261,17830
Random Forest,3796,0.06610378066756332,874,7811,0.6931007137192704,0.43808188446438584,1261,17830
Random Forest,3797,0.06610204366248311,874,7814,0.6931007137192704,0.438250140213124,1261,17830
Random Forest,3798,0.06610075360411963,874,7815,0.6931007137192704,0.4383062254627033,1261,17830
Random Forest,3799,0.06609953978206207,878,7821,0.6962727993655828,0.43864273696017947,1261,17830
Random Forest,3800,0.06609834476184528,878,7822,0.6962727993655828,0.4386988222097588,1261,17830
Random Forest,3801,0.06609072822924024,880,7823,0.6978588421887391,0.4387549074593382,1261,17830
Random Forest,3802,0.06608063263317329,880,7824,0.6978588421887391,0.43881099270891755,1261,17830
Random Forest,3803,0.06607381261251712,880,7825,0.6978588421887391,0.43886707795849694,1261,17830
Random Forest,3804,0.06607133586681044,880,7826,0.6978588421887391,0.4389231632080763,1261,17830
Random Forest,3805,0.06606646895206762,880,7827,0.6978588421887391,0.4389792484576556,1261,17830
Random Forest,3806,0.06606074171659214,880,7828,0.6978588421887391,0.439035333707235,1261,17830
Random Forest,3807,0.0660513719195989,880,7829,0.6978588421887391,0.43909141895681436,1261,17830
Random Forest,3808,0.0660506098872701,880,7831,0.6978588421887391,0.4392035894559731,1261,17830
Random Forest,3809,0.06605048582528186,880,7832,0.6978588421887391,0.43925967470555244,1261,17830
Random Forest,3810,0.0660460651846199,880,7833,0.6978588421887391,0.4393157599551318,1261,17830
Random Forest,3811,0.066045292724053,880,7835,0.6978588421887391,0.4394279304542905,1261,17830
Random Forest,3812,0.06604421307125016,880,7836,0.6978588421887391,0.43948401570386986,1261,17830
Random Forest,3813,0.06604022884385925,880,7838,0.6978588421887391,0.4395961862030286,1261,17830
Random Forest,3814,0.06603394795915739,880,7839,0.6978588421887391,0.439652271452608,1261,17830
Random Forest,3815,0.06603099084846596,881,7839,0.6986518636003172,0.439652271452608,1261,17830
Random Forest,3816,0.06602841975439842,881,7840,0.6986518636003172,0.43970835670218733,1261,17830
Random Forest,3817,0.06602177328300869,881,7842,0.6986518636003172,0.43982052720134607,1261,17830
Random Forest,3818,0.06601986754496872,881,7843,0.6986518636003172,0.4398766124509254,1261,17830
Random Forest,3819,0.06601808174738544,881,7844,0.6986518636003172,0.43993269770050475,1261,17830
Random Forest,3820,0.06601592721026064,881,7845,0.6986518636003172,0.43998878295008415,1261,17830
Random Forest,3821,0.06599060551871366,881,7846,0.6986518636003172,0.4400448681996635,1261,17830
Random Forest,3822,0.06598616901927881,881,7847,0.6986518636003172,0.4401009534492428,1261,17830
Random Forest,3823,0.06598486043380412,881,7848,0.6986518636003172,0.4401570386988222,1261,17830
Random Forest,3824,0.06598440009359405,882,7851,0.6994448850118953,0.4403252944475603,1261,17830
Random Forest,3825,0.0659742772995818,882,7852,0.6994448850118953,0.44038137969713964,1261,17830
Random Forest,3826,0.06597199307881206,882,7853,0.6994448850118953,0.44043746494671904,1261,17830
Random Forest,3827,0.06597090572110484,882,7854,0.6994448850118953,0.4404935501962984,1261,17830
Random Forest,3828,0.06594520978027162,882,7858,0.6994448850118953,0.4407178911946158,1261,17830
Random Forest,3829,0.06594381781160648,882,7859,0.6994448850118953,0.4407739764441952,1261,17830
Random Forest,3830,0.06594366689342128,882,7861,0.6994448850118953,0.4408861469433539,1261,17830
Random Forest,3831,0.06593732777643814,882,7862,0.6994448850118953,0.44094223219293327,1261,17830
Random Forest,3832,0.06593389430622004,882,7863,0.6994448850118953,0.4409983174425126,1261,17830
Random Forest,3833,0.06593024021291989,882,7864,0.6994448850118953,0.441054402692092,1261,17830
Random Forest,3834,0.06591754949323088,882,7865,0.6994448850118953,0.44111048794167135,1261,17830
Random Forest,3835,0.06591638908583754,882,7868,0.6994448850118953,0.4412787436904094,1261,17830
Random Forest,3836,0.06591275073569504,883,7869,0.7002379064234734,0.44133482893998877,1261,17830
Random Forest,3837,0.06591212598130361,884,7869,0.7010309278350515,0.44133482893998877,1261,17830
Random Forest,3838,0.06590852614690423,884,7874,0.7010309278350515,0.4416152551878856,1261,17830
Random Forest,3839,0.06590282265190237,885,7874,0.7018239492466296,0.4416152551878856,1261,17830
Random Forest,3840,0.06590130345947753,885,7875,0.7018239492466296,0.4416713404374649,1261,17830
Random Forest,3841,0.06589187809662785,885,7878,0.7018239492466296,0.44183959618620305,1261,17830
Random Forest,3842,0.06589157230179403,885,7879,0.7018239492466296,0.4418956814357824,1261,17830
Random Forest,3843,0.06588683036803679,885,7880,0.7018239492466296,0.44195176668536174,1261,17830
Random Forest,3844,0.06588013812287359,885,7881,0.7018239492466296,0.44200785193494113,1261,17830
Random Forest,3845,0.06587755805932917,885,7882,0.7018239492466296,0.4420639371845205,1261,17830
Random Forest,3846,0.06587739539809882,885,7883,0.7018239492466296,0.4421200224340998,1261,17830
Random Forest,3847,0.06587383491346746,888,7910,0.704203013481364,0.44363432417274257,1261,17830
Random Forest,3848,0.06587287149885944,888,7911,0.704203013481364,0.4436904094223219,1261,17830
Random Forest,3849,0.06587280660459198,888,7912,0.704203013481364,0.4437464946719013,1261,17830
Random Forest,3850,0.06586545875355815,888,7913,0.704203013481364,0.44380257992148064,1261,17830
Random Forest,3851,0.06585222744309534,889,7914,0.7049960348929422,0.44385866517106,1261,17830
Random Forest,3852,0.06584843028398514,889,7915,0.7049960348929422,0.4439147504206394,1261,17830
Random Forest,3853,0.06584661100104955,889,7916,0.7049960348929422,0.4439708356702187,1261,17830
Random Forest,3854,0.06584606033918222,889,7917,0.7049960348929422,0.4440269209197981,1261,17830
Random Forest,3855,0.06584372474617158,889,7918,0.7049960348929422,0.44408300616937746,1261,17830
Random Forest,3856,0.0658391998327701,889,7919,0.7049960348929422,0.4441390914189568,1261,17830
Random Forest,3857,0.06583851999040624,889,7920,0.7049960348929422,0.4441951766685362,1261,17830
Random Forest,3858,0.06583285706029865,889,7921,0.7049960348929422,0.44425126191811554,1261,17830
Random Forest,3859,0.065822156829837,889,7922,0.7049960348929422,0.4443073471676949,1261,17830
Random Forest,3860,0.06581914364412732,889,7934,0.7049960348929422,0.44498037016264724,1261,17830
Random Forest,3861,0.06580567968991836,889,7935,0.7049960348929422,0.4450364554122266,1261,17830
Random Forest,3862,0.06580134668771906,889,7936,0.7049960348929422,0.4450925406618059,1261,17830
Random Forest,3863,0.06580061065937193,889,7937,0.7049960348929422,0.4451486259113853,1261,17830
Random Forest,3864,0.06579034201459341,892,7939,0.7073750991276765,0.445260796410544,1261,17830
Random Forest,3865,0.06578617896747606,892,7940,0.7073750991276765,0.4453168816601234,1261,17830
Random Forest,3866,0.06578441306092256,892,7943,0.7073750991276765,0.4454851374088615,1261,17830
Random Forest,3867,0.06578299983006333,892,7945,0.7073750991276765,0.4455973079080202,1261,17830
Random Forest,3868,0.06578185764845332,892,7946,0.7073750991276765,0.44565339315759955,1261,17830
Random Forest,3869,0.06578113951065594,901,7990,0.7145122918318795,0.44812114413909143,1261,17830
Random Forest,3870,0.06577886877249811,901,7991,0.7145122918318795,0.4481772293886708,1261,17830
Random Forest,3871,0.06577775607499012,901,7992,0.7145122918318795,0.4482333146382501,1261,17830
Random Forest,3872,0.06577462979754614,901,7993,0.7145122918318795,0.4482893998878295,1261,17830
Random Forest,3873,0.06577199665088232,901,7995,0.7145122918318795,0.44840157038698825,1261,17830
Random Forest,3874,0.06576878676304866,901,7996,0.7145122918318795,0.4484576556365676,1261,17830
Random Forest,3875,0.06576371897142662,901,7997,0.7145122918318795,0.4485137408861469,1261,17830
Random Forest,3876,0.06576090746559521,902,7998,0.7153053132434576,0.4485698261357263,1261,17830
Random Forest,3877,0.06576089189770737,902,7999,0.7153053132434576,0.44862591138530566,1261,17830
Random Forest,3878,0.06575307800200594,902,8000,0.7153053132434576,0.448681996634885,1261,17830
Random Forest,3879,0.06574916148577545,902,8001,0.7153053132434576,0.4487380818844644,1261,17830
Random Forest,3880,0.06574691578272086,903,8006,0.7160983346550357,0.4490185081323612,1261,17830
Random Forest,3881,0.06572104689086812,903,8007,0.7160983346550357,0.44907459338194056,1261,17830
Random Forest,3882,0.06571877135528756,903,8008,0.7160983346550357,0.4491306786315199,1261,17830
Random Forest,3883,0.06571427906010957,903,8009,0.7160983346550357,0.4491867638810993,1261,17830
Random Forest,3884,0.06570018440267861,903,8010,0.7160983346550357,0.44924284913067863,1261,17830
Random Forest,3885,0.06568762231581776,903,8011,0.7160983346550357,0.449298934380258,1261,17830
Random Forest,3886,0.06568527025637781,903,8017,0.7160983346550357,0.44963544587773413,1261,17830
Random Forest,3887,0.06567897329204116,903,8019,0.7160983346550357,0.44974761637689287,1261,17830
Random Forest,3888,0.06567125812245747,903,8020,0.7160983346550357,0.44980370162647226,1261,17830
Random Forest,3889,0.06567020959594314,903,8021,0.7160983346550357,0.4498597868760516,1261,17830
Random Forest,3890,0.06566487533255137,903,8022,0.7160983346550357,0.44991587212563094,1261,17830
Random Forest,3891,0.06565750350748858,903,8023,0.7160983346550357,0.44997195737521034,1261,17830
Random Forest,3892,0.06565393344554458,903,8029,0.7160983346550357,0.4503084688726865,1261,17830
Random Forest,3893,0.06564316702013887,903,8031,0.7160983346550357,0.4504206393718452,1261,17830
Random Forest,3894,0.06564241916222534,903,8032,0.7160983346550357,0.4504767246214246,1261,17830
Random Forest,3895,0.06564041720294478,903,8033,0.7160983346550357,0.4505328098710039,1261,17830
Random Forest,3896,0.06563957357031681,904,8033,0.7168913560666138,0.4505328098710039,1261,17830
Random Forest,3897,0.06563917354052237,904,8034,0.7168913560666138,0.4505888951205833,1261,17830
Random Forest,3898,0.06563637028133193,904,8036,0.7168913560666138,0.450701065619742,1261,17830
Random Forest,3899,0.06563414558114519,904,8037,0.7168913560666138,0.4507571508693214,1261,17830
Random Forest,3900,0.06563221234044915,904,8038,0.7168913560666138,0.45081323611890073,1261,17830
Random Forest,3901,0.06562904811726608,904,8040,0.7168913560666138,0.45092540661805947,1261,17830
Random Forest,3902,0.06562568890295878,904,8043,0.7168913560666138,0.45109366236679754,1261,17830
Random Forest,3903,0.06562365397691386,904,8044,0.7168913560666138,0.4511497476163769,1261,17830
Random Forest,3904,0.0656169774318559,904,8045,0.7168913560666138,0.4512058328659563,1261,17830
Random Forest,3905,0.06561319552100456,904,8046,0.7168913560666138,0.4512619181155356,1261,17830
Random Forest,3906,0.06560334362136991,904,8047,0.7168913560666138,0.45131800336511496,1261,17830
Random Forest,3907,0.06559719883810979,904,8048,0.7168913560666138,0.45137408861469436,1261,17830
Random Forest,3908,0.06559693205533496,904,8049,0.7168913560666138,0.4514301738642737,1261,17830
Random Forest,3909,0.06559603972960212,904,8050,0.7168913560666138,0.45148625911385304,1261,17830
Random Forest,3910,0.06559262752199449,904,8053,0.7168913560666138,0.4516545148625911,1261,17830
Random Forest,3911,0.06559222665172854,904,8054,0.7168913560666138,0.4517106001121705,1261,17830
Random Forest,3912,0.06559124426401887,905,8054,0.7176843774781919,0.4517106001121705,1261,17830
Random Forest,3913,0.0655883627278116,905,8055,0.7176843774781919,0.45176668536174985,1261,17830
Random Forest,3914,0.06558318286575096,905,8056,0.7176843774781919,0.4518227706113292,1261,17830
Random Forest,3915,0.06557648786417723,905,8057,0.7176843774781919,0.4518788558609086,1261,17830
Random Forest,3916,0.06557313255955127,906,8062,0.71847739888977,0.4521592821088054,1261,17830
Random Forest,3917,0.06557139555447104,906,8067,0.71847739888977,0.45243970835670216,1261,17830
Random Forest,3918,0.06556356387023925,906,8068,0.71847739888977,0.45249579360628156,1261,17830
Random Forest,3919,0.06556165119284553,906,8069,0.71847739888977,0.4525518788558609,1261,17830
Random Forest,3920,0.06555895338756572,906,8070,0.71847739888977,0.4526079641054403,1261,17830
Random Forest,3921,0.06555874196243017,906,8071,0.71847739888977,0.45266404935501964,1261,17830
Random Forest,3922,0.06555114075331019,906,8072,0.71847739888977,0.452720134604599,1261,17830
Random Forest,3923,0.06554672147928638,906,8076,0.71847739888977,0.45294447560291645,1261,17830
Random Forest,3924,0.06554493159058597,906,8077,0.71847739888977,0.4530005608524958,1261,17830
Random Forest,3925,0.06554379380303582,906,8078,0.71847739888977,0.45305664610207513,1261,17830
Random Forest,3926,0.06554338794415565,906,8079,0.71847739888977,0.45311273135165453,1261,17830
Random Forest,3927,0.06554316450450505,906,8080,0.71847739888977,0.45316881660123387,1261,17830
Random Forest,3928,0.06553009360858007,906,8103,0.71847739888977,0.45445877734155915,1261,17830
Random Forest,3929,0.06552673250985072,906,8104,0.71847739888977,0.45451486259113855,1261,17830
Random Forest,3930,0.06552542554060943,906,8105,0.71847739888977,0.4545709478407179,1261,17830
Random Forest,3931,0.06552437789971824,906,8107,0.71847739888977,0.4546831183398766,1261,17830
Random Forest,3932,0.06552205972560551,906,8108,0.71847739888977,0.45473920358945596,1261,17830
Random Forest,3933,0.06551793164821886,906,8109,0.71847739888977,0.45479528883903536,1261,17830
Random Forest,3934,0.06550385496634645,906,8112,0.71847739888977,0.45496354458777344,1261,17830
Random Forest,3935,0.06550150055335875,907,8112,0.7192704203013481,0.45496354458777344,1261,17830
Random Forest,3936,0.06550127843249477,907,8113,0.7192704203013481,0.4550196298373528,1261,17830
Random Forest,3937,0.06550067812448204,907,8117,0.7192704203013481,0.4552439708356702,1261,17830
Random Forest,3938,0.06549402534520458,907,8118,0.7192704203013481,0.4553000560852496,1261,17830
Random Forest,3939,0.06549108309335935,907,8119,0.7192704203013481,0.45535614133482893,1261,17830
Random Forest,3940,0.06548210874938445,907,8120,0.7192704203013481,0.4554122265844083,1261,17830
Random Forest,3941,0.06548130774168534,908,8121,0.7200634417129262,0.45546831183398767,1261,17830
Random Forest,3942,0.06547554631620614,908,8122,0.7200634417129262,0.455524397083567,1261,17830
Random Forest,3943,0.06547185743004795,909,8139,0.7208564631245044,0.45647784632641614,1261,17830
Random Forest,3944,0.06547019600656612,909,8142,0.7208564631245044,0.4566461020751542,1261,17830
Random Forest,3945,0.0654684871713593,909,8143,0.7208564631245044,0.4567021873247336,1261,17830
Random Forest,3946,0.06546836348552545,909,8144,0.7208564631245044,0.45675827257431295,1261,17830
Random Forest,3947,0.06546821907990547,909,8146,0.7208564631245044,0.4568704430734717,1261,17830
Random Forest,3948,0.06546172367338918,909,8147,0.7208564631245044,0.45692652832305103,1261,17830
Random Forest,3949,0.06545590853218128,909,8148,0.7208564631245044,0.4569826135726304,1261,17830
Random Forest,3950,0.0654515788703268,909,8152,0.7208564631245044,0.45720695457094784,1261,17830
Random Forest,3951,0.06544958793301979,910,8152,0.7216494845360825,0.45720695457094784,1261,17830
Random Forest,3952,0.06544749258973177,910,8154,0.7216494845360825,0.4573191250701066,1261,17830
Random Forest,3953,0.06544725870662592,910,8155,0.7216494845360825,0.4573752103196859,1261,17830
Random Forest,3954,0.06544590967987395,910,8157,0.7216494845360825,0.45748738081884466,1261,17830
Random Forest,3955,0.0654441980941138,910,8159,0.7216494845360825,0.45759955131800334,1261,17830
Random Forest,3956,0.06544207081779202,910,8160,0.7216494845360825,0.45765563656758274,1261,17830
Random Forest,3957,0.06543514122066356,910,8161,0.7216494845360825,0.4577117218171621,1261,17830
Random Forest,3958,0.06543028560189706,910,8162,0.7216494845360825,0.4577678070667415,1261,17830
Random Forest,3959,0.0654285003672406,910,8163,0.7216494845360825,0.4578238923163208,1261,17830
Random Forest,3960,0.06542637707519226,910,8165,0.7216494845360825,0.45793606281547955,1261,17830
Random Forest,3961,0.06540915126027282,910,8166,0.7216494845360825,0.4579921480650589,1261,17830
Random Forest,3962,0.06540769578730575,910,8169,0.7216494845360825,0.45816040381379697,1261,17830
Random Forest,3963,0.0654061291905165,910,8170,0.7216494845360825,0.4582164890633763,1261,17830
Random Forest,3964,0.06540020807214894,910,8172,0.7216494845360825,0.45832865956253505,1261,17830
Random Forest,3965,0.06539569992037682,910,8173,0.7216494845360825,0.4583847448121144,1261,17830
Random Forest,3966,0.06538825918369219,910,8174,0.7216494845360825,0.4584408300616938,1261,17830
Random Forest,3967,0.06537795449307422,910,8175,0.7216494845360825,0.4584969153112731,1261,17830
Random Forest,3968,0.06537753732982685,910,8178,0.7216494845360825,0.4586651710600112,1261,17830
Random Forest,3969,0.0653755222157349,910,8181,0.7216494845360825,0.4588334268087493,1261,17830
Random Forest,3970,0.06537291877678654,910,8182,0.7216494845360825,0.4588895120583287,1261,17830
Random Forest,3971,0.0653698976364827,910,8183,0.7216494845360825,0.458945597307908,1261,17830
Random Forest,3972,0.06536956767785006,910,8184,0.7216494845360825,0.45900168255748736,1261,17830
Random Forest,3973,0.06536531086396798,910,8185,0.7216494845360825,0.45905776780706675,1261,17830
Random Forest,3974,0.06536513786727836,910,8186,0.7216494845360825,0.4591138530566461,1261,17830
Random Forest,3975,0.06535448267005504,910,8188,0.7216494845360825,0.45922602355580483,1261,17830
Random Forest,3976,0.06535292734269767,910,8193,0.7216494845360825,0.45950644980370164,1261,17830
Random Forest,3977,0.06535225479020505,910,8194,0.7216494845360825,0.459562535053281,1261,17830
Random Forest,3978,0.06534949001486152,910,8195,0.7216494845360825,0.4596186203028603,1261,17830
Random Forest,3979,0.06534813434975846,910,8196,0.7216494845360825,0.4596747055524397,1261,17830
Random Forest,3980,0.06534795620331142,910,8197,0.7216494845360825,0.45973079080201906,1261,17830
Random Forest,3981,0.06534215849657991,910,8198,0.7216494845360825,0.4597868760515984,1261,17830
Random Forest,3982,0.06533854903720963,910,8199,0.7216494845360825,0.4598429613011778,1261,17830
Random Forest,3983,0.06533840372147712,910,8201,0.7216494845360825,0.45995513180033654,1261,17830
Random Forest,3984,0.06533339473801598,910,8206,0.7216494845360825,0.4602355580482333,1261,17830
Random Forest,3985,0.06532764021026422,910,8207,0.7216494845360825,0.4602916432978127,1261,17830
Random Forest,3986,0.06532130591099844,910,8208,0.7216494845360825,0.46034772854739203,1261,17830
Random Forest,3987,0.06532089890139721,910,8210,0.7216494845360825,0.46045989904655077,1261,17830
Random Forest,3988,0.06531918731563706,911,8214,0.7224425059476606,0.4606842400448682,1261,17830
Random Forest,3989,0.06531671077809562,911,8215,0.7224425059476606,0.4607403252944476,1261,17830
Random Forest,3990,0.06531412855434295,911,8216,0.7224425059476606,0.4607964105440269,1261,17830
Random Forest,3991,0.06530772876254089,911,8217,0.7224425059476606,0.46085249579360626,1261,17830
Random Forest,3992,0.06530271758320054,912,8224,0.7232355273592387,0.4612450925406618,1261,17830
Random Forest,3993,0.06529893137614202,912,8225,0.7232355273592387,0.46130117779024116,1261,17830
Random Forest,3994,0.0652975580451761,912,8226,0.7232355273592387,0.46135726303982055,1261,17830
Random Forest,3995,0.06528956655025561,912,8227,0.7232355273592387,0.4614133482893999,1261,17830
Random Forest,3996,0.06528465139574871,912,8228,0.7232355273592387,0.46146943353897923,1261,17830
Random Forest,3997,0.06527779935104731,912,8229,0.7232355273592387,0.46152551878855863,1261,17830
Random Forest,3998,0.06526794859319282,912,8230,0.7232355273592387,0.46158160403813797,1261,17830
Random Forest,3999,0.06526779729721545,913,8245,0.7240285487708168,0.46242288278182836,1261,17830
Random Forest,4000,0.06526539450750869,913,8246,0.7240285487708168,0.46247896803140776,1261,17830
Random Forest,4001,0.06525705311501791,913,8256,0.7240285487708168,0.46303982052720133,1261,17830
Random Forest,4002,0.0652537649529105,913,8259,0.7240285487708168,0.4632080762759394,1261,17830
Random Forest,4003,0.06522896392871384,913,8260,0.7240285487708168,0.4632641615255188,1261,17830
Random Forest,4004,0.06522791656422093,913,8262,0.7240285487708168,0.4633763320246775,1261,17830
Random Forest,4005,0.06522281352239362,913,8263,0.7240285487708168,0.4634324172742569,1261,17830
Random Forest,4006,0.06522210061115442,913,8264,0.7240285487708168,0.4634885025238362,1261,17830
Random Forest,4007,0.0652190264991513,913,8265,0.7240285487708168,0.4635445877734156,1261,17830
Random Forest,4008,0.06521496103622268,913,8266,0.7240285487708168,0.46360067302299496,1261,17830
Random Forest,4009,0.06521486612788124,914,8266,0.7248215701823949,0.46360067302299496,1261,17830
Random Forest,4010,0.06521407027811989,915,8266,0.725614591593973,0.46360067302299496,1261,17830
Random Forest,4011,0.06521354709479772,915,8267,0.725614591593973,0.4636567582725743,1261,17830
Random Forest,4012,0.06521081447335383,915,8268,0.725614591593973,0.4637128435221537,1261,17830
Random Forest,4013,0.06520992717302782,915,8269,0.725614591593973,0.46376892877173304,1261,17830
Random Forest,4014,0.06519793218741174,915,8270,0.725614591593973,0.4638250140213124,1261,17830
Random Forest,4015,0.0651970952683384,915,8271,0.725614591593973,0.4638810992708918,1261,17830
Random Forest,4016,0.0651919764161434,915,8272,0.725614591593973,0.4639371845204711,1261,17830
Random Forest,4017,0.06518897572261373,915,8273,0.725614591593973,0.46399326977005045,1261,17830
Random Forest,4018,0.0651797258789474,916,8274,0.7264076130055511,0.46404935501962985,1261,17830
Random Forest,4019,0.06517845872941463,917,8274,0.7272006344171292,0.46404935501962985,1261,17830
Random Forest,4020,0.06517779113334939,917,8275,0.7272006344171292,0.4641054402692092,1261,17830
Random Forest,4021,0.06516818453943325,917,8277,0.7272006344171292,0.4642176107683679,1261,17830
Random Forest,4022,0.0651624472498749,917,8278,0.7272006344171292,0.46427369601794727,1261,17830
Random Forest,4023,0.06516231073181934,917,8279,0.7272006344171292,0.46432978126752666,1261,17830
Random Forest,4024,0.06515964061727196,917,8280,0.7272006344171292,0.464385866517106,1261,17830
Random Forest,4025,0.06515809309025201,917,8281,0.7272006344171292,0.46444195176668535,1261,17830
Random Forest,4026,0.06515809056998718,917,8282,0.7272006344171292,0.46449803701626474,1261,17830
Random Forest,4027,0.06514519160012563,917,8283,0.7272006344171292,0.4645541222658441,1261,17830
Random Forest,4028,0.06514149512204978,917,8284,0.7272006344171292,0.4646102075154234,1261,17830
Random Forest,4029,0.06513917800546686,917,8285,0.7272006344171292,0.4646662927650028,1261,17830
Random Forest,4030,0.06512828501830804,917,8286,0.7272006344171292,0.46472237801458216,1261,17830
Random Forest,4031,0.06512170110028288,917,8287,0.7272006344171292,0.4647784632641615,1261,17830
Random Forest,4032,0.06511514261069534,917,8288,0.7272006344171292,0.4648345485137409,1261,17830
Random Forest,4033,0.06511221328666626,917,8289,0.7272006344171292,0.46489063376332024,1261,17830
Random Forest,4034,0.06509801233036637,917,8290,0.7272006344171292,0.46494671901289963,1261,17830
Random Forest,4035,0.06509022734421142,917,8291,0.7272006344171292,0.465002804262479,1261,17830
Random Forest,4036,0.06508995025774592,917,8292,0.7272006344171292,0.4650588895120583,1261,17830
Random Forest,4037,0.06508994260632749,917,8293,0.7272006344171292,0.4651149747616377,1261,17830
Random Forest,4038,0.06507530871787229,917,8295,0.7272006344171292,0.4652271452607964,1261,17830
Random Forest,4039,0.06507348052530941,917,8296,0.7272006344171292,0.4652832305103758,1261,17830
Random Forest,4040,0.06506278618985371,917,8297,0.7272006344171292,0.46533931575995513,1261,17830
Random Forest,4041,0.06505500939058356,917,8298,0.7272006344171292,0.46539540100953447,1261,17830
Random Forest,4042,0.06504870746265823,917,8299,0.7272006344171292,0.46545148625911387,1261,17830
Random Forest,4043,0.06504739198912149,917,8300,0.7272006344171292,0.4655075715086932,1261,17830
Random Forest,4044,0.06503878605141873,917,8301,0.7272006344171292,0.46556365675827255,1261,17830
Random Forest,4045,0.06503295090555776,918,8303,0.7279936558287073,0.4656758272574313,1261,17830
Random Forest,4046,0.06502781605712678,918,8304,0.7279936558287073,0.4657319125070107,1261,17830
Random Forest,4047,0.06502761977932361,918,8305,0.7279936558287073,0.46578799775659,1261,17830
Random Forest,4048,0.06502383182973587,918,8307,0.7279936558287073,0.46590016825574876,1261,17830
Random Forest,4049,0.06501851693160433,918,8308,0.7279936558287073,0.4659562535053281,1261,17830
Random Forest,4050,0.06501755094503399,920,8323,0.7295796986518636,0.4667975322490185,1261,17830
Random Forest,4051,0.06501645045420375,920,8324,0.7295796986518636,0.4668536174985979,1261,17830
Random Forest,4052,0.0650127398361436,920,8325,0.7295796986518636,0.4669097027481772,1261,17830
Random Forest,4053,0.06500587469979441,920,8326,0.7295796986518636,0.46696578799775657,1261,17830
Random Forest,4054,0.06500468158012239,921,8328,0.7303727200634417,0.4670779584969153,1261,17830
Random Forest,4055,0.06500137802408439,921,8332,0.7303727200634417,0.4673022994952328,1261,17830
Random Forest,4056,0.06499741521383585,921,8333,0.7303727200634417,0.4673583847448121,1261,17830
Random Forest,4057,0.06499228460985255,921,8334,0.7303727200634417,0.46741446999439146,1261,17830
Random Forest,4058,0.06498974629336732,921,8335,0.7303727200634417,0.46747055524397085,1261,17830
Random Forest,4059,0.06498290368443425,921,8336,0.7303727200634417,0.4675266404935502,1261,17830
Random Forest,4060,0.06497831134690236,921,8337,0.7303727200634417,0.46758272574312953,1261,17830
Random Forest,4061,0.0649732068583344,921,8340,0.7303727200634417,0.4677509814918676,1261,17830
Random Forest,4062,0.06497212950099175,921,8341,0.7303727200634417,0.467807066741447,1261,17830
Random Forest,4063,0.06497162080970259,921,8344,0.7303727200634417,0.4679753224901851,1261,17830
Random Forest,4064,0.0649708524453467,921,8346,0.7303727200634417,0.4680874929893438,1261,17830
Random Forest,4065,0.06494787312510966,921,8347,0.7303727200634417,0.46814357823892316,1261,17830
Random Forest,4066,0.06494489486594533,921,8349,0.7303727200634417,0.4682557487380819,1261,17830
Random Forest,4067,0.06494069878694303,921,8350,0.7303727200634417,0.46831183398766124,1261,17830
Random Forest,4068,0.06493727394442889,921,8351,0.7303727200634417,0.4683679192372406,1261,17830
Random Forest,4069,0.06493683674314776,921,8356,0.7303727200634417,0.4686483454851374,1261,17830
Random Forest,4070,0.06492797270145256,921,8357,0.7303727200634417,0.4687044307347168,1261,17830
Random Forest,4071,0.06492751030812186,921,8358,0.7303727200634417,0.46876051598429613,1261,17830
Random Forest,4072,0.06492674873064413,921,8359,0.7303727200634417,0.4688166012338755,1261,17830
Random Forest,4073,0.0649255286708986,921,8360,0.7303727200634417,0.46887268648345487,1261,17830
Random Forest,4074,0.06492382979149341,921,8361,0.7303727200634417,0.4689287717330342,1261,17830
Random Forest,4075,0.06492168281596848,921,8362,0.7303727200634417,0.46898485698261355,1261,17830
Random Forest,4076,0.06492121573072093,921,8367,0.7303727200634417,0.46926528323051037,1261,17830
Random Forest,4077,0.06492093076231474,921,8373,0.7303727200634417,0.4696017947279865,1261,17830
Random Forest,4078,0.06491689913687157,921,8374,0.7303727200634417,0.4696578799775659,1261,17830
Random Forest,4079,0.06491684448171971,921,8375,0.7303727200634417,0.46971396522714526,1261,17830
Random Forest,4080,0.06491336963020161,921,8377,0.7303727200634417,0.469826135726304,1261,17830
Random Forest,4081,0.06490943472017562,921,8379,0.7303727200634417,0.4699383062254627,1261,17830
Random Forest,4082,0.06490839568690811,922,8395,0.7311657414750198,0.47083567021873246,1261,17830
Random Forest,4083,0.06490350563173584,922,8396,0.7311657414750198,0.47089175546831186,1261,17830
Random Forest,4084,0.06490227399651093,922,8397,0.7311657414750198,0.4709478407178912,1261,17830
Random Forest,4085,0.06489822707489808,922,8398,0.7311657414750198,0.47100392596747054,1261,17830
Random Forest,4086,0.0648957289671802,922,8400,0.7311657414750198,0.4711160964666293,1261,17830
Random Forest,4087,0.06489515312375967,922,8402,0.7311657414750198,0.471228266965788,1261,17830
Random Forest,4088,0.0648910837336438,922,8403,0.7311657414750198,0.47128435221536735,1261,17830
Random Forest,4089,0.06488180826840718,922,8404,0.7311657414750198,0.4713404374649467,1261,17830
Random Forest,4090,0.06487636724560762,922,8414,0.7311657414750198,0.4719012899607403,1261,17830
Random Forest,4091,0.06487548108250445,922,8416,0.7311657414750198,0.47201346045989906,1261,17830
Random Forest,4092,0.06487104675320486,922,8417,0.7311657414750198,0.4720695457094784,1261,17830
Random Forest,4093,0.06486717843658633,922,8418,0.7311657414750198,0.47212563095905774,1261,17830
Random Forest,4094,0.06486446833163008,922,8420,0.7311657414750198,0.4722378014582165,1261,17830
Random Forest,4095,0.06486053330575887,922,8421,0.7311657414750198,0.4722938867077959,1261,17830
Random Forest,4096,0.06486045521192162,923,8421,0.7319587628865979,0.4722938867077959,1261,17830
Random Forest,4097,0.0648603582723066,923,8422,0.7319587628865979,0.4723499719573752,1261,17830
Random Forest,4098,0.0648561739219151,923,8423,0.7319587628865979,0.47240605720695455,1261,17830
Random Forest,4099,0.06485564189001344,923,8424,0.7319587628865979,0.47246214245653395,1261,17830
Random Forest,4100,0.06484852809723624,923,8425,0.7319587628865979,0.4725182277061133,1261,17830
Random Forest,4101,0.06484698562491294,923,8426,0.7319587628865979,0.47257431295569263,1261,17830
Random Forest,4102,0.06484512141760547,923,8427,0.7319587628865979,0.47263039820527203,1261,17830
Random Forest,4103,0.0648435191137751,923,8429,0.7319587628865979,0.4727425687044307,1261,17830
Random Forest,4104,0.06483983345628175,923,8430,0.7319587628865979,0.4727986539540101,1261,17830
Random Forest,4105,0.06483927062606257,923,8431,0.7319587628865979,0.47285473920358945,1261,17830
Random Forest,4106,0.06483514999528586,923,8432,0.7319587628865979,0.47291082445316884,1261,17830
Random Forest,4107,0.0648334384095257,923,8433,0.7319587628865979,0.4729669097027482,1261,17830
Random Forest,4108,0.06483343293719858,924,8433,0.732751784298176,0.4729669097027482,1261,17830
Random Forest,4109,0.06483028484895466,924,8434,0.732751784298176,0.4730229949523275,1261,17830
Random Forest,4110,0.06482830535982281,924,8435,0.732751784298176,0.4730790802019069,1261,17830
Random Forest,4111,0.06482684750913349,924,8436,0.732751784298176,0.47313516545148626,1261,17830
Random Forest,4112,0.064823834562043,924,8438,0.732751784298176,0.473247335950645,1261,17830
Random Forest,4113,0.0648169686770892,924,8446,0.732751784298176,0.4736960179472799,1261,17830
Random Forest,4114,0.0648168393718211,924,8447,0.732751784298176,0.47375210319685923,1261,17830
Random Forest,4115,0.06481478920429411,924,8448,0.732751784298176,0.47380818844643857,1261,17830
Random Forest,4116,0.06481108862328397,924,8451,0.732751784298176,0.47397644419517665,1261,17830
Random Forest,4117,0.06480999556846861,924,8453,0.732751784298176,0.4740886146943354,1261,17830
Random Forest,4118,0.06480345950922053,924,8454,0.732751784298176,0.4741446999439147,1261,17830
Random Forest,4119,0.06480274663000392,924,8532,0.732751784298176,0.47851934941110486,1261,17830
Random Forest,4120,0.06479844950120389,924,8533,0.732751784298176,0.47857543466068425,1261,17830
Random Forest,4121,0.06479440838327924,924,8535,0.732751784298176,0.478687605159843,1261,17830
Random Forest,4122,0.06479205044493598,924,8536,0.732751784298176,0.47874369040942233,1261,17830
Random Forest,4123,0.06479017491965444,924,8537,0.732751784298176,0.47879977565900167,1261,17830
Random Forest,4124,0.06478434633692857,924,8538,0.732751784298176,0.47885586090858107,1261,17830
Random Forest,4125,0.06478414347927604,924,8539,0.732751784298176,0.4789119461581604,1261,17830
Random Forest,4126,0.06478338490843134,925,8571,0.7335448057097541,0.4807066741446999,1261,17830
Random Forest,4127,0.06478264826510478,925,8573,0.7335448057097541,0.48081884464385866,1261,17830
Random Forest,4128,0.06476468640964812,925,8574,0.7335448057097541,0.48087492989343805,1261,17830
Random Forest,4129,0.06475628390508513,925,8575,0.7335448057097541,0.4809310151430174,1261,17830
Random Forest,4130,0.06475412636623781,925,8576,0.7335448057097541,0.48098710039259673,1261,17830
Random Forest,4131,0.06474856601902584,925,8577,0.7335448057097541,0.48104318564217613,1261,17830
Random Forest,4132,0.06474451045147181,929,8604,0.7367168913560667,0.48255748738081883,1261,17830
Random Forest,4133,0.0647421676581096,929,8606,0.7367168913560667,0.48266965787997756,1261,17830
Random Forest,4134,0.0647374031097723,929,8611,0.7367168913560667,0.4829500841278744,1261,17830
Random Forest,4135,0.06473386517195723,929,8612,0.7367168913560667,0.4830061693774537,1261,17830
Random Forest,4136,0.06473085222486673,929,8613,0.7367168913560667,0.4830622546270331,1261,17830
Random Forest,4137,0.06472794391133065,930,8619,0.7375099127676448,0.48339876612450927,1261,17830
Random Forest,4138,0.06472493296398578,930,8620,0.7375099127676448,0.4834548513740886,1261,17830
Random Forest,4139,0.06472165775350408,930,8621,0.7375099127676448,0.48351093662366795,1261,17830
Random Forest,4140,0.0647045605704147,930,8622,0.7375099127676448,0.48356702187324735,1261,17830
Random Forest,4141,0.06470402117462691,930,8623,0.7375099127676448,0.4836231071228267,1261,17830
Random Forest,4142,0.06469181143615782,930,8624,0.7375099127676448,0.48367919237240603,1261,17830
Random Forest,4143,0.06468830229421998,931,8624,0.7383029341792229,0.48367919237240603,1261,17830
Random Forest,4144,0.0646842677570204,931,8625,0.7383029341792229,0.4837352776219854,1261,17830
Random Forest,4145,0.06467915862901698,931,8629,0.7383029341792229,0.48395961862030284,1261,17830
Random Forest,4146,0.06467688389660013,931,8630,0.7383029341792229,0.48401570386988224,1261,17830
Random Forest,4147,0.06466687339960442,931,8632,0.7383029341792229,0.4841278743690409,1261,17830
Random Forest,4148,0.06466525567138122,931,8633,0.7383029341792229,0.4841839596186203,1261,17830
Random Forest,4149,0.0646612928611327,931,8634,0.7383029341792229,0.48424004486819966,1261,17830
Random Forest,4150,0.06464777941835023,931,8635,0.7383029341792229,0.484296130117779,1261,17830
Random Forest,4151,0.06464714302533733,931,8636,0.7383029341792229,0.4843522153673584,1261,17830
Random Forest,4152,0.0646471301877165,931,8637,0.7383029341792229,0.48440830061693774,1261,17830
Random Forest,4153,0.06464699770960482,931,8639,0.7383029341792229,0.4845204711160965,1261,17830
Random Forest,4154,0.0646419887261437,931,8642,0.7383029341792229,0.48468872686483455,1261,17830
Random Forest,4155,0.0646375364314212,931,8672,0.7383029341792229,0.4863712843522154,1261,17830
Random Forest,4156,0.0646331770081158,931,8673,0.7383029341792229,0.4864273696017947,1261,17830
Random Forest,4157,0.06462961413649725,931,8675,0.7383029341792229,0.48653954010095346,1261,17830
Random Forest,4158,0.0646289925092599,932,8678,0.739095955590801,0.48670779584969154,1261,17830
Random Forest,4159,0.06462787885337247,932,8679,0.739095955590801,0.4867638810992709,1261,17830
Random Forest,4160,0.06462439578408395,932,8680,0.739095955590801,0.4868199663488503,1261,17830
Random Forest,4161,0.06461547392879399,932,8681,0.739095955590801,0.4868760515984296,1261,17830
Random Forest,4162,0.0646138277761622,932,8684,0.739095955590801,0.4870443073471677,1261,17830
Random Forest,4163,0.0645996245637478,932,8685,0.739095955590801,0.48710039259674703,1261,17830
Random Forest,4164,0.06458193200505206,932,8686,0.739095955590801,0.48715647784632643,1261,17830
Random Forest,4165,0.0645782429645181,932,8690,0.739095955590801,0.48738081884464385,1261,17830
Random Forest,4166,0.0645772237151314,932,8691,0.739095955590801,0.48743690409422324,1261,17830
Random Forest,4167,0.06457636846291599,932,8692,0.739095955590801,0.4874929893438026,1261,17830
Random Forest,4168,0.06457227333420494,932,8700,0.739095955590801,0.4879416713404375,1261,17830
Random Forest,4169,0.06457035506275119,932,8701,0.739095955590801,0.4879977565900168,1261,17830
Random Forest,4170,0.06456543072527188,932,8702,0.739095955590801,0.48805384183959616,1261,17830
Random Forest,4171,0.06456426973213139,932,8703,0.739095955590801,0.48810992708917555,1261,17830
Random Forest,4172,0.06456270512646514,932,8704,0.739095955590801,0.4881660123387549,1261,17830
Random Forest,4173,0.06455835086522191,932,8705,0.739095955590801,0.4882220975883343,1261,17830
Random Forest,4174,0.06455575068858081,932,8706,0.739095955590801,0.48827818283791363,1261,17830
Random Forest,4175,0.06455429925347576,932,8707,0.739095955590801,0.488334268087493,1261,17830
Random Forest,4176,0.06455414785054021,932,8714,0.739095955590801,0.4887268648345485,1261,17830
Random Forest,4177,0.06454986155392174,932,8715,0.739095955590801,0.48878295008412787,1261,17830
Random Forest,4178,0.06453868028663103,932,8716,0.739095955590801,0.48883903533370726,1261,17830
Random Forest,4179,0.06453312503266785,932,8717,0.739095955590801,0.4888951205832866,1261,17830
Random Forest,4180,0.06453242683435166,932,8718,0.739095955590801,0.48895120583286594,1261,17830
Random Forest,4181,0.06453061010054532,933,8718,0.7398889770023791,0.48895120583286594,1261,17830
Random Forest,4182,0.06452883847735547,933,8719,0.7398889770023791,0.48900729108244534,1261,17830
Random Forest,4183,0.06452549232137327,933,8720,0.7398889770023791,0.4890633763320247,1261,17830
Random Forest,4184,0.06452449229811569,933,8721,0.7398889770023791,0.489119461581604,1261,17830
Random Forest,4185,0.06452277704532186,933,8722,0.7398889770023791,0.4891755468311834,1261,17830
Random Forest,4186,0.06452190729686562,933,8723,0.7398889770023791,0.48923163208076276,1261,17830
Random Forest,4187,0.06452084543898592,933,8728,0.7398889770023791,0.48951205832865957,1261,17830
Random Forest,4188,0.06451960612897119,933,8729,0.7398889770023791,0.4895681435782389,1261,17830
Random Forest,4189,0.06451562911797304,933,8730,0.7398889770023791,0.4896242288278183,1261,17830
Random Forest,4190,0.06451290505545253,934,8730,0.7406819984139572,0.4896242288278183,1261,17830
Random Forest,4191,0.06451003734895948,934,8732,0.7406819984139572,0.489736399326977,1261,17830
Random Forest,4192,0.06450757058846204,934,8733,0.7406819984139572,0.4897924845765564,1261,17830
Random Forest,4193,0.06450624358214924,934,8734,0.7406819984139572,0.4898485698261357,1261,17830
Random Forest,4194,0.06450367560452012,935,8734,0.7414750198255353,0.4898485698261357,1261,17830
Random Forest,4195,0.06449264708801936,935,8735,0.7414750198255353,0.48990465507571507,1261,17830
Random Forest,4196,0.06449242069561295,935,8737,0.7414750198255353,0.4900168255748738,1261,17830
Random Forest,4197,0.06448969368610584,935,8738,0.7414750198255353,0.49007291082445315,1261,17830
Random Forest,4198,0.06448322941933166,935,8739,0.7414750198255353,0.49012899607403254,1261,17830
Random Forest,4199,0.06447311746755739,935,8740,0.7414750198255353,0.4901850813236119,1261,17830
Random Forest,4200,0.06446883411552086,935,8741,0.7414750198255353,0.4902411665731913,1261,17830
Random Forest,4201,0.06446301015000637,935,8744,0.7414750198255353,0.49040942232192936,1261,17830
Random Forest,4202,0.06445852481471852,936,8744,0.7422680412371134,0.49040942232192936,1261,17830
Random Forest,4203,0.06445324956343061,936,8745,0.7422680412371134,0.4904655075715087,1261,17830
Random Forest,4204,0.06443951151805788,936,8749,0.7422680412371134,0.4906898485698261,1261,17830
Random Forest,4205,0.06443037400123611,936,8750,0.7422680412371134,0.4907459338194055,1261,17830
Random Forest,4206,0.06442951266575056,936,8752,0.7422680412371134,0.4908581043185642,1261,17830
Random Forest,4207,0.06442436060263959,936,8753,0.7422680412371134,0.4909141895681436,1261,17830
Random Forest,4208,0.06442264678079675,936,8764,0.7422680412371134,0.49153112731351656,1261,17830
Random Forest,4209,0.06442131596879956,936,8765,0.7422680412371134,0.4915872125630959,1261,17830
Random Forest,4210,0.06440864002668337,936,8768,0.7422680412371134,0.491755468311834,1261,17830
Random Forest,4211,0.06440741605587494,936,8769,0.7422680412371134,0.4918115535614134,1261,17830
Random Forest,4212,0.06440477397147426,937,8771,0.7430610626486915,0.49192372406057205,1261,17830
Random Forest,4213,0.06440361851246047,937,8772,0.7430610626486915,0.49197980931015145,1261,17830
Random Forest,4214,0.06439975545136876,937,8773,0.7430610626486915,0.4920358945597308,1261,17830
Random Forest,4215,0.06439585302336201,937,8774,0.7430610626486915,0.49209197980931013,1261,17830
Random Forest,4216,0.06438943646546542,937,8775,0.7430610626486915,0.49214806505888953,1261,17830
Random Forest,4217,0.06438586283911105,937,8776,0.7430610626486915,0.49220415030846887,1261,17830
Random Forest,4218,0.06438509697555564,938,8779,0.7438540840602696,0.49237240605720695,1261,17830
Random Forest,4219,0.06438193280475192,938,8783,0.7438540840602696,0.4925967470555244,1261,17830
Random Forest,4220,0.06437994894905691,938,8784,0.7438540840602696,0.49265283230510376,1261,17830
Random Forest,4221,0.06437756336410475,938,8785,0.7438540840602696,0.4927089175546831,1261,17830
Random Forest,4222,0.06437419172811525,938,8786,0.7438540840602696,0.4927650028042625,1261,17830
Random Forest,4223,0.06436459772925625,938,8787,0.7438540840602696,0.49282108805384184,1261,17830
Random Forest,4224,0.06435365146163892,938,8791,0.7438540840602696,0.49304542905215926,1261,17830
Random Forest,4225,0.0643506187548204,938,8792,0.7438540840602696,0.49310151430173865,1261,17830
Random Forest,4226,0.06434773590205645,940,8792,0.7454401268834259,0.49310151430173865,1261,17830
Random Forest,4227,0.06434387995278541,940,8793,0.7454401268834259,0.493157599551318,1261,17830
Random Forest,4228,0.06433784014949402,940,8794,0.7454401268834259,0.4932136848008974,1261,17830
Random Forest,4229,0.06433653032857428,940,8800,0.7454401268834259,0.49355019629837354,1261,17830
Random Forest,4230,0.06433433268344656,940,8801,0.7454401268834259,0.4936062815479529,1261,17830
Random Forest,4231,0.0643305752866559,940,8802,0.7454401268834259,0.4936623667975322,1261,17830
Random Forest,4232,0.06432465280471591,940,8803,0.7454401268834259,0.4937184520471116,1261,17830
Random Forest,4233,0.06432358672332596,940,8805,0.7454401268834259,0.4938306225462703,1261,17830
Random Forest,4234,0.06432323847011902,940,8810,0.7454401268834259,0.4941110487941671,1261,17830
Random Forest,4235,0.06432077068503929,940,8811,0.7454401268834259,0.4941671340437465,1261,17830
Random Forest,4236,0.06431645468119157,940,8812,0.7454401268834259,0.49422321929332585,1261,17830
Random Forest,4237,0.06431565768950707,940,8814,0.7454401268834259,0.4943353897924846,1261,17830
Random Forest,4238,0.06431525098331663,940,8815,0.7454401268834259,0.49439147504206393,1261,17830
Random Forest,4239,0.06431287100576305,940,8816,0.7454401268834259,0.4944475602916433,1261,17830
Random Forest,4240,0.06430450188727381,940,8820,0.7454401268834259,0.49467190128996075,1261,17830
Random Forest,4241,0.06430442601354311,940,8822,0.7454401268834259,0.4947840717891195,1261,17830
Random Forest,4242,0.06430432653951977,940,8823,0.7454401268834259,0.4948401570386988,1261,17830
Random Forest,4243,0.06430390971945324,940,8824,0.7454401268834259,0.49489624228827817,1261,17830
Random Forest,4244,0.06429763600232001,940,8845,0.7454401268834259,0.49607403252944476,1261,17830
Random Forest,4245,0.06429745290492253,940,8850,0.7454401268834259,0.4963544587773416,1261,17830
Random Forest,4246,0.06429470757779913,940,8852,0.7454401268834259,0.49646662927650026,1261,17830
Random Forest,4247,0.06429397176742356,941,8852,0.746233148295004,0.49646662927650026,1261,17830
Random Forest,4248,0.06429020396645783,942,8870,0.7470261697065821,0.4974761637689288,1261,17830
Random Forest,4249,0.06428846524759103,942,8871,0.7470261697065821,0.4975322490185081,1261,17830
Random Forest,4250,0.06428638468858552,942,8872,0.7470261697065821,0.4975883342680875,1261,17830
Random Forest,4251,0.06428632056907714,942,8887,0.7470261697065821,0.4984296130117779,1261,17830
Random Forest,4252,0.06428606418893734,942,8888,0.7470261697065821,0.49848569826135725,1261,17830
Random Forest,4253,0.06428512384130122,942,8894,0.7470261697065821,0.4988222097588334,1261,17830
Random Forest,4254,0.06428476926348607,947,8901,0.7509912767644726,0.49921480650588895,1261,17830
Random Forest,4255,0.06428432832189782,947,8902,0.7509912767644726,0.4992708917554683,1261,17830
Random Forest,4256,0.06428412683445135,947,8903,0.7509912767644726,0.4993269770050477,1261,17830
Random Forest,4257,0.06428293750383875,947,8904,0.7509912767644726,0.49938306225462703,1261,17830
Random Forest,4258,0.06427292454126124,947,8905,0.7509912767644726,0.49943914750420637,1261,17830
Random Forest,4259,0.0642710266163567,947,8906,0.7509912767644726,0.49949523275378577,1261,17830
Random Forest,4260,0.06427084224488525,947,8913,0.7509912767644726,0.49988782950084126,1261,17830
Random Forest,4261,0.06426658106308723,947,8915,0.7509912767644726,0.5,1261,17830
Random Forest,4262,0.06426423930652304,947,8916,0.7509912767644726,0.5000560852495793,1261,17830
Random Forest,4263,0.06426178774237876,947,8917,0.7509912767644726,0.5001121704991587,1261,17830
Random Forest,4264,0.06426066223523035,947,8918,0.7509912767644726,0.5001682557487381,1261,17830
Random Forest,4265,0.06425980692020078,947,8919,0.7509912767644726,0.5002243409983175,1261,17830
Random Forest,4266,0.06425349537126399,947,8920,0.7509912767644726,0.5002804262478968,1261,17830
Random Forest,4267,0.06422952475044244,947,8922,0.7509912767644726,0.5003925967470555,1261,17830
Random Forest,4268,0.06422898094205744,947,8923,0.7509912767644726,0.5004486819966348,1261,17830
Random Forest,4269,0.06422217499651943,947,8924,0.7509912767644726,0.5005047672462143,1261,17830
Random Forest,4270,0.06421805455021444,947,8925,0.7509912767644726,0.5005608524957936,1261,17830
Random Forest,4271,0.0642139130037898,947,8926,0.7509912767644726,0.500616937745373,1261,17830
Random Forest,4272,0.06421256691459046,947,8929,0.7509912767644726,0.5007851934941111,1261,17830
Random Forest,4273,0.06421151955009755,947,8942,0.7509912767644726,0.5015143017386428,1261,17830
Random Forest,4274,0.06421132384446168,947,8943,0.7509912767644726,0.5015703869882221,1261,17830
Random Forest,4275,0.06421093678379676,947,8944,0.7509912767644726,0.5016264722378014,1261,17830
Random Forest,4276,0.06420830180458614,947,8945,0.7509912767644726,0.5016825574873808,1261,17830
Random Forest,4277,0.06420755802022203,948,8946,0.7517842981760507,0.5017386427369602,1261,17830
Random Forest,4278,0.06420321706394518,948,8947,0.7517842981760507,0.5017947279865396,1261,17830
Random Forest,4279,0.06420225775528889,948,8948,0.7517842981760507,0.5018508132361189,1261,17830
Random Forest,4280,0.06420066757742922,948,8949,0.7517842981760507,0.5019068984856982,1261,17830
Random Forest,4281,0.06419821186967535,948,8950,0.7517842981760507,0.5019629837352776,1261,17830
Random Forest,4282,0.06419553059574507,948,8951,0.7517842981760507,0.5020190689848569,1261,17830
Random Forest,4283,0.06419214150412494,949,8977,0.7525773195876289,0.5034772854739203,1261,17830
Random Forest,4284,0.06419071282592703,949,8978,0.7525773195876289,0.5035333707234997,1261,17830
Random Forest,4285,0.06418960268647945,949,8979,0.7525773195876289,0.503589455973079,1261,17830
Random Forest,4286,0.06418468849985771,949,8980,0.7525773195876289,0.5036455412226585,1261,17830
Random Forest,4287,0.06417926877261172,951,8981,0.7541633624107851,0.5037016264722378,1261,17830
Random Forest,4288,0.06417915613003343,951,8982,0.7541633624107851,0.5037577117218172,1261,17830
Random Forest,4289,0.0641742286074321,951,8983,0.7541633624107851,0.5038137969713965,1261,17830
Random Forest,4290,0.06417175954374015,951,8984,0.7541633624107851,0.5038698822209758,1261,17830
Random Forest,4291,0.06417033053596564,951,8985,0.7541633624107851,0.5039259674705553,1261,17830
Random Forest,4292,0.06416563294890446,951,8987,0.7541633624107851,0.504038137969714,1261,17830
Random Forest,4293,0.06416483755601016,951,8989,0.7541633624107851,0.5041503084688727,1261,17830
Random Forest,4294,0.06416198876866762,951,8990,0.7541633624107851,0.504206393718452,1261,17830
Random Forest,4295,0.06415365409927419,951,8991,0.7541633624107851,0.5042624789680314,1261,17830
Random Forest,4296,0.06414398061127842,951,8992,0.7541633624107851,0.5043185642176108,1261,17830
Random Forest,4297,0.06414196202893845,951,8993,0.7541633624107851,0.5043746494671901,1261,17830
Random Forest,4298,0.06414168967124964,951,8994,0.7541633624107851,0.5044307347167695,1261,17830
Random Forest,4299,0.06412743875838203,951,8996,0.7541633624107851,0.5045429052159283,1261,17830
Random Forest,4300,0.06411469592275759,951,8998,0.7541633624107851,0.5046550757150869,1261,17830
Random Forest,4301,0.06411387565763646,952,8998,0.7549563838223632,0.5046550757150869,1261,17830
Random Forest,4302,0.0641123980838768,953,8999,0.7557494052339413,0.5047111609646663,1261,17830
Random Forest,4303,0.06411134061813163,953,9015,0.7557494052339413,0.5056085249579361,1261,17830
Random Forest,4304,0.06410979729727968,953,9017,0.7557494052339413,0.5057206954570947,1261,17830
Random Forest,4305,0.06410879596627263,953,9018,0.7557494052339413,0.5057767807066741,1261,17830
Random Forest,4306,0.06410530408615948,953,9020,0.7557494052339413,0.5058889512058329,1261,17830
Random Forest,4307,0.06410402990853058,953,9021,0.7557494052339413,0.5059450364554122,1261,17830
Random Forest,4308,0.06409864759454592,953,9022,0.7557494052339413,0.5060011217049916,1261,17830
Random Forest,4309,0.06409814878731428,953,9023,0.7557494052339413,0.5060572069545709,1261,17830
Random Forest,4310,0.06408652442809361,953,9024,0.7557494052339413,0.5061132922041504,1261,17830
Random Forest,4311,0.06408269980795556,954,9024,0.7565424266455194,0.5061132922041504,1261,17830
Random Forest,4312,0.06407507447318161,954,9027,0.7565424266455194,0.5062815479528884,1261,17830
Random Forest,4313,0.06406866876045116,954,9029,0.7565424266455194,0.5063937184520471,1261,17830
Random Forest,4314,0.0640683989444289,954,9032,0.7565424266455194,0.5065619742007852,1261,17830
Random Forest,4315,0.06406479424170099,954,9033,0.7565424266455194,0.5066180594503645,1261,17830
Random Forest,4316,0.06405708351118601,954,9034,0.7565424266455194,0.5066741446999439,1261,17830
Random Forest,4317,0.06405654294444581,954,9035,0.7565424266455194,0.5067302299495233,1261,17830
Random Forest,4318,0.06405626517684537,954,9040,0.7565424266455194,0.50701065619742,1261,17830
Random Forest,4319,0.06403970695473914,955,9040,0.7573354480570975,0.50701065619742,1261,17830
Random Forest,4320,0.06403828459264886,955,9041,0.7573354480570975,0.5070667414469995,1261,17830
Random Forest,4321,0.06403385722285986,955,9043,0.7573354480570975,0.5071789119461582,1261,17830
Random Forest,4322,0.06403071096523191,955,9045,0.7573354480570975,0.5072910824453168,1261,17830
Random Forest,4323,0.06402332439477414,955,9046,0.7573354480570975,0.5073471676948963,1261,17830
Random Forest,4324,0.06401921344590969,955,9047,0.7573354480570975,0.5074032529444756,1261,17830
Random Forest,4325,0.06401352855661245,955,9052,0.7573354480570975,0.5076836791923725,1261,17830
Random Forest,4326,0.06401130609944829,955,9053,0.7573354480570975,0.5077397644419518,1261,17830
Random Forest,4327,0.06400871790764104,955,9054,0.7573354480570975,0.5077958496915311,1261,17830
Random Forest,4328,0.06400864099019528,955,9055,0.7573354480570975,0.5078519349411105,1261,17830
Random Forest,4329,0.06400247692465579,955,9056,0.7573354480570975,0.5079080201906898,1261,17830
Random Forest,4330,0.06400208371991964,955,9057,0.7573354480570975,0.5079641054402693,1261,17830
Random Forest,4331,0.06399384077134447,955,9058,0.7573354480570975,0.5080201906898486,1261,17830
Random Forest,4332,0.06398950161254166,955,9059,0.7573354480570975,0.508076275939428,1261,17830
Random Forest,4333,0.06398867474315058,955,9060,0.7573354480570975,0.5081323611890073,1261,17830
Random Forest,4334,0.06398596034515791,955,9061,0.7573354480570975,0.5081884464385866,1261,17830
Random Forest,4335,0.06398498100996099,955,9062,0.7573354480570975,0.508244531688166,1261,17830
Random Forest,4336,0.0639846520797168,955,9063,0.7573354480570975,0.5083006169377454,1261,17830
Random Forest,4337,0.06398383183950108,955,9064,0.7573354480570975,0.5083567021873248,1261,17830
Random Forest,4338,0.06398343681141938,955,9065,0.7573354480570975,0.5084127874369041,1261,17830
Random Forest,4339,0.06397334927924393,955,9067,0.7573354480570975,0.5085249579360628,1261,17830
Random Forest,4340,0.06396992760171212,955,9068,0.7573354480570975,0.5085810431856421,1261,17830
Random Forest,4341,0.06396318241077222,955,9069,0.7573354480570975,0.5086371284352216,1261,17830
Random Forest,4342,0.0639552237955792,955,9070,0.7573354480570975,0.5086932136848009,1261,17830
Random Forest,4343,0.06395502818164563,956,9070,0.7581284694686756,0.5086932136848009,1261,17830
Random Forest,4344,0.0639537847927882,956,9071,0.7581284694686756,0.5087492989343803,1261,17830
Random Forest,4345,0.06395015409504885,956,9072,0.7581284694686756,0.5088053841839596,1261,17830
Random Forest,4346,0.06394843391927515,956,9073,0.7581284694686756,0.5088614694335389,1261,17830
Random Forest,4347,0.06394671083824771,956,9074,0.7581284694686756,0.5089175546831184,1261,17830
Random Forest,4348,0.06394633080964669,956,9075,0.7581284694686756,0.5089736399326977,1261,17830
Random Forest,4349,0.06393679442639894,956,9076,0.7581284694686756,0.5090297251822771,1261,17830
Random Forest,4350,0.06393303170831516,956,9077,0.7581284694686756,0.5090858104318564,1261,17830
Random Forest,4351,0.06392833815764185,956,9078,0.7581284694686756,0.5091418956814358,1261,17830
Random Forest,4352,0.06392681858702884,956,9079,0.7581284694686756,0.5091979809310151,1261,17830
Random Forest,4353,0.06392629965116568,956,9080,0.7581284694686756,0.5092540661805945,1261,17830
Random Forest,4354,0.06392289112057202,956,9082,0.7581284694686756,0.5093662366797532,1261,17830
Random Forest,4355,0.06392171627507229,956,9083,0.7581284694686756,0.5094223219293326,1261,17830
Random Forest,4356,0.06391010411725066,956,9084,0.7581284694686756,0.5094784071789119,1261,17830
Random Forest,4357,0.06390357982126754,956,9085,0.7581284694686756,0.5095344924284914,1261,17830
Random Forest,4358,0.06389625213797295,956,9086,0.7581284694686756,0.5095905776780707,1261,17830
Random Forest,4359,0.06389587738140175,956,9088,0.7581284694686756,0.5097027481772294,1261,17830
Random Forest,4360,0.06389569240597429,956,9091,0.7581284694686756,0.5098710039259675,1261,17830
Random Forest,4361,0.06389216745955581,956,9092,0.7581284694686756,0.5099270891755469,1261,17830
Random Forest,4362,0.0638919986727847,958,9115,0.7597145122918318,0.5112170499158721,1261,17830
Random Forest,4363,0.06388363021171854,958,9116,0.7597145122918318,0.5112731351654515,1261,17830
Random Forest,4364,0.06388325150411851,958,9117,0.7597145122918318,0.5113292204150308,1261,17830
Random Forest,4365,0.06388183180431299,958,9119,0.7597145122918318,0.5114413909141896,1261,17830
Random Forest,4366,0.06387003403611947,958,9120,0.7597145122918318,0.511497476163769,1261,17830
Random Forest,4367,0.06386859122977497,958,9121,0.7597145122918318,0.5115535614133483,1261,17830
Random Forest,4368,0.06386854024387875,958,9122,0.7597145122918318,0.5116096466629276,1261,17830
Random Forest,4369,0.06386580193578004,958,9124,0.7597145122918318,0.5117218171620864,1261,17830
Random Forest,4370,0.06386207285073602,958,9125,0.7597145122918318,0.5117779024116658,1261,17830
Random Forest,4371,0.06385997023148424,958,9126,0.7597145122918318,0.5118339876612451,1261,17830
Random Forest,4372,0.06385837374628466,958,9127,0.7597145122918318,0.5118900729108244,1261,17830
Random Forest,4373,0.06385555948230959,958,9128,0.7597145122918318,0.5119461581604038,1261,17830
Random Forest,4374,0.06384347595563773,958,9130,0.7597145122918318,0.5120583286595626,1261,17830
Random Forest,4375,0.06383984678311616,958,9131,0.7597145122918318,0.5121144139091419,1261,17830
Random Forest,4376,0.06383974921801752,958,9132,0.7597145122918318,0.5121704991587213,1261,17830
Random Forest,4377,0.06383845747253014,958,9134,0.7597145122918318,0.5122826696578799,1261,17830
Random Forest,4378,0.06383611806983855,958,9135,0.7597145122918318,0.5123387549074594,1261,17830
Random Forest,4379,0.06383178927340592,958,9136,0.7597145122918318,0.5123948401570387,1261,17830
Random Forest,4380,0.06382309864830896,958,9137,0.7597145122918318,0.5124509254066181,1261,17830
Random Forest,4381,0.06382048200636979,958,9139,0.7597145122918318,0.5125630959057768,1261,17830
Random Forest,4382,0.06381859335015289,958,9143,0.7597145122918318,0.5127874369040942,1261,17830
Random Forest,4383,0.06381383939383509,958,9144,0.7597145122918318,0.5128435221536736,1261,17830
Random Forest,4384,0.06381375599183826,958,9146,0.7597145122918318,0.5129556926528323,1261,17830
Random Forest,4385,0.06381153981270413,958,9147,0.7597145122918318,0.5130117779024117,1261,17830
Random Forest,4386,0.06381091627470403,958,9148,0.7597145122918318,0.513067863151991,1261,17830
Random Forest,4387,0.06380600535579581,959,9161,0.76050753370341,0.5137969713965227,1261,17830
Random Forest,4388,0.0638058361644045,959,9162,0.76050753370341,0.513853056646102,1261,17830
Random Forest,4389,0.06379730614532314,959,9163,0.76050753370341,0.5139091418956815,1261,17830
Random Forest,4390,0.06378509333877391,959,9168,0.76050753370341,0.5141895681435782,1261,17830
Random Forest,4391,0.06378216491425302,959,9169,0.76050753370341,0.5142456533931576,1261,17830
Random Forest,4392,0.06378142910387746,959,9170,0.76050753370341,0.514301738642737,1261,17830
Random Forest,4393,0.06377560889259867,959,9172,0.76050753370341,0.5144139091418957,1261,17830
Random Forest,4394,0.06377377790553104,959,9191,0.76050753370341,0.5154795288839036,1261,17830
Random Forest,4395,0.06377367843150772,959,9192,0.76050753370341,0.5155356141334829,1261,17830
Random Forest,4396,0.06377258117775514,959,9193,0.76050753370341,0.5155916993830623,1261,17830
Random Forest,4397,0.06376698789430796,964,9274,0.7644726407613005,0.5201346045989904,1261,17830
Random Forest,4398,0.06376548173455673,964,9275,0.7644726407613005,0.5201906898485699,1261,17830
Random Forest,4399,0.06375960651877584,964,9280,0.7644726407613005,0.5204711160964667,1261,17830
Random Forest,4400,0.06375791389940205,964,9282,0.7644726407613005,0.5205832865956254,1261,17830
Random Forest,4401,0.06375551271936007,964,9283,0.7644726407613005,0.5206393718452047,1261,17830
Random Forest,4402,0.06375550619811403,964,9284,0.7644726407613005,0.520695457094784,1261,17830
Random Forest,4403,0.06375513398575319,964,9285,0.7644726407613005,0.5207515423443634,1261,17830
Random Forest,4404,0.06375378267274345,965,9285,0.7652656621728786,0.5207515423443634,1261,17830
Random Forest,4405,0.06375280579244053,965,9287,0.7652656621728786,0.5208637128435222,1261,17830
Random Forest,4406,0.06375169664297695,965,9288,0.7652656621728786,0.5209197980931015,1261,17830
Random Forest,4407,0.06373539307256591,965,9289,0.7652656621728786,0.5209758833426809,1261,17830
Random Forest,4408,0.06373425027229863,965,9290,0.7652656621728786,0.5210319685922602,1261,17830
Random Forest,4409,0.06372742862947094,965,9291,0.7652656621728786,0.5210880538418396,1261,17830
Random Forest,4410,0.06371908663619091,965,9292,0.7652656621728786,0.521144139091419,1261,17830
Random Forest,4411,0.06371793393752775,965,9307,0.7652656621728786,0.5219854178351093,1261,17830
Random Forest,4412,0.06371591318288947,965,9308,0.7652656621728786,0.5220415030846888,1261,17830
Random Forest,4413,0.06371154689720725,965,9311,0.7652656621728786,0.5222097588334268,1261,17830
Random Forest,4414,0.0637105310709962,965,9312,0.7652656621728786,0.5222658440830061,1261,17830
Random Forest,4415,0.06370851987323276,965,9313,0.7652656621728786,0.5223219293325855,1261,17830
Random Forest,4416,0.0637063925980136,966,9327,0.7660586835844568,0.5231071228266966,1261,17830
Random Forest,4417,0.06370550346512069,966,9328,0.7660586835844568,0.5231632080762759,1261,17830
Random Forest,4418,0.06370474210671039,966,9329,0.7660586835844568,0.5232192933258553,1261,17830
Random Forest,4419,0.06369897688655143,966,9331,0.7660586835844568,0.523331463825014,1261,17830
Random Forest,4420,0.06369824449409377,966,9332,0.7660586835844568,0.5233875490745934,1261,17830
Random Forest,4421,0.06367959884057886,966,9335,0.7660586835844568,0.5235558048233314,1261,17830
Random Forest,4422,0.06367811059658408,966,9336,0.7660586835844568,0.5236118900729109,1261,17830
Random Forest,4423,0.06367628990864409,966,9337,0.7660586835844568,0.5236679753224902,1261,17830
Random Forest,4424,0.06367294089103423,966,9339,0.7660586835844568,0.5237801458216489,1261,17830
Random Forest,4425,0.06366899200743863,966,9340,0.7660586835844568,0.5238362310712282,1261,17830
Random Forest,4426,0.06366368893495679,966,9341,0.7660586835844568,0.5238923163208077,1261,17830
Random Forest,4427,0.06366276161489358,966,9347,0.7660586835844568,0.5242288278182838,1261,17830
Random Forest,4428,0.0636541626709566,966,9349,0.7660586835844568,0.5243409983174425,1261,17830
Random Forest,4429,0.06365361713152469,967,9355,0.7668517049960349,0.5246775098149187,1261,17830
Random Forest,4430,0.06365351270317758,967,9357,0.7668517049960349,0.5247896803140774,1261,17830
Random Forest,4431,0.06365119580128879,967,9361,0.7668517049960349,0.5250140213123948,1261,17830
Random Forest,4432,0.06365092091443506,967,9362,0.7668517049960349,0.5250701065619742,1261,17830
Random Forest,4433,0.06364911644629627,967,9363,0.7668517049960349,0.5251261918115535,1261,17830
Random Forest,4434,0.0636429640886657,967,9364,0.7668517049960349,0.525182277061133,1261,17830
Random Forest,4435,0.06364111143572809,967,9365,0.7668517049960349,0.5252383623107123,1261,17830
Random Forest,4436,0.0636396824279536,967,9367,0.7668517049960349,0.525350532809871,1261,17830
Random Forest,4437,0.063638792217683,967,9371,0.7668517049960349,0.5255748738081885,1261,17830
Random Forest,4438,0.06363105249044955,967,9372,0.7668517049960349,0.5256309590577678,1261,17830
Random Forest,4439,0.0636262665005956,967,9373,0.7668517049960349,0.5256870443073471,1261,17830
Random Forest,4440,0.06362476744832035,967,9379,0.7668517049960349,0.5260235558048233,1261,17830
Random Forest,4441,0.0636205659870331,967,9380,0.7668517049960349,0.5260796410544027,1261,17830
Random Forest,4442,0.06361908862228866,968,9380,0.767644726407613,0.5260796410544027,1261,17830
Random Forest,4443,0.06361670301154179,968,9381,0.767644726407613,0.5261357263039821,1261,17830
Random Forest,4444,0.06361351677645263,968,9384,0.767644726407613,0.5263039820527201,1261,17830
Random Forest,4445,0.06361221250564993,968,9385,0.767644726407613,0.5263600673022995,1261,17830
Random Forest,4446,0.06360907024405191,968,9386,0.767644726407613,0.5264161525518789,1261,17830
Random Forest,4447,0.06360876155511255,968,9387,0.767644726407613,0.5264722378014582,1261,17830
Random Forest,4448,0.0636020550423848,968,9388,0.767644726407613,0.5265283230510376,1261,17830
Random Forest,4449,0.06360074187621234,968,9390,0.767644726407613,0.5266404935501963,1261,17830
Random Forest,4450,0.06359898235650364,968,9391,0.767644726407613,0.5266965787997756,1261,17830
Random Forest,4451,0.06359879795458553,968,9393,0.767644726407613,0.5268087492989344,1261,17830
Random Forest,4452,0.06359749211764339,968,9394,0.767644726407613,0.5268648345485137,1261,17830
Random Forest,4453,0.06359287803489201,968,9395,0.767644726407613,0.5269209197980931,1261,17830
Random Forest,4454,0.06359243727831337,968,9396,0.767644726407613,0.5269770050476724,1261,17830
Random Forest,4455,0.06358932556707027,968,9415,0.767644726407613,0.5280426247896803,1261,17830
Random Forest,4456,0.06358404781474553,968,9420,0.767644726407613,0.5283230510375772,1261,17830
Random Forest,4457,0.0635832275496244,968,9422,0.767644726407613,0.5284352215367358,1261,17830
Random Forest,4458,0.0635819483514872,968,9423,0.767644726407613,0.5284913067863152,1261,17830
Random Forest,4459,0.06357889351555189,968,9430,0.767644726407613,0.5288839035333707,1261,17830
Random Forest,4460,0.06356894889143942,968,9431,0.767644726407613,0.5289399887829501,1261,17830
Random Forest,4461,0.06356530892595746,968,9432,0.767644726407613,0.5289960740325295,1261,17830
Random Forest,4462,0.06356520212700185,968,9433,0.767644726407613,0.5290521592821088,1261,17830
Random Forest,4463,0.0635579452688662,968,9436,0.767644726407613,0.5292204150308469,1261,17830
Random Forest,4464,0.06355587632008156,969,9439,0.7684377478191912,0.529388670779585,1261,17830
Random Forest,4465,0.06355472989031977,969,9440,0.7684377478191912,0.5294447560291643,1261,17830
Random Forest,4466,0.06355301817995541,969,9444,0.7684377478191912,0.5296690970274818,1261,17830
Random Forest,4467,0.06355130659419525,969,9445,0.7684377478191912,0.5297251822770611,1261,17830
Random Forest,4468,0.06355102070131505,969,9446,0.7684377478191912,0.5297812675266405,1261,17830
Random Forest,4469,0.0635500368471382,969,9447,0.7684377478191912,0.5298373527762199,1261,17830
Random Forest,4470,0.06354768075026443,969,9448,0.7684377478191912,0.5298934380257992,1261,17830
Random Forest,4471,0.06354667120289206,969,9449,0.7684377478191912,0.5299495232753786,1261,17830
Random Forest,4472,0.06354124757437757,970,9449,0.7692307692307693,0.5299495232753786,1261,17830
Random Forest,4473,0.06353775083641683,971,9460,0.7700237906423474,0.5305664610207516,1261,17830
Random Forest,4474,0.0635365357791272,971,9461,0.7700237906423474,0.5306225462703309,1261,17830
Random Forest,4475,0.06353194021194043,971,9462,0.7700237906423474,0.5306786315199102,1261,17830
Random Forest,4476,0.06353151048611276,971,9463,0.7700237906423474,0.5307347167694896,1261,17830
Random Forest,4477,0.06351956501523706,972,9463,0.7708168120539255,0.5307347167694896,1261,17830
Random Forest,4478,0.06351585706579799,972,9464,0.7708168120539255,0.530790802019069,1261,17830
Random Forest,4479,0.0635064210556345,972,9466,0.7708168120539255,0.5309029725182277,1261,17830
Random Forest,4480,0.06350409029787109,972,9467,0.7708168120539255,0.530959057767807,1261,17830
Random Forest,4481,0.06350349820139495,972,9468,0.7708168120539255,0.5310151430173864,1261,17830
Random Forest,4482,0.06349939096087949,972,9469,0.7708168120539255,0.5310712282669657,1261,17830
Random Forest,4483,0.06349849575505871,972,9470,0.7708168120539255,0.5311273135165452,1261,17830
Random Forest,4484,0.06349701562495541,972,9474,0.7708168120539255,0.5313516545148625,1261,17830
Random Forest,4485,0.06349110660569045,972,9475,0.7708168120539255,0.531407739764442,1261,17830
Random Forest,4486,0.0634898495782998,972,9476,0.7708168120539255,0.5314638250140213,1261,17830
Random Forest,4487,0.06348250133411217,972,9477,0.7708168120539255,0.5315199102636007,1261,17830
Random Forest,4488,0.06346685226514609,972,9478,0.7708168120539255,0.53157599551318,1261,17830
Random Forest,4489,0.06346425103287465,972,9479,0.7708168120539255,0.5316320807627594,1261,17830
Random Forest,4490,0.06345803836413876,972,9480,0.7708168120539255,0.5316881660123387,1261,17830
Random Forest,4491,0.06345783308059065,972,9481,0.7708168120539255,0.5317442512619182,1261,17830
Random Forest,4492,0.06343642765514172,972,9482,0.7708168120539255,0.5318003365114975,1261,17830
Random Forest,4493,0.06343589125572906,972,9483,0.7708168120539255,0.5318564217610768,1261,17830
Random Forest,4494,0.06343497058105724,972,9484,0.7708168120539255,0.5319125070106562,1261,17830
Random Forest,4495,0.06342248433131185,972,9485,0.7708168120539255,0.5319685922602355,1261,17830
Random Forest,4496,0.06341399735019117,972,9486,0.7708168120539255,0.532024677509815,1261,17830
Random Forest,4497,0.06341295296168628,972,9490,0.7708168120539255,0.5322490185081323,1261,17830
Random Forest,4498,0.06340238360030309,972,9495,0.7708168120539255,0.5325294447560291,1261,17830
Random Forest,4499,0.06340153687830494,972,9496,0.7708168120539255,0.5325855300056085,1261,17830
Random Forest,4500,0.06339401978437413,972,9497,0.7708168120539255,0.5326416152551879,1261,17830
Random Forest,4501,0.06339283094739258,972,9498,0.7708168120539255,0.5326977005047673,1261,17830
Random Forest,4502,0.06338652867906032,972,9499,0.7708168120539255,0.5327537857543466,1261,17830
Random Forest,4503,0.06338332947618583,972,9503,0.7708168120539255,0.5329781267526641,1261,17830
Random Forest,4504,0.06338172717235548,972,9505,0.7708168120539255,0.5330902972518228,1261,17830
Random Forest,4505,0.0633794560092386,977,9570,0.774781919111816,0.5367358384744813,1261,17830
Random Forest,4506,0.06337425487744296,978,9572,0.7755749405233942,0.5368480089736399,1261,17830
Random Forest,4507,0.06337423097047253,978,9574,0.7755749405233942,0.5369601794727986,1261,17830
Random Forest,4508,0.06337193438071163,978,9575,0.7755749405233942,0.5370162647223781,1261,17830
Random Forest,4509,0.06337025877921752,978,9576,0.7755749405233942,0.5370723499719574,1261,17830
Random Forest,4510,0.06336970267598753,978,9578,0.7755749405233942,0.5371845204711161,1261,17830
Random Forest,4511,0.0633672250784509,978,9579,0.7755749405233942,0.5372406057206954,1261,17830
Random Forest,4512,0.06336522927338968,978,9585,0.7755749405233942,0.5375771172181716,1261,17830
Random Forest,4513,0.06336436386427617,978,9587,0.7755749405233942,0.5376892877173304,1261,17830
Random Forest,4514,0.06336269300293024,978,9588,0.7755749405233942,0.5377453729669097,1261,17830
Random Forest,4515,0.06335772704952641,980,9590,0.7771609833465504,0.5378575434660684,1261,17830
Random Forest,4516,0.06335186373689647,981,9590,0.7779540047581285,0.5378575434660684,1261,17830
Random Forest,4517,0.06334744909691281,981,9591,0.7779540047581285,0.5379136287156477,1261,17830
Random Forest,4518,0.06333679807388756,981,9592,0.7779540047581285,0.5379697139652272,1261,17830
Random Forest,4519,0.0633346053919614,981,9595,0.7779540047581285,0.5381379697139652,1261,17830
Random Forest,4520,0.06333450999962165,981,9596,0.7779540047581285,0.5381940549635446,1261,17830
Random Forest,4521,0.06332261446820005,981,9597,0.7779540047581285,0.5382501402131239,1261,17830
Random Forest,4522,0.06332206953630412,981,9598,0.7779540047581285,0.5383062254627033,1261,17830
Random Forest,4523,0.06331678644874641,981,9599,0.7779540047581285,0.5383623107122827,1261,17830
Random Forest,4524,0.06330783166361532,981,9601,0.7779540047581285,0.5384744812114414,1261,17830
Random Forest,4525,0.06330780936451809,981,9602,0.7779540047581285,0.5385305664610207,1261,17830
Random Forest,4526,0.06330385052505096,981,9603,0.7779540047581285,0.5385866517106002,1261,17830
Random Forest,4527,0.0632993737288718,982,9603,0.7787470261697066,0.5385866517106002,1261,17830
Random Forest,4528,0.06329926067538369,982,9615,0.7787470261697066,0.5392596747055525,1261,17830
Random Forest,4529,0.06329273629859801,982,9617,0.7787470261697066,0.5393718452047112,1261,17830
Random Forest,4530,0.06328442554410178,982,9618,0.7787470261697066,0.5394279304542905,1261,17830
Random Forest,4531,0.06327864071747864,988,9669,0.7835051546391752,0.5422882781828379,1261,17830
Random Forest,4532,0.06327561116835265,988,9670,0.7835051546391752,0.5423443634324173,1261,17830
Random Forest,4533,0.06327320144123669,988,9671,0.7835051546391752,0.5424004486819967,1261,17830
Random Forest,4534,0.06327138152709989,988,9674,0.7835051546391752,0.5425687044307347,1261,17830
Random Forest,4535,0.06327095532896723,988,9675,0.7835051546391752,0.542624789680314,1261,17830
Random Forest,4536,0.06326918707167237,988,9676,0.7835051546391752,0.5426808749298935,1261,17830
Random Forest,4537,0.06326872682717782,988,9680,0.7835051546391752,0.5429052159282108,1261,17830
Random Forest,4538,0.06326867791400542,988,9681,0.7835051546391752,0.5429613011777903,1261,17830
Random Forest,4539,0.06326569980320335,988,9682,0.7835051546391752,0.5430173864273696,1261,17830
Random Forest,4540,0.06326398821744318,988,9683,0.7835051546391752,0.543073471676949,1261,17830
Random Forest,4541,0.06326021045092081,989,9686,0.7842981760507534,0.543241727425687,1261,17830
Random Forest,4542,0.06325444523076186,989,9775,0.7842981760507534,0.5482333146382501,1261,17830
Random Forest,4543,0.06325208495270206,989,9776,0.7842981760507534,0.5482893998878295,1261,17830
Random Forest,4544,0.06325160833318576,989,9777,0.7842981760507534,0.5483454851374089,1261,17830
Random Forest,4545,0.06325082639010837,989,9778,0.7842981760507534,0.5484015703869882,1261,17830
Random Forest,4546,0.06324902011772603,989,9780,0.7842981760507534,0.5485137408861469,1261,17830
Random Forest,4547,0.06324349193948871,989,9781,0.7842981760507534,0.5485698261357264,1261,17830
Random Forest,4548,0.06323617352334483,989,9790,0.7842981760507534,0.5490745933819405,1261,17830
Random Forest,4549,0.06323339275813492,989,9791,0.7842981760507534,0.5491306786315199,1261,17830
Random Forest,4550,0.0632333377300796,989,9793,0.7842981760507534,0.5492428491306787,1261,17830
Random Forest,4551,0.06322450626252908,989,9794,0.7842981760507534,0.549298934380258,1261,17830
Random Forest,4552,0.06322436571274202,989,9795,0.7842981760507534,0.5493550196298373,1261,17830
Random Forest,4553,0.0632121375018596,989,9796,0.7842981760507534,0.5494111048794167,1261,17830
Random Forest,4554,0.06320809595470174,989,9799,0.7842981760507534,0.5495793606281548,1261,17830
Random Forest,4555,0.06320539127398166,989,9800,0.7842981760507534,0.5496354458777342,1261,17830
Random Forest,4556,0.06320365442672275,989,9801,0.7842981760507534,0.5496915311273135,1261,17830
Random Forest,4557,0.06319975396142173,989,9810,0.7842981760507534,0.5501962983735278,1261,17830
Random Forest,4558,0.06319843243287611,989,9811,0.7842981760507534,0.5502523836231071,1261,17830
Random Forest,4559,0.0631938499344675,989,9812,0.7842981760507534,0.5503084688726865,1261,17830
Random Forest,4560,0.0631904001606722,989,9814,0.7842981760507534,0.5504206393718452,1261,17830
Random Forest,4561,0.06318789574529657,989,9815,0.7842981760507534,0.5504767246214246,1261,17830
Random Forest,4562,0.06318476029230004,989,9816,0.7842981760507534,0.550532809871004,1261,17830
Random Forest,4563,0.06317574449000155,993,9975,0.7874702616970658,0.5594503645541222,1261,17830
Random Forest,4564,0.06317562487834336,993,9976,0.7874702616970658,0.5595064498037017,1261,17830
Random Forest,4565,0.06317455696649908,993,9979,0.7874702616970658,0.5596747055524397,1261,17830
Random Forest,4566,0.06317172834125066,993,9980,0.7874702616970658,0.559730790802019,1261,17830
Random Forest,4567,0.06316776379706626,993,9988,0.7874702616970658,0.560179472798654,1261,17830
Random Forest,4568,0.06316642953985063,993,9989,0.7874702616970658,0.5602355580482333,1261,17830
Random Forest,4569,0.06316453858826232,993,9990,0.7874702616970658,0.5602916432978127,1261,17830
Random Forest,4570,0.06316275911591004,993,9991,0.7874702616970658,0.560347728547392,1261,17830
Random Forest,4571,0.06315556327113711,994,9991,0.7882632831086439,0.560347728547392,1261,17830
Random Forest,4572,0.06314122774471612,994,9994,0.7882632831086439,0.5605159842961301,1261,17830
Random Forest,4573,0.06314107446797859,994,9995,0.7882632831086439,0.5605720695457095,1261,17830
Random Forest,4574,0.06313826822496621,994,9996,0.7882632831086439,0.5606281547952888,1261,17830
Random Forest,4575,0.06313437770531369,994,9998,0.7882632831086439,0.5607403252944475,1261,17830
Random Forest,4576,0.06313154640740355,994,9999,0.7882632831086439,0.560796410544027,1261,17830
Random Forest,4577,0.06312890692077743,994,10000,0.7882632831086439,0.5608524957936063,1261,17830
Random Forest,4578,0.06312513470122856,994,10001,0.7882632831086439,0.5609085810431856,1261,17830
Random Forest,4579,0.06312334283681674,994,10002,0.7882632831086439,0.560964666292765,1261,17830
Random Forest,4580,0.06312157391998885,994,10003,0.7882632831086439,0.5610207515423443,1261,17830
Random Forest,4581,0.06312117002894495,994,10004,0.7882632831086439,0.5610768367919238,1261,17830
Random Forest,4582,0.06311698912792844,994,10006,0.7882632831086439,0.5611890072910825,1261,17830
Random Forest,4583,0.06311127443732975,994,10007,0.7882632831086439,0.5612450925406618,1261,17830
Random Forest,4584,0.06310848652416581,994,10008,0.7882632831086439,0.5613011777902411,1261,17830
Random Forest,4585,0.06310363878385224,994,10010,0.7882632831086439,0.5614133482893999,1261,17830
Random Forest,4586,0.06310276057021763,994,10011,0.7882632831086439,0.5614694335389793,1261,17830
Random Forest,4587,0.06310097411290655,994,10012,0.7882632831086439,0.5615255187885586,1261,17830
Random Forest,4588,0.06309917595622115,994,10013,0.7882632831086439,0.561581604038138,1261,17830
Random Forest,4589,0.06309107210804384,995,10015,0.789056304520222,0.5616937745372967,1261,17830
Random Forest,4590,0.06308577375078216,995,10016,0.789056304520222,0.5617498597868761,1261,17830
Random Forest,4591,0.06308243274814278,995,10017,0.789056304520222,0.5618059450364554,1261,17830
Random Forest,4592,0.06307674494520764,995,10019,0.789056304520222,0.5619181155356141,1261,17830
Random Forest,4593,0.06307132541000841,995,10020,0.789056304520222,0.5619742007851934,1261,17830
Random Forest,4594,0.06307019461308246,995,10021,0.789056304520222,0.5620302860347729,1261,17830
Random Forest,4595,0.06306828405031946,995,10026,0.789056304520222,0.5623107122826697,1261,17830
Random Forest,4596,0.0630634992407069,995,10027,0.789056304520222,0.562366797532249,1261,17830
Random Forest,4597,0.06306117309425022,995,10028,0.789056304520222,0.5624228827818284,1261,17830
Random Forest,4598,0.06305865190502234,995,10029,0.789056304520222,0.5624789680314077,1261,17830
Random Forest,4599,0.06305835777913407,995,10030,0.789056304520222,0.5625350532809871,1261,17830
Random Forest,4600,0.06305777707625039,995,10032,0.789056304520222,0.5626472237801459,1261,17830
Random Forest,4601,0.06305524604917172,995,10033,0.789056304520222,0.5627033090297252,1261,17830
Random Forest,4602,0.06305265946345576,995,10035,0.789056304520222,0.5628154795288839,1261,17830
Random Forest,4603,0.06304824540753982,995,10041,0.789056304520222,0.56315199102636,1261,17830
Random Forest,4604,0.06304540260532011,995,10042,0.789056304520222,0.5632080762759394,1261,17830
Random Forest,4605,0.06304036012142827,995,10043,0.789056304520222,0.5632641615255188,1261,17830
Random Forest,4606,0.06303646731291758,995,10044,0.789056304520222,0.5633202467750982,1261,17830
Random Forest,4607,0.06303505357672247,995,10045,0.789056304520222,0.5633763320246775,1261,17830
Random Forest,4608,0.06303475115955207,995,10046,0.789056304520222,0.5634324172742569,1261,17830
Random Forest,4609,0.06302695481634686,995,10047,0.789056304520222,0.5634885025238362,1261,17830
Random Forest,4610,0.06302229419821263,995,10048,0.789056304520222,0.5635445877734155,1261,17830
Random Forest,4611,0.0630207653927794,995,10049,0.789056304520222,0.563600673022995,1261,17830
Random Forest,4612,0.06301922735486767,995,10050,0.789056304520222,0.5636567582725743,1261,17830
Random Forest,4613,0.06301550418698955,995,10052,0.789056304520222,0.563768928771733,1261,17830
Random Forest,4614,0.0630135968321702,995,10053,0.789056304520222,0.5638250140213124,1261,17830
Random Forest,4615,0.06300751422234274,995,10054,0.789056304520222,0.5638810992708918,1261,17830
Random Forest,4616,0.0630016131089092,995,10056,0.789056304520222,0.5639932697700505,1261,17830
Random Forest,4617,0.06299652439102879,995,10059,0.789056304520222,0.5641615255187885,1261,17830
Random Forest,4618,0.06298945497329153,995,10060,0.789056304520222,0.564217610768368,1261,17830
Random Forest,4619,0.06298064589604821,995,10061,0.789056304520222,0.5642736960179473,1261,17830
Random Forest,4620,0.06297940121627107,995,10062,0.789056304520222,0.5643297812675266,1261,17830
Random Forest,4621,0.06297477936677955,995,10063,0.789056304520222,0.564385866517106,1261,17830
Random Forest,4622,0.0629698878471878,995,10064,0.789056304520222,0.5644419517666853,1261,17830
Random Forest,4623,0.0629682550655934,995,10068,0.789056304520222,0.5646662927650028,1261,17830
Random Forest,4624,0.06296791379140217,995,10070,0.789056304520222,0.5647784632641615,1261,17830
Random Forest,4625,0.06296690128200945,995,10071,0.789056304520222,0.5648345485137409,1261,17830
Random Forest,4626,0.06296566956784606,995,10072,0.789056304520222,0.5648906337633203,1261,17830
Random Forest,4627,0.06296360679284489,996,10072,0.7898493259318001,0.5648906337633203,1261,17830
Random Forest,4628,0.06295748500368761,996,10073,0.7898493259318001,0.5649467190128996,1261,17830
Random Forest,4629,0.06294077376876821,997,10073,0.7906423473433782,0.5649467190128996,1261,17830
Random Forest,4630,0.06293975925615382,997,10074,0.7906423473433782,0.565002804262479,1261,17830
Random Forest,4631,0.06293875477255075,997,10075,0.7906423473433782,0.5650588895120583,1261,17830
Random Forest,4632,0.06293570298646275,997,10077,0.7906423473433782,0.5651710600112171,1261,17830
Random Forest,4633,0.06293203690515176,997,10078,0.7906423473433782,0.5652271452607964,1261,17830
Random Forest,4634,0.06292866187504983,997,10079,0.7906423473433782,0.5652832305103758,1261,17830
Random Forest,4635,0.06292640640194987,997,10080,0.7906423473433782,0.5653393157599551,1261,17830
Random Forest,4636,0.06292478783435376,997,10081,0.7906423473433782,0.5653954010095344,1261,17830
Random Forest,4637,0.06292280971522388,997,10084,0.7906423473433782,0.5655636567582726,1261,17830
Random Forest,4638,0.0629144026839142,997,10085,0.7906423473433782,0.5656197420078519,1261,17830
Random Forest,4639,0.06290955857954572,997,10086,0.7906423473433782,0.5656758272574313,1261,17830
Random Forest,4640,0.06290332255034237,997,10087,0.7906423473433782,0.5657319125070106,1261,17830
Random Forest,4641,0.06290098778636856,997,10088,0.7906423473433782,0.56578799775659,1261,17830
Random Forest,4642,0.06290058113186223,997,10089,0.7906423473433782,0.5658440830061694,1261,17830
Random Forest,4643,0.06289535608508802,997,10090,0.7906423473433782,0.5659001682557487,1261,17830
Random Forest,4644,0.06289497406668747,997,10091,0.7906423473433782,0.5659562535053281,1261,17830
Random Forest,4645,0.06289387326307887,997,10092,0.7906423473433782,0.5660123387549074,1261,17830
Random Forest,4646,0.0628922682942718,997,10093,0.7906423473433782,0.5660684240044869,1261,17830
Random Forest,4647,0.06289154618692357,997,10094,0.7906423473433782,0.5661245092540662,1261,17830
Random Forest,4648,0.06288983460116342,997,10095,0.7906423473433782,0.5661805945036456,1261,17830
Random Forest,4649,0.06288663825969525,997,10096,0.7906423473433782,0.5662366797532249,1261,17830
Random Forest,4650,0.06287136701194408,997,10097,0.7906423473433782,0.5662927650028042,1261,17830
Random Forest,4651,0.06287091471783435,997,10098,0.7906423473433782,0.5663488502523836,1261,17830
Random Forest,4652,0.06286359728031345,997,10099,0.7906423473433782,0.566404935501963,1261,17830
Random Forest,4653,0.06286144652869936,997,10103,0.7906423473433782,0.5666292765002804,1261,17830
Random Forest,4654,0.06285911430917775,997,10104,0.7906423473433782,0.5666853617498598,1261,17830
Random Forest,4655,0.06285815803922865,997,10105,0.7906423473433782,0.5667414469994392,1261,17830
Random Forest,4656,0.06285813820919028,997,10110,0.7906423473433782,0.567021873247336,1261,17830
Random Forest,4657,0.06285588057104827,998,10111,0.7914353687549563,0.5670779584969153,1261,17830
Random Forest,4658,0.06285107906434341,998,10116,0.7914353687549563,0.5673583847448121,1261,17830
Random Forest,4659,0.0628494895891938,998,10117,0.7914353687549563,0.5674144699943915,1261,17830
Random Forest,4660,0.06284208835211728,998,10118,0.7914353687549563,0.5674705552439708,1261,17830
Random Forest,4661,0.06283905456797548,998,10121,0.7914353687549563,0.567638810992709,1261,17830
Random Forest,4662,0.06283521502700658,998,10122,0.7914353687549563,0.5676948962422883,1261,17830
Random Forest,4663,0.06282841623555918,998,10123,0.7914353687549563,0.5677509814918676,1261,17830
Random Forest,4664,0.06282281311612804,998,10124,0.7914353687549563,0.567807066741447,1261,17830
Random Forest,4665,0.06282115872278451,998,10125,0.7914353687549563,0.5678631519910263,1261,17830
Random Forest,4666,0.06281909122191406,998,10126,0.7914353687549563,0.5679192372406057,1261,17830
Random Forest,4667,0.06281680098890076,998,10127,0.7914353687549563,0.5679753224901851,1261,17830
Random Forest,4668,0.06281108041670032,998,10128,0.7914353687549563,0.5680314077397645,1261,17830
Random Forest,4669,0.06280740202722969,998,10129,0.7914353687549563,0.5680874929893438,1261,17830
Random Forest,4670,0.06280698739248668,998,10130,0.7914353687549563,0.5681435782389231,1261,17830
Random Forest,4671,0.0628038618916096,998,10131,0.7914353687549563,0.5681996634885025,1261,17830
Random Forest,4672,0.06280369923037926,998,10132,0.7914353687549563,0.5682557487380819,1261,17830
Random Forest,4673,0.06279856384974729,998,10133,0.7914353687549563,0.5683118339876613,1261,17830
Random Forest,4674,0.06279378002088883,998,10134,0.7914353687549563,0.5683679192372406,1261,17830
Random Forest,4675,0.06278968647131676,998,10135,0.7914353687549563,0.56842400448682,1261,17830
Random Forest,4676,0.06278563262098855,998,10138,0.7914353687549563,0.5685922602355581,1261,17830
Random Forest,4677,0.06277897078544578,998,10140,0.7914353687549563,0.5687044307347168,1261,17830
Random Forest,4678,0.06277411205835005,998,10141,0.7914353687549563,0.5687605159842961,1261,17830
Random Forest,4679,0.06276878956790674,998,10142,0.7914353687549563,0.5688166012338755,1261,17830
Random Forest,4680,0.06275895189212147,998,10143,0.7914353687549563,0.5688726864834549,1261,17830
Random Forest,4681,0.0627588388635538,998,10147,0.7914353687549563,0.5690970274817723,1261,17830
Random Forest,4682,0.0627541478811396,998,10149,0.7914353687549563,0.5692091979809311,1261,17830
Random Forest,4683,0.06275299519649506,998,10156,0.7914353687549563,0.5696017947279866,1261,17830
Random Forest,4684,0.06274766778737471,999,10156,0.7922283901665345,0.5696017947279866,1261,17830
Random Forest,4685,0.06274494537720214,1010,10209,0.8009516256938938,0.5725743129556926,1261,17830
Random Forest,4686,0.06274320950465244,1010,10210,0.8009516256938938,0.5726303982052721,1261,17830
Random Forest,4687,0.06273995577631634,1010,10211,0.8009516256938938,0.5726864834548514,1261,17830
Random Forest,4688,0.0627380552054588,1010,10212,0.8009516256938938,0.5727425687044307,1261,17830
Random Forest,4689,0.06272813812770381,1010,10213,0.8009516256938938,0.5727986539540101,1261,17830
Random Forest,4690,0.06272442107993095,1010,10214,0.8009516256938938,0.5728547392035894,1261,17830
Random Forest,4691,0.06272234704859041,1010,10215,0.8009516256938938,0.5729108244531688,1261,17830
Random Forest,4692,0.0627208709402642,1010,10216,0.8009516256938938,0.5729669097027482,1261,17830
Random Forest,4693,0.0627140050553104,1010,10221,0.8009516256938938,0.573247335950645,1261,17830
Random Forest,4694,0.06271103161534755,1010,10222,0.8009516256938938,0.5733034212002244,1261,17830
Random Forest,4695,0.06271071689320298,1010,10225,0.8009516256938938,0.5734716769489624,1261,17830
Random Forest,4696,0.06271023210324836,1010,10229,0.8009516256938938,0.5736960179472799,1261,17830
Random Forest,4697,0.06270268962206753,1010,10239,0.8009516256938938,0.5742568704430735,1261,17830
Random Forest,4698,0.06269951616876607,1010,10241,0.8009516256938938,0.5743690409422322,1261,17830
Random Forest,4699,0.06269670413414048,1010,10242,0.8009516256938938,0.5744251261918115,1261,17830
Random Forest,4700,0.06269423339058657,1010,10244,0.8009516256938938,0.5745372966909703,1261,17830
Random Forest,4701,0.06269067037246552,1010,10245,0.8009516256938938,0.5745933819405497,1261,17830
Random Forest,4702,0.0626877767276204,1010,10246,0.8009516256938938,0.574649467190129,1261,17830
Random Forest,4703,0.06268721129787563,1010,10252,0.8009516256938938,0.5749859786876051,1261,17830
Random Forest,4704,0.06268547687586674,1010,10253,0.8009516256938938,0.5750420639371845,1261,17830
Random Forest,4705,0.06268171789834732,1010,10254,0.8009516256938938,0.5750981491867638,1261,17830
Random Forest,4706,0.06266320182645545,1010,10284,0.8009516256938938,0.5767807066741447,1261,17830
Random Forest,4707,0.06266171358246071,1010,10289,0.8009516256938938,0.5770611329220415,1261,17830
Random Forest,4708,0.06265119840242,1010,10290,0.8009516256938938,0.5771172181716209,1261,17830
Random Forest,4709,0.06264138892432893,1010,10291,0.8009516256938938,0.5771733034212002,1261,17830
Random Forest,4710,0.06263765094771549,1010,10292,0.8009516256938938,0.5772293886707796,1261,17830
Random Forest,4711,0.06263143874275467,1010,10293,0.8009516256938938,0.5772854739203589,1261,17830
Random Forest,4712,0.06262774843998388,1010,10294,0.8009516256938938,0.5773415591699383,1261,17830
Random Forest,4713,0.0626198660065335,1010,10295,0.8009516256938938,0.5773976444195177,1261,17830
Random Forest,4714,0.0626134270501098,1010,10296,0.8009516256938938,0.577453729669097,1261,17830
Random Forest,4715,0.06260434542000837,1010,10297,0.8009516256938938,0.5775098149186764,1261,17830
Random Forest,4716,0.0625905219209329,1010,10299,0.8009516256938938,0.5776219854178352,1261,17830
Random Forest,4717,0.06258253514420813,1010,10360,0.8009516256938938,0.5810431856421762,1261,17830
Random Forest,4718,0.06256907510689916,1010,10361,0.8009516256938938,0.5810992708917555,1261,17830
Random Forest,4719,0.06256770491639906,1010,10362,0.8009516256938938,0.5811553561413348,1261,17830
Random Forest,4720,0.06256765926950432,1010,10363,0.8009516256938938,0.5812114413909142,1261,17830
Random Forest,4721,0.06256496109794497,1010,10364,0.8009516256938938,0.5812675266404935,1261,17830
Random Forest,4722,0.06256269368000326,1010,10365,0.8009516256938938,0.5813236118900729,1261,17830
Random Forest,4723,0.06256267411361237,1011,10365,0.8017446471054719,0.5813236118900729,1261,17830
Random Forest,4724,0.06255639556309742,1011,10368,0.8017446471054719,0.581491867638811,1261,17830
Random Forest,4725,0.06255199273523922,1011,10372,0.8017446471054719,0.5817162086371285,1261,17830
Random Forest,4726,0.06254473332912859,1011,10373,0.8017446471054719,0.5817722938867078,1261,17830
Random Forest,4727,0.0625418164499891,1011,10375,0.8017446471054719,0.5818844643858665,1261,17830
Random Forest,4728,0.06253106497574797,1011,10376,0.8017446471054719,0.5819405496354458,1261,17830
Random Forest,4729,0.062527709671122,1011,10383,0.8017446471054719,0.5823331463825014,1261,17830
Random Forest,4730,0.06252706777715837,1011,10384,0.8017446471054719,0.5823892316320808,1261,17830
Random Forest,4731,0.06252628868217053,1011,10385,0.8017446471054719,0.5824453168816601,1261,17830
Random Forest,4732,0.0625113630828321,1011,10390,0.8017446471054719,0.5827257431295569,1261,17830
Random Forest,4733,0.06251042346403103,1011,10391,0.8017446471054719,0.5827818283791363,1261,17830
Random Forest,4734,0.06250298306806093,1011,10392,0.8017446471054719,0.5828379136287156,1261,17830
Random Forest,4735,0.06250296152344345,1011,10393,0.8017446471054719,0.582893998878295,1261,17830
Random Forest,4736,0.06250171964590104,1011,10394,0.8017446471054719,0.5829500841278744,1261,17830
Random Forest,4737,0.06249941554264389,1011,10395,0.8017446471054719,0.5830061693774538,1261,17830
Random Forest,4738,0.062498240423711056,1011,10396,0.8017446471054719,0.5830622546270331,1261,17830
Random Forest,4739,0.062494850058274404,1011,10397,0.8017446471054719,0.5831183398766124,1261,17830
Random Forest,4740,0.06248476799741927,1011,10398,0.8017446471054719,0.5831744251261918,1261,17830
Random Forest,4741,0.0624734525641764,1011,10399,0.8017446471054719,0.5832305103757712,1261,17830
Random Forest,4742,0.06247278246331293,1011,10401,0.8017446471054719,0.5833426808749299,1261,17830
Random Forest,4743,0.06247019059970956,1011,10403,0.8017446471054719,0.5834548513740886,1261,17830
Random Forest,4744,0.062469691776436104,1011,10404,0.8017446471054719,0.5835109366236679,1261,17830
Random Forest,4745,0.06246701928305474,1011,10405,0.8017446471054719,0.5835670218732474,1261,17830
Random Forest,4746,0.06245901039806293,1012,10407,0.80253766851705,0.5836791923724061,1261,17830
Random Forest,4747,0.062447705609334395,1012,10408,0.80253766851705,0.5837352776219854,1261,17830
Random Forest,4748,0.062447014531134,1012,10409,0.80253766851705,0.5837913628715647,1261,17830
Random Forest,4749,0.06243856191062351,1012,10410,0.80253766851705,0.5838474481211441,1261,17830
Random Forest,4750,0.062434940604936415,1012,10411,0.80253766851705,0.5839035333707235,1261,17830
Random Forest,4751,0.06243486205878233,1012,10412,0.80253766851705,0.5839596186203029,1261,17830
Random Forest,4752,0.0624340854399821,1012,10416,0.80253766851705,0.5841839596186204,1261,17830
Random Forest,4753,0.06243247652456958,1012,10417,0.80253766851705,0.5842400448681997,1261,17830
Random Forest,4754,0.062427692702977725,1012,10418,0.80253766851705,0.584296130117779,1261,17830
Random Forest,4755,0.06241327912266072,1012,10419,0.80253766851705,0.5843522153673584,1261,17830
Random Forest,4756,0.06241041685221666,1012,10420,0.80253766851705,0.5844083006169377,1261,17830
Random Forest,4757,0.062403742669722054,1012,10421,0.80253766851705,0.584464385866517,1261,17830
Random Forest,4758,0.06239796763262267,1012,10422,0.80253766851705,0.5845204711160965,1261,17830
Random Forest,4759,0.06239335557773647,1012,10423,0.80253766851705,0.5845765563656758,1261,17830
Random Forest,4760,0.062385840257225676,1012,10426,0.80253766851705,0.5847448121144139,1261,17830
Random Forest,4761,0.062377947868535656,1012,10427,0.80253766851705,0.5848008973639933,1261,17830
Random Forest,4762,0.062376631504770984,1012,10428,0.80253766851705,0.5848569826135727,1261,17830
Random Forest,4763,0.062376372411163325,1012,10429,0.80253766851705,0.584913067863152,1261,17830
Random Forest,4764,0.06237462185650474,1012,10430,0.80253766851705,0.5849691531127313,1261,17830
Random Forest,4765,0.06237221351215438,1012,10433,0.80253766851705,0.5851374088614695,1261,17830
Random Forest,4766,0.062371674469893765,1012,10434,0.80253766851705,0.5851934941110488,1261,17830
Random Forest,4767,0.06237050192639423,1012,10438,0.80253766851705,0.5854178351093663,1261,17830
Random Forest,4768,0.0623703396783565,1012,10439,0.80253766851705,0.5854739203589456,1261,17830
Random Forest,4769,0.062366020790254426,1012,10440,0.80253766851705,0.585530005608525,1261,17830
Random Forest,4770,0.06235978934990432,1012,10441,0.80253766851705,0.5855860908581043,1261,17830
Random Forest,4771,0.062357527439110286,1012,10442,0.80253766851705,0.5856421761076837,1261,17830
Random Forest,4772,0.06235706598843179,1012,10443,0.80253766851705,0.585698261357263,1261,17830
Random Forest,4773,0.06235403219395772,1012,10447,0.80253766851705,0.5859226023555805,1261,17830
Random Forest,4774,0.0623507042675541,1012,10448,0.80253766851705,0.5859786876051598,1261,17830
Random Forest,4775,0.06234710570846788,1012,10450,0.80253766851705,0.5860908581043186,1261,17830
Random Forest,4776,0.062345248579423675,1012,10451,0.80253766851705,0.5861469433538979,1261,17830
Random Forest,4777,0.06234069015678596,1012,10452,0.80253766851705,0.5862030286034773,1261,17830
Random Forest,4778,0.062340622396833335,1012,10453,0.80253766851705,0.5862591138530566,1261,17830
Random Forest,4779,0.06234045139929033,1012,10454,0.80253766851705,0.586315199102636,1261,17830
Random Forest,4780,0.06234029149217419,1012,10455,0.80253766851705,0.5863712843522154,1261,17830
Random Forest,4781,0.06233853640079732,1012,10456,0.80253766851705,0.5864273696017948,1261,17830
Random Forest,4782,0.06233825778234555,1012,10457,0.80253766851705,0.5864834548513741,1261,17830
Random Forest,4783,0.06233441851543263,1012,10458,0.80253766851705,0.5865395401009534,1261,17830
Random Forest,4784,0.06233370350302889,1012,10463,0.80253766851705,0.5868199663488503,1261,17830
Random Forest,4785,0.06233105234125621,1012,10464,0.80253766851705,0.5868760515984296,1261,17830
Random Forest,4786,0.06232900137563898,1012,10465,0.80253766851705,0.5869321368480089,1261,17830
Random Forest,4787,0.06232559122975755,1012,10466,0.80253766851705,0.5869882220975884,1261,17830
Random Forest,4788,0.06232275567734809,1012,10469,0.80253766851705,0.5871564778463264,1261,17830
Random Forest,4789,0.0623194286361319,1012,10474,0.80253766851705,0.5874369040942232,1261,17830
Random Forest,4790,0.06231386464470668,1012,10475,0.80253766851705,0.5874929893438026,1261,17830
Random Forest,4791,0.06231381695117905,1012,10477,0.80253766851705,0.5876051598429614,1261,17830
Random Forest,4792,0.062303278128955634,1012,10478,0.80253766851705,0.5876612450925407,1261,17830
Random Forest,4793,0.062301481325814916,1012,10480,0.80253766851705,0.5877734155916994,1261,17830
Random Forest,4794,0.06229322187933444,1012,10481,0.80253766851705,0.5878295008412787,1261,17830
Random Forest,4795,0.06229161469624841,1013,10481,0.8033306899286281,0.5878295008412787,1261,17830
Random Forest,4796,0.06228509769968642,1013,10482,0.8033306899286281,0.5878855860908581,1261,17830
Random Forest,4797,0.06228356916205004,1013,10483,0.8033306899286281,0.5879416713404375,1261,17830
Random Forest,4798,0.062281042840592174,1013,10484,0.8033306899286281,0.5879977565900169,1261,17830
Random Forest,4799,0.06227967852671425,1013,10485,0.8033306899286281,0.5880538418395962,1261,17830
Random Forest,4800,0.06227923117497811,1013,10488,0.8033306899286281,0.5882220975883342,1261,17830
Random Forest,4801,0.062276339284474624,1013,10489,0.8033306899286281,0.5882781828379137,1261,17830
Random Forest,4802,0.062273089957442455,1013,10490,0.8033306899286281,0.588334268087493,1261,17830
Random Forest,4803,0.06227295685414592,1013,10491,0.8033306899286281,0.5883903533370723,1261,17830
Random Forest,4804,0.062267957415397396,1013,10492,0.8033306899286281,0.5884464385866517,1261,17830
Random Forest,4805,0.0622549845129765,1014,10502,0.8041237113402062,0.5890072910824453,1261,17830
Random Forest,4806,0.06225240942856998,1014,10503,0.8041237113402062,0.5890633763320247,1261,17830
Random Forest,4807,0.062249701734796985,1015,10507,0.8049167327517843,0.5892877173303421,1261,17830
Random Forest,4808,0.06224763575835533,1015,10509,0.8049167327517843,0.5893998878295008,1261,17830
Random Forest,4809,0.06224760974327887,1015,10510,0.8049167327517843,0.5894559730790802,1261,17830
Random Forest,4810,0.06224684838041345,1015,10511,0.8049167327517843,0.5895120583286596,1261,17830
Random Forest,4811,0.06224527544516926,1015,10514,0.8049167327517843,0.5896803140773976,1261,17830
Random Forest,4812,0.0622446196295157,1015,10516,0.8049167327517843,0.5897924845765564,1261,17830
Random Forest,4813,0.06224427079506058,1015,10517,0.8049167327517843,0.5898485698261358,1261,17830
Random Forest,4814,0.062241605217593504,1015,10518,0.8049167327517843,0.5899046550757151,1261,17830
Random Forest,4815,0.062240044890328854,1016,10518,0.8057097541633624,0.5899046550757151,1261,17830
Random Forest,4816,0.062239713686614365,1016,10520,0.8057097541633624,0.5900168255748738,1261,17830
Random Forest,4817,0.06223830965114434,1016,10521,0.8057097541633624,0.5900729108244531,1261,17830
Random Forest,4818,0.062230517032091655,1016,10522,0.8057097541633624,0.5901289960740326,1261,17830
Random Forest,4819,0.0622297733401718,1016,10523,0.8057097541633624,0.5901850813236119,1261,17830
Random Forest,4820,0.062227323867416834,1016,10524,0.8057097541633624,0.5902411665731913,1261,17830
Random Forest,4821,0.062224333753770435,1016,10525,0.8057097541633624,0.5902972518227706,1261,17830
Random Forest,4822,0.06221978397985031,1016,10526,0.8057097541633624,0.5903533370723499,1261,17830
Random Forest,4823,0.062212031089209446,1016,10527,0.8057097541633624,0.5904094223219293,1261,17830
Random Forest,4824,0.06220942023351364,1016,10528,0.8057097541633624,0.5904655075715087,1261,17830
Random Forest,4825,0.062207407097446744,1018,10534,0.8072957969865187,0.5908020190689849,1261,17830
Random Forest,4826,0.062206788040318504,1018,10541,0.8072957969865187,0.5911946158160404,1261,17830
Random Forest,4827,0.06219881617658403,1018,10544,0.8072957969865187,0.5913628715647785,1261,17830
Random Forest,4828,0.06219685726853936,1018,10545,0.8072957969865187,0.5914189568143579,1261,17830
Random Forest,4829,0.06219169894057835,1018,10551,0.8072957969865187,0.591755468311834,1261,17830
Random Forest,4830,0.062190826209868,1018,10552,0.8072957969865187,0.5918115535614134,1261,17830
Random Forest,4831,0.06219014695852144,1018,10563,0.8072957969865187,0.5924284913067863,1261,17830
Random Forest,4832,0.062187461986750764,1018,10564,0.8072957969865187,0.5924845765563657,1261,17830
Random Forest,4833,0.06218712596707946,1018,10565,0.8072957969865187,0.592540661805945,1261,17830
Random Forest,4834,0.062183356947298346,1018,10579,0.8072957969865187,0.5933258553000561,1261,17830
Random Forest,4835,0.062181165442507354,1018,10580,0.8072957969865187,0.5933819405496354,1261,17830
Random Forest,4836,0.062180068785190924,1018,10581,0.8072957969865187,0.5934380257992148,1261,17830
Random Forest,4837,0.06217653240699264,1018,10582,0.8072957969865187,0.5934941110487941,1261,17830
Random Forest,4838,0.062171300496772205,1018,10583,0.8072957969865187,0.5935501962983736,1261,17830
Random Forest,4839,0.0621707760906967,1018,10584,0.8072957969865187,0.5936062815479529,1261,17830
Random Forest,4840,0.06216466113833331,1018,10585,0.8072957969865187,0.5936623667975323,1261,17830
Random Forest,4841,0.06215551137388375,1018,10586,0.8072957969865187,0.5937184520471116,1261,17830
Random Forest,4842,0.06215221549801908,1018,10587,0.8072957969865187,0.5937745372966909,1261,17830
Random Forest,4843,0.062141264868503104,1018,10588,0.8072957969865187,0.5938306225462703,1261,17830
Random Forest,4844,0.06213844899620434,1018,10589,0.8072957969865187,0.5938867077958497,1261,17830
Random Forest,4845,0.06213711830563427,1019,10589,0.8080888183980968,0.5938867077958497,1261,17830
Random Forest,4846,0.06213352591043672,1019,10591,0.8080888183980968,0.5939988782950084,1261,17830
Random Forest,4847,0.06212562985664115,1019,10592,0.8080888183980968,0.5940549635445878,1261,17830
Random Forest,4848,0.06211514939328015,1019,10593,0.8080888183980968,0.5941110487941671,1261,17830
Random Forest,4849,0.0621089419159737,1019,10594,0.8080888183980968,0.5941671340437465,1261,17830
Random Forest,4850,0.062102054930429494,1019,10595,0.8080888183980968,0.5942232192933259,1261,17830
Random Forest,4851,0.062099364369189766,1019,10596,0.8080888183980968,0.5942793045429052,1261,17830
Random Forest,4852,0.062093792829925235,1019,10597,0.8080888183980968,0.5943353897924846,1261,17830
Random Forest,4853,0.06206756485427918,1019,10598,0.8080888183980968,0.5943914750420639,1261,17830
Random Forest,4854,0.062066147308429145,1019,10600,0.8080888183980968,0.5945036455412227,1261,17830
Random Forest,4855,0.0620631918737672,1019,10602,0.8080888183980968,0.5946158160403814,1261,17830
Random Forest,4856,0.06205652133626338,1019,10603,0.8080888183980968,0.5946719012899607,1261,17830
Random Forest,4857,0.06205616270936666,1019,10604,0.8080888183980968,0.5947279865395401,1261,17830
Random Forest,4858,0.062054997480305,1019,10605,0.8080888183980968,0.5947840717891194,1261,17830
Random Forest,4859,0.062053810573071216,1019,10609,0.8080888183980968,0.5950084127874369,1261,17830
Random Forest,4860,0.062047453463079404,1019,10610,0.8080888183980968,0.5950644980370162,1261,17830
Random Forest,4861,0.06204583305857186,1019,10611,0.8080888183980968,0.5951205832865957,1261,17830
Random Forest,4862,0.06204234205102578,1019,10612,0.8080888183980968,0.595176668536175,1261,17830
Random Forest,4863,0.06204054357326043,1019,10613,0.8080888183980968,0.5952327537857544,1261,17830
Random Forest,4864,0.062038696491324395,1019,10614,0.8080888183980968,0.5952888390353337,1261,17830
Random Forest,4865,0.06203819231997875,1019,10616,0.8080888183980968,0.5954010095344924,1261,17830
Random Forest,4866,0.06203154807857907,1019,10618,0.8080888183980968,0.5955131800336512,1261,17830
Random Forest,4867,0.062025747455085364,1019,10620,0.8080888183980968,0.5956253505328098,1261,17830
Random Forest,4868,0.06202561417672076,1019,10621,0.8080888183980968,0.5956814357823892,1261,17830
Random Forest,4869,0.06202293542045977,1019,10622,0.8080888183980968,0.5957375210319686,1261,17830
Random Forest,4870,0.062022167056103875,1020,10625,0.8088818398096749,0.5959057767807067,1261,17830
Random Forest,4871,0.06202004664479665,1020,10626,0.8088818398096749,0.595961862030286,1261,17830
Random Forest,4872,0.06201570556557902,1021,10626,0.809674861221253,0.595961862030286,1261,17830
Random Forest,4873,0.062015167007575915,1022,10628,0.8104678826328311,0.5960740325294448,1261,17830
Random Forest,4874,0.06200283034074427,1022,10629,0.8104678826328311,0.5961301177790241,1261,17830
Random Forest,4875,0.061995262568542264,1022,10632,0.8104678826328311,0.5962983735277622,1261,17830
Random Forest,4876,0.061993190264778716,1022,10633,0.8104678826328311,0.5963544587773416,1261,17830
Random Forest,4877,0.06199224144529528,1022,10634,0.8104678826328311,0.596410544026921,1261,17830
Random Forest,4878,0.06198608701604662,1022,10635,0.8104678826328311,0.5964666292765003,1261,17830
Random Forest,4879,0.061978250888127445,1022,10637,0.8104678826328311,0.596578799775659,1261,17830
Random Forest,4880,0.06197652555740933,1022,10638,0.8104678826328311,0.5966348850252383,1261,17830
Random Forest,4881,0.061975823569747596,1022,10639,0.8104678826328311,0.5966909702748178,1261,17830
Random Forest,4882,0.06197127286711261,1022,10640,0.8104678826328311,0.5967470555243971,1261,17830
Random Forest,4883,0.061967988943917404,1022,10641,0.8104678826328311,0.5968031407739764,1261,17830
Random Forest,4884,0.061967365593907954,1022,10642,0.8104678826328311,0.5968592260235558,1261,17830
Random Forest,4885,0.06196412075850641,1022,10643,0.8104678826328311,0.5969153112731351,1261,17830
Random Forest,4886,0.061955147562593245,1022,10644,0.8104678826328311,0.5969713965227146,1261,17830
Random Forest,4887,0.06195411988940721,1022,10647,0.8104678826328311,0.5971396522714526,1261,17830
Random Forest,4888,0.06194927255372266,1023,10654,0.8112609040444092,0.5975322490185081,1261,17830
Random Forest,4889,0.06194748893848248,1023,10655,0.8112609040444092,0.5975883342680874,1261,17830
Random Forest,4890,0.06193222488908381,1023,10656,0.8112609040444092,0.5976444195176669,1261,17830
Random Forest,4891,0.061927681856364804,1023,10664,0.8112609040444092,0.5980931015143017,1261,17830
Random Forest,4892,0.06191813907076149,1023,10665,0.8112609040444092,0.5981491867638811,1261,17830
Random Forest,4893,0.06190807464521102,1023,10666,0.8112609040444092,0.5982052720134604,1261,17830
Random Forest,4894,0.061906412701100484,1023,10668,0.8112609040444092,0.5983174425126192,1261,17830
Random Forest,4895,0.06190343733197004,1023,10699,0.8112609040444092,0.6000560852495793,1261,17830
Random Forest,4896,0.06189786686612786,1023,10700,0.8112609040444092,0.6001121704991588,1261,17830
Random Forest,4897,0.06189715627762714,1023,10701,0.8112609040444092,0.6001682557487381,1261,17830
Random Forest,4898,0.06189432396580849,1023,10702,0.8112609040444092,0.6002243409983175,1261,17830
Random Forest,4899,0.061891417149084214,1023,10703,0.8112609040444092,0.6002804262478968,1261,17830
Random Forest,4900,0.06188329548167801,1023,10704,0.8112609040444092,0.6003365114974761,1261,17830
Random Forest,4901,0.061875149172800195,1023,10705,0.8112609040444092,0.6003925967470555,1261,17830
Random Forest,4902,0.061875010880971255,1023,10706,0.8112609040444092,0.6004486819966349,1261,17830
Random Forest,4903,0.061875006132467915,1023,10714,0.8112609040444092,0.6008973639932698,1261,17830
Random Forest,4904,0.06187440741712915,1023,10715,0.8112609040444092,0.6009534492428491,1261,17830
Random Forest,4905,0.06186828328784639,1023,10717,0.8112609040444092,0.6010656197420079,1261,17830
Random Forest,4906,0.061866674750585125,1023,10718,0.8112609040444092,0.6011217049915872,1261,17830
Random Forest,4907,0.06185953488062416,1024,10720,0.8120539254559873,0.6012338754907459,1261,17830
Random Forest,4908,0.06185913929684012,1024,10721,0.8120539254559873,0.6012899607403253,1261,17830
Random Forest,4909,0.061856191169485174,1024,10723,0.8120539254559873,0.601402131239484,1261,17830
Random Forest,4910,0.06185176885549427,1026,10723,0.8136399682791435,0.601402131239484,1261,17830
Random Forest,4911,0.061850157896215154,1026,10724,0.8136399682791435,0.6014582164890634,1261,17830
Random Forest,4912,0.06184866842395984,1026,10725,0.8136399682791435,0.6015143017386427,1261,17830
Random Forest,4913,0.06184752611770749,1026,10726,0.8136399682791435,0.6015703869882221,1261,17830
Random Forest,4914,0.06184362046730079,1026,10727,0.8136399682791435,0.6016264722378014,1261,17830
Random Forest,4915,0.06184337723006402,1026,10730,0.8136399682791435,0.6017947279865395,1261,17830
Random Forest,4916,0.06184148953041162,1026,10733,0.8136399682791435,0.6019629837352776,1261,17830
Random Forest,4917,0.06184074912662394,1026,10735,0.8136399682791435,0.6020751542344364,1261,17830
Random Forest,4918,0.06183649897248591,1026,10736,0.8136399682791435,0.6021312394840157,1261,17830
Random Forest,4919,0.06183509373159992,1026,10737,0.8136399682791435,0.602187324733595,1261,17830
Random Forest,4920,0.061834699519188525,1027,10755,0.8144329896907216,0.6031968592260235,1261,17830
Random Forest,4921,0.06183435451859584,1027,10756,0.8144329896907216,0.603252944475603,1261,17830
Random Forest,4922,0.0618301367841165,1027,10757,0.8144329896907216,0.6033090297251823,1261,17830
Random Forest,4923,0.06182139934440337,1027,10760,0.8144329896907216,0.6034772854739203,1261,17830
Random Forest,4924,0.06181883859796803,1027,10761,0.8144329896907216,0.6035333707234998,1261,17830
Random Forest,4925,0.061818709479285104,1027,10762,0.8144329896907216,0.6035894559730791,1261,17830
Random Forest,4926,0.061815295520525594,1027,10771,0.8144329896907216,0.6040942232192933,1261,17830
Random Forest,4927,0.0618150750922611,1027,10772,0.8144329896907216,0.6041503084688726,1261,17830
Random Forest,4928,0.061814600471411615,1028,10778,0.8152260111022998,0.6044868199663489,1261,17830
Random Forest,4929,0.061806967949797995,1028,10779,0.8152260111022998,0.6045429052159282,1261,17830
Random Forest,4930,0.06180613147018019,1028,10780,0.8152260111022998,0.6045989904655076,1261,17830
Random Forest,4931,0.06180064388030856,1028,10781,0.8152260111022998,0.6046550757150869,1261,17830
Random Forest,4932,0.06180050206972166,1028,10782,0.8152260111022998,0.6047111609646663,1261,17830
Random Forest,4933,0.06179031314450172,1028,10783,0.8152260111022998,0.6047672462142456,1261,17830
Random Forest,4934,0.061789034448688725,1028,10785,0.8152260111022998,0.6048794167134044,1261,17830
Random Forest,4935,0.06178808245681558,1028,10786,0.8152260111022998,0.6049355019629837,1261,17830
Random Forest,4936,0.061786662104587046,1028,10787,0.8152260111022998,0.6049915872125631,1261,17830
Random Forest,4937,0.06178378551484388,1028,10788,0.8152260111022998,0.6050476724621424,1261,17830
Random Forest,4938,0.06178216683562391,1028,10790,0.8152260111022998,0.6051598429613012,1261,17830
Random Forest,4939,0.06177624757474296,1029,10790,0.8160190325138779,0.6051598429613012,1261,17830
Random Forest,4940,0.06177328945719336,1029,10791,0.8160190325138779,0.6052159282108805,1261,17830
Random Forest,4941,0.06177106787857208,1030,10791,0.816812053925456,0.6052159282108805,1261,17830
Random Forest,4942,0.06177055681409772,1030,10792,0.816812053925456,0.6052720134604599,1261,17830
Random Forest,4943,0.061766317148594194,1030,10793,0.816812053925456,0.6053280987100392,1261,17830
Random Forest,4944,0.06176379662092853,1030,10794,0.816812053925456,0.6053841839596186,1261,17830
Random Forest,4945,0.061762573771322396,1030,10798,0.816812053925456,0.605608524957936,1261,17830
Random Forest,4946,0.06175954180811687,1030,10799,0.816812053925456,0.6056646102075154,1261,17830
Random Forest,4947,0.06175878651831799,1030,10800,0.816812053925456,0.6057206954570948,1261,17830
Random Forest,4948,0.06175370577830895,1030,10801,0.816812053925456,0.6057767807066742,1261,17830
Random Forest,4949,0.061746245002969345,1030,10802,0.816812053925456,0.6058328659562535,1261,17830
Random Forest,4950,0.0617424418494304,1030,10820,0.816812053925456,0.606842400448682,1261,17830
Random Forest,4951,0.061737159071250894,1030,10822,0.816812053925456,0.6069545709478407,1261,17830
Random Forest,4952,0.061737154446940216,1030,10823,0.816812053925456,0.6070106561974201,1261,17830
Random Forest,4953,0.061729545641511244,1031,10823,0.8176050753370341,0.6070106561974201,1261,17830
Random Forest,4954,0.061726977019887254,1031,10824,0.8176050753370341,0.6070667414469995,1261,17830
Random Forest,4955,0.06172576698759825,1031,10825,0.8176050753370341,0.6071228266965788,1261,17830
Random Forest,4956,0.06172288408376265,1031,10826,0.8176050753370341,0.6071789119461581,1261,17830
Random Forest,4957,0.06172071221555966,1031,10831,0.8176050753370341,0.607459338194055,1261,17830
Random Forest,4958,0.0617112520669971,1031,10832,0.8176050753370341,0.6075154234436343,1261,17830
Random Forest,4959,0.06171077350161957,1031,10833,0.8176050753370341,0.6075715086932136,1261,17830
Random Forest,4960,0.06171070649150477,1031,10834,0.8176050753370341,0.6076275939427931,1261,17830
Random Forest,4961,0.0617076838422295,1032,10836,0.8183980967486122,0.6077397644419518,1261,17830
Random Forest,4962,0.06170766154313229,1032,10840,0.8183980967486122,0.6079641054402692,1261,17830
Random Forest,4963,0.06170126941966836,1032,10841,0.8183980967486122,0.6080201906898486,1261,17830
Random Forest,4964,0.061698444798473674,1032,10842,0.8183980967486122,0.6080762759394279,1261,17830
Random Forest,4965,0.06169099024192856,1032,10843,0.8183980967486122,0.6081323611890073,1261,17830
Random Forest,4966,0.06168415022697606,1032,10844,0.8183980967486122,0.6081884464385866,1261,17830
Random Forest,4967,0.06168030712001708,1032,10846,0.8183980967486122,0.6083006169377454,1261,17830
Random Forest,4968,0.061676256780915324,1032,10847,0.8183980967486122,0.6083567021873247,1261,17830
Random Forest,4969,0.06167081428375224,1032,10880,0.8183980967486122,0.6102075154234436,1261,17830
Random Forest,4970,0.061668807318231954,1032,10881,0.8183980967486122,0.610263600673023,1261,17830
Random Forest,4971,0.06166692144310525,1032,10882,0.8183980967486122,0.6103196859226023,1261,17830
Random Forest,4972,0.06166068794361338,1032,10883,0.8183980967486122,0.6103757711721817,1261,17830
Random Forest,4973,0.06165789864961846,1032,10884,0.8183980967486122,0.6104318564217611,1261,17830
Random Forest,4974,0.061650261757557855,1032,10885,0.8183980967486122,0.6104879416713405,1261,17830
Random Forest,4975,0.06164637147902288,1032,10886,0.8183980967486122,0.6105440269209198,1261,17830
Random Forest,4976,0.061639650535375776,1032,10887,0.8183980967486122,0.6106001121704991,1261,17830
Random Forest,4977,0.06162339694073528,1033,10888,0.8191911181601903,0.6106561974200785,1261,17830
Random Forest,4978,0.06161833606804617,1033,10891,0.8191911181601903,0.6108244531688166,1261,17830
Random Forest,4979,0.06161759320437125,1033,10892,0.8191911181601903,0.610880538418396,1261,17830
Random Forest,4980,0.0616119896804738,1033,10895,0.8191911181601903,0.6110487941671341,1261,17830
Random Forest,4981,0.061610571589300826,1033,10896,0.8191911181601903,0.6111048794167134,1261,17830
Random Forest,4982,0.061605936107673495,1033,10897,0.8191911181601903,0.6111609646662928,1261,17830
Random Forest,4983,0.06160546246129741,1033,10902,0.8191911181601903,0.6114413909141896,1261,17830
Random Forest,4984,0.061603335726525224,1033,10903,0.8191911181601903,0.6114974761637689,1261,17830
Random Forest,4985,0.061601894274506824,1033,10904,0.8191911181601903,0.6115535614133483,1261,17830
Random Forest,4986,0.06160052422791518,1033,10905,0.8191911181601903,0.6116096466629276,1261,17830
Random Forest,4987,0.061593177231884844,1033,10908,0.8191911181601903,0.6117779024116657,1261,17830
Random Forest,4988,0.061582798592841013,1033,10909,0.8191911181601903,0.6118339876612451,1261,17830
Random Forest,4989,0.06157409165607905,1033,10910,0.8191911181601903,0.6118900729108244,1261,17830
Random Forest,4990,0.061572472719563974,1033,10911,0.8191911181601903,0.6119461581604038,1261,17830
Random Forest,4991,0.061567660875734474,1033,10912,0.8191911181601903,0.6120022434099832,1261,17830
Random Forest,4992,0.06156728846288238,1033,10913,0.8191911181601903,0.6120583286595626,1261,17830
Random Forest,4993,0.06156122428898761,1033,10914,0.8191911181601903,0.6121144139091419,1261,17830
Random Forest,4994,0.061559680863315196,1033,10916,0.8191911181601903,0.6122265844083006,1261,17830
Random Forest,4995,0.061545002913255674,1033,10917,0.8191911181601903,0.61228266965788,1261,17830
Random Forest,4996,0.06154340426327438,1033,10918,0.8191911181601903,0.6123387549074594,1261,17830
Random Forest,4997,0.06154126790952511,1033,10919,0.8191911181601903,0.6123948401570387,1261,17830
Random Forest,4998,0.061537539081935315,1033,10920,0.8191911181601903,0.612450925406618,1261,17830
Random Forest,4999,0.06153526679087164,1033,10921,0.8191911181601903,0.6125070106561974,1261,17830
Random Forest,5000,0.061534229883927885,1033,10922,0.8191911181601903,0.6125630959057767,1261,17830
Random Forest,5001,0.06153255198362227,1033,10923,0.8191911181601903,0.6126191811553562,1261,17830
Random Forest,5002,0.06153219122490924,1033,10924,0.8191911181601903,0.6126752664049355,1261,17830
Random Forest,5003,0.06152798469747849,1033,10925,0.8191911181601903,0.6127313516545149,1261,17830
Random Forest,5004,0.06152587108110557,1033,10926,0.8191911181601903,0.6127874369040942,1261,17830
Random Forest,5005,0.061523363141468564,1033,10927,0.8191911181601903,0.6128435221536735,1261,17830
Random Forest,5006,0.061517869494095656,1033,10928,0.8191911181601903,0.612899607403253,1261,17830
Random Forest,5007,0.06151385050456183,1033,10929,0.8191911181601903,0.6129556926528323,1261,17830
Random Forest,5008,0.06151003065136616,1034,10934,0.8199841395717684,0.6132361189007292,1261,17830
Random Forest,5009,0.061506879615831435,1034,10935,0.8199841395717684,0.6132922041503085,1261,17830
Random Forest,5010,0.061494966068708704,1034,10947,0.8199841395717684,0.6139652271452608,1261,17830
Random Forest,5011,0.06149441847747241,1034,10948,0.8199841395717684,0.6140213123948401,1261,17830
Random Forest,5012,0.06149325572797497,1034,10949,0.8199841395717684,0.6140773976444195,1261,17830
Random Forest,5013,0.061491475157668535,1034,10950,0.8199841395717684,0.6141334828939988,1261,17830
Random Forest,5014,0.06149033771389949,1034,10951,0.8199841395717684,0.6141895681435783,1261,17830
Random Forest,5015,0.06148901499266482,1034,10952,0.8199841395717684,0.6142456533931576,1261,17830
Random Forest,5016,0.061479257911840314,1034,10953,0.8199841395717684,0.614301738642737,1261,17830
Random Forest,5017,0.06147844678433838,1034,10954,0.8199841395717684,0.6143578238923163,1261,17830
Random Forest,5018,0.0614771501187848,1034,10955,0.8199841395717684,0.6144139091418956,1261,17830
Random Forest,5019,0.061475020958012716,1034,10956,0.8199841395717684,0.6144699943914751,1261,17830
Random Forest,5020,0.061464614460530205,1034,10960,0.8199841395717684,0.6146943353897925,1261,17830
Random Forest,5021,0.06146458316414192,1034,10961,0.8199841395717684,0.6147504206393718,1261,17830
Random Forest,5022,0.06146177165831049,1034,10962,0.8199841395717684,0.6148065058889512,1261,17830
Random Forest,5023,0.061452166536348746,1034,10963,0.8199841395717684,0.6148625911385306,1261,17830
Random Forest,5024,0.061448582655018874,1034,10964,0.8199841395717684,0.6149186763881099,1261,17830
Random Forest,5025,0.06144702151847047,1035,10964,0.8207771609833465,0.6149186763881099,1261,17830
Random Forest,5026,0.06144692169701251,1035,10965,0.8207771609833465,0.6149747616376893,1261,17830
Random Forest,5027,0.06144596488843692,1035,10966,0.8207771609833465,0.6150308468872686,1261,17830
Random Forest,5028,0.061441932950253464,1035,10967,0.8207771609833465,0.6150869321368481,1261,17830
Random Forest,5029,0.06144128143012924,1035,10969,0.8207771609833465,0.6151991026360067,1261,17830
Random Forest,5030,0.061441179250844954,1035,10970,0.8207771609833465,0.6152551878855861,1261,17830
Random Forest,5031,0.0614391399061719,1035,10971,0.8207771609833465,0.6153112731351654,1261,17830
Random Forest,5032,0.06143672989017657,1035,10975,0.8207771609833465,0.6155356141334829,1261,17830
Random Forest,5033,0.06143593381090617,1035,10976,0.8207771609833465,0.6155916993830622,1261,17830
Random Forest,5034,0.061434772543437814,1035,10977,0.8207771609833465,0.6156477846326416,1261,17830
Random Forest,5035,0.06143020804543939,1035,10978,0.8207771609833465,0.6157038698822209,1261,17830
Random Forest,5036,0.06142997984078658,1035,10979,0.8207771609833465,0.6157599551318004,1261,17830
Random Forest,5037,0.061418601195143904,1035,10980,0.8207771609833465,0.6158160403813797,1261,17830
Random Forest,5038,0.061418363214434016,1035,10981,0.8207771609833465,0.615872125630959,1261,17830
Random Forest,5039,0.06141728264586098,1035,10984,0.8207771609833465,0.6160403813796972,1261,17830
Random Forest,5040,0.061416645585218935,1035,10985,0.8207771609833465,0.6160964666292765,1261,17830
Random Forest,5041,0.06141513919281871,1035,10986,0.8207771609833465,0.6161525518788559,1261,17830
Random Forest,5042,0.06139936430405655,1035,10987,0.8207771609833465,0.6162086371284352,1261,17830
Random Forest,5043,0.06139742200957743,1035,10988,0.8207771609833465,0.6162647223780146,1261,17830
Random Forest,5044,0.06139603265548854,1035,10989,0.8207771609833465,0.6163208076275939,1261,17830
Random Forest,5045,0.061391967316696314,1035,10990,0.8207771609833465,0.6163768928771733,1261,17830
Random Forest,5046,0.06139089466842395,1035,10995,0.8207771609833465,0.6166573191250702,1261,17830
Random Forest,5047,0.06138563224964461,1035,10996,0.8207771609833465,0.6167134043746495,1261,17830
Random Forest,5048,0.061385493211256324,1035,10997,0.8207771609833465,0.6167694896242288,1261,17830
Random Forest,5049,0.06138532420258177,1035,10999,0.8207771609833465,0.6168816601233875,1261,17830
Random Forest,5050,0.06138520180503785,1035,11001,0.8207771609833465,0.6169938306225463,1261,17830
Random Forest,5051,0.06137156148952636,1036,11005,0.8215701823949246,0.6172181716208637,1261,17830
Random Forest,5052,0.06137016975886331,1036,11006,0.8215701823949246,0.6172742568704431,1261,17830
Random Forest,5053,0.06136419402493825,1036,11008,0.8215701823949246,0.6173864273696018,1261,17830
Random Forest,5054,0.06136367585779643,1037,11009,0.8223632038065027,0.6174425126191811,1261,17830
Random Forest,5055,0.061362463468921824,1037,11012,0.8223632038065027,0.6176107683679193,1261,17830
Random Forest,5056,0.06136243508989638,1037,11013,0.8223632038065027,0.6176668536174986,1261,17830
Random Forest,5057,0.06135757203391865,1037,11016,0.8223632038065027,0.6178351093662366,1261,17830
Random Forest,5058,0.061355816498031,1037,11024,0.8223632038065027,0.6182837913628716,1261,17830
Random Forest,5059,0.06135574062430029,1037,11026,0.8223632038065027,0.6183959618620303,1261,17830
Random Forest,5060,0.061351123129013266,1037,11027,0.8223632038065027,0.6184520471116096,1261,17830
Random Forest,5061,0.06135075084502915,1037,11028,0.8223632038065027,0.618508132361189,1261,17830
Random Forest,5062,0.061350537919006506,1037,11029,0.8223632038065027,0.6185642176107684,1261,17830
Random Forest,5063,0.06134895061307719,1037,11044,0.8223632038065027,0.6194054963544587,1261,17830
Random Forest,5064,0.061346253716098594,1037,11045,0.8223632038065027,0.6194615816040382,1261,17830
Random Forest,5065,0.061343550801025985,1037,11046,0.8223632038065027,0.6195176668536175,1261,17830
Random Forest,5066,0.06134345890048438,1037,11047,0.8223632038065027,0.6195737521031969,1261,17830
Random Forest,5067,0.06134097716246043,1037,11048,0.8223632038065027,0.6196298373527762,1261,17830
Random Forest,5068,0.06133763517983433,1038,11051,0.8231562252180809,0.6197980931015143,1261,17830
Random Forest,5069,0.06133434258730705,1038,11052,0.8231562252180809,0.6198541783510937,1261,17830
Random Forest,5070,0.06132923958559455,1038,11053,0.8231562252180809,0.619910263600673,1261,17830
Random Forest,5071,0.061322156855642435,1038,11060,0.8231562252180809,0.6203028603477285,1261,17830
Random Forest,5072,0.061321610783202495,1038,11061,0.8231562252180809,0.6203589455973079,1261,17830
Random Forest,5073,0.061320825307565774,1038,11062,0.8231562252180809,0.6204150308468873,1261,17830
Random Forest,5074,0.061317166297716705,1039,11062,0.823949246629659,0.6204150308468873,1261,17830
Random Forest,5075,0.061314254862528395,1039,11063,0.823949246629659,0.6204711160964667,1261,17830
Random Forest,5076,0.06130885668085728,1039,11065,0.823949246629659,0.6205832865956253,1261,17830
Random Forest,5077,0.06130611511689964,1039,11066,0.823949246629659,0.6206393718452047,1261,17830
Random Forest,5078,0.06129880497308842,1039,11067,0.823949246629659,0.620695457094784,1261,17830
Random Forest,5079,0.061288061371273045,1039,11079,0.823949246629659,0.6213684800897364,1261,17830
Random Forest,5080,0.061287542002735354,1039,11080,0.823949246629659,0.6214245653393158,1261,17830
Random Forest,5081,0.061287489539845565,1039,11081,0.823949246629659,0.6214806505888951,1261,17830
Random Forest,5082,0.061268003995137946,1039,11082,0.823949246629659,0.6215367358384745,1261,17830
Random Forest,5083,0.061267448117333784,1039,11086,0.823949246629659,0.6217610768367919,1261,17830
Random Forest,5084,0.06126283416085472,1039,11100,0.823949246629659,0.6225462703309029,1261,17830
Random Forest,5085,0.06126190017126017,1039,11102,0.823949246629659,0.6226584408300617,1261,17830
Random Forest,5086,0.06125492456516992,1039,11103,0.823949246629659,0.6227145260796411,1261,17830
Random Forest,5087,0.061254922409283055,1039,11104,0.823949246629659,0.6227706113292204,1261,17830
Random Forest,5088,0.06125209126016387,1039,11105,0.823949246629659,0.6228266965787997,1261,17830
Random Forest,5089,0.06125138153802558,1039,11106,0.823949246629659,0.6228827818283791,1261,17830
Random Forest,5090,0.061243009464171154,1039,11107,0.823949246629659,0.6229388670779585,1261,17830
Random Forest,5091,0.06122887843104587,1042,11123,0.8263283108643933,0.6238362310712283,1261,17830
Random Forest,5092,0.061228050832761075,1042,11124,0.8263283108643933,0.6238923163208077,1261,17830
Random Forest,5093,0.06122503367746978,1042,11125,0.8263283108643933,0.623948401570387,1261,17830
Random Forest,5094,0.06121858299986991,1042,11126,0.8263283108643933,0.6240044868199663,1261,17830
Random Forest,5095,0.06121408012625084,1042,11127,0.8263283108643933,0.6240605720695457,1261,17830
Random Forest,5096,0.06121207923467765,1042,11128,0.8263283108643933,0.624116657319125,1261,17830
Random Forest,5097,0.0612113940824218,1042,11129,0.8263283108643933,0.6241727425687045,1261,17830
Random Forest,5098,0.06121063215417825,1042,11130,0.8263283108643933,0.6242288278182838,1261,17830
Random Forest,5099,0.0611951411786834,1042,11132,0.8263283108643933,0.6243409983174425,1261,17830
Random Forest,5100,0.061195118879586195,1042,11136,0.8263283108643933,0.62456533931576,1261,17830
Random Forest,5101,0.06118907356090359,1042,11137,0.8263283108643933,0.6246214245653393,1261,17830
Random Forest,5102,0.061177410782922534,1042,11138,0.8263283108643933,0.6246775098149187,1261,17830
Random Forest,5103,0.06115828586258508,1042,11139,0.8263283108643933,0.624733595064498,1261,17830
Random Forest,5104,0.06115661869691668,1042,11142,0.8263283108643933,0.6249018508132361,1261,17830
Random Forest,5105,0.061153408553025645,1042,11143,0.8263283108643933,0.6249579360628155,1261,17830
Random Forest,5106,0.06115035043065566,1042,11144,0.8263283108643933,0.6250140213123948,1261,17830
Random Forest,5107,0.06114975371745705,1042,11145,0.8263283108643933,0.6250701065619741,1261,17830
Random Forest,5108,0.061141928421830395,1042,11146,0.8263283108643933,0.6251261918115536,1261,17830
Random Forest,5109,0.06113783005384716,1042,11147,0.8263283108643933,0.6251822770611329,1261,17830
Random Forest,5110,0.06113614154906961,1042,11148,0.8263283108643933,0.6252383623107123,1261,17830
Random Forest,5111,0.06112897333395364,1042,11149,0.8263283108643933,0.6252944475602916,1261,17830
Random Forest,5112,0.061123470501647834,1042,11150,0.8263283108643933,0.625350532809871,1261,17830
Random Forest,5113,0.06111971355518607,1042,11151,0.8263283108643933,0.6254066180594504,1261,17830
Random Forest,5114,0.061112430819596525,1043,11151,0.8271213322759714,0.6254066180594504,1261,17830
Random Forest,5115,0.06111056907181719,1044,11153,0.8279143536875495,0.6255187885586091,1261,17830
Random Forest,5116,0.061107483847828,1045,11153,0.8287073750991277,0.6255187885586091,1261,17830
Random Forest,5117,0.06110684954515898,1045,11158,0.8287073750991277,0.6257992148065059,1261,17830
Random Forest,5118,0.061101957376708246,1045,11160,0.8287073750991277,0.6259113853056646,1261,17830
Random Forest,5119,0.06110137934858415,1045,11161,0.8287073750991277,0.6259674705552439,1261,17830
Random Forest,5120,0.0610994470169277,1046,11163,0.8295003965107058,0.6260796410544027,1261,17830
Random Forest,5121,0.06109925363857432,1046,11167,0.8295003965107058,0.6263039820527201,1261,17830
Random Forest,5122,0.061091141388290575,1046,11170,0.8295003965107058,0.6264722378014582,1261,17830
Random Forest,5123,0.0610840371618385,1046,11171,0.8295003965107058,0.6265283230510376,1261,17830
Random Forest,5124,0.06107528799966144,1046,11172,0.8295003965107058,0.6265844083006169,1261,17830
Random Forest,5125,0.06106631332786682,1046,11173,0.8295003965107058,0.6266404935501964,1261,17830
Random Forest,5126,0.06105844547414974,1046,11174,0.8295003965107058,0.6266965787997757,1261,17830
Random Forest,5127,0.061057761764772886,1046,11175,0.8295003965107058,0.626752664049355,1261,17830
Random Forest,5128,0.06104894608465413,1046,11176,0.8295003965107058,0.6268087492989344,1261,17830
Random Forest,5129,0.061047138199769105,1046,11177,0.8295003965107058,0.6268648345485137,1261,17830
Random Forest,5130,0.06104589576964706,1046,11178,0.8295003965107058,0.6269209197980931,1261,17830
Random Forest,5131,0.061042610564230854,1046,11179,0.8295003965107058,0.6269770050476725,1261,17830
Random Forest,5132,0.06103266311336904,1046,11180,0.8295003965107058,0.6270330902972518,1261,17830
Random Forest,5133,0.061031720674185816,1046,11181,0.8295003965107058,0.6270891755468312,1261,17830
Random Forest,5134,0.0610244526195947,1046,11182,0.8295003965107058,0.6271452607964105,1261,17830
Random Forest,5135,0.06102229947720099,1046,11183,0.8295003965107058,0.6272013460459899,1261,17830
Random Forest,5136,0.061014521386597846,1046,11184,0.8295003965107058,0.6272574312955692,1261,17830
Random Forest,5137,0.06101269906446074,1046,11185,0.8295003965107058,0.6273135165451487,1261,17830
Random Forest,5138,0.061009003640235995,1046,11186,0.8295003965107058,0.627369601794728,1261,17830
Random Forest,5139,0.06100895958044223,1046,11187,0.8295003965107058,0.6274256870443073,1261,17830
Random Forest,5140,0.06100689097392327,1046,11189,0.8295003965107058,0.627537857543466,1261,17830
Random Forest,5141,0.061002267322181274,1046,11191,0.8295003965107058,0.6276500280426248,1261,17830
Random Forest,5142,0.06099236365188507,1046,11192,0.8295003965107058,0.6277061132922042,1261,17830
Random Forest,5143,0.06098756073426286,1046,11193,0.8295003965107058,0.6277621985417835,1261,17830
Random Forest,5144,0.06098720039354256,1046,11194,0.8295003965107058,0.6278182837913628,1261,17830
Random Forest,5145,0.06098256900912581,1046,11195,0.8295003965107058,0.6278743690409422,1261,17830
Random Forest,5146,0.060982423405162606,1046,11198,0.8295003965107058,0.6280426247896803,1261,17830
Random Forest,5147,0.0609716162411493,1046,11199,0.8295003965107058,0.6280987100392597,1261,17830
Random Forest,5148,0.060948825967475445,1046,11200,0.8295003965107058,0.628154795288839,1261,17830
Random Forest,5149,0.060947864405950715,1046,11201,0.8295003965107058,0.6282108805384184,1261,17830
Random Forest,5150,0.060944539680655094,1046,11202,0.8295003965107058,0.6282669657879978,1261,17830
Random Forest,5151,0.06093389293090744,1046,11203,0.8295003965107058,0.6283230510375771,1261,17830
Random Forest,5152,0.06092878075693621,1046,11206,0.8295003965107058,0.6284913067863152,1261,17830
Random Forest,5153,0.06092808550870287,1046,11207,0.8295003965107058,0.6285473920358946,1261,17830
Random Forest,5154,0.060927770675544904,1046,11208,0.8295003965107058,0.6286034772854739,1261,17830
Random Forest,5155,0.06092773213582248,1046,11209,0.8295003965107058,0.6286595625350533,1261,17830
Random Forest,5156,0.060919150052692925,1046,11210,0.8295003965107058,0.6287156477846326,1261,17830
Random Forest,5157,0.060916731221357774,1046,11211,0.8295003965107058,0.628771733034212,1261,17830
Random Forest,5158,0.06091226417743834,1046,11212,0.8295003965107058,0.6288278182837914,1261,17830
Random Forest,5159,0.06090380749925192,1046,11213,0.8295003965107058,0.6288839035333708,1261,17830
Random Forest,5160,0.060903569843391035,1046,11214,0.8295003965107058,0.6289399887829501,1261,17830
Random Forest,5161,0.06089920200707053,1046,11215,0.8295003965107058,0.6289960740325294,1261,17830
Random Forest,5162,0.06089803303432174,1046,11216,0.8295003965107058,0.6290521592821088,1261,17830
Random Forest,5163,0.06089644436001519,1046,11221,0.8295003965107058,0.6293325855300056,1261,17830
Random Forest,5164,0.06089573549769065,1046,11222,0.8295003965107058,0.6293886707795849,1261,17830
Random Forest,5165,0.06089465469066916,1046,11231,0.8295003965107058,0.6298934380257992,1261,17830
Random Forest,5166,0.060891931645133644,1046,11232,0.8295003965107058,0.6299495232753786,1261,17830
Random Forest,5167,0.06088636248929443,1046,11233,0.8295003965107058,0.6300056085249579,1261,17830
Random Forest,5168,0.060880567072551114,1046,11234,0.8295003965107058,0.6300616937745372,1261,17830
Random Forest,5169,0.06088037183696134,1046,11235,0.8295003965107058,0.6301177790241167,1261,17830
Random Forest,5170,0.06087272031881711,1046,11236,0.8295003965107058,0.630173864273696,1261,17830
Random Forest,5171,0.06087263464192714,1047,11237,0.830293417922284,0.6302299495232754,1261,17830
Random Forest,5172,0.060864721523301475,1047,11238,0.830293417922284,0.6302860347728547,1261,17830
Random Forest,5173,0.06085963930135948,1047,11239,0.830293417922284,0.6303421200224341,1261,17830
Random Forest,5174,0.06085801040300575,1047,11240,0.830293417922284,0.6303982052720135,1261,17830
Random Forest,5175,0.06085491148004282,1047,11241,0.830293417922284,0.6304542905215929,1261,17830
Random Forest,5176,0.060848715001434885,1047,11243,0.830293417922284,0.6305664610207515,1261,17830
Random Forest,5177,0.06084649542600458,1047,11244,0.830293417922284,0.6306225462703309,1261,17830
Random Forest,5178,0.06084502937037255,1047,11245,0.830293417922284,0.6306786315199102,1261,17830
Random Forest,5179,0.06084486135016906,1047,11249,0.830293417922284,0.6309029725182277,1261,17830
Random Forest,5180,0.06084050264316698,1047,11250,0.830293417922284,0.630959057767807,1261,17830
Random Forest,5181,0.06083724784287237,1047,11251,0.830293417922284,0.6310151430173865,1261,17830
Random Forest,5182,0.060836407949531095,1047,11253,0.830293417922284,0.6311273135165452,1261,17830
Random Forest,5183,0.06082980079842763,1047,11254,0.830293417922284,0.6311833987661245,1261,17830
Random Forest,5184,0.060828132970214284,1047,11255,0.830293417922284,0.6312394840157038,1261,17830
Random Forest,5185,0.06082812631076229,1047,11256,0.830293417922284,0.6312955692652832,1261,17830
Random Forest,5186,0.06082516970014794,1047,11257,0.830293417922284,0.6313516545148626,1261,17830
Random Forest,5187,0.06082509251628823,1048,11277,0.8310864393338621,0.6324733595064498,1261,17830
Random Forest,5188,0.06081932402090761,1048,11278,0.8310864393338621,0.6325294447560291,1261,17830
Random Forest,5189,0.06081830250506514,1048,11335,0.8310864393338621,0.6357263039820528,1261,17830
Random Forest,5190,0.0608182635757714,1048,11336,0.8310864393338621,0.6357823892316321,1261,17830
Random Forest,5191,0.06081082516207564,1048,11337,0.8310864393338621,0.6358384744812114,1261,17830
Random Forest,5192,0.06080760380306887,1048,11338,0.8310864393338621,0.6358945597307908,1261,17830
Random Forest,5193,0.06080759368624619,1048,11339,0.8310864393338621,0.6359506449803701,1261,17830
Random Forest,5194,0.060807281822183916,1048,11343,0.8310864393338621,0.6361749859786876,1261,17830
Random Forest,5195,0.06080702926252563,1048,11344,0.8310864393338621,0.6362310712282669,1261,17830
Random Forest,5196,0.060798639538415265,1048,11345,0.8310864393338621,0.6362871564778463,1261,17830
Random Forest,5197,0.060795823310298355,1048,11346,0.8310864393338621,0.6363432417274257,1261,17830
Random Forest,5198,0.060792046401034576,1048,11347,0.8310864393338621,0.6363993269770051,1261,17830
Random Forest,5199,0.060791881965779886,1048,11348,0.8310864393338621,0.6364554122265844,1261,17830
Random Forest,5200,0.06078243645711101,1048,11349,0.8310864393338621,0.6365114974761638,1261,17830
Random Forest,5201,0.06077857924580863,1048,11350,0.8310864393338621,0.6365675827257431,1261,17830
Random Forest,5202,0.060776153388463226,1048,11351,0.8310864393338621,0.6366236679753224,1261,17830
Random Forest,5203,0.06077366089596637,1048,11352,0.8310864393338621,0.6366797532249019,1261,17830
Random Forest,5204,0.060771898426015526,1048,11353,0.8310864393338621,0.6367358384744812,1261,17830
Random Forest,5205,0.060770387038197704,1048,11355,0.8310864393338621,0.6368480089736399,1261,17830
Random Forest,5206,0.060767171916685764,1049,11355,0.8318794607454402,0.6368480089736399,1261,17830
Random Forest,5207,0.06076476130481058,1049,11358,0.8318794607454402,0.637016264722378,1261,17830
Random Forest,5208,0.06076388578092126,1049,11359,0.8318794607454402,0.6370723499719574,1261,17830
Random Forest,5209,0.060761357116986305,1050,11366,0.8326724821570183,0.6374649467190129,1261,17830
Random Forest,5210,0.06075546133159185,1050,11367,0.8326724821570183,0.6375210319685922,1261,17830
Random Forest,5211,0.06075333195123469,1050,11368,0.8326724821570183,0.6375771172181717,1261,17830
Random Forest,5212,0.060752826216252206,1050,11369,0.8326724821570183,0.637633202467751,1261,17830
Random Forest,5213,0.06075029149730862,1050,11370,0.8326724821570183,0.6376892877173304,1261,17830
Random Forest,5214,0.06073367070430403,1050,11371,0.8326724821570183,0.6377453729669097,1261,17830
Random Forest,5215,0.06073218756973817,1050,11372,0.8326724821570183,0.637801458216489,1261,17830
Random Forest,5216,0.06073029919367864,1050,11373,0.8326724821570183,0.6378575434660684,1261,17830
Random Forest,5217,0.06072286610869671,1051,11373,0.8334655035685964,0.6378575434660684,1261,17830
Random Forest,5218,0.06070584695797044,1051,11374,0.8334655035685964,0.6379136287156478,1261,17830
Random Forest,5219,0.060700792825157425,1051,11375,0.8334655035685964,0.6379697139652272,1261,17830
Random Forest,5220,0.06069969445583797,1051,11376,0.8334655035685964,0.6380257992148065,1261,17830
Random Forest,5221,0.060698291720941905,1051,11377,0.8334655035685964,0.6380818844643859,1261,17830
Random Forest,5222,0.060697401383145014,1051,11378,0.8334655035685964,0.6381379697139652,1261,17830
Random Forest,5223,0.06069739676604081,1051,11379,0.8334655035685964,0.6381940549635445,1261,17830
Random Forest,5224,0.06069055133788448,1051,11380,0.8334655035685964,0.638250140213124,1261,17830
Random Forest,5225,0.060679984046166195,1051,11383,0.8334655035685964,0.638418395961862,1261,17830
Random Forest,5226,0.06067613836589552,1051,11384,0.8334655035685964,0.6384744812114413,1261,17830
Random Forest,5227,0.060663093313688875,1051,11390,0.8334655035685964,0.6388109927089175,1261,17830
Random Forest,5228,0.06065978887317085,1052,11390,0.8342585249801745,0.6388109927089175,1261,17830
Random Forest,5229,0.060656402856476416,1052,11391,0.8342585249801745,0.638867077958497,1261,17830
Random Forest,5230,0.060655693994151855,1052,11392,0.8342585249801745,0.6389231632080763,1261,17830
Random Forest,5231,0.06065492702628681,1052,11393,0.8342585249801745,0.6389792484576556,1261,17830
Random Forest,5232,0.060654467929958905,1052,11394,0.8342585249801745,0.639035333707235,1261,17830
Random Forest,5233,0.06065402108281515,1052,11395,0.8342585249801745,0.6390914189568143,1261,17830
Random Forest,5234,0.0606475257312489,1053,11395,0.8350515463917526,0.6390914189568143,1261,17830
Random Forest,5235,0.060643175778181825,1053,11399,0.8350515463917526,0.6393157599551318,1261,17830
Random Forest,5236,0.06063989706894304,1053,11400,0.8350515463917526,0.6393718452047111,1261,17830
Random Forest,5237,0.06063799819752239,1053,11401,0.8350515463917526,0.6394279304542905,1261,17830
Random Forest,5238,0.06063104593899082,1053,11402,0.8350515463917526,0.6394840157038699,1261,17830
Random Forest,5239,0.06063085695677518,1053,11403,0.8350515463917526,0.6395401009534493,1261,17830
Random Forest,5240,0.06062890356764088,1053,11404,0.8350515463917526,0.6395961862030286,1261,17830
Random Forest,5241,0.060627431092230365,1053,11405,0.8350515463917526,0.639652271452608,1261,17830
Random Forest,5242,0.06062497935954195,1053,11406,0.8350515463917526,0.6397083567021873,1261,17830
Random Forest,5243,0.06061640969875982,1053,11407,0.8350515463917526,0.6397644419517667,1261,17830
Random Forest,5244,0.0606152952766583,1053,11408,0.8350515463917526,0.6398205272013461,1261,17830
Random Forest,5245,0.060610175095311955,1053,11409,0.8350515463917526,0.6398766124509254,1261,17830
Random Forest,5246,0.06060699992661188,1053,11411,0.8350515463917526,0.6399887829500841,1261,17830
Random Forest,5247,0.06060441442886453,1053,11416,0.8350515463917526,0.6402692091979809,1261,17830
Random Forest,5248,0.06060010870464706,1053,11417,0.8350515463917526,0.6403252944475603,1261,17830
Random Forest,5249,0.0605983725018237,1053,11418,0.8350515463917526,0.6403813796971397,1261,17830
Random Forest,5250,0.06059011169261953,1053,11419,0.8350515463917526,0.640437464946719,1261,17830
Random Forest,5251,0.06058941471316215,1053,11420,0.8350515463917526,0.6404935501962984,1261,17830
Random Forest,5252,0.06058906544717401,1053,11427,0.8350515463917526,0.6408861469433539,1261,17830
Random Forest,5253,0.06058506903400555,1053,11428,0.8350515463917526,0.6409422321929332,1261,17830
Random Forest,5254,0.06058394700713475,1053,11429,0.8350515463917526,0.6409983174425126,1261,17830
Random Forest,5255,0.06057992096380513,1055,11433,0.8366375892149088,0.64122265844083,1261,17830
Random Forest,5256,0.060568285374674055,1055,11434,0.8366375892149088,0.6412787436904094,1261,17830
Random Forest,5257,0.060567218285682234,1055,11435,0.8366375892149088,0.6413348289399888,1261,17830
Random Forest,5258,0.06056680653599457,1055,11437,0.8366375892149088,0.6414469994391475,1261,17830
Random Forest,5259,0.060565096049963435,1057,11445,0.838223632038065,0.6418956814357824,1261,17830
Random Forest,5260,0.060564497023876424,1057,11446,0.838223632038065,0.6419517666853618,1261,17830
Random Forest,5261,0.06055844792549688,1057,11447,0.838223632038065,0.6420078519349411,1261,17830
Random Forest,5262,0.0605579997322453,1057,11448,0.838223632038065,0.6420639371845205,1261,17830
Random Forest,5263,0.0605577356663917,1058,11459,0.8390166534496432,0.6426808749298935,1261,17830
Random Forest,5264,0.06054991816483919,1059,11460,0.8398096748612213,0.6427369601794728,1261,17830
Random Forest,5265,0.06053537407633233,1059,11461,0.8398096748612213,0.6427930454290521,1261,17830
Random Forest,5266,0.06052974969405838,1059,11462,0.8398096748612213,0.6428491306786315,1261,17830
Random Forest,5267,0.06051594262402093,1059,11463,0.8398096748612213,0.6429052159282109,1261,17830
Random Forest,5268,0.06051259264873175,1059,11464,0.8398096748612213,0.6429613011777903,1261,17830
Random Forest,5269,0.06050935297489594,1059,11466,0.8398096748612213,0.643073471676949,1261,17830
Random Forest,5270,0.06050821034917509,1059,11467,0.8398096748612213,0.6431295569265283,1261,17830
Random Forest,5271,0.06050422401992144,1059,11468,0.8398096748612213,0.6431856421761076,1261,17830
Random Forest,5272,0.06050232881708677,1059,11472,0.8398096748612213,0.6434099831744251,1261,17830
Random Forest,5273,0.060500784462673846,1059,11473,0.8398096748612213,0.6434660684240044,1261,17830
Random Forest,5274,0.060493018699739665,1059,11474,0.8398096748612213,0.6435221536735839,1261,17830
Random Forest,5275,0.06049239641767001,1059,11475,0.8398096748612213,0.6435782389231632,1261,17830
Random Forest,5276,0.060491958850827844,1059,11476,0.8398096748612213,0.6436343241727426,1261,17830
Random Forest,5277,0.060484249101146643,1059,11480,0.8398096748612213,0.64385866517106,1261,17830
Random Forest,5278,0.06048398762014159,1059,11481,0.8398096748612213,0.6439147504206394,1261,17830
Random Forest,5279,0.06047984345577227,1059,11482,0.8398096748612213,0.6439708356702187,1261,17830
Random Forest,5280,0.060471134673336084,1059,11483,0.8398096748612213,0.6440269209197981,1261,17830
Random Forest,5281,0.060468159708149685,1059,11484,0.8398096748612213,0.6440830061693774,1261,17830
Random Forest,5282,0.06046309411338873,1060,11487,0.8406026962727994,0.6442512619181155,1261,17830
Random Forest,5283,0.06045867475938156,1060,11488,0.8406026962727994,0.6443073471676949,1261,17830
Random Forest,5284,0.06045691043912902,1060,11489,0.8406026962727994,0.6443634324172742,1261,17830
Random Forest,5285,0.06044965571285681,1060,11490,0.8406026962727994,0.6444195176668536,1261,17830
Random Forest,5286,0.06044739998934407,1060,11491,0.8406026962727994,0.644475602916433,1261,17830
Random Forest,5287,0.06044198322971114,1060,11492,0.8406026962727994,0.6445316881660124,1261,17830
Random Forest,5288,0.06043459255340971,1060,11493,0.8406026962727994,0.6445877734155917,1261,17830
Random Forest,5289,0.060433477416565566,1060,11494,0.8406026962727994,0.644643858665171,1261,17830
Random Forest,5290,0.06043076748699486,1060,11495,0.8406026962727994,0.6446999439147504,1261,17830
Random Forest,5291,0.0604277758073322,1060,11496,0.8406026962727994,0.6447560291643298,1261,17830
Random Forest,5292,0.06041620470257192,1060,11497,0.8406026962727994,0.6448121144139092,1261,17830
Random Forest,5293,0.06041130607489569,1060,11498,0.8406026962727994,0.6448681996634885,1261,17830
Random Forest,5294,0.06041066001105193,1060,11500,0.8406026962727994,0.6449803701626472,1261,17830
Random Forest,5295,0.06041048193154249,1060,11501,0.8406026962727994,0.6450364554122265,1261,17830
Random Forest,5296,0.060398444935543104,1060,11502,0.8406026962727994,0.645092540661806,1261,17830
Random Forest,5297,0.06039603994801069,1060,11504,0.8406026962727994,0.6452047111609647,1261,17830
Random Forest,5298,0.06039473456839354,1060,11505,0.8406026962727994,0.645260796410544,1261,17830
Random Forest,5299,0.06039440851642093,1060,11513,0.8406026962727994,0.645709478407179,1261,17830
Random Forest,5300,0.06039433590378177,1060,11514,0.8406026962727994,0.6457655636567583,1261,17830
Random Forest,5301,0.06038515289629567,1060,11516,0.8406026962727994,0.645877734155917,1261,17830
Random Forest,5302,0.060384136912871075,1060,11518,0.8406026962727994,0.6459899046550757,1261,17830
Random Forest,5303,0.06038319283414455,1060,11521,0.8406026962727994,0.6461581604038138,1261,17830
Random Forest,5304,0.060382545118238345,1060,11522,0.8406026962727994,0.6462142456533931,1261,17830
Random Forest,5305,0.06037870035955254,1060,11524,0.8406026962727994,0.6463264161525519,1261,17830
Random Forest,5306,0.060373819825748326,1060,11525,0.8406026962727994,0.6463825014021313,1261,17830
Random Forest,5307,0.060372958160960236,1060,11526,0.8406026962727994,0.6464385866517106,1261,17830
Random Forest,5308,0.06036946041104759,1060,11527,0.8406026962727994,0.64649467190129,1261,17830
Random Forest,5309,0.06036564160671305,1060,11529,0.8406026962727994,0.6466068424004486,1261,17830
Random Forest,5310,0.06036003919096382,1060,11530,0.8406026962727994,0.6466629276500281,1261,17830
Random Forest,5311,0.060358504319959747,1060,11531,0.8406026962727994,0.6467190128996074,1261,17830
Random Forest,5312,0.06035793567025534,1060,11532,0.8406026962727994,0.6467750981491868,1261,17830
Random Forest,5313,0.06035476163464242,1060,11533,0.8406026962727994,0.6468311833987661,1261,17830
Random Forest,5314,0.06035172812668558,1060,11534,0.8406026962727994,0.6468872686483454,1261,17830
Random Forest,5315,0.06034372570704808,1062,11534,0.8421887390959556,0.6468872686483454,1261,17830
Random Forest,5316,0.060336172337888794,1062,11537,0.8421887390959556,0.6470555243970836,1261,17830
Random Forest,5317,0.06033088171677343,1063,11537,0.8429817605075337,0.6470555243970836,1261,17830
Random Forest,5318,0.06032877874328865,1063,11538,0.8429817605075337,0.6471116096466629,1261,17830
Random Forest,5319,0.06032847766268498,1063,11539,0.8429817605075337,0.6471676948962423,1261,17830
Random Forest,5320,0.0603215329160726,1066,11544,0.845360824742268,0.6474481211441391,1261,17830
Random Forest,5321,0.06031935412513168,1066,11545,0.845360824742268,0.6475042063937184,1261,17830
Random Forest,5322,0.06030880029544511,1066,11547,0.845360824742268,0.6476163768928772,1261,17830
Random Forest,5323,0.06030575984151904,1068,11635,0.8469468675654243,0.6525518788558609,1261,17830
Random Forest,5324,0.06029656261149796,1068,11636,0.8469468675654243,0.6526079641054403,1261,17830
Random Forest,5325,0.060296555618054554,1068,11637,0.8469468675654243,0.6526640493550196,1261,17830
Random Forest,5326,0.06029137518545829,1068,11641,0.8469468675654243,0.6528883903533371,1261,17830
Random Forest,5327,0.06027509168216216,1068,11642,0.8469468675654243,0.6529444756029165,1261,17830
Random Forest,5328,0.06027480723765889,1068,11643,0.8469468675654243,0.6530005608524958,1261,17830
Random Forest,5329,0.060274457960685236,1068,11645,0.8469468675654243,0.6531127313516545,1261,17830
Random Forest,5330,0.06027272515832752,1068,11646,0.8469468675654243,0.6531688166012338,1261,17830
Random Forest,5331,0.06026689841861648,1068,11647,0.8469468675654243,0.6532249018508133,1261,17830
Random Forest,5332,0.060263636472650484,1068,11648,0.8469468675654243,0.6532809871003926,1261,17830
Random Forest,5333,0.060259746283054395,1068,11650,0.8469468675654243,0.6533931575995513,1261,17830
Random Forest,5334,0.06025914708021346,1068,11651,0.8469468675654243,0.6534492428491306,1261,17830
Random Forest,5335,0.06025530288561384,1068,11652,0.8469468675654243,0.6535053280987101,1261,17830
Random Forest,5336,0.06025423994318581,1068,11653,0.8469468675654243,0.6535614133482894,1261,17830
Random Forest,5337,0.060246636180267946,1068,11654,0.8469468675654243,0.6536174985978688,1261,17830
Random Forest,5338,0.06023776839739377,1068,11661,0.8469468675654243,0.6540100953449243,1261,17830
Random Forest,5339,0.06023413549589575,1068,11664,0.8469468675654243,0.6541783510936624,1261,17830
Random Forest,5340,0.06023411319679853,1068,11666,0.8469468675654243,0.6542905215928211,1261,17830
Random Forest,5341,0.06023349354148302,1068,11668,0.8469468675654243,0.6544026920919798,1261,17830
Random Forest,5342,0.06023338547208331,1068,11669,0.8469468675654243,0.6544587773415592,1261,17830
Random Forest,5343,0.06023065862446194,1068,11670,0.8469468675654243,0.6545148625911386,1261,17830
Random Forest,5344,0.060229958293257266,1068,11671,0.8469468675654243,0.6545709478407179,1261,17830
Random Forest,5345,0.06022561260102807,1068,11672,0.8469468675654243,0.6546270330902972,1261,17830
Random Forest,5346,0.060224480522242496,1068,11673,0.8469468675654243,0.6546831183398766,1261,17830
Random Forest,5347,0.06021833529893903,1068,11674,0.8469468675654243,0.6547392035894559,1261,17830
Random Forest,5348,0.060206305070442515,1068,11675,0.8469468675654243,0.6547952888390354,1261,17830
Random Forest,5349,0.060201510104522266,1069,11675,0.8477398889770024,0.6547952888390354,1261,17830
Random Forest,5350,0.060199179598930466,1069,11676,0.8477398889770024,0.6548513740886147,1261,17830
Random Forest,5351,0.06019916731116005,1069,11677,0.8477398889770024,0.654907459338194,1261,17830
Random Forest,5352,0.060186174040665306,1069,11679,0.8477398889770024,0.6550196298373527,1261,17830
Random Forest,5353,0.06017117232577148,1069,11680,0.8477398889770024,0.6550757150869322,1261,17830
Random Forest,5354,0.06016413755362517,1069,11681,0.8477398889770024,0.6551318003365115,1261,17830
Random Forest,5355,0.0601625247276302,1069,11682,0.8477398889770024,0.6551878855860909,1261,17830
Random Forest,5356,0.06016142848124726,1069,11683,0.8477398889770024,0.6552439708356702,1261,17830
Random Forest,5357,0.06015627382837442,1069,11685,0.8477398889770024,0.6553561413348289,1261,17830
Random Forest,5358,0.060150986574628376,1069,11686,0.8477398889770024,0.6554122265844083,1261,17830
Random Forest,5359,0.060147198272621445,1069,11687,0.8477398889770024,0.6554683118339877,1261,17830
Random Forest,5360,0.06014414416625384,1069,11688,0.8477398889770024,0.655524397083567,1261,17830
Random Forest,5361,0.06014045619840166,1069,11690,0.8477398889770024,0.6556365675827257,1261,17830
Random Forest,5362,0.06013574933904796,1069,11691,0.8477398889770024,0.6556926528323052,1261,17830
Random Forest,5363,0.06013244520567682,1070,11714,0.8485329103885805,0.6569826135726304,1261,17830
Random Forest,5364,0.06013242032143103,1070,11715,0.8485329103885805,0.6570386988222098,1261,17830
Random Forest,5365,0.060132222855362946,1070,11716,0.8485329103885805,0.6570947840717891,1261,17830
Random Forest,5366,0.06012914076515879,1070,11717,0.8485329103885805,0.6571508693213685,1261,17830
Random Forest,5367,0.060122084667474054,1070,11718,0.8485329103885805,0.6572069545709478,1261,17830
Random Forest,5368,0.06012056439417387,1070,11729,0.8485329103885805,0.6578238923163208,1261,17830
Random Forest,5369,0.06010735008951035,1071,11733,0.8493259318001586,0.6580482333146382,1261,17830
Random Forest,5370,0.060105913665017455,1071,11736,0.8493259318001586,0.6582164890633764,1261,17830
Random Forest,5371,0.06010146055509465,1071,11738,0.8493259318001586,0.6583286595625351,1261,17830
Random Forest,5372,0.06010020884876312,1071,11740,0.8493259318001586,0.6584408300616937,1261,17830
Random Forest,5373,0.06009803217353108,1071,11742,0.8493259318001586,0.6585530005608525,1261,17830
Random Forest,5374,0.06009225590446111,1071,11743,0.8493259318001586,0.6586090858104319,1261,17830
Random Forest,5375,0.06008601772084801,1071,11744,0.8493259318001586,0.6586651710600112,1261,17830
Random Forest,5376,0.060081795350029533,1072,11746,0.8501189532117367,0.6587773415591699,1261,17830
Random Forest,5377,0.06006737830025903,1072,11747,0.8501189532117367,0.6588334268087493,1261,17830
Random Forest,5378,0.06005828168576823,1072,11749,0.8501189532117367,0.658945597307908,1261,17830
Random Forest,5379,0.060056758123977275,1072,11750,0.8501189532117367,0.6590016825574874,1261,17830
Random Forest,5380,0.060052628160419015,1072,11751,0.8501189532117367,0.6590577678070667,1261,17830
Random Forest,5381,0.06004747386122537,1073,11753,0.8509119746233148,0.6591699383062255,1261,17830
Random Forest,5382,0.060044784335743166,1073,11754,0.8509119746233148,0.6592260235558048,1261,17830
Random Forest,5383,0.060041946401333667,1073,11755,0.8509119746233148,0.6592821088053842,1261,17830
Random Forest,5384,0.06004016039158173,1073,11756,0.8509119746233148,0.6593381940549635,1261,17830
Random Forest,5385,0.06003895582008558,1073,11757,0.8509119746233148,0.6593942793045429,1261,17830
Random Forest,5386,0.060038945094251846,1073,11758,0.8509119746233148,0.6594503645541223,1261,17830
Random Forest,5387,0.06003615842798251,1073,11759,0.8509119746233148,0.6595064498037017,1261,17830
Random Forest,5388,0.06003254907053072,1073,11760,0.8509119746233148,0.659562535053281,1261,17830
Random Forest,5389,0.060023604068784604,1073,11761,0.8509119746233148,0.6596186203028603,1261,17830
Random Forest,5390,0.06001375178464259,1073,11762,0.8509119746233148,0.6596747055524397,1261,17830
Random Forest,5391,0.06000847821791836,1073,11763,0.8509119746233148,0.659730790802019,1261,17830
Random Forest,5392,0.060007570727190505,1073,11764,0.8509119746233148,0.6597868760515985,1261,17830
Random Forest,5393,0.06000589272017102,1073,11766,0.8509119746233148,0.6598990465507572,1261,17830
Random Forest,5394,0.06000331696533027,1073,11768,0.8509119746233148,0.6600112170499158,1261,17830
Random Forest,5395,0.05999843792794347,1073,11769,0.8509119746233148,0.6600673022994953,1261,17830
Random Forest,5396,0.05999801353766363,1073,11770,0.8509119746233148,0.6601233875490746,1261,17830
Random Forest,5397,0.05999541498788442,1073,11771,0.8509119746233148,0.660179472798654,1261,17830
Random Forest,5398,0.05998495573730278,1073,11773,0.8509119746233148,0.6602916432978126,1261,17830
Random Forest,5399,0.05998245266992918,1073,11774,0.8509119746233148,0.660347728547392,1261,17830
Random Forest,5400,0.059982430256188525,1073,11775,0.8509119746233148,0.6604038137969714,1261,17830
Random Forest,5401,0.059981759286144035,1073,11776,0.8509119746233148,0.6604598990465508,1261,17830
Random Forest,5402,0.059967068669354764,1073,11777,0.8509119746233148,0.6605159842961301,1261,17830
Random Forest,5403,0.059964867902507706,1073,11778,0.8509119746233148,0.6605720695457095,1261,17830
Random Forest,5404,0.05996436688506728,1073,11779,0.8509119746233148,0.6606281547952888,1261,17830
Random Forest,5405,0.059961444228771366,1073,11780,0.8509119746233148,0.6606842400448683,1261,17830
Random Forest,5406,0.059957277225310114,1073,11781,0.8509119746233148,0.6607403252944476,1261,17830
Random Forest,5407,0.05995657127301436,1073,11782,0.8509119746233148,0.6607964105440269,1261,17830
Random Forest,5408,0.059951943335676,1073,11783,0.8509119746233148,0.6608524957936063,1261,17830
Random Forest,5409,0.05995180199856689,1073,11787,0.8509119746233148,0.6610768367919237,1261,17830
Random Forest,5410,0.05995139639095622,1073,11788,0.8509119746233148,0.6611329220415031,1261,17830
Random Forest,5411,0.05994866947168917,1073,11789,0.8509119746233148,0.6611890072910824,1261,17830
Random Forest,5412,0.05994836837741608,1073,11790,0.8509119746233148,0.6612450925406618,1261,17830
Random Forest,5413,0.05994567885193387,1073,11791,0.8509119746233148,0.6613011777902411,1261,17830
Random Forest,5414,0.059943289855205244,1073,11792,0.8509119746233148,0.6613572630398206,1261,17830
Random Forest,5415,0.059940486565324025,1073,11794,0.8509119746233148,0.6614694335389792,1261,17830
Random Forest,5416,0.059932446005376686,1073,11796,0.8509119746233148,0.6615816040381379,1261,17830
Random Forest,5417,0.05992608054837569,1073,11797,0.8509119746233148,0.6616376892877174,1261,17830
Random Forest,5418,0.059925947444527804,1073,11798,0.8509119746233148,0.6616937745372967,1261,17830
Random Forest,5419,0.05992511041162592,1073,11799,0.8509119746233148,0.6617498597868761,1261,17830
Random Forest,5420,0.05992077168777478,1073,11811,0.8509119746233148,0.6624228827818284,1261,17830
Random Forest,5421,0.05991707700375338,1073,11812,0.8509119746233148,0.6624789680314077,1261,17830
Random Forest,5422,0.059910428919934915,1073,11813,0.8509119746233148,0.662535053280987,1261,17830
Random Forest,5423,0.05990844608794822,1073,11814,0.8509119746233148,0.6625911385305665,1261,17830
Random Forest,5424,0.0598919734001265,1073,11816,0.8509119746233148,0.6627033090297252,1261,17830
Random Forest,5425,0.059891716174371654,1073,11817,0.8509119746233148,0.6627593942793045,1261,17830
Random Forest,5426,0.05989132733628273,1073,11824,0.8509119746233148,0.66315199102636,1261,17830
Random Forest,5427,0.059891132692429044,1073,11825,0.8509119746233148,0.6632080762759395,1261,17830
Random Forest,5428,0.05988767472749957,1073,11827,0.8509119746233148,0.6633202467750982,1261,17830
Random Forest,5429,0.05988743798598047,1073,11828,0.8509119746233148,0.6633763320246775,1261,17830
Random Forest,5430,0.059886952856389765,1073,11829,0.8509119746233148,0.6634324172742568,1261,17830
Random Forest,5431,0.05988186585287483,1073,11832,0.8509119746233148,0.663600673022995,1261,17830
Random Forest,5432,0.059878738034808913,1073,11833,0.8509119746233148,0.6636567582725743,1261,17830
Random Forest,5433,0.05986842946156993,1073,11834,0.8509119746233148,0.6637128435221537,1261,17830
Random Forest,5434,0.05986568554634441,1073,11835,0.8509119746233148,0.663768928771733,1261,17830
Random Forest,5435,0.05985999755550041,1073,11836,0.8509119746233148,0.6638250140213124,1261,17830
Random Forest,5436,0.0598536970083027,1073,11837,0.8509119746233148,0.6638810992708918,1261,17830
Random Forest,5437,0.05984832074920022,1073,11838,0.8509119746233148,0.6639371845204711,1261,17830
Random Forest,5438,0.059838992084786095,1073,11839,0.8509119746233148,0.6639932697700505,1261,17830
Random Forest,5439,0.05983708680048076,1073,11841,0.8509119746233148,0.6641054402692091,1261,17830
Random Forest,5440,0.059833651698851346,1073,11842,0.8509119746233148,0.6641615255187886,1261,17830
Random Forest,5441,0.059833379650296864,1073,11844,0.8509119746233148,0.6642736960179473,1261,17830
Random Forest,5442,0.05983070028031016,1073,11845,0.8509119746233148,0.6643297812675266,1261,17830
Random Forest,5443,0.059821498258388145,1073,11847,0.8509119746233148,0.6644419517666854,1261,17830
Random Forest,5444,0.05982030471906302,1073,11848,0.8509119746233148,0.6644980370162648,1261,17830
Random Forest,5445,0.05981771089055917,1073,11850,0.8509119746233148,0.6646102075154234,1261,17830
Random Forest,5446,0.05981657417235003,1073,11851,0.8509119746233148,0.6646662927650028,1261,17830
Random Forest,5447,0.05981307759903602,1073,11857,0.8509119746233148,0.6650028042624789,1261,17830
Random Forest,5448,0.05981047550333627,1073,11858,0.8509119746233148,0.6650588895120584,1261,17830
Random Forest,5449,0.05980815117459376,1073,11859,0.8509119746233148,0.6651149747616377,1261,17830
Random Forest,5450,0.05980692137009138,1073,11860,0.8509119746233148,0.6651710600112171,1261,17830
Random Forest,5451,0.0598037673749714,1073,11861,0.8509119746233148,0.6652271452607964,1261,17830
Random Forest,5452,0.05979479337572981,1073,11862,0.8509119746233148,0.6652832305103757,1261,17830
Random Forest,5453,0.059787628742641735,1073,11863,0.8509119746233148,0.6653393157599551,1261,17830
Random Forest,5454,0.05978446187150907,1073,11864,0.8509119746233148,0.6653954010095345,1261,17830
Random Forest,5455,0.05977797683967901,1073,11865,0.8509119746233148,0.6654514862591139,1261,17830
Random Forest,5456,0.059775143471764734,1073,11866,0.8509119746233148,0.6655075715086932,1261,17830
Random Forest,5457,0.05976771227283826,1073,11867,0.8509119746233148,0.6655636567582726,1261,17830
Random Forest,5458,0.05976657379155915,1073,11868,0.8509119746233148,0.6656197420078519,1261,17830
Random Forest,5459,0.0597499106353927,1074,11875,0.8517049960348929,0.6660123387549075,1261,17830
Random Forest,5460,0.05974832714348037,1074,11877,0.8517049960348929,0.6661245092540662,1261,17830
Random Forest,5461,0.05974345600982563,1074,11878,0.8517049960348929,0.6661805945036455,1261,17830
Random Forest,5462,0.059743319264836704,1074,11879,0.8517049960348929,0.6662366797532249,1261,17830
Random Forest,5463,0.05973903852507294,1074,11885,0.8517049960348929,0.666573191250701,1261,17830
Random Forest,5464,0.05973797983619286,1074,11886,0.8517049960348929,0.6666292765002805,1261,17830
Random Forest,5465,0.05972760677250229,1074,11887,0.8517049960348929,0.6666853617498598,1261,17830
Random Forest,5466,0.05972686915023506,1075,11887,0.852498017446471,0.6666853617498598,1261,17830
Random Forest,5467,0.05971599527748263,1075,11888,0.852498017446471,0.6667414469994392,1261,17830
Random Forest,5468,0.059713187833486114,1075,11889,0.852498017446471,0.6667975322490185,1261,17830
Random Forest,5469,0.05970685531391986,1075,11890,0.852498017446471,0.6668536174985978,1261,17830
Random Forest,5470,0.05970551496248026,1075,11891,0.852498017446471,0.6669097027481772,1261,17830
Random Forest,5471,0.05970493808797699,1075,11893,0.852498017446471,0.667021873247336,1261,17830
Random Forest,5472,0.05970394461800038,1075,11894,0.852498017446471,0.6670779584969153,1261,17830
Random Forest,5473,0.059695338241846606,1075,11895,0.852498017446471,0.6671340437464947,1261,17830
Random Forest,5474,0.05969132441349211,1075,11896,0.852498017446471,0.667190128996074,1261,17830
Random Forest,5475,0.059688778441226366,1075,11897,0.852498017446471,0.6672462142456534,1261,17830
Random Forest,5476,0.05968795903208369,1075,11898,0.852498017446471,0.6673022994952328,1261,17830
Random Forest,5477,0.05968437304812833,1075,11899,0.852498017446471,0.6673583847448121,1261,17830
Random Forest,5478,0.05967993952602308,1075,11900,0.852498017446471,0.6674144699943915,1261,17830
Random Forest,5479,0.059679604064828265,1075,11901,0.852498017446471,0.6674705552439708,1261,17830
Random Forest,5480,0.05967515992355688,1075,11902,0.852498017446471,0.6675266404935501,1261,17830
Random Forest,5481,0.05967397161965515,1075,11905,0.852498017446471,0.6676948962422883,1261,17830
Random Forest,5482,0.059673631377119216,1075,11906,0.852498017446471,0.6677509814918676,1261,17830
Random Forest,5483,0.05967009308193861,1075,11907,0.852498017446471,0.667807066741447,1261,17830
Random Forest,5484,0.059668519203147995,1075,11908,0.852498017446471,0.6678631519910263,1261,17830
Random Forest,5485,0.05966720398308682,1075,11910,0.852498017446471,0.6679753224901851,1261,17830
Random Forest,5486,0.05966308380923663,1075,11911,0.852498017446471,0.6680314077397644,1261,17830
Random Forest,5487,0.059654537123988584,1075,11912,0.852498017446471,0.6680874929893438,1261,17830
Random Forest,5488,0.05965357270227659,1075,11913,0.852498017446471,0.6681435782389231,1261,17830
Random Forest,5489,0.05965237207535824,1075,11914,0.852498017446471,0.6681996634885026,1261,17830
Random Forest,5490,0.05963808077349868,1075,11915,0.852498017446471,0.6682557487380819,1261,17830
Random Forest,5491,0.05963547394390243,1075,11917,0.852498017446471,0.6683679192372406,1261,17830
Random Forest,5492,0.05962864104076861,1076,11921,0.8532910388580491,0.6685922602355581,1261,17830
Random Forest,5493,0.059627034876229,1076,11923,0.8532910388580491,0.6687044307347167,1261,17830
Random Forest,5494,0.05962562572036236,1076,11925,0.8532910388580491,0.6688166012338755,1261,17830
Random Forest,5495,0.059623906588822884,1076,11926,0.8532910388580491,0.6688726864834549,1261,17830
Random Forest,5496,0.05962386188527582,1076,11927,0.8532910388580491,0.6689287717330342,1261,17830
Random Forest,5497,0.059619015894946184,1076,11928,0.8532910388580491,0.6689848569826136,1261,17830
Random Forest,5498,0.059614770872601475,1076,11929,0.8532910388580491,0.6690409422321929,1261,17830
Random Forest,5499,0.0596142601191468,1076,11930,0.8532910388580491,0.6690970274817722,1261,17830
Random Forest,5500,0.059613900580820584,1076,11931,0.8532910388580491,0.6691531127313517,1261,17830
Random Forest,5501,0.05961349605824179,1076,11939,0.8532910388580491,0.6696017947279865,1261,17830
Random Forest,5502,0.05961069078943567,1076,11940,0.8532910388580491,0.6696578799775659,1261,17830
Random Forest,5503,0.0596098080903896,1077,11940,0.8540840602696272,0.6696578799775659,1261,17830
Random Forest,5504,0.05960877993282129,1077,11941,0.8540840602696272,0.6697139652271452,1261,17830
Random Forest,5505,0.05960739223436401,1077,11945,0.8540840602696272,0.6699383062254627,1261,17830
Random Forest,5506,0.05960474402797199,1077,11946,0.8540840602696272,0.669994391475042,1261,17830
Random Forest,5507,0.059597852005068716,1077,11948,0.8540840602696272,0.6701065619742008,1261,17830
Random Forest,5508,0.05959741474554407,1077,11949,0.8540840602696272,0.6701626472237802,1261,17830
Random Forest,5509,0.05958801741474115,1078,11957,0.8548770816812054,0.670611329220415,1261,17830
Random Forest,5510,0.05958593829794883,1078,11958,0.8548770816812054,0.6706674144699943,1261,17830
Random Forest,5511,0.05957710709205292,1078,11959,0.8548770816812054,0.6707234997195738,1261,17830
Random Forest,5512,0.059575403989103305,1078,11960,0.8548770816812054,0.6707795849691531,1261,17830
Random Forest,5513,0.05957217967733264,1078,11961,0.8548770816812054,0.6708356702187325,1261,17830
Random Forest,5514,0.05957210133357265,1078,11962,0.8548770816812054,0.6708917554683118,1261,17830
Random Forest,5515,0.05955886526133009,1078,11963,0.8548770816812054,0.6709478407178912,1261,17830
Random Forest,5516,0.05955320691397427,1078,11964,0.8548770816812054,0.6710039259674706,1261,17830
Random Forest,5517,0.05954734224928065,1078,11965,0.8548770816812054,0.67106001121705,1261,17830
Random Forest,5518,0.059543447898262075,1078,11966,0.8548770816812054,0.6711160964666293,1261,17830
Random Forest,5519,0.05953792101413959,1078,11968,0.8548770816812054,0.671228266965788,1261,17830
Random Forest,5520,0.05953611950158102,1078,11969,0.8548770816812054,0.6712843522153673,1261,17830
Random Forest,5521,0.05953575744808952,1078,11970,0.8548770816812054,0.6713404374649468,1261,17830
Random Forest,5522,0.05952872249494254,1078,11971,0.8548770816812054,0.6713965227145261,1261,17830
Random Forest,5523,0.059526938124807555,1078,11972,0.8548770816812054,0.6714526079641054,1261,17830
Random Forest,5524,0.05951950728483655,1078,11973,0.8548770816812054,0.6715086932136848,1261,17830
Random Forest,5525,0.05951722576993183,1078,11975,0.8548770816812054,0.6716208637128436,1261,17830
Random Forest,5526,0.059516825753213314,1078,11979,0.8548770816812054,0.6718452047111609,1261,17830
Random Forest,5527,0.059514136227731114,1078,11980,0.8548770816812054,0.6719012899607403,1261,17830
Random Forest,5528,0.05950905179021061,1078,11981,0.8548770816812054,0.6719573752103197,1261,17830
Random Forest,5529,0.05949969051290319,1078,11982,0.8548770816812054,0.6720134604598991,1261,17830
Random Forest,5530,0.05949944708012084,1078,11984,0.8548770816812054,0.6721256309590578,1261,17830
Random Forest,5531,0.05949596999036467,1078,11985,0.8548770816812054,0.6721817162086371,1261,17830
Random Forest,5532,0.0594924305100664,1078,11986,0.8548770816812054,0.6722378014582165,1261,17830
Random Forest,5533,0.059490537704320445,1078,11988,0.8548770816812054,0.6723499719573752,1261,17830
Random Forest,5534,0.05949049479229729,1078,11989,0.8548770816812054,0.6724060572069546,1261,17830
Random Forest,5535,0.05947911899639637,1078,11990,0.8548770816812054,0.6724621424565339,1261,17830
Random Forest,5536,0.059477184585628694,1078,11991,0.8548770816812054,0.6725182277061132,1261,17830
Random Forest,5537,0.05946780356315351,1078,11992,0.8548770816812054,0.6725743129556927,1261,17830
Random Forest,5538,0.059441706866465674,1078,11993,0.8548770816812054,0.672630398205272,1261,17830
Random Forest,5539,0.059435022781663446,1078,11998,0.8548770816812054,0.6729108244531689,1261,17830
Random Forest,5540,0.05943105004132821,1078,11999,0.8548770816812054,0.6729669097027482,1261,17830
Random Forest,5541,0.059427519296497505,1078,12000,0.8548770816812054,0.6730229949523275,1261,17830
Random Forest,5542,0.05942115389055483,1078,12004,0.8548770816812054,0.673247335950645,1261,17830
Random Forest,5543,0.059419670918432144,1078,12010,0.8548770816812054,0.6735838474481212,1261,17830
Random Forest,5544,0.05941772026940403,1078,12016,0.8548770816812054,0.6739203589455973,1261,17830
Random Forest,5545,0.05941161644552624,1079,12017,0.8556701030927835,0.6739764441951767,1261,17830
Random Forest,5546,0.05940622449401517,1079,12018,0.8556701030927835,0.674032529444756,1261,17830
Random Forest,5547,0.05940283175990066,1079,12019,0.8556701030927835,0.6740886146943353,1261,17830
Random Forest,5548,0.05939879245815298,1079,12020,0.8556701030927835,0.6741446999439148,1261,17830
Random Forest,5549,0.05939681628874943,1079,12021,0.8556701030927835,0.6742007851934941,1261,17830
Random Forest,5550,0.05939490906077229,1079,12024,0.8556701030927835,0.6743690409422322,1261,17830
Random Forest,5551,0.05939175444832739,1079,12026,0.8556701030927835,0.674481211441391,1261,17830
Random Forest,5552,0.0593800451197234,1079,12028,0.8556701030927835,0.6745933819405496,1261,17830
Random Forest,5553,0.05937575205652282,1079,12029,0.8556701030927835,0.674649467190129,1261,17830
Random Forest,5554,0.059374218615608015,1079,12030,0.8556701030927835,0.6747055524397083,1261,17830
Random Forest,5555,0.05937306258169557,1079,12031,0.8556701030927835,0.6747616376892878,1261,17830
Random Forest,5556,0.05935781788715868,1079,12033,0.8556701030927835,0.6748738081884464,1261,17830
Random Forest,5557,0.0593566120291913,1079,12034,0.8556701030927835,0.6749298934380258,1261,17830
Random Forest,5558,0.05935479386036783,1079,12036,0.8556701030927835,0.6750420639371845,1261,17830
Random Forest,5559,0.05934828254481208,1079,12037,0.8556701030927835,0.6750981491867639,1261,17830
Random Forest,5560,0.05934578908992298,1079,12038,0.8556701030927835,0.6751542344363433,1261,17830
Random Forest,5561,0.05932962820343896,1079,12039,0.8556701030927835,0.6752103196859226,1261,17830
Random Forest,5562,0.059326449421240005,1079,12040,0.8556701030927835,0.6752664049355019,1261,17830
Random Forest,5563,0.059325597391896016,1079,12041,0.8556701030927835,0.6753224901850813,1261,17830
Random Forest,5564,0.05932399905577366,1079,12043,0.8556701030927835,0.6754346606842401,1261,17830
Random Forest,5565,0.059322048406745535,1079,12046,0.8556701030927835,0.6756029164329781,1261,17830
Random Forest,5566,0.05932149243484252,1079,12047,0.8556701030927835,0.6756590016825574,1261,17830
Random Forest,5567,0.05932010804179269,1079,12048,0.8556701030927835,0.6757150869321369,1261,17830
Random Forest,5568,0.05931991128981838,1079,12049,0.8556701030927835,0.6757711721817162,1261,17830
Random Forest,5569,0.059319659410016906,1079,12051,0.8556701030927835,0.6758833426808749,1261,17830
Random Forest,5570,0.05931948550458002,1080,12052,0.8564631245043616,0.6759394279304543,1261,17830
Random Forest,5571,0.05931594458286775,1080,12053,0.8564631245043616,0.6759955131800337,1261,17830
Random Forest,5572,0.05930717341474604,1080,12054,0.8564631245043616,0.676051598429613,1261,17830
Random Forest,5573,0.05930081261365174,1080,12055,0.8564631245043616,0.6761076836791924,1261,17830
Random Forest,5574,0.0592960825856689,1080,12056,0.8564631245043616,0.6761637689287717,1261,17830
Random Forest,5575,0.059294412390454077,1080,12057,0.8564631245043616,0.6762198541783511,1261,17830
Random Forest,5576,0.05928706278254712,1080,12063,0.8564631245043616,0.6765563656758272,1261,17830
Random Forest,5577,0.05928615974688821,1080,12065,0.8564631245043616,0.676668536174986,1261,17830
Random Forest,5578,0.05928559577822976,1080,12067,0.8564631245043616,0.6767807066741447,1261,17830
Random Forest,5579,0.059283673351178894,1080,12068,0.8564631245043616,0.676836791923724,1261,17830
Random Forest,5580,0.05927959132292571,1080,12069,0.8564631245043616,0.6768928771733034,1261,17830
Random Forest,5581,0.05927862261348247,1080,12070,0.8564631245043616,0.6769489624228828,1261,17830
Random Forest,5582,0.05926675523157077,1080,12071,0.8564631245043616,0.6770050476724622,1261,17830
Random Forest,5583,0.05926659532445462,1080,12072,0.8564631245043616,0.6770611329220415,1261,17830
Random Forest,5584,0.059257595820601056,1080,12073,0.8564631245043616,0.6771172181716208,1261,17830
Random Forest,5585,0.059254997031959605,1080,12074,0.8564631245043616,0.6771733034212002,1261,17830
Random Forest,5586,0.059253618585704625,1080,12075,0.8564631245043616,0.6772293886707795,1261,17830
Random Forest,5587,0.05925072933182817,1080,12076,0.8564631245043616,0.677285473920359,1261,17830
Random Forest,5588,0.059250501404493096,1080,12077,0.8564631245043616,0.6773415591699383,1261,17830
Random Forest,5589,0.05924900320003332,1080,12078,0.8564631245043616,0.6773976444195177,1261,17830
Random Forest,5590,0.05924340874490019,1080,12079,0.8564631245043616,0.677453729669097,1261,17830
Random Forest,5591,0.0592370641648262,1080,12080,0.8564631245043616,0.6775098149186763,1261,17830
Random Forest,5592,0.05923567148725151,1080,12081,0.8564631245043616,0.6775659001682558,1261,17830
Random Forest,5593,0.0592354078702335,1080,12082,0.8564631245043616,0.6776219854178351,1261,17830
Random Forest,5594,0.059230066563114366,1080,12083,0.8564631245043616,0.6776780706674145,1261,17830
Random Forest,5595,0.05922649586152684,1080,12084,0.8564631245043616,0.6777341559169938,1261,17830
Random Forest,5596,0.05922398754735842,1080,12087,0.8564631245043616,0.677902411665732,1261,17830
Random Forest,5597,0.059219731970372905,1080,12088,0.8564631245043616,0.6779584969153113,1261,17830
Random Forest,5598,0.059216177065067356,1080,12089,0.8564631245043616,0.6780145821648906,1261,17830
Random Forest,5599,0.0592149246058242,1081,12093,0.8572561459159397,0.6782389231632081,1261,17830
Random Forest,5600,0.05920815276119999,1081,12099,0.8572561459159397,0.6785754346606843,1261,17830
Random Forest,5601,0.05920631035573035,1081,12100,0.8572561459159397,0.6786315199102636,1261,17830
Random Forest,5602,0.059204936271282524,1081,12101,0.8572561459159397,0.6786876051598429,1261,17830
Random Forest,5603,0.05920432618385544,1081,12102,0.8572561459159397,0.6787436904094223,1261,17830
Random Forest,5604,0.05920130137226922,1081,12111,0.8572561459159397,0.6792484576556366,1261,17830
Random Forest,5605,0.059195870300557854,1081,12112,0.8572561459159397,0.6793045429052159,1261,17830
Random Forest,5606,0.05919283089313632,1081,12113,0.8572561459159397,0.6793606281547953,1261,17830
Random Forest,5607,0.05919191683266371,1081,12115,0.8572561459159397,0.679472798653954,1261,17830
Random Forest,5608,0.059191898579648766,1081,12116,0.8572561459159397,0.6795288839035334,1261,17830
Random Forest,5609,0.05918810954145186,1081,12119,0.8572561459159397,0.6796971396522714,1261,17830
Random Forest,5610,0.05918599470627082,1081,12120,0.8572561459159397,0.6797532249018509,1261,17830
Random Forest,5611,0.059182628481340926,1082,12120,0.8580491673275178,0.6797532249018509,1261,17830
Random Forest,5612,0.05917995422772672,1082,12121,0.8580491673275178,0.6798093101514302,1261,17830
Random Forest,5613,0.05917600556707743,1083,12122,0.8588421887390959,0.6798653954010095,1261,17830
Random Forest,5614,0.059171830384582236,1083,12123,0.8588421887390959,0.6799214806505889,1261,17830
Random Forest,5615,0.05916461348342476,1083,12125,0.8588421887390959,0.6800336511497476,1261,17830
Random Forest,5616,0.05915329805018191,1083,12127,0.8588421887390959,0.6801458216489064,1261,17830
Random Forest,5617,0.05913917202355519,1083,12128,0.8588421887390959,0.6802019068984857,1261,17830
Random Forest,5618,0.05913240445783872,1083,12129,0.8588421887390959,0.680257992148065,1261,17830
Random Forest,5619,0.05912549108358976,1083,12132,0.8588421887390959,0.6804262478968032,1261,17830
Random Forest,5620,0.05912474337139742,1083,12135,0.8588421887390959,0.6805945036455412,1261,17830
Random Forest,5621,0.05912196106560774,1083,12137,0.8588421887390959,0.6807066741447,1261,17830
Random Forest,5622,0.05911948630427991,1083,12138,0.8588421887390959,0.6807627593942793,1261,17830
Random Forest,5623,0.05911128225302025,1083,12140,0.8588421887390959,0.680874929893438,1261,17830
Random Forest,5624,0.05910917420004727,1083,12141,0.8588421887390959,0.6809310151430173,1261,17830
Random Forest,5625,0.05909412957020299,1083,12143,0.8588421887390959,0.6810431856421761,1261,17830
Random Forest,5626,0.05908559657792963,1083,12144,0.8588421887390959,0.6810992708917555,1261,17830
Random Forest,5627,0.05908530934152261,1083,12145,0.8588421887390959,0.6811553561413348,1261,17830
Random Forest,5628,0.05908181301656705,1083,12146,0.8588421887390959,0.6812114413909142,1261,17830
Random Forest,5629,0.05907851933029952,1084,12149,0.8596352101506741,0.6813796971396523,1261,17830
Random Forest,5630,0.05907849703120229,1084,12151,0.8596352101506741,0.681491867638811,1261,17830
Random Forest,5631,0.05906894162076628,1084,12152,0.8596352101506741,0.6815479528883903,1261,17830
Random Forest,5632,0.059062177063562364,1084,12153,0.8596352101506741,0.6816040381379697,1261,17830
Random Forest,5633,0.05905762618752342,1084,12154,0.8596352101506741,0.6816601233875491,1261,17830
Random Forest,5634,0.059056922688997086,1084,12155,0.8596352101506741,0.6817162086371285,1261,17830
Random Forest,5635,0.05904453941395146,1084,12156,0.8596352101506741,0.6817722938867078,1261,17830
Random Forest,5636,0.0590330373216983,1084,12157,0.8596352101506741,0.6818283791362871,1261,17830
Random Forest,5637,0.059031476863820494,1084,12159,0.8596352101506741,0.6819405496354459,1261,17830
Random Forest,5638,0.05902341349371142,1084,12160,0.8596352101506741,0.6819966348850253,1261,17830
Random Forest,5639,0.05902009798320543,1084,12161,0.8596352101506741,0.6820527201346046,1261,17830
Random Forest,5640,0.05900468310638573,1084,12162,0.8596352101506741,0.682108805384184,1261,17830
Random Forest,5641,0.0590013021719691,1085,12172,0.8604282315622522,0.6826696578799776,1261,17830
Random Forest,5642,0.05900037960262157,1085,12173,0.8604282315622522,0.6827257431295569,1261,17830
Random Forest,5643,0.05900017511509517,1085,12174,0.8604282315622522,0.6827818283791363,1261,17830
Random Forest,5644,0.05899948012570715,1085,12175,0.8604282315622522,0.6828379136287156,1261,17830
Random Forest,5645,0.058996290016795495,1085,12176,0.8604282315622522,0.682893998878295,1261,17830
Random Forest,5646,0.058995727723378515,1085,12177,0.8604282315622522,0.6829500841278744,1261,17830
Random Forest,5647,0.058982825168543807,1085,12178,0.8604282315622522,0.6830061693774537,1261,17830
Random Forest,5648,0.058980114405351655,1085,12179,0.8604282315622522,0.6830622546270331,1261,17830
Random Forest,5649,0.058972194121957575,1085,12180,0.8604282315622522,0.6831183398766124,1261,17830
Random Forest,5650,0.05897156072997735,1085,12185,0.8604282315622522,0.6833987661245092,1261,17830
Random Forest,5651,0.058968921427485804,1085,12186,0.8604282315622522,0.6834548513740886,1261,17830
Random Forest,5652,0.058967033897643135,1085,12187,0.8604282315622522,0.683510936623668,1261,17830
Random Forest,5653,0.058954929197389615,1085,12189,0.8604282315622522,0.6836231071228267,1261,17830
Random Forest,5654,0.05894847088838431,1085,12194,0.8604282315622522,0.6839035333707235,1261,17830
Random Forest,5655,0.05894753368864267,1085,12195,0.8604282315622522,0.6839596186203029,1261,17830
Random Forest,5656,0.058941452881475745,1085,12196,0.8604282315622522,0.6840157038698822,1261,17830
Random Forest,5657,0.05893732090120546,1085,12197,0.8604282315622522,0.6840717891194615,1261,17830
Random Forest,5658,0.058919212871121146,1085,12198,0.8604282315622522,0.684127874369041,1261,17830
Random Forest,5659,0.05891543872840397,1085,12200,0.8604282315622522,0.6842400448681997,1261,17830
Random Forest,5660,0.0589145112175713,1085,12201,0.8604282315622522,0.684296130117779,1261,17830
Random Forest,5661,0.058904374673651394,1088,12211,0.8628072957969866,0.6848569826135726,1261,17830
Random Forest,5662,0.05890181909040875,1088,12212,0.8628072957969866,0.684913067863152,1261,17830
Random Forest,5663,0.05890067598316426,1088,12213,0.8628072957969866,0.6849691531127313,1261,17830
Random Forest,5664,0.05889429007730931,1088,12215,0.8628072957969866,0.6850813236118901,1261,17830
Random Forest,5665,0.058892724007716606,1088,12217,0.8628072957969866,0.6851934941110488,1261,17830
Random Forest,5666,0.058892157685024794,1088,12218,0.8628072957969866,0.6852495793606281,1261,17830
Random Forest,5667,0.058882366397226195,1088,12220,0.8628072957969866,0.6853617498597869,1261,17830
Random Forest,5668,0.05887899158296481,1088,12221,0.8628072957969866,0.6854178351093663,1261,17830
Random Forest,5669,0.05887557638600312,1088,12227,0.8628072957969866,0.6857543466068424,1261,17830
Random Forest,5670,0.0588721836518886,1088,12232,0.8628072957969866,0.6860347728547392,1261,17830
Random Forest,5671,0.05887206898104735,1088,12233,0.8628072957969866,0.6860908581043186,1261,17830
Random Forest,5672,0.058870578630197394,1088,12234,0.8628072957969866,0.6861469433538979,1261,17830
Random Forest,5673,0.0588629191529106,1088,12235,0.8628072957969866,0.6862030286034773,1261,17830
Random Forest,5674,0.05886110634031534,1088,12236,0.8628072957969866,0.6862591138530566,1261,17830
Random Forest,5675,0.058859755522938165,1088,12237,0.8628072957969866,0.686315199102636,1261,17830
Random Forest,5676,0.05884506931423474,1088,12238,0.8628072957969866,0.6863712843522154,1261,17830
Random Forest,5677,0.058842566231556474,1088,12239,0.8628072957969866,0.6864273696017947,1261,17830
Random Forest,5678,0.05883777061974286,1088,12240,0.8628072957969866,0.6864834548513741,1261,17830
Random Forest,5679,0.05883586635493624,1088,12241,0.8628072957969866,0.6865395401009534,1261,17830
Random Forest,5680,0.05883058580713452,1088,12242,0.8628072957969866,0.6865956253505328,1261,17830
Random Forest,5681,0.0588236935619681,1088,12243,0.8628072957969866,0.6866517106001122,1261,17830
Random Forest,5682,0.05881902682035989,1088,12244,0.8628072957969866,0.6867077958496915,1261,17830
Random Forest,5683,0.05881795249162607,1088,12245,0.8628072957969866,0.6867638810992709,1261,17830
Random Forest,5684,0.0588162767237013,1088,12246,0.8628072957969866,0.6868199663488502,1261,17830
Random Forest,5685,0.0588150637075404,1088,12249,0.8628072957969866,0.6869882220975884,1261,17830
Random Forest,5686,0.058812903675126475,1088,12251,0.8628072957969866,0.687100392596747,1261,17830
Random Forest,5687,0.058810777569411304,1088,12253,0.8628072957969866,0.6872125630959057,1261,17830
Random Forest,5688,0.05880770278532166,1088,12254,0.8628072957969866,0.6872686483454852,1261,17830
Random Forest,5689,0.05880711674647081,1088,12256,0.8628072957969866,0.6873808188446439,1261,17830
Random Forest,5690,0.05879655024787654,1088,12257,0.8628072957969866,0.6874369040942232,1261,17830
Random Forest,5691,0.058794536720007354,1088,12258,0.8628072957969866,0.6874929893438025,1261,17830
Random Forest,5692,0.058789940300422824,1088,12259,0.8628072957969866,0.687549074593382,1261,17830
Random Forest,5693,0.05878918730807562,1088,12260,0.8628072957969866,0.6876051598429613,1261,17830
Random Forest,5694,0.05878883739656797,1088,12262,0.8628072957969866,0.68771733034212,1261,17830
Random Forest,5695,0.058786529738583136,1088,12263,0.8628072957969866,0.6877734155916994,1261,17830
Random Forest,5696,0.058782397296852515,1088,12264,0.8628072957969866,0.6878295008412787,1261,17830
Random Forest,5697,0.05877829986132712,1088,12265,0.8628072957969866,0.6878855860908581,1261,17830
Random Forest,5698,0.05877765438921116,1088,12266,0.8628072957969866,0.6879416713404375,1261,17830
Random Forest,5699,0.05877606243330427,1088,12268,0.8628072957969866,0.6880538418395962,1261,17830
Random Forest,5700,0.05876724729025211,1088,12269,0.8628072957969866,0.6881099270891755,1261,17830
Random Forest,5701,0.05876568047180176,1088,12270,0.8628072957969866,0.688166012338755,1261,17830
Random Forest,5702,0.05876515552217856,1088,12283,0.8628072957969866,0.6888951205832866,1261,17830
Random Forest,5703,0.058762422339329164,1088,12284,0.8628072957969866,0.688951205832866,1261,17830
Random Forest,5704,0.05876025864815651,1088,12286,0.8628072957969866,0.6890633763320246,1261,17830
Random Forest,5705,0.058756755915533164,1088,12287,0.8628072957969866,0.6891194615816041,1261,17830
Random Forest,5706,0.0587544437970734,1088,12288,0.8628072957969866,0.6891755468311834,1261,17830
Random Forest,5707,0.05875405266090852,1088,12289,0.8628072957969866,0.6892316320807628,1261,17830
Random Forest,5708,0.058743577885662285,1089,12290,0.8636003172085647,0.6892877173303421,1261,17830
Random Forest,5709,0.05873233618880808,1089,12291,0.8636003172085647,0.6893438025799214,1261,17830
Random Forest,5710,0.05873133669079354,1089,12292,0.8636003172085647,0.6893998878295008,1261,17830
Random Forest,5711,0.05872177067313841,1089,12293,0.8636003172085647,0.6894559730790802,1261,17830
Random Forest,5712,0.05872039487589817,1089,12294,0.8636003172085647,0.6895120583286596,1261,17830
Random Forest,5713,0.05871954756667821,1089,12296,0.8636003172085647,0.6896242288278183,1261,17830
Random Forest,5714,0.05871040078274492,1089,12297,0.8636003172085647,0.6896803140773976,1261,17830
Random Forest,5715,0.058709255468466164,1089,12298,0.8636003172085647,0.6897363993269771,1261,17830
Random Forest,5716,0.058701942001296116,1089,12300,0.8636003172085647,0.6898485698261357,1261,17830
Random Forest,5717,0.0587003992956037,1089,12301,0.8636003172085647,0.6899046550757151,1261,17830
Random Forest,5718,0.05869420532161538,1089,12302,0.8636003172085647,0.6899607403252944,1261,17830
Random Forest,5719,0.05869049962092374,1089,12303,0.8636003172085647,0.6900168255748738,1261,17830
Random Forest,5720,0.05869028715798373,1089,12304,0.8636003172085647,0.6900729108244532,1261,17830
Random Forest,5721,0.0586885410738536,1089,12306,0.8636003172085647,0.6901850813236119,1261,17830
Random Forest,5722,0.05868787280204912,1089,12307,0.8636003172085647,0.6902411665731912,1261,17830
Random Forest,5723,0.058685090350598414,1089,12308,0.8636003172085647,0.6902972518227706,1261,17830
Random Forest,5724,0.05868240082511621,1089,12309,0.8636003172085647,0.69035333707235,1261,17830
Random Forest,5725,0.058681527711998284,1089,12310,0.8636003172085647,0.6904094223219294,1261,17830
Random Forest,5726,0.05867269813462548,1089,12313,0.8636003172085647,0.6905776780706674,1261,17830
Random Forest,5727,0.05867065326425716,1090,12352,0.8643933386201428,0.6927650028042625,1261,17830
Random Forest,5728,0.05866970418947142,1090,12353,0.8643933386201428,0.6928210880538418,1261,17830
Random Forest,5729,0.05866346290353133,1090,12354,0.8643933386201428,0.6928771733034212,1261,17830
Random Forest,5730,0.05866331102778476,1090,12355,0.8643933386201428,0.6929332585530006,1261,17830
Random Forest,5731,0.0586574614334398,1090,12359,0.8643933386201428,0.693157599551318,1261,17830
Random Forest,5732,0.05864790602300379,1090,12360,0.8643933386201428,0.6932136848008974,1261,17830
Random Forest,5733,0.058646969654158804,1090,12361,0.8643933386201428,0.6932697700504767,1261,17830
Random Forest,5734,0.05864581468918206,1090,12362,0.8643933386201428,0.6933258553000561,1261,17830
Random Forest,5735,0.05864077768573303,1090,12363,0.8643933386201428,0.6933819405496354,1261,17830
Random Forest,5736,0.05863398767450994,1091,12364,0.8651863600317209,0.6934380257992148,1261,17830
Random Forest,5737,0.05863396537541272,1091,12369,0.8651863600317209,0.6937184520471116,1261,17830
Random Forest,5738,0.05863050061619115,1091,12370,0.8651863600317209,0.6937745372966909,1261,17830
Random Forest,5739,0.05862526786828756,1091,12371,0.8651863600317209,0.6938306225462704,1261,17830
Random Forest,5740,0.058619940789552995,1091,12372,0.8651863600317209,0.6938867077958497,1261,17830
Random Forest,5741,0.058619674680724834,1092,12372,0.865979381443299,0.6938867077958497,1261,17830
Random Forest,5742,0.05861378903078361,1092,12373,0.865979381443299,0.693942793045429,1261,17830
Random Forest,5743,0.05860579422396239,1092,12375,0.865979381443299,0.6940549635445877,1261,17830
Random Forest,5744,0.058602794073614975,1092,12376,0.865979381443299,0.6941110487941672,1261,17830
Random Forest,5745,0.058597910838669005,1092,12377,0.865979381443299,0.6941671340437465,1261,17830
Random Forest,5746,0.05859481124297326,1092,12378,0.865979381443299,0.6942232192933259,1261,17830
Random Forest,5747,0.058593815663475296,1092,12379,0.865979381443299,0.6942793045429052,1261,17830
Random Forest,5748,0.05859241853006858,1092,12380,0.865979381443299,0.6943353897924845,1261,17830
Random Forest,5749,0.05858941848793993,1092,12381,0.865979381443299,0.6943914750420639,1261,17830
Random Forest,5750,0.058582702155932816,1092,12382,0.865979381443299,0.6944475602916433,1261,17830
Random Forest,5751,0.058579504174087,1092,12383,0.865979381443299,0.6945036455412227,1261,17830
Random Forest,5752,0.05857877897330064,1092,12384,0.865979381443299,0.694559730790802,1261,17830
Random Forest,5753,0.05857852609203521,1092,12385,0.865979381443299,0.6946158160403814,1261,17830
Random Forest,5754,0.05857711870183158,1092,12386,0.865979381443299,0.6946719012899607,1261,17830
Random Forest,5755,0.05856797566957753,1092,12387,0.865979381443299,0.6947279865395402,1261,17830
Random Forest,5756,0.05856597666675343,1093,12389,0.8667724028548771,0.6948401570386988,1261,17830
Random Forest,5757,0.0585659543676562,1093,12390,0.8667724028548771,0.6948962422882782,1261,17830
Random Forest,5758,0.05856348146219093,1093,12400,0.8667724028548771,0.6954570947840718,1261,17830
Random Forest,5759,0.058561789570781314,1093,12402,0.8667724028548771,0.6955692652832305,1261,17830
Random Forest,5760,0.05855494846991758,1093,12403,0.8667724028548771,0.6956253505328098,1261,17830
Random Forest,5761,0.058548796618041785,1093,12404,0.8667724028548771,0.6956814357823893,1261,17830
Random Forest,5762,0.05854777336249949,1093,12405,0.8667724028548771,0.6957375210319686,1261,17830
Random Forest,5763,0.05854357868536215,1093,12409,0.8667724028548771,0.695961862030286,1261,17830
Random Forest,5764,0.058543320970389064,1094,12409,0.8675654242664552,0.695961862030286,1261,17830
Random Forest,5765,0.058538293512754226,1094,12411,0.8675654242664552,0.6960740325294448,1261,17830
Random Forest,5766,0.05853561823025717,1094,12412,0.8675654242664552,0.6961301177790241,1261,17830
Random Forest,5767,0.058521514673125864,1094,12414,0.8675654242664552,0.6962422882781828,1261,17830
Random Forest,5768,0.058514340827771155,1094,12416,0.8675654242664552,0.6963544587773416,1261,17830
Random Forest,5769,0.05850841240980487,1094,12417,0.8675654242664552,0.6964105440269209,1261,17830
Random Forest,5770,0.0585066315000536,1094,12418,0.8675654242664552,0.6964666292765003,1261,17830
Random Forest,5771,0.05850633995310447,1094,12419,0.8675654242664552,0.6965227145260796,1261,17830
Random Forest,5772,0.05850297567051992,1094,12420,0.8675654242664552,0.696578799775659,1261,17830
Random Forest,5773,0.058497884352145285,1094,12421,0.8675654242664552,0.6966348850252384,1261,17830
Random Forest,5774,0.05849387695839996,1094,12424,0.8675654242664552,0.6968031407739764,1261,17830
Random Forest,5775,0.058488759508423,1094,12431,0.8675654242664552,0.6971957375210319,1261,17830
Random Forest,5776,0.05848745986245338,1095,12432,0.8683584456780333,0.6972518227706114,1261,17830
Random Forest,5777,0.058483747353249405,1095,12433,0.8683584456780333,0.6973079080201907,1261,17830
Random Forest,5778,0.058475073245218584,1095,12434,0.8683584456780333,0.69736399326977,1261,17830
Random Forest,5779,0.05847065406395704,1096,12470,0.8691514670896114,0.699383062254627,1261,17830
Random Forest,5780,0.058466981637121745,1096,12471,0.8691514670896114,0.6994391475042064,1261,17830
Random Forest,5781,0.05846384291421576,1096,12473,0.8691514670896114,0.6995513180033651,1261,17830
Random Forest,5782,0.058454070312580916,1096,12474,0.8691514670896114,0.6996074032529445,1261,17830
Random Forest,5783,0.05845229065410717,1096,12475,0.8691514670896114,0.6996634885025238,1261,17830
Random Forest,5784,0.058446001175481425,1096,12476,0.8691514670896114,0.6997195737521033,1261,17830
Random Forest,5785,0.05842072230975283,1096,12479,0.8691514670896114,0.6998878295008413,1261,17830
Random Forest,5786,0.05842064550448975,1096,12480,0.8691514670896114,0.6999439147504206,1261,17830
Random Forest,5787,0.05840475061661882,1096,12490,0.8691514670896114,0.7005047672462142,1261,17830
Random Forest,5788,0.05840472831752159,1096,12493,0.8691514670896114,0.7006730229949524,1261,17830
Random Forest,5789,0.05840178622984195,1096,12494,0.8691514670896114,0.7007291082445317,1261,17830
Random Forest,5790,0.058396025624121134,1096,12495,0.8691514670896114,0.7007851934941111,1261,17830
Random Forest,5791,0.05839543071596409,1096,12497,0.8691514670896114,0.7008973639932697,1261,17830
Random Forest,5792,0.05839512992562126,1096,12498,0.8691514670896114,0.7009534492428491,1261,17830
Random Forest,5793,0.058393605487144166,1097,12498,0.8699444885011896,0.7009534492428491,1261,17830
Random Forest,5794,0.05839172608368443,1097,12499,0.8699444885011896,0.7010095344924285,1261,17830
Random Forest,5795,0.05838414267599652,1097,12500,0.8699444885011896,0.7010656197420079,1261,17830
Random Forest,5796,0.05837342083583649,1098,12512,0.8707375099127677,0.7017386427369602,1261,17830
Random Forest,5797,0.05837339853673927,1098,12513,0.8707375099127677,0.7017947279865395,1261,17830
Random Forest,5798,0.058373152039960616,1098,12514,0.8707375099127677,0.7018508132361189,1261,17830
Random Forest,5799,0.05837103099361342,1098,12515,0.8707375099127677,0.7019068984856983,1261,17830
Random Forest,5800,0.05836817105155727,1098,12516,0.8707375099127677,0.7019629837352777,1261,17830
Random Forest,5801,0.05836303372245701,1098,12519,0.8707375099127677,0.7021312394840157,1261,17830
Random Forest,5802,0.058362870130819776,1098,12520,0.8707375099127677,0.702187324733595,1261,17830
Random Forest,5803,0.05836130333375294,1098,12521,0.8707375099127677,0.7022434099831745,1261,17830
Random Forest,5804,0.05835964094981499,1098,12522,0.8707375099127677,0.7022994952327538,1261,17830
Random Forest,5805,0.05834512757858636,1098,12523,0.8707375099127677,0.7023555804823332,1261,17830
Random Forest,5806,0.058343586478141404,1098,12530,0.8707375099127677,0.7027481772293886,1261,17830
Random Forest,5807,0.05834160091979178,1098,12531,0.8707375099127677,0.702804262478968,1261,17830
Random Forest,5808,0.05834142087303529,1098,12535,0.8707375099127677,0.7030286034772855,1261,17830
Random Forest,5809,0.058337122375127164,1098,12536,0.8707375099127677,0.7030846887268648,1261,17830
Random Forest,5810,0.058336257889096084,1098,12537,0.8707375099127677,0.7031407739764441,1261,17830
Random Forest,5811,0.05833492153872422,1098,12543,0.8707375099127677,0.7034772854739204,1261,17830
Random Forest,5812,0.05833154378341527,1098,12544,0.8707375099127677,0.7035333707234998,1261,17830
Random Forest,5813,0.058325911556590906,1098,12545,0.8707375099127677,0.7035894559730791,1261,17830
Random Forest,5814,0.05832157540722628,1098,12546,0.8707375099127677,0.7036455412226584,1261,17830
Random Forest,5815,0.05831442120622269,1098,12548,0.8707375099127677,0.7037577117218171,1261,17830
Random Forest,5816,0.05831434162747104,1098,12549,0.8707375099127677,0.7038137969713966,1261,17830
Random Forest,5817,0.05830919840390046,1098,12550,0.8707375099127677,0.7038698822209759,1261,17830
Random Forest,5818,0.05830486618288679,1098,12551,0.8707375099127677,0.7039259674705552,1261,17830
Random Forest,5819,0.05829968795834036,1098,12552,0.8707375099127677,0.7039820527201346,1261,17830
Random Forest,5820,0.05829676970129996,1098,12555,0.8707375099127677,0.7041503084688727,1261,17830
Random Forest,5821,0.05829303036483092,1098,12556,0.8707375099127677,0.7042063937184521,1261,17830
Random Forest,5822,0.05829090233843808,1098,12557,0.8707375099127677,0.7042624789680314,1261,17830
Random Forest,5823,0.05829066587742219,1098,12558,0.8707375099127677,0.7043185642176107,1261,17830
Random Forest,5824,0.05828997969007686,1098,12564,0.8707375099127677,0.7046550757150869,1261,17830
Random Forest,5825,0.05828450406662098,1098,12565,0.8707375099127677,0.7047111609646662,1261,17830
Random Forest,5826,0.05828441559952834,1098,12567,0.8707375099127677,0.704823331463825,1261,17830
Random Forest,5827,0.05828322217869965,1098,12568,0.8707375099127677,0.7048794167134044,1261,17830
Random Forest,5828,0.058279406616067224,1099,12574,0.8715305313243458,0.7052159282108805,1261,17830
Random Forest,5829,0.05827739763687673,1099,12576,0.8715305313243458,0.7053280987100392,1261,17830
Random Forest,5830,0.05827724658365328,1099,12596,0.8715305313243458,0.7064498037016265,1261,17830
Random Forest,5831,0.0582770546773096,1099,12597,0.8715305313243458,0.7065058889512058,1261,17830
Random Forest,5832,0.058269854633306424,1099,12598,0.8715305313243458,0.7065619742007851,1261,17830
Random Forest,5833,0.05826697280658884,1099,12599,0.8715305313243458,0.7066180594503646,1261,17830
Random Forest,5834,0.058263817096975035,1099,12601,0.8715305313243458,0.7067302299495233,1261,17830
Random Forest,5835,0.05825518733815898,1099,12602,0.8715305313243458,0.7067863151991026,1261,17830
Random Forest,5836,0.05825261285863246,1099,12605,0.8715305313243458,0.7069545709478408,1261,17830
Random Forest,5837,0.05824883390607238,1099,12606,0.8715305313243458,0.7070106561974201,1261,17830
Random Forest,5838,0.05824791461548292,1099,12614,0.8715305313243458,0.7074593381940549,1261,17830
Random Forest,5839,0.058240558694808826,1099,12620,0.8715305313243458,0.7077958496915311,1261,17830
Random Forest,5840,0.0582369216216611,1099,12621,0.8715305313243458,0.7078519349411105,1261,17830
Random Forest,5841,0.05823103522211619,1099,12624,0.8715305313243458,0.7080201906898486,1261,17830
Random Forest,5842,0.05822624193716086,1099,12625,0.8715305313243458,0.7080762759394279,1261,17830
Random Forest,5843,0.05822064880274105,1099,12626,0.8715305313243458,0.7081323611890072,1261,17830
Random Forest,5844,0.058218938242816355,1099,12627,0.8715305313243458,0.7081884464385867,1261,17830
Random Forest,5845,0.05821292977765023,1099,12640,0.8715305313243458,0.7089175546831183,1261,17830
Random Forest,5846,0.05821183943569957,1099,12641,0.8715305313243458,0.7089736399326977,1261,17830
Random Forest,5847,0.05820564081552826,1099,12642,0.8715305313243458,0.709029725182277,1261,17830
Random Forest,5848,0.05820220172156245,1099,12645,0.8715305313243458,0.7091979809310152,1261,17830
Random Forest,5849,0.05820099586359509,1099,12646,0.8715305313243458,0.7092540661805945,1261,17830
Random Forest,5850,0.058200450926920604,1099,12647,0.8715305313243458,0.7093101514301738,1261,17830
Random Forest,5851,0.05819878324570875,1099,12648,0.8715305313243458,0.7093662366797532,1261,17830
Random Forest,5852,0.05819864760488221,1099,12649,0.8715305313243458,0.7094223219293326,1261,17830
Random Forest,5853,0.058195636292153664,1099,12651,0.8715305313243458,0.7095344924284913,1261,17830
Random Forest,5854,0.058186505230259346,1099,12656,0.8715305313243458,0.7098149186763881,1261,17830
Random Forest,5855,0.058185579146721136,1099,12659,0.8715305313243458,0.7099831744251262,1261,17830
Random Forest,5856,0.05818511941143132,1099,12660,0.8715305313243458,0.7100392596747056,1261,17830
Random Forest,5857,0.05817487264684619,1099,12661,0.8715305313243458,0.7100953449242849,1261,17830
Random Forest,5858,0.05817129389328406,1100,12667,0.8723235527359239,0.7104318564217611,1261,17830
Random Forest,5859,0.05815811060071107,1100,12683,0.8723235527359239,0.7113292204150309,1261,17830
Random Forest,5860,0.058154866021596405,1100,12684,0.8723235527359239,0.7113853056646102,1261,17830
Random Forest,5861,0.05814976413765011,1100,12685,0.8723235527359239,0.7114413909141896,1261,17830
Random Forest,5862,0.05814491876989371,1100,12686,0.8723235527359239,0.7114974761637689,1261,17830
Random Forest,5863,0.05814488683215034,1100,12688,0.8723235527359239,0.7116096466629277,1261,17830
Random Forest,5864,0.05814418377794538,1100,12689,0.8723235527359239,0.711665731912507,1261,17830
Random Forest,5865,0.058142603744896694,1100,12690,0.8723235527359239,0.7117218171620864,1261,17830
Random Forest,5866,0.05814205002661343,1100,12692,0.8723235527359239,0.7118339876612451,1261,17830
Random Forest,5867,0.05812142271186662,1100,12698,0.8723235527359239,0.7121704991587212,1261,17830
Random Forest,5868,0.05811725791499174,1100,12700,0.8723235527359239,0.71228266965788,1261,17830
Random Forest,5869,0.05811434942025029,1100,12701,0.8723235527359239,0.7123387549074593,1261,17830
Random Forest,5870,0.058109001922616386,1100,12702,0.8723235527359239,0.7123948401570387,1261,17830
Random Forest,5871,0.058105919717856495,1100,12703,0.8723235527359239,0.712450925406618,1261,17830
Random Forest,5872,0.058103796796614586,1100,12706,0.8723235527359239,0.7126191811553562,1261,17830
Random Forest,5873,0.058094885238896866,1100,12707,0.8723235527359239,0.7126752664049355,1261,17830
Random Forest,5874,0.0580802416790232,1100,12708,0.8723235527359239,0.7127313516545148,1261,17830
Random Forest,5875,0.05807682455419408,1100,12709,0.8723235527359239,0.7127874369040942,1261,17830
Random Forest,5876,0.05807337889659439,1100,12714,0.8723235527359239,0.713067863151991,1261,17830
Random Forest,5877,0.05806991552196675,1100,12715,0.8723235527359239,0.7131239484015703,1261,17830
Random Forest,5878,0.05806864809395404,1100,12716,0.8723235527359239,0.7131800336511498,1261,17830
Random Forest,5879,0.05806244538135004,1100,12717,0.8723235527359239,0.7132361189007291,1261,17830
Random Forest,5880,0.05805177339630917,1100,12718,0.8723235527359239,0.7132922041503085,1261,17830
Random Forest,5881,0.05803777759407821,1100,12719,0.8723235527359239,0.7133482893998878,1261,17830
Random Forest,5882,0.05803680936493296,1100,12720,0.8723235527359239,0.7134043746494672,1261,17830
Random Forest,5883,0.05803103602181606,1100,12722,0.8723235527359239,0.713516545148626,1261,17830
Random Forest,5884,0.05802826120898868,1100,12723,0.8723235527359239,0.7135726303982053,1261,17830
Random Forest,5885,0.05802738306140468,1100,12724,0.8723235527359239,0.7136287156477846,1261,17830
Random Forest,5886,0.05802575084920813,1100,12725,0.8723235527359239,0.713684800897364,1261,17830
Random Forest,5887,0.05802533422444155,1100,12726,0.8723235527359239,0.7137408861469433,1261,17830
Random Forest,5888,0.05801908894722588,1100,12727,0.8723235527359239,0.7137969713965228,1261,17830
Random Forest,5889,0.05801320796711187,1100,12728,0.8723235527359239,0.7138530566461021,1261,17830
Random Forest,5890,0.058012930577350096,1100,12738,0.8723235527359239,0.7144139091418957,1261,17830
Random Forest,5891,0.05801281066734339,1100,12739,0.8723235527359239,0.7144699943914751,1261,17830
Random Forest,5892,0.05800775899831758,1100,12740,0.8723235527359239,0.7145260796410544,1261,17830
Random Forest,5893,0.057993600337689716,1100,12741,0.8723235527359239,0.7145821648906338,1261,17830
Random Forest,5894,0.05799352481349638,1100,12742,0.8723235527359239,0.7146382501402131,1261,17830
Random Forest,5895,0.057988286092262344,1100,12744,0.8723235527359239,0.7147504206393719,1261,17830
Random Forest,5896,0.057983692719759096,1100,12745,0.8723235527359239,0.7148065058889512,1261,17830
Random Forest,5897,0.05797343271093017,1100,12746,0.8723235527359239,0.7148625911385306,1261,17830
Random Forest,5898,0.05795811140041095,1100,12759,0.8723235527359239,0.7155916993830622,1261,17830
Random Forest,5899,0.05795427210874936,1100,12760,0.8723235527359239,0.7156477846326417,1261,17830
Random Forest,5900,0.05795185906583247,1100,12770,0.8723235527359239,0.7162086371284352,1261,17830
Random Forest,5901,0.05794604880194213,1100,12771,0.8723235527359239,0.7162647223780145,1261,17830
Random Forest,5902,0.057945905967044124,1100,12772,0.8723235527359239,0.716320807627594,1261,17830
Random Forest,5903,0.05794389409908649,1100,12773,0.8723235527359239,0.7163768928771733,1261,17830
Random Forest,5904,0.057941137502274476,1100,12774,0.8723235527359239,0.7164329781267527,1261,17830
Random Forest,5905,0.057941039818481,1100,12779,0.8723235527359239,0.7167134043746495,1261,17830
Random Forest,5906,0.05794082521887828,1100,12780,0.8723235527359239,0.7167694896242288,1261,17830
Random Forest,5907,0.0579378726785844,1100,12781,0.8723235527359239,0.7168255748738082,1261,17830
Random Forest,5908,0.0579331948062037,1100,12786,0.8723235527359239,0.717106001121705,1261,17830
Random Forest,5909,0.05792966236178306,1100,12789,0.8723235527359239,0.7172742568704431,1261,17830
Random Forest,5910,0.057917258714691604,1100,12791,0.8723235527359239,0.7173864273696018,1261,17830
Random Forest,5911,0.05791470130596181,1101,12791,0.873116574147502,0.7173864273696018,1261,17830
Random Forest,5912,0.05790984697662559,1101,12792,0.873116574147502,0.7174425126191811,1261,17830
Random Forest,5913,0.05790920756011994,1101,12793,0.873116574147502,0.7174985978687605,1261,17830
Random Forest,5914,0.057902003040965426,1101,12794,0.873116574147502,0.7175546831183399,1261,17830
Random Forest,5915,0.05790197524338619,1101,12795,0.873116574147502,0.7176107683679193,1261,17830
Random Forest,5916,0.05789934551747414,1101,12796,0.873116574147502,0.7176668536174986,1261,17830
Random Forest,5917,0.057894586918282365,1101,12797,0.873116574147502,0.7177229388670779,1261,17830
Random Forest,5918,0.05789272055208258,1101,12798,0.873116574147502,0.7177790241166573,1261,17830
Random Forest,5919,0.057881268877224966,1101,12799,0.873116574147502,0.7178351093662367,1261,17830
Random Forest,5920,0.05787812618833633,1101,12801,0.873116574147502,0.7179472798653954,1261,17830
Random Forest,5921,0.057864599182704146,1101,12802,0.873116574147502,0.7180033651149748,1261,17830
Random Forest,5922,0.057845381473326386,1101,12807,0.873116574147502,0.7182837913628716,1261,17830
Random Forest,5923,0.05784250393194856,1101,12811,0.873116574147502,0.718508132361189,1261,17830
Random Forest,5924,0.05784015963643127,1101,12812,0.873116574147502,0.7185642176107684,1261,17830
Random Forest,5925,0.057839020672232094,1101,12814,0.873116574147502,0.7186763881099271,1261,17830
Random Forest,5926,0.057838362223801364,1101,12815,0.873116574147502,0.7187324733595064,1261,17830
Random Forest,5927,0.05782061820316673,1101,12816,0.873116574147502,0.7187885586090859,1261,17830
Random Forest,5928,0.05781952309704634,1103,12820,0.8747026169706582,0.7190128996074032,1261,17830
Random Forest,5929,0.05781861449804824,1104,12820,0.8754956383822363,0.7190128996074032,1261,17830
Random Forest,5930,0.05781066818178176,1104,12821,0.8754956383822363,0.7190689848569826,1261,17830
Random Forest,5931,0.05780126153812098,1104,12822,0.8754956383822363,0.719125070106562,1261,17830
Random Forest,5932,0.05779736463373521,1104,12823,0.8754956383822363,0.7191811553561414,1261,17830
Random Forest,5933,0.057789362214097716,1104,12825,0.8754956383822363,0.7192933258553,1261,17830
Random Forest,5934,0.057787145294794263,1104,12826,0.8754956383822363,0.7193494111048794,1261,17830
Random Forest,5935,0.05778381890865462,1104,12827,0.8754956383822363,0.7194054963544588,1261,17830
Random Forest,5936,0.05778180884493842,1104,12828,0.8754956383822363,0.7194615816040382,1261,17830
Random Forest,5937,0.05777743702653077,1104,12834,0.8754956383822363,0.7197980931015143,1261,17830
Random Forest,5938,0.057775018833715344,1104,12837,0.8754956383822363,0.7199663488502523,1261,17830
Random Forest,5939,0.057771333202652986,1104,12842,0.8754956383822363,0.7202467750981492,1261,17830
Random Forest,5940,0.05776986039856643,1104,12843,0.8754956383822363,0.7203028603477285,1261,17830
Random Forest,5941,0.057766863952521126,1104,12846,0.8754956383822363,0.7204711160964666,1261,17830
Random Forest,5942,0.057764703920107185,1104,12861,0.8754956383822363,0.7213123948401571,1261,17830
Random Forest,5943,0.05775767006577287,1105,12867,0.8762886597938144,0.7216489063376332,1261,17830
Random Forest,5944,0.05775457789276318,1105,12868,0.8762886597938144,0.7217049915872126,1261,17830
Random Forest,5945,0.05775355883415092,1105,12869,0.8762886597938144,0.7217610768367919,1261,17830
Random Forest,5946,0.057753310876842164,1106,12869,0.8770816812053925,0.7217610768367919,1261,17830
Random Forest,5947,0.05775205619081897,1106,12870,0.8770816812053925,0.7218171620863713,1261,17830
Random Forest,5948,0.05775151208928982,1106,12872,0.8770816812053925,0.72192933258553,1261,17830
Random Forest,5949,0.057749905745050664,1106,12873,0.8770816812053925,0.7219854178351094,1261,17830
Random Forest,5950,0.057748758508055165,1109,12878,0.8794607454401269,0.7222658440830062,1261,17830
Random Forest,5951,0.05774281847423037,1109,12879,0.8794607454401269,0.7223219293325855,1261,17830
Random Forest,5952,0.05773315525070898,1109,12880,0.8794607454401269,0.7223780145821649,1261,17830
Random Forest,5953,0.057723851234387856,1109,12881,0.8794607454401269,0.7224340998317442,1261,17830
Random Forest,5954,0.05772212714257879,1109,12882,0.8794607454401269,0.7224901850813236,1261,17830
Random Forest,5955,0.05771978639780971,1109,12883,0.8794607454401269,0.722546270330903,1261,17830
Random Forest,5956,0.057716452815451125,1109,12886,0.8794607454401269,0.722714526079641,1261,17830
Random Forest,5957,0.05770865987369758,1109,12888,0.8794607454401269,0.7228266965787997,1261,17830
Random Forest,5958,0.057707747498084765,1109,12889,0.8794607454401269,0.7228827818283792,1261,17830
Random Forest,5959,0.05770532598501962,1109,12890,0.8794607454401269,0.7229388670779585,1261,17830
Random Forest,5960,0.05770038711410413,1110,12899,0.880253766851705,0.7234436343241727,1261,17830
Random Forest,5961,0.05769127753386162,1110,12900,0.880253766851705,0.7234997195737521,1261,17830
Random Forest,5962,0.05768965905801636,1110,12903,0.880253766851705,0.7236679753224902,1261,17830
Random Forest,5963,0.05768786905471166,1110,12904,0.880253766851705,0.7237240605720695,1261,17830
Random Forest,5964,0.05768700046984288,1110,12905,0.880253766851705,0.723780145821649,1261,17830
Random Forest,5965,0.0576842212118592,1110,12906,0.880253766851705,0.7238362310712283,1261,17830
Random Forest,5966,0.05768223502661056,1110,12907,0.880253766851705,0.7238923163208076,1261,17830
Random Forest,5967,0.05768119132768752,1110,12909,0.880253766851705,0.7240044868199663,1261,17830
Random Forest,5968,0.0576694995291933,1110,12910,0.880253766851705,0.7240605720695457,1261,17830
Random Forest,5969,0.05766414916175506,1110,12912,0.880253766851705,0.7241727425687045,1261,17830
Random Forest,5970,0.05766295142997777,1110,12916,0.880253766851705,0.7243970835670219,1261,17830
Random Forest,5971,0.05764949031160062,1110,12917,0.880253766851705,0.7244531688166013,1261,17830
Random Forest,5972,0.05764129462810025,1110,12920,0.880253766851705,0.7246214245653393,1261,17830
Random Forest,5973,0.057640356600348795,1110,12921,0.880253766851705,0.7246775098149186,1261,17830
Random Forest,5974,0.057636120797335585,1110,12922,0.880253766851705,0.7247335950644981,1261,17830
Random Forest,5975,0.05763538434594382,1110,12923,0.880253766851705,0.7247896803140774,1261,17830
Random Forest,5976,0.057634260277178884,1110,12925,0.880253766851705,0.7249018508132361,1261,17830
Random Forest,5977,0.057633872058508166,1110,12926,0.880253766851705,0.7249579360628154,1261,17830
Random Forest,5978,0.05760605312244197,1110,12927,0.880253766851705,0.7250140213123948,1261,17830
Random Forest,5979,0.05760471525144564,1111,12928,0.8810467882632831,0.7250701065619742,1261,17830
Random Forest,5980,0.057603304792550734,1111,12929,0.8810467882632831,0.7251261918115536,1261,17830
Random Forest,5981,0.05760327766660143,1111,12930,0.8810467882632831,0.7251822770611329,1261,17830
Random Forest,5982,0.057594492772911864,1111,12932,0.8810467882632831,0.7252944475602916,1261,17830
Random Forest,5983,0.05759125413306848,1112,12939,0.8818398096748612,0.7256870443073472,1261,17830
Random Forest,5984,0.057590261069612965,1112,12941,0.8818398096748612,0.7257992148065059,1261,17830
Random Forest,5985,0.057582342575350776,1112,12943,0.8818398096748612,0.7259113853056646,1261,17830
Random Forest,5986,0.0575763873284459,1112,12945,0.8818398096748612,0.7260235558048234,1261,17830
Random Forest,5987,0.05757035971097614,1112,12946,0.8818398096748612,0.7260796410544027,1261,17830
Random Forest,5988,0.05754209614476186,1112,12947,0.8818398096748612,0.726135726303982,1261,17830
Random Forest,5989,0.05753628869408832,1112,12948,0.8818398096748612,0.7261918115535614,1261,17830
Random Forest,5990,0.05753248459064262,1112,12949,0.8818398096748612,0.7262478968031407,1261,17830
Random Forest,5991,0.05753238442940706,1113,12949,0.8826328310864393,0.7262478968031407,1261,17830
Random Forest,5992,0.05752843300788175,1113,12960,0.8826328310864393,0.7268648345485137,1261,17830
Random Forest,5993,0.057526603410616155,1113,12961,0.8826328310864393,0.7269209197980931,1261,17830
Random Forest,5994,0.05752112528829711,1113,12962,0.8826328310864393,0.7269770050476725,1261,17830
Random Forest,5995,0.05751747669016376,1113,12963,0.8826328310864393,0.7270330902972518,1261,17830
Random Forest,5996,0.05751571854544258,1113,12964,0.8826328310864393,0.7270891755468312,1261,17830
Random Forest,5997,0.05751064060989683,1113,12965,0.8826328310864393,0.7271452607964105,1261,17830
Random Forest,5998,0.057500387913804,1113,12976,0.8826328310864393,0.7277621985417835,1261,17830
Random Forest,5999,0.05749732087886217,1113,12977,0.8826328310864393,0.7278182837913628,1261,17830
Random Forest,6000,0.057496293563088705,1113,12978,0.8826328310864393,0.7278743690409423,1261,17830
Random Forest,6001,0.057495628317260884,1113,12979,0.8826328310864393,0.7279304542905216,1261,17830
Random Forest,6002,0.057494614176496726,1113,12980,0.8826328310864393,0.727986539540101,1261,17830
Random Forest,6003,0.057483469047022076,1113,12981,0.8826328310864393,0.7280426247896803,1261,17830
Random Forest,6004,0.05748331633187406,1113,12982,0.8826328310864393,0.7280987100392596,1261,17830
Random Forest,6005,0.05747552895978581,1113,12985,0.8826328310864393,0.7282669657879978,1261,17830
Random Forest,6006,0.05746295222967766,1113,12987,0.8826328310864393,0.7283791362871564,1261,17830
Random Forest,6007,0.05744129796509642,1113,12988,0.8826328310864393,0.7284352215367358,1261,17830
Random Forest,6008,0.057431719322053126,1114,12988,0.8834258524980174,0.7284352215367358,1261,17830
Random Forest,6009,0.05742381970332238,1114,12992,0.8834258524980174,0.7286595625350533,1261,17830
Random Forest,6010,0.05742154771306972,1114,13008,0.8834258524980174,0.729556926528323,1261,17830
Random Forest,6011,0.05742086462318598,1114,13010,0.8834258524980174,0.7296690970274817,1261,17830
Random Forest,6012,0.057410391710468946,1114,13014,0.8834258524980174,0.7298934380257992,1261,17830
Random Forest,6013,0.05740878668877775,1114,13015,0.8834258524980174,0.7299495232753785,1261,17830
Random Forest,6014,0.05740471605114551,1114,13022,0.8834258524980174,0.7303421200224341,1261,17830
Random Forest,6015,0.057395368631192635,1115,13023,0.8842188739095955,0.7303982052720135,1261,17830
Random Forest,6016,0.05738772888168469,1115,13024,0.8842188739095955,0.7304542905215928,1261,17830
Random Forest,6017,0.057374040608710306,1115,13026,0.8842188739095955,0.7305664610207515,1261,17830
Random Forest,6018,0.057373703821624496,1115,13027,0.8842188739095955,0.7306225462703309,1261,17830
Random Forest,6019,0.05737254179609069,1115,13028,0.8842188739095955,0.7306786315199103,1261,17830
Random Forest,6020,0.057371327135374135,1115,13030,0.8842188739095955,0.730790802019069,1261,17830
Random Forest,6021,0.0573678290840581,1115,13031,0.8842188739095955,0.7308468872686483,1261,17830
Random Forest,6022,0.05736558352479023,1115,13038,0.8842188739095955,0.7312394840157038,1261,17830
Random Forest,6023,0.05735963256721507,1115,13040,0.8842188739095955,0.7313516545148626,1261,17830
Random Forest,6024,0.05735732762490667,1115,13043,0.8842188739095955,0.7315199102636006,1261,17830
Random Forest,6025,0.05735693167486312,1115,13044,0.8842188739095955,0.7315759955131801,1261,17830
Random Forest,6026,0.0573557743832293,1115,13045,0.8842188739095955,0.7316320807627594,1261,17830
Random Forest,6027,0.05734209847258934,1115,13046,0.8842188739095955,0.7316881660123388,1261,17830
Random Forest,6028,0.05733610829576886,1115,13051,0.8842188739095955,0.7319685922602356,1261,17830
Random Forest,6029,0.05733283880978029,1115,13055,0.8842188739095955,0.732192933258553,1261,17830
Random Forest,6030,0.057320639736062204,1115,13057,0.8842188739095955,0.7323051037577117,1261,17830
Random Forest,6031,0.057314942032666634,1115,13058,0.8842188739095955,0.7323611890072911,1261,17830
Random Forest,6032,0.05731185568782671,1115,13059,0.8842188739095955,0.7324172742568704,1261,17830
Random Forest,6033,0.05730698043350025,1115,13064,0.8842188739095955,0.7326977005047672,1261,17830
Random Forest,6034,0.0573062837963962,1115,13065,0.8842188739095955,0.7327537857543466,1261,17830
Random Forest,6035,0.057303363580758916,1115,13093,0.8842188739095955,0.7343241727425687,1261,17830
Random Forest,6036,0.05730139638868292,1115,13094,0.8842188739095955,0.734380257992148,1261,17830
Random Forest,6037,0.057301228677554175,1115,13095,0.8842188739095955,0.7344363432417275,1261,17830
Random Forest,6038,0.057298623431984164,1115,13096,0.8842188739095955,0.7344924284913068,1261,17830
Random Forest,6039,0.057298333021807216,1115,13097,0.8842188739095955,0.7345485137408861,1261,17830
Random Forest,6040,0.05729194543899349,1115,13098,0.8842188739095955,0.7346045989904655,1261,17830
Random Forest,6041,0.057278031958966004,1115,13100,0.8842188739095955,0.7347167694896243,1261,17830
Random Forest,6042,0.05727565527271565,1115,13101,0.8842188739095955,0.7347728547392036,1261,17830
Random Forest,6043,0.05727192115966153,1116,13106,0.8850118953211736,0.7350532809871004,1261,17830
Random Forest,6044,0.05727002953932852,1116,13116,0.8850118953211736,0.735614133482894,1261,17830
Random Forest,6045,0.05726954474937389,1116,13118,0.8850118953211736,0.7357263039820527,1261,17830
Random Forest,6046,0.057269293645753706,1116,13119,0.8850118953211736,0.7357823892316321,1261,17830
Random Forest,6047,0.05726617744421799,1116,13120,0.8850118953211736,0.7358384744812114,1261,17830
Random Forest,6048,0.057265200452684704,1116,13121,0.8850118953211736,0.7358945597307908,1261,17830
Random Forest,6049,0.05726247617016924,1116,13122,0.8850118953211736,0.7359506449803702,1261,17830
Random Forest,6050,0.05725751070987076,1116,13123,0.8850118953211736,0.7360067302299496,1261,17830
Random Forest,6051,0.057257403770617984,1116,13124,0.8850118953211736,0.7360628154795289,1261,17830
Random Forest,6052,0.05724512740222677,1118,13130,0.8865979381443299,0.736399326977005,1261,17830
Random Forest,6053,0.05723621584450907,1118,13162,0.8865979381443299,0.7381940549635446,1261,17830
Random Forest,6054,0.05722792854159659,1118,13165,0.8865979381443299,0.7383623107122826,1261,17830
Random Forest,6055,0.05722568141783643,1119,13165,0.887390959555908,0.7383623107122826,1261,17830
Random Forest,6056,0.05722348579946118,1119,13167,0.887390959555908,0.7384744812114414,1261,17830
Random Forest,6057,0.057221644391195245,1119,13168,0.887390959555908,0.7385305664610208,1261,17830
Random Forest,6058,0.057211308570841765,1119,13169,0.887390959555908,0.7385866517106001,1261,17830
Random Forest,6059,0.057204053208340516,1119,13170,0.887390959555908,0.7386427369601795,1261,17830
Random Forest,6060,0.05720391015190503,1119,13171,0.887390959555908,0.7386988222097588,1261,17830
Random Forest,6061,0.057199959824316506,1119,13172,0.887390959555908,0.7387549074593381,1261,17830
Random Forest,6062,0.05719296547051492,1119,13173,0.887390959555908,0.7388109927089176,1261,17830
Random Forest,6063,0.05719074306757789,1119,13175,0.887390959555908,0.7389231632080763,1261,17830
Random Forest,6064,0.057185804707439065,1119,13178,0.887390959555908,0.7390914189568144,1261,17830
Random Forest,6065,0.05717701864304762,1119,13179,0.887390959555908,0.7391475042063937,1261,17830
Random Forest,6066,0.05717532440169733,1119,13182,0.887390959555908,0.7393157599551318,1261,17830
Random Forest,6067,0.057164416194064586,1119,13184,0.887390959555908,0.7394279304542906,1261,17830
Random Forest,6068,0.05716095197976272,1119,13185,0.887390959555908,0.7394840157038699,1261,17830
Random Forest,6069,0.0571572209466996,1119,13187,0.887390959555908,0.7395961862030286,1261,17830
Random Forest,6070,0.05715040876643167,1119,13190,0.887390959555908,0.7397644419517667,1261,17830
Random Forest,6071,0.05714572941382338,1119,13192,0.887390959555908,0.7398766124509254,1261,17830
Random Forest,6072,0.0571370751810208,1119,13193,0.887390959555908,0.7399326977005047,1261,17830
Random Forest,6073,0.05713441494827601,1119,13194,0.887390959555908,0.7399887829500841,1261,17830
Random Forest,6074,0.05712480632155327,1119,13195,0.887390959555908,0.7400448681996635,1261,17830
Random Forest,6075,0.05711615748131825,1119,13196,0.887390959555908,0.7401009534492429,1261,17830
Random Forest,6076,0.05711209714458238,1119,13197,0.887390959555908,0.7401570386988222,1261,17830
Random Forest,6077,0.057109582218646045,1119,13198,0.887390959555908,0.7402131239484016,1261,17830
Random Forest,6078,0.05710687123787773,1119,13199,0.887390959555908,0.7402692091979809,1261,17830
Random Forest,6079,0.057101688897095056,1119,13200,0.887390959555908,0.7403252944475603,1261,17830
Random Forest,6080,0.0570977899318682,1119,13202,0.887390959555908,0.740437464946719,1261,17830
Random Forest,6081,0.057096858364156546,1119,13203,0.887390959555908,0.7404935501962984,1261,17830
Random Forest,6082,0.05709632281040582,1120,13203,0.8881839809674861,0.7404935501962984,1261,17830
Random Forest,6083,0.057076334283058465,1120,13204,0.8881839809674861,0.7405496354458777,1261,17830
Random Forest,6084,0.05707546660585974,1120,13205,0.8881839809674861,0.740605720695457,1261,17830
Random Forest,6085,0.0570725249753479,1120,13206,0.8881839809674861,0.7406618059450365,1261,17830
Random Forest,6086,0.057064236332915394,1120,13207,0.8881839809674861,0.7407178911946158,1261,17830
Random Forest,6087,0.057063844664899804,1120,13218,0.8881839809674861,0.7413348289399888,1261,17830
Random Forest,6088,0.05706128689998325,1120,13219,0.8881839809674861,0.7413909141895682,1261,17830
Random Forest,6089,0.057054436113013425,1120,13221,0.8881839809674861,0.7415030846887268,1261,17830
Random Forest,6090,0.05704369917665437,1120,13225,0.8881839809674861,0.7417274256870443,1261,17830
Random Forest,6091,0.0570426841017704,1120,13230,0.8881839809674861,0.7420078519349411,1261,17830
Random Forest,6092,0.05701295015238132,1120,13231,0.8881839809674861,0.7420639371845205,1261,17830
Random Forest,6093,0.0569999859430657,1120,13234,0.8881839809674861,0.7422321929332586,1261,17830
Random Forest,6094,0.056992045014455324,1121,13234,0.8889770023790642,0.7422321929332586,1261,17830
Random Forest,6095,0.056987187666263546,1121,13236,0.8889770023790642,0.7423443634324173,1261,17830
Random Forest,6096,0.05698458551804867,1121,13237,0.8889770023790642,0.7424004486819966,1261,17830
Random Forest,6097,0.05697437290272943,1121,13238,0.8889770023790642,0.742456533931576,1261,17830
Random Forest,6098,0.05695830651197698,1121,13239,0.8889770023790642,0.7425126191811554,1261,17830
Random Forest,6099,0.05695325573726635,1121,13240,0.8889770023790642,0.7425687044307347,1261,17830
Random Forest,6100,0.05695040956613156,1121,13242,0.8889770023790642,0.7426808749298934,1261,17830
Random Forest,6101,0.05693834696766274,1121,13243,0.8889770023790642,0.7427369601794728,1261,17830
Random Forest,6102,0.056938070797211034,1121,13245,0.8889770023790642,0.7428491306786316,1261,17830
Random Forest,6103,0.056935798806958385,1121,13251,0.8889770023790642,0.7431856421761077,1261,17830
Random Forest,6104,0.0569296207976107,1121,13253,0.8889770023790642,0.7432978126752664,1261,17830
Random Forest,6105,0.056929508952920725,1121,13255,0.8889770023790642,0.7434099831744251,1261,17830
Random Forest,6106,0.056919265904027336,1122,13255,0.8897700237906423,0.7434099831744251,1261,17830
Random Forest,6107,0.05691136009854096,1122,13267,0.8897700237906423,0.7440830061693775,1261,17830
Random Forest,6108,0.056899604138299725,1122,13269,0.8897700237906423,0.7441951766685362,1261,17830
Random Forest,6109,0.056898168267723606,1122,13270,0.8897700237906423,0.7442512619181155,1261,17830
Random Forest,6110,0.05689784904692285,1122,13272,0.8897700237906423,0.7443634324172742,1261,17830
Random Forest,6111,0.056894059440475445,1122,13273,0.8897700237906423,0.7444195176668537,1261,17830
Random Forest,6112,0.056881801810754896,1122,13296,0.8897700237906423,0.7457094784071789,1261,17830
Random Forest,6113,0.056873129597304575,1122,13304,0.8897700237906423,0.7461581604038138,1261,17830
Random Forest,6114,0.056872160761404215,1122,13306,0.8897700237906423,0.7462703309029726,1261,17830
Random Forest,6115,0.05687144824167236,1122,13307,0.8897700237906423,0.7463264161525519,1261,17830
Random Forest,6116,0.05686079397194045,1122,13308,0.8897700237906423,0.7463825014021312,1261,17830
Random Forest,6117,0.05685993776648722,1122,13309,0.8897700237906423,0.7464385866517106,1261,17830
Random Forest,6118,0.056856349566478025,1123,13309,0.8905630452022204,0.7464385866517106,1261,17830
Random Forest,6119,0.056851030341125555,1123,13310,0.8905630452022204,0.7464946719012899,1261,17830
Random Forest,6120,0.056849089839542434,1123,13315,0.8905630452022204,0.7467750981491867,1261,17830
Random Forest,6121,0.05684478496136058,1123,13316,0.8905630452022204,0.7468311833987661,1261,17830
Random Forest,6122,0.056825907829537385,1123,13317,0.8905630452022204,0.7468872686483455,1261,17830
Random Forest,6123,0.056823129709556046,1123,13318,0.8905630452022204,0.7469433538979249,1261,17830
Random Forest,6124,0.0568226236581087,1123,13321,0.8905630452022204,0.7471116096466629,1261,17830
Random Forest,6125,0.05681828946322287,1124,13330,0.8913560666137986,0.7476163768928772,1261,17830
Random Forest,6126,0.056817614674647576,1124,13334,0.8913560666137986,0.7478407178911947,1261,17830
Random Forest,6127,0.056813025103214065,1124,13335,0.8913560666137986,0.747896803140774,1261,17830
Random Forest,6128,0.0568122610437717,1124,13336,0.8913560666137986,0.7479528883903533,1261,17830
Random Forest,6129,0.05680422118904334,1124,13337,0.8913560666137986,0.7480089736399327,1261,17830
Random Forest,6130,0.05680331817477806,1124,13338,0.8913560666137986,0.748065058889512,1261,17830
Random Forest,6131,0.05680324752027412,1124,13339,0.8913560666137986,0.7481211441390914,1261,17830
Random Forest,6132,0.05680019343585826,1124,13340,0.8913560666137986,0.7481772293886708,1261,17830
Random Forest,6133,0.056798993034242067,1124,13341,0.8913560666137986,0.7482333146382502,1261,17830
Random Forest,6134,0.05679082091721282,1125,13364,0.8921490880253767,0.7495232753785754,1261,17830
Random Forest,6135,0.056788555757474046,1125,13365,0.8921490880253767,0.7495793606281548,1261,17830
Random Forest,6136,0.0567857268598621,1125,13366,0.8921490880253767,0.7496354458777341,1261,17830
Random Forest,6137,0.05677914467197325,1125,13367,0.8921490880253767,0.7496915311273136,1261,17830
Random Forest,6138,0.05677900034703802,1125,13368,0.8921490880253767,0.7497476163768929,1261,17830
Random Forest,6139,0.056764133758731884,1125,13369,0.8921490880253767,0.7498037016264723,1261,17830
Random Forest,6140,0.056759955531131785,1125,13374,0.8921490880253767,0.7500841278743691,1261,17830
Random Forest,6141,0.05675700208582779,1125,13379,0.8921490880253767,0.7503645541222659,1261,17830
Random Forest,6142,0.05675680686121297,1125,13380,0.8921490880253767,0.7504206393718452,1261,17830
Random Forest,6143,0.056751277429788034,1125,13381,0.8921490880253767,0.7504767246214246,1261,17830
Random Forest,6144,0.05674996097098451,1125,13383,0.8921490880253767,0.7505888951205832,1261,17830
Random Forest,6145,0.05674127305164948,1125,13389,0.8921490880253767,0.7509254066180594,1261,17830
Random Forest,6146,0.05674047808863289,1125,13390,0.8921490880253767,0.7509814918676389,1261,17830
Random Forest,6147,0.05673938143131646,1127,13398,0.893735130848533,0.7514301738642737,1261,17830
Random Forest,6148,0.05673565917669558,1127,13400,0.893735130848533,0.7515423443634324,1261,17830
Random Forest,6149,0.056731232285279376,1127,13402,0.893735130848533,0.7516545148625912,1261,17830
Random Forest,6150,0.05672065251991667,1127,13403,0.893735130848533,0.7517106001121705,1261,17830
Random Forest,6151,0.0567153858780505,1127,13410,0.893735130848533,0.752103196859226,1261,17830
Random Forest,6152,0.05671313875429034,1127,13411,0.893735130848533,0.7521592821088053,1261,17830
Random Forest,6153,0.056706348743067236,1127,13414,0.893735130848533,0.7523275378575435,1261,17830
Random Forest,6154,0.05670265292845523,1127,13415,0.893735130848533,0.7523836231071228,1261,17830
Random Forest,6155,0.05669955727382914,1127,13416,0.893735130848533,0.7524397083567022,1261,17830
Random Forest,6156,0.05668988329248641,1127,13418,0.893735130848533,0.752551878855861,1261,17830
Random Forest,6157,0.05668928450602174,1127,13419,0.893735130848533,0.7526079641054403,1261,17830
Random Forest,6158,0.056679770257044605,1127,13420,0.893735130848533,0.7526640493550196,1261,17830
Random Forest,6159,0.056673262043892975,1127,13425,0.893735130848533,0.7529444756029164,1261,17830
Random Forest,6160,0.056663657199643835,1127,13426,0.893735130848533,0.7530005608524958,1261,17830
Random Forest,6161,0.05666205402679705,1127,13427,0.893735130848533,0.7530566461020751,1261,17830
Random Forest,6162,0.0566525652857613,1127,13428,0.893735130848533,0.7531127313516545,1261,17830
Random Forest,6163,0.05663905550118482,1127,13432,0.893735130848533,0.7533370723499719,1261,17830
Random Forest,6164,0.05663491847618565,1127,13433,0.893735130848533,0.7533931575995513,1261,17830
Random Forest,6165,0.056615082273506805,1127,13434,0.893735130848533,0.7534492428491307,1261,17830
Random Forest,6166,0.05660002958357419,1127,13436,0.893735130848533,0.7535614133482894,1261,17830
Random Forest,6167,0.056592835548216106,1127,13437,0.893735130848533,0.7536174985978688,1261,17830
Random Forest,6168,0.05659045641777438,1127,13438,0.893735130848533,0.7536735838474481,1261,17830
Random Forest,6169,0.05658269586429207,1127,13439,0.893735130848533,0.7537296690970274,1261,17830
Random Forest,6170,0.05656971470710116,1127,13440,0.893735130848533,0.7537857543466069,1261,17830
Random Forest,6171,0.05655072864254318,1127,13441,0.893735130848533,0.7538418395961862,1261,17830
Random Forest,6172,0.05655044737001977,1127,13442,0.893735130848533,0.7538979248457656,1261,17830
Random Forest,6173,0.056541018565246876,1127,13443,0.893735130848533,0.7539540100953449,1261,17830
Random Forest,6174,0.056537512066281805,1127,13444,0.893735130848533,0.7540100953449242,1261,17830
Random Forest,6175,0.0565356613682654,1127,13445,0.893735130848533,0.7540661805945037,1261,17830
Random Forest,6176,0.056531886332894674,1127,13446,0.893735130848533,0.754122265844083,1261,17830
Random Forest,6177,0.05652747746301136,1127,13447,0.893735130848533,0.7541783510936624,1261,17830
Random Forest,6178,0.0565264941508427,1127,13448,0.893735130848533,0.7542344363432417,1261,17830
Random Forest,6179,0.05652378800500137,1127,13450,0.893735130848533,0.7543466068424004,1261,17830
Random Forest,6180,0.056514237036954365,1127,13452,0.893735130848533,0.7544587773415592,1261,17830
Random Forest,6181,0.05651203599375834,1129,13459,0.8953211736716892,0.7548513740886147,1261,17830
Random Forest,6182,0.0565008908642837,1129,13463,0.8953211736716892,0.7550757150869322,1261,17830
Random Forest,6183,0.05649279229896193,1129,13464,0.8953211736716892,0.7551318003365115,1261,17830
Random Forest,6184,0.05647711168517613,1129,13465,0.8953211736716892,0.7551878855860908,1261,17830
Random Forest,6185,0.05646772751825073,1129,13466,0.8953211736716892,0.7552439708356702,1261,17830
Random Forest,6186,0.056456902270635566,1129,13468,0.8953211736716892,0.755356141334829,1261,17830
Random Forest,6187,0.056456236595667245,1129,13469,0.8953211736716892,0.7554122265844083,1261,17830
Random Forest,6188,0.05645606132129158,1129,13470,0.8953211736716892,0.7554683118339877,1261,17830
Random Forest,6189,0.05644979296974725,1129,13472,0.8953211736716892,0.7555804823331463,1261,17830
Random Forest,6190,0.05644695904148744,1129,13473,0.8953211736716892,0.7556365675827258,1261,17830
Random Forest,6191,0.0564457819043938,1129,13475,0.8953211736716892,0.7557487380818845,1261,17830
Random Forest,6192,0.056440125560315905,1129,13477,0.8953211736716892,0.7558609085810432,1261,17830
Random Forest,6193,0.05643660095459604,1129,13478,0.8953211736716892,0.7559169938306225,1261,17830
Random Forest,6194,0.05643342879765101,1129,13479,0.8953211736716892,0.755973079080202,1261,17830
Random Forest,6195,0.05642765840396493,1129,13480,0.8953211736716892,0.7560291643297813,1261,17830
Random Forest,6196,0.056420614870160486,1129,13481,0.8953211736716892,0.7560852495793606,1261,17830
Random Forest,6197,0.05641707813406461,1129,13482,0.8953211736716892,0.75614133482894,1261,17830
Random Forest,6198,0.05640515069894633,1129,13499,0.8953211736716892,0.7570947840717891,1261,17830
Random Forest,6199,0.05640385403387918,1129,13500,0.8953211736716892,0.7571508693213684,1261,17830
Random Forest,6200,0.05640268987618955,1129,13503,0.8953211736716892,0.7573191250701066,1261,17830
Random Forest,6201,0.05639605290464355,1130,13503,0.8961141950832673,0.7573191250701066,1261,17830
Random Forest,6202,0.05638706147475363,1130,13504,0.8961141950832673,0.7573752103196859,1261,17830
Random Forest,6203,0.05638581551448431,1130,13505,0.8961141950832673,0.7574312955692653,1261,17830
Random Forest,6204,0.0563807119905289,1131,13519,0.8969072164948454,0.7582164890633764,1261,17830
Random Forest,6205,0.05637460816665113,1131,13530,0.8969072164948454,0.7588334268087493,1261,17830
Random Forest,6206,0.0563692591472088,1131,13549,0.8969072164948454,0.7598990465507571,1261,17830
Random Forest,6207,0.056363873605940196,1131,13550,0.8969072164948454,0.7599551318003365,1261,17830
Random Forest,6208,0.056360586933758484,1131,13552,0.8969072164948454,0.7600673022994953,1261,17830
Random Forest,6209,0.056345974750712575,1131,13559,0.8969072164948454,0.7604598990465508,1261,17830
Random Forest,6210,0.05634445369765742,1131,13565,0.8969072164948454,0.7607964105440269,1261,17830
Random Forest,6211,0.05634402410168446,1131,13571,0.8969072164948454,0.7611329220415031,1261,17830
Random Forest,6212,0.05633792027780667,1131,13575,0.8969072164948454,0.7613572630398205,1261,17830
Random Forest,6213,0.056337889100140294,1131,13577,0.8969072164948454,0.7614694335389792,1261,17830
Random Forest,6214,0.05633781672611141,1131,13578,0.8969072164948454,0.7615255187885586,1261,17830
Random Forest,6215,0.056335587789375995,1131,13580,0.8969072164948454,0.7616376892877174,1261,17830
Random Forest,6216,0.05633254055711154,1133,13583,0.8984932593180016,0.7618059450364554,1261,17830
Random Forest,6217,0.05633038052469762,1133,13591,0.8984932593180016,0.7622546270330903,1261,17830
Random Forest,6218,0.056325701458465965,1133,13593,0.8984932593180016,0.762366797532249,1261,17830
Random Forest,6219,0.05632446033315555,1133,13594,0.8984932593180016,0.7624228827818283,1261,17830
Random Forest,6220,0.05631971128164546,1133,13607,0.8984932593180016,0.7631519910263601,1261,17830
Random Forest,6221,0.05631884525101325,1133,13608,0.8984932593180016,0.7632080762759395,1261,17830
Random Forest,6222,0.0563169090683984,1133,13609,0.8984932593180016,0.7632641615255188,1261,17830
Random Forest,6223,0.05631644179565692,1133,13610,0.8984932593180016,0.7633202467750981,1261,17830
Random Forest,6224,0.056310111939373776,1133,13611,0.8984932593180016,0.7633763320246775,1261,17830
Random Forest,6225,0.056307266075858585,1133,13612,0.8984932593180016,0.7634324172742569,1261,17830
Random Forest,6226,0.056305072011101485,1133,13620,0.8984932593180016,0.7638810992708918,1261,17830
Random Forest,6227,0.056303048567100035,1133,13621,0.8984932593180016,0.7639371845204711,1261,17830
Random Forest,6228,0.05630050912364328,1133,13622,0.8984932593180016,0.7639932697700504,1261,17830
Random Forest,6229,0.056293395765861905,1133,13623,0.8984932593180016,0.7640493550196298,1261,17830
Random Forest,6230,0.056286966566635524,1134,13650,0.8992862807295797,0.7655636567582725,1261,17830
Random Forest,6231,0.05628412171943912,1134,13651,0.8992862807295797,0.765619742007852,1261,17830
Random Forest,6232,0.056275271563523466,1134,13652,0.8992862807295797,0.7656758272574313,1261,17830
Random Forest,6233,0.05625030288805409,1134,13653,0.8992862807295797,0.7657319125070107,1261,17830
Random Forest,6234,0.056248352239025974,1134,13656,0.8992862807295797,0.7659001682557487,1261,17830
Random Forest,6235,0.056246867932277934,1134,13657,0.8992862807295797,0.7659562535053281,1261,17830
Random Forest,6236,0.05623869305206303,1134,13658,0.8992862807295797,0.7660123387549075,1261,17830
Random Forest,6237,0.05622873038810338,1136,13668,0.9008723235527359,0.7665731912507011,1261,17830
Random Forest,6238,0.056224399554042896,1136,13669,0.9008723235527359,0.7666292765002805,1261,17830
Random Forest,6239,0.056221127449032085,1136,13670,0.9008723235527359,0.7666853617498598,1261,17830
Random Forest,6240,0.05621571096977792,1136,13671,0.9008723235527359,0.7667414469994391,1261,17830
Random Forest,6241,0.056211899610510194,1136,13675,0.9008723235527359,0.7669657879977566,1261,17830
Random Forest,6242,0.05620794307841703,1136,13676,0.9008723235527359,0.767021873247336,1261,17830
Random Forest,6243,0.056204926445762915,1136,13677,0.9008723235527359,0.7670779584969153,1261,17830
Random Forest,6244,0.056203824998493024,1136,13678,0.9008723235527359,0.7671340437464946,1261,17830
Random Forest,6245,0.056193806079521146,1136,13681,0.9008723235527359,0.7673022994952328,1261,17830
Random Forest,6246,0.05619240803418057,1136,13683,0.9008723235527359,0.7674144699943914,1261,17830
Random Forest,6247,0.056189214392711906,1136,13685,0.9008723235527359,0.7675266404935502,1261,17830
Random Forest,6248,0.056182144255224116,1136,13686,0.9008723235527359,0.7675827257431296,1261,17830
Random Forest,6249,0.05617055061771724,1136,13689,0.9008723235527359,0.7677509814918676,1261,17830
Random Forest,6250,0.056160169377502275,1136,13691,0.9008723235527359,0.7678631519910264,1261,17830
Random Forest,6251,0.05615899859672893,1136,13692,0.9008723235527359,0.7679192372406057,1261,17830
Random Forest,6252,0.056149908433242086,1136,13693,0.9008723235527359,0.7679753224901851,1261,17830
Random Forest,6253,0.0561480191799412,1136,13694,0.9008723235527359,0.7680314077397644,1261,17830
Random Forest,6254,0.05613934865412207,1136,13696,0.9008723235527359,0.7681435782389232,1261,17830
Random Forest,6255,0.05612163930707635,1136,13697,0.9008723235527359,0.7681996634885025,1261,17830
Random Forest,6256,0.05612055063393113,1136,13700,0.9008723235527359,0.7683679192372406,1261,17830
Random Forest,6257,0.05612003910711943,1136,13701,0.9008723235527359,0.7684240044868199,1261,17830
Random Forest,6258,0.05611899350944073,1136,13703,0.9008723235527359,0.7685361749859787,1261,17830
Random Forest,6259,0.05611801793415261,1136,13704,0.9008723235527359,0.768592260235558,1261,17830
Random Forest,6260,0.05610876098851711,1136,13705,0.9008723235527359,0.7686483454851374,1261,17830
Random Forest,6261,0.0561085677695565,1136,13706,0.9008723235527359,0.7687044307347167,1261,17830
Random Forest,6262,0.05610493238083867,1136,13708,0.9008723235527359,0.7688166012338755,1261,17830
Random Forest,6263,0.056103097940489434,1136,13712,0.9008723235527359,0.7690409422321929,1261,17830
Random Forest,6264,0.05610238165121999,1136,13713,0.9008723235527359,0.7690970274817723,1261,17830
Random Forest,6265,0.056101990322674364,1136,13715,0.9008723235527359,0.769209197980931,1261,17830
Random Forest,6266,0.05609813421686266,1136,13717,0.9008723235527359,0.7693213684800897,1261,17830
Random Forest,6267,0.056090474223754336,1136,13722,0.9008723235527359,0.7696017947279865,1261,17830
Random Forest,6268,0.056089095631819366,1136,13723,0.9008723235527359,0.7696578799775659,1261,17830
Random Forest,6269,0.05608230562059627,1136,13725,0.9008723235527359,0.7697700504767246,1261,17830
Random Forest,6270,0.056082065438243775,1136,13726,0.9008723235527359,0.769826135726304,1261,17830
Random Forest,6271,0.05607147505344061,1136,13727,0.9008723235527359,0.7698822209758833,1261,17830
Random Forest,6272,0.05605419662092876,1136,13733,0.9008723235527359,0.7702187324733595,1261,17830
Random Forest,6273,0.05600837699439056,1136,13734,0.9008723235527359,0.7702748177229388,1261,17830
Random Forest,6274,0.056001238224882614,1136,13736,0.9008723235527359,0.7703869882220976,1261,17830
Random Forest,6275,0.05599949333021225,1136,13738,0.9008723235527359,0.7704991587212563,1261,17830
Random Forest,6276,0.055989215192411776,1136,13740,0.9008723235527359,0.770611329220415,1261,17830
Random Forest,6277,0.05598812207061974,1136,13743,0.9008723235527359,0.7707795849691531,1261,17830
Random Forest,6278,0.05598358892894231,1136,13756,0.9008723235527359,0.7715086932136848,1261,17830
Random Forest,6279,0.055975648000331925,1136,13758,0.9008723235527359,0.7716208637128436,1261,17830
Random Forest,6280,0.05595321063855794,1136,13759,0.9008723235527359,0.7716769489624229,1261,17830
Random Forest,6281,0.05594159391460705,1136,13760,0.9008723235527359,0.7717330342120022,1261,17830
Random Forest,6282,0.055937521219429104,1136,13761,0.9008723235527359,0.7717891194615816,1261,17830
Random Forest,6283,0.05593733399382925,1136,13763,0.9008723235527359,0.7719012899607404,1261,17830
Random Forest,6284,0.05593005765255724,1137,13763,0.901665344964314,0.7719012899607404,1261,17830
Random Forest,6285,0.0559247621479742,1137,13764,0.901665344964314,0.7719573752103197,1261,17830
Random Forest,6286,0.055922988503921967,1137,13767,0.901665344964314,0.7721256309590577,1261,17830
Random Forest,6287,0.05592096533695331,1137,13768,0.901665344964314,0.7721817162086372,1261,17830
Random Forest,6288,0.05591810512776784,1137,13771,0.901665344964314,0.7723499719573752,1261,17830
Random Forest,6289,0.05591441417343215,1137,13772,0.901665344964314,0.7724060572069545,1261,17830
Random Forest,6290,0.05591266050037955,1137,13773,0.901665344964314,0.7724621424565339,1261,17830
Random Forest,6291,0.05590998377904378,1137,13776,0.901665344964314,0.772630398205272,1261,17830
Random Forest,6292,0.055903658264261566,1137,13779,0.901665344964314,0.7727986539540102,1261,17830
Random Forest,6293,0.05590354570042413,1137,13780,0.901665344964314,0.7728547392035895,1261,17830
Random Forest,6294,0.05590029403263711,1138,13780,0.9024583663758922,0.7728547392035895,1261,17830
Random Forest,6295,0.05589962403485816,1138,13781,0.9024583663758922,0.7729108244531688,1261,17830
Random Forest,6296,0.05589851541437071,1138,13786,0.9024583663758922,0.7731912507010656,1261,17830
Random Forest,6297,0.055895139733443476,1138,13790,0.9024583663758922,0.773415591699383,1261,17830
Random Forest,6298,0.055892608035400235,1138,13795,0.9024583663758922,0.7736960179472798,1261,17830
Random Forest,6299,0.055890192862079746,1138,13798,0.9024583663758922,0.773864273696018,1261,17830
Random Forest,6300,0.05589014721264345,1138,13799,0.9024583663758922,0.7739203589455973,1261,17830
Random Forest,6301,0.05588351024109745,1138,13807,0.9024583663758922,0.7743690409422322,1261,17830
Random Forest,6302,0.05587181376098649,1138,13808,0.9024583663758922,0.7744251261918116,1261,17830
Random Forest,6303,0.05586876652872203,1138,13809,0.9024583663758922,0.7744812114413909,1261,17830
Random Forest,6304,0.05586816932698281,1138,13810,0.9024583663758922,0.7745372966909703,1261,17830
Random Forest,6305,0.05586542776302517,1138,13811,0.9024583663758922,0.7745933819405496,1261,17830
Random Forest,6306,0.0558654047966315,1138,13823,0.9024583663758922,0.7752664049355019,1261,17830
Random Forest,6307,0.05586206550310503,1138,13833,0.9024583663758922,0.7758272574312955,1261,17830
Random Forest,6308,0.05585875934768162,1138,13834,0.9024583663758922,0.7758833426808749,1261,17830
Random Forest,6309,0.055852561502073426,1138,13835,0.9024583663758922,0.7759394279304543,1261,17830
Random Forest,6310,0.05583828761380514,1138,13836,0.9024583663758922,0.7759955131800337,1261,17830
Random Forest,6311,0.055837075315380964,1138,13837,0.9024583663758922,0.776051598429613,1261,17830
Random Forest,6312,0.055833209554540214,1139,13839,0.9032513877874703,0.7761637689287717,1261,17830
Random Forest,6313,0.05582731664126348,1139,13842,0.9032513877874703,0.7763320246775098,1261,17830
Random Forest,6314,0.05580716861809936,1139,13843,0.9032513877874703,0.7763881099270892,1261,17830
Random Forest,6315,0.055801892449099486,1144,13886,0.9072164948453608,0.7787997756590017,1261,17830
Random Forest,6316,0.055798372813327786,1144,13887,0.9072164948453608,0.778855860908581,1261,17830
Random Forest,6317,0.055785621527334774,1144,13888,0.9072164948453608,0.7789119461581604,1261,17830
Random Forest,6318,0.05578154547126905,1144,13889,0.9072164948453608,0.7789680314077397,1261,17830
Random Forest,6319,0.05577478463880425,1144,13893,0.9072164948453608,0.7791923724060572,1261,17830
Random Forest,6320,0.05577442390308943,1146,13932,0.908802537668517,0.7813796971396523,1261,17830
Random Forest,6321,0.05576274765784985,1146,13933,0.908802537668517,0.7814357823892316,1261,17830
Random Forest,6322,0.05576194047136555,1147,13933,0.9095955590800952,0.7814357823892316,1261,17830
Random Forest,6323,0.05575997813452065,1147,13934,0.9095955590800952,0.781491867638811,1261,17830
Random Forest,6324,0.055755270026525916,1147,13935,0.9095955590800952,0.7815479528883904,1261,17830
Random Forest,6325,0.055745324465389975,1147,13936,0.9095955590800952,0.7816040381379697,1261,17830
Random Forest,6326,0.055743078781218744,1147,13937,0.9095955590800952,0.7816601233875491,1261,17830
Random Forest,6327,0.05573513982238031,1147,13938,0.9095955590800952,0.7817162086371284,1261,17830
Random Forest,6328,0.055734608882652976,1147,13939,0.9095955590800952,0.7817722938867078,1261,17830
Random Forest,6329,0.05571749519970061,1147,13940,0.9095955590800952,0.7818283791362871,1261,17830
Random Forest,6330,0.05571608537102208,1147,13941,0.9095955590800952,0.7818844643858666,1261,17830
Random Forest,6331,0.05570969125988554,1147,13942,0.9095955590800952,0.7819405496354459,1261,17830
Random Forest,6332,0.05570622982955951,1147,13944,0.9095955590800952,0.7820527201346046,1261,17830
Random Forest,6333,0.055704166347913975,1147,13945,0.9095955590800952,0.7821088053841839,1261,17830
Random Forest,6334,0.055702624252644946,1147,13947,0.9095955590800952,0.7822209758833427,1261,17830
Random Forest,6335,0.0556993639446057,1147,13948,0.9095955590800952,0.7822770611329221,1261,17830
Random Forest,6336,0.0556989888639271,1147,13949,0.9095955590800952,0.7823331463825014,1261,17830
Random Forest,6337,0.055696412317448624,1148,13951,0.9103885804916733,0.7824453168816601,1261,17830
Random Forest,6338,0.055695400414870935,1148,13952,0.9103885804916733,0.7825014021312395,1261,17830
Random Forest,6339,0.05569375144603084,1148,13953,0.9103885804916733,0.7825574873808189,1261,17830
Random Forest,6340,0.05568700599955248,1148,13956,0.9103885804916733,0.7827257431295569,1261,17830
Random Forest,6341,0.055679013950294926,1148,13958,0.9103885804916733,0.7828379136287157,1261,17830
Random Forest,6342,0.05567884522315963,1148,13959,0.9103885804916733,0.782893998878295,1261,17830
Random Forest,6343,0.05567667172916581,1148,13960,0.9103885804916733,0.7829500841278744,1261,17830
Random Forest,6344,0.05567052344641037,1148,13961,0.9103885804916733,0.7830061693774537,1261,17830
Random Forest,6345,0.05566988171794272,1148,13967,0.9103885804916733,0.7833426808749299,1261,17830
Random Forest,6346,0.05566898904792462,1148,13968,0.9103885804916733,0.7833987661245092,1261,17830
Random Forest,6347,0.05566251162046936,1148,13969,0.9103885804916733,0.7834548513740887,1261,17830
Random Forest,6348,0.05566200905202187,1148,13970,0.9103885804916733,0.783510936623668,1261,17830
Random Forest,6349,0.055658566284699854,1148,13974,0.9103885804916733,0.7837352776219855,1261,17830
Random Forest,6350,0.05564990678617583,1148,13975,0.9103885804916733,0.7837913628715648,1261,17830
Random Forest,6351,0.05563599799044856,1148,13977,0.9103885804916733,0.7839035333707235,1261,17830
Random Forest,6352,0.055629521269490216,1151,14005,0.9127676447264076,0.7854739203589456,1261,17830
Random Forest,6353,0.0556295126163991,1151,14006,0.9127676447264076,0.7855300056085249,1261,17830
Random Forest,6354,0.055625386259486376,1151,14007,0.9127676447264076,0.7855860908581043,1261,17830
Random Forest,6355,0.05562426836087219,1151,14008,0.9127676447264076,0.7856421761076837,1261,17830
Random Forest,6356,0.05562379223308091,1151,14009,0.9127676447264076,0.7856982613572631,1261,17830
Random Forest,6357,0.0556151712965262,1151,14010,0.9127676447264076,0.7857543466068424,1261,17830
Random Forest,6358,0.05561417663432955,1151,14011,0.9127676447264076,0.7858104318564217,1261,17830
Random Forest,6359,0.055606450845894634,1151,14015,0.9127676447264076,0.7860347728547392,1261,17830
Random Forest,6360,0.05560547527060651,1151,14018,0.9127676447264076,0.7862030286034772,1261,17830
Random Forest,6361,0.05560401239089432,1151,14019,0.9127676447264076,0.7862591138530567,1261,17830
Random Forest,6362,0.05560273461897743,1151,14021,0.9127676447264076,0.7863712843522154,1261,17830
Random Forest,6363,0.05559868525938341,1151,14024,0.9127676447264076,0.7865395401009534,1261,17830
Random Forest,6364,0.055598324484362034,1151,14025,0.9127676447264076,0.7865956253505328,1261,17830
Random Forest,6365,0.05558944765912826,1151,14029,0.9127676447264076,0.7868199663488502,1261,17830
Random Forest,6366,0.05558376526572024,1151,14035,0.9127676447264076,0.7871564778463264,1261,17830
Random Forest,6367,0.05557900884996649,1151,14036,0.9127676447264076,0.7872125630959058,1261,17830
Random Forest,6368,0.055578228185137815,1151,14037,0.9127676447264076,0.7872686483454852,1261,17830
Random Forest,6369,0.05557793156020824,1151,14038,0.9127676447264076,0.7873247335950645,1261,17830
Random Forest,6370,0.055574209855284225,1151,14039,0.9127676447264076,0.7873808188446438,1261,17830
Random Forest,6371,0.05556310922389085,1151,14040,0.9127676447264076,0.7874369040942232,1261,17830
Random Forest,6372,0.055546005314893815,1151,14043,0.9127676447264076,0.7876051598429613,1261,17830
Random Forest,6373,0.05553438239955064,1151,14045,0.9127676447264076,0.78771733034212,1261,17830
Random Forest,6374,0.055530879768889915,1151,14046,0.9127676447264076,0.7877734155916993,1261,17830
Random Forest,6375,0.05552365214010268,1151,14047,0.9127676447264076,0.7878295008412788,1261,17830
Random Forest,6376,0.05551215968162023,1151,14048,0.9127676447264076,0.7878855860908581,1261,17830
Random Forest,6377,0.055490235361652845,1151,14049,0.9127676447264076,0.7879416713404375,1261,17830
Random Forest,6378,0.055488093403061746,1151,14051,0.9127676447264076,0.7880538418395961,1261,17830
Random Forest,6379,0.05548514933551236,1151,14052,0.9127676447264076,0.7881099270891756,1261,17830
Random Forest,6380,0.05548305806179723,1151,14053,0.9127676447264076,0.7881660123387549,1261,17830
Random Forest,6381,0.05547911987752824,1151,14055,0.9127676447264076,0.7882781828379136,1261,17830
Random Forest,6382,0.055476953644366694,1151,14057,0.9127676447264076,0.7883903533370723,1261,17830
Random Forest,6383,0.05547667252886568,1151,14058,0.9127676447264076,0.7884464385866518,1261,17830
Random Forest,6384,0.055474909034793574,1151,14059,0.9127676447264076,0.7885025238362311,1261,17830
Random Forest,6385,0.0554746322846846,1151,14063,0.9127676447264076,0.7887268648345486,1261,17830
Random Forest,6386,0.055471046265396215,1152,14071,0.9135606661379857,0.7891755468311834,1261,17830
Random Forest,6387,0.05546988251764259,1153,14088,0.9143536875495638,0.7901289960740325,1261,17830
Random Forest,6388,0.05546987678963847,1153,14089,0.9143536875495638,0.7901850813236119,1261,17830
Random Forest,6389,0.055468631092075726,1153,14092,0.9143536875495638,0.79035333707235,1261,17830
Random Forest,6390,0.055466846717454076,1153,14093,0.9143536875495638,0.7904094223219293,1261,17830
Random Forest,6391,0.05545856708439972,1154,14093,0.9151467089611419,0.7904094223219293,1261,17830
Random Forest,6392,0.05545747396260769,1154,14105,0.9151467089611419,0.7910824453168817,1261,17830
Random Forest,6393,0.0554546892079045,1154,14108,0.9151467089611419,0.7912507010656198,1261,17830
Random Forest,6394,0.055452800086652376,1154,14109,0.9151467089611419,0.7913067863151991,1261,17830
Random Forest,6395,0.05544400104879025,1154,14110,0.9151467089611419,0.7913628715647785,1261,17830
Random Forest,6396,0.055440951046444316,1154,14112,0.9151467089611419,0.7914750420639372,1261,17830
Random Forest,6397,0.05544064466005159,1154,14113,0.9151467089611419,0.7915311273135165,1261,17830
Random Forest,6398,0.0554363353271366,1154,14114,0.9151467089611419,0.7915872125630959,1261,17830
Random Forest,6399,0.05541800131906005,1154,14115,0.9151467089611419,0.7916432978126753,1261,17830
Random Forest,6400,0.055410461565950975,1154,14116,0.9151467089611419,0.7916993830622546,1261,17830
Random Forest,6401,0.055410445840375876,1154,14122,0.9151467089611419,0.7920358945597308,1261,17830
Random Forest,6402,0.055408074467379644,1154,14123,0.9151467089611419,0.7920919798093101,1261,17830
Random Forest,6403,0.05540434201649809,1154,14126,0.9151467089611419,0.7922602355580483,1261,17830
Random Forest,6404,0.0554000682182079,1154,14127,0.9151467089611419,0.7923163208076276,1261,17830
Random Forest,6405,0.05539482689548482,1154,14128,0.9151467089611419,0.7923724060572069,1261,17830
Random Forest,6406,0.0553837660654201,1154,14129,0.9151467089611419,0.7924284913067863,1261,17830
Random Forest,6407,0.05538259706989738,1154,14133,0.9151467089611419,0.7926528323051037,1261,17830
Random Forest,6408,0.0553785944863876,1154,14134,0.9151467089611419,0.7927089175546831,1261,17830
Random Forest,6409,0.05537835683052673,1154,14135,0.9151467089611419,0.7927650028042624,1261,17830
Random Forest,6410,0.05537648006355318,1154,14136,0.9151467089611419,0.7928210880538419,1261,17830
Random Forest,6411,0.055374210654984095,1154,14137,0.9151467089611419,0.7928771733034212,1261,17830
Random Forest,6412,0.055373010156249514,1154,14146,0.9151467089611419,0.7933819405496354,1261,17830
Random Forest,6413,0.055366906332371735,1154,14147,0.9151467089611419,0.7934380257992149,1261,17830
Random Forest,6414,0.05536449162543142,1154,14148,0.9151467089611419,0.7934941110487942,1261,17830
Random Forest,6415,0.05535649752180323,1157,14180,0.9175257731958762,0.7952888390353338,1261,17830
Random Forest,6416,0.05535288509947907,1157,14181,0.9175257731958762,0.7953449242849131,1261,17830
Random Forest,6417,0.0553528621330854,1157,14260,0.9175257731958762,0.7997756590016826,1261,17830
Random Forest,6418,0.0553226786904182,1157,14261,0.9175257731958762,0.7998317442512619,1261,17830
Random Forest,6419,0.055314773977717384,1157,14266,0.9175257731958762,0.8001121704991587,1261,17830
Random Forest,6420,0.05531322200213552,1157,14267,0.9175257731958762,0.8001682557487381,1261,17830
Random Forest,6421,0.055308670153839605,1157,14269,0.9175257731958762,0.8002804262478967,1261,17830
Random Forest,6422,0.055307203960557154,1157,14270,0.9175257731958762,0.8003365114974762,1261,17830
Random Forest,6423,0.05530699658089425,1157,14271,0.9175257731958762,0.8003925967470555,1261,17830
Random Forest,6424,0.0552960495850974,1157,14272,0.9175257731958762,0.8004486819966349,1261,17830
Random Forest,6425,0.0552959334296966,1157,14273,0.9175257731958762,0.8005047672462142,1261,17830
Random Forest,6426,0.05528835238708899,1157,14274,0.9175257731958762,0.8005608524957936,1261,17830
Random Forest,6427,0.055282922623729115,1157,14275,0.9175257731958762,0.800616937745373,1261,17830
Random Forest,6428,0.05528106248264091,1157,14278,0.9175257731958762,0.800785193494111,1261,17830
Random Forest,6429,0.055278061835109506,1157,14279,0.9175257731958762,0.8008412787436904,1261,17830
Random Forest,6430,0.05526772470531573,1157,14287,0.9175257731958762,0.8012899607403253,1261,17830
Random Forest,6431,0.055265159604095955,1157,14288,0.9175257731958762,0.8013460459899047,1261,17830
Random Forest,6432,0.05526382882644304,1157,14289,0.9175257731958762,0.801402131239484,1261,17830
Random Forest,6433,0.05526169817376993,1157,14292,0.9175257731958762,0.8015703869882221,1261,17830
Random Forest,6434,0.055254224674074016,1157,14293,0.9175257731958762,0.8016264722378015,1261,17830
Random Forest,6435,0.055244136530792194,1157,14294,0.9175257731958762,0.8016825574873808,1261,17830
Random Forest,6436,0.055241051712023315,1157,14295,0.9175257731958762,0.8017386427369602,1261,17830
Random Forest,6437,0.05524064545975147,1157,14297,0.9175257731958762,0.801850813236119,1261,17830
Random Forest,6438,0.055232080791965316,1157,14298,0.9175257731958762,0.8019068984856983,1261,17830
Random Forest,6439,0.0552259917906208,1157,14300,0.9175257731958762,0.802019068984857,1261,17830
Random Forest,6440,0.05522076995372567,1157,14301,0.9175257731958762,0.8020751542344363,1261,17830
Random Forest,6441,0.055218525031286186,1157,14305,0.9175257731958762,0.8022994952327538,1261,17830
Random Forest,6442,0.0552168753465336,1157,14306,0.9175257731958762,0.8023555804823331,1261,17830
Random Forest,6443,0.05520931567896914,1157,14309,0.9175257731958762,0.8025238362310713,1261,17830
Random Forest,6444,0.0552043043257056,1157,14314,0.9175257731958762,0.8028042624789681,1261,17830
Random Forest,6445,0.05520330657282251,1157,14315,0.9175257731958762,0.8028603477285474,1261,17830
Random Forest,6446,0.05520125709344114,1157,14316,0.9175257731958762,0.8029164329781268,1261,17830
Random Forest,6447,0.05519566195844081,1157,14317,0.9175257731958762,0.8029725182277061,1261,17830
Random Forest,6448,0.05519035858511635,1157,14324,0.9175257731958762,0.8033651149747616,1261,17830
Random Forest,6449,0.055190120929255466,1157,14325,0.9175257731958762,0.803421200224341,1261,17830
Random Forest,6450,0.05518734624880876,1157,14326,0.9175257731958762,0.8034772854739204,1261,17830
Random Forest,6451,0.055186821281059596,1157,14329,0.9175257731958762,0.8036455412226584,1261,17830
Random Forest,6452,0.055184706199901165,1157,14330,0.9175257731958762,0.8037016264722378,1261,17830
Random Forest,6453,0.05518336126439552,1157,14331,0.9175257731958762,0.8037577117218172,1261,17830
Random Forest,6454,0.05517997110184555,1157,14332,0.9175257731958762,0.8038137969713965,1261,17830
Random Forest,6455,0.055170846489266775,1157,14333,0.9175257731958762,0.8038698822209759,1261,17830
Random Forest,6456,0.05516094361481694,1157,14334,0.9175257731958762,0.8039259674705552,1261,17830
Random Forest,6457,0.055159282394560506,1157,14335,0.9175257731958762,0.8039820527201346,1261,17830
Random Forest,6458,0.05515733905439662,1157,14336,0.9175257731958762,0.804038137969714,1261,17830
Random Forest,6459,0.05514996895692327,1157,14337,0.9175257731958762,0.8040942232192934,1261,17830
Random Forest,6460,0.05514954960853103,1157,14338,0.9175257731958762,0.8041503084688727,1261,17830
Random Forest,6461,0.055145213255130415,1157,14339,0.9175257731958762,0.804206393718452,1261,17830
Random Forest,6462,0.05513923360993066,1157,14351,0.9175257731958762,0.8048794167134043,1261,17830
Random Forest,6463,0.05513529556506599,1157,14353,0.9175257731958762,0.8049915872125631,1261,17830
Random Forest,6464,0.05512850555384289,1157,14360,0.9175257731958762,0.8053841839596186,1261,17830
Random Forest,6465,0.05511129167516133,1157,14361,0.9175257731958762,0.805440269209198,1261,17830
Random Forest,6466,0.055092170755433115,1157,14364,0.9175257731958762,0.8056085249579361,1261,17830
Random Forest,6467,0.05508688383094346,1157,14365,0.9175257731958762,0.8056646102075155,1261,17830
Random Forest,6468,0.055086142595837315,1157,14374,0.9175257731958762,0.8061693774537296,1261,17830
Random Forest,6469,0.0550769457804058,1157,14375,0.9175257731958762,0.8062254627033091,1261,17830
Random Forest,6470,0.05507122260217413,1157,14376,0.9175257731958762,0.8062815479528884,1261,17830
Random Forest,6471,0.055068061618180446,1158,14377,0.9183187946074544,0.8063376332024678,1261,17830
Random Forest,6472,0.05506767637634998,1158,14382,0.9183187946074544,0.8066180594503646,1261,17830
Random Forest,6473,0.055065685521591724,1158,14389,0.9183187946074544,0.8070106561974201,1261,17830
Random Forest,6474,0.055060229606893926,1158,14391,0.9183187946074544,0.8071228266965788,1261,17830
Random Forest,6475,0.05505359220897004,1158,14392,0.9183187946074544,0.8071789119461582,1261,17830
Random Forest,6476,0.05504356174727217,1158,14397,0.9183187946074544,0.8074593381940549,1261,17830
Random Forest,6477,0.055036890640118116,1158,14398,0.9183187946074544,0.8075154234436344,1261,17830
Random Forest,6478,0.055030100628895025,1158,14399,0.9183187946074544,0.8075715086932137,1261,17830
Random Forest,6479,0.05501310491238074,1158,14400,0.9183187946074544,0.807627593942793,1261,17830
Random Forest,6480,0.055005573054915276,1158,14401,0.9183187946074544,0.8076836791923724,1261,17830
Random Forest,6481,0.05499812362346271,1159,14401,0.9191118160190325,0.8076836791923724,1261,17830
Random Forest,6482,0.054997035087510616,1159,14402,0.9191118160190325,0.8077397644419517,1261,17830
Random Forest,6483,0.054996965721297544,1159,14403,0.9191118160190325,0.8077958496915312,1261,17830
Random Forest,6484,0.05498288218596438,1159,14405,0.9191118160190325,0.8079080201906899,1261,17830
Random Forest,6485,0.054974069514931376,1160,14409,0.9199048374306106,0.8081323611890073,1261,17830
Random Forest,6486,0.05496858604719556,1160,14410,0.9199048374306106,0.8081884464385867,1261,17830
Random Forest,6487,0.05496542495194734,1160,14414,0.9199048374306106,0.8084127874369041,1261,17830
Random Forest,6488,0.05496372538702803,1160,14415,0.9199048374306106,0.8084688726864835,1261,17830
Random Forest,6489,0.0549620896211385,1160,14416,0.9199048374306106,0.8085249579360628,1261,17830
Random Forest,6490,0.054958487011977475,1160,14417,0.9199048374306106,0.8085810431856422,1261,17830
Random Forest,6491,0.05495733985409649,1160,14426,0.9199048374306106,0.8090858104318565,1261,17830
Random Forest,6492,0.0549509892970534,1160,14427,0.9199048374306106,0.8091418956814358,1261,17830
Random Forest,6493,0.05495029523969524,1160,14428,0.9199048374306106,0.8091979809310151,1261,17830
Random Forest,6494,0.0549462182571988,1160,14430,0.9199048374306106,0.8093101514301738,1261,17830
Random Forest,6495,0.054946024420853626,1160,14436,0.9199048374306106,0.80964666292765,1261,17830
Random Forest,6496,0.0549421465443584,1160,14437,0.9199048374306106,0.8097027481772294,1261,17830
Random Forest,6497,0.05493923440963053,1162,14455,0.9214908802537668,0.8107122826696579,1261,17830
Random Forest,6498,0.05493493575179921,1163,14487,0.922283901665345,0.8125070106561975,1261,17830
Random Forest,6499,0.054934261389883575,1163,14488,0.922283901665345,0.8125630959057768,1261,17830
Random Forest,6500,0.05493373240504245,1163,14489,0.922283901665345,0.8126191811553561,1261,17830
Random Forest,6501,0.05492350148226048,1163,14490,0.922283901665345,0.8126752664049355,1261,17830
Random Forest,6502,0.05492215197864032,1163,14491,0.922283901665345,0.8127313516545148,1261,17830
Random Forest,6503,0.05491981532153163,1163,14493,0.922283901665345,0.8128435221536736,1261,17830
Random Forest,6504,0.0549169018708556,1163,14494,0.922283901665345,0.812899607403253,1261,17830
Random Forest,6505,0.05491442690158011,1163,14495,0.922283901665345,0.8129556926528323,1261,17830
Random Forest,6506,0.05490705969267249,1164,14496,0.9230769230769231,0.8130117779024116,1261,17830
Random Forest,6507,0.054899122615897106,1164,14497,0.9230769230769231,0.813067863151991,1261,17830
Random Forest,6508,0.054898851422564884,1164,14498,0.9230769230769231,0.8131239484015704,1261,17830
Random Forest,6509,0.05489137806305638,1164,14500,0.9230769230769231,0.8132361189007291,1261,17830
Random Forest,6510,0.05489126764063974,1164,14501,0.9230769230769231,0.8132922041503085,1261,17830
Random Forest,6511,0.05488862117778096,1164,14502,0.9230769230769231,0.8133482893998878,1261,17830
Random Forest,6512,0.05488736595225289,1164,14503,0.9230769230769231,0.8134043746494672,1261,17830
Random Forest,6513,0.05487379584795636,1166,14524,0.9246629659000793,0.8145821648906337,1261,17830
Random Forest,6514,0.05487220979932456,1166,14525,0.9246629659000793,0.8146382501402131,1261,17830
Random Forest,6515,0.0548707486156919,1167,14537,0.9254559873116575,0.8153112731351655,1261,17830
Random Forest,6516,0.05486793871516945,1167,14555,0.9254559873116575,0.816320807627594,1261,17830
Random Forest,6517,0.05485851023221387,1167,14556,0.9254559873116575,0.8163768928771733,1261,17830
Random Forest,6518,0.05485436366882564,1167,14557,0.9254559873116575,0.8164329781267526,1261,17830
Random Forest,6519,0.054854084891785,1167,14558,0.9254559873116575,0.816489063376332,1261,17830
Random Forest,6520,0.05485194896188532,1167,14561,0.9254559873116575,0.8166573191250701,1261,17830
Random Forest,6521,0.05484627915402323,1167,14562,0.9254559873116575,0.8167134043746495,1261,17830
Random Forest,6522,0.05484406965879581,1167,14563,0.9254559873116575,0.8167694896242288,1261,17830
Random Forest,6523,0.05484356254697204,1167,14566,0.9254559873116575,0.8169377453729669,1261,17830
Random Forest,6524,0.05484283638670121,1167,14568,0.9254559873116575,0.8170499158721256,1261,17830
Random Forest,6525,0.0548332809762652,1167,14569,0.9254559873116575,0.817106001121705,1261,17830
Random Forest,6526,0.05482616455537066,1167,14570,0.9254559873116575,0.8171620863712844,1261,17830
Random Forest,6527,0.054823302210187094,1167,14571,0.9254559873116575,0.8172181716208637,1261,17830
Random Forest,6528,0.054811220031839865,1167,14573,0.9254559873116575,0.8173303421200224,1261,17830
Random Forest,6529,0.054804430020616766,1167,14577,0.9254559873116575,0.8175546831183399,1261,17830
Random Forest,6530,0.05479836080879402,1167,14586,0.9254559873116575,0.8180594503645541,1261,17830
Random Forest,6531,0.05479696326128216,1167,14587,0.9254559873116575,0.8181155356141335,1261,17830
Random Forest,6532,0.05479393506714054,1167,14592,0.9254559873116575,0.8183959618620303,1261,17830
Random Forest,6533,0.05478722127326567,1167,14594,0.9254559873116575,0.818508132361189,1261,17830
Random Forest,6534,0.05478174480281848,1167,14595,0.9254559873116575,0.8185642176107684,1261,17830
Random Forest,6535,0.05477963660975114,1167,14598,0.9254559873116575,0.8187324733595065,1261,17830
Random Forest,6536,0.05476953379022158,1167,14601,0.9254559873116575,0.8189007291082445,1261,17830
Random Forest,6537,0.054758654852010424,1167,14602,0.9254559873116575,0.8189568143578239,1261,17830
Random Forest,6538,0.05475847995728558,1167,14605,0.9254559873116575,0.819125070106562,1261,17830
Random Forest,6539,0.05475648533725193,1167,14606,0.9254559873116575,0.8191811553561413,1261,17830
Random Forest,6540,0.05475391553712911,1168,14614,0.9262490087232356,0.8196298373527762,1261,17830
Random Forest,6541,0.054752616940549864,1168,14617,0.9262490087232356,0.8197980931015143,1261,17830
Random Forest,6542,0.05474582692932677,1168,14621,0.9262490087232356,0.8200224340998318,1261,17830
Random Forest,6543,0.05473831593279467,1168,14622,0.9262490087232356,0.8200785193494111,1261,17830
Random Forest,6544,0.054732776125174847,1168,14624,0.9262490087232356,0.8201906898485698,1261,17830
Random Forest,6545,0.05472831653989982,1168,14625,0.9262490087232356,0.8202467750981491,1261,17830
Random Forest,6546,0.05472468752735522,1168,14626,0.9262490087232356,0.8203028603477286,1261,17830
Random Forest,6547,0.05472215277834019,1168,14627,0.9262490087232356,0.8203589455973079,1261,17830
Random Forest,6548,0.054717557666711165,1168,14628,0.9262490087232356,0.8204150308468873,1261,17830
Random Forest,6549,0.05470999735173941,1168,14630,0.9262490087232356,0.820527201346046,1261,17830
Random Forest,6550,0.05470556301934786,1168,14631,0.9262490087232356,0.8205832865956254,1261,17830
Random Forest,6551,0.05469556753556019,1168,14634,0.9262490087232356,0.8207515423443634,1261,17830
Random Forest,6552,0.05469410043848043,1168,14635,0.9262490087232356,0.8208076275939428,1261,17830
Random Forest,6553,0.054690763909276414,1168,14637,0.9262490087232356,0.8209197980931016,1261,17830
Random Forest,6554,0.054686531887148004,1168,14638,0.9262490087232356,0.8209758833426809,1261,17830
Random Forest,6555,0.05468622723852155,1168,14640,0.9262490087232356,0.8210880538418396,1261,17830
Random Forest,6556,0.054683973898053316,1169,14654,0.9270420301348137,0.8218732473359507,1261,17830
Random Forest,6557,0.05468041978137305,1169,14655,0.9270420301348137,0.82192933258553,1261,17830
Random Forest,6558,0.05467866757095709,1169,14657,0.9270420301348137,0.8220415030846887,1261,17830
Random Forest,6559,0.054677815921570255,1169,14659,0.9270420301348137,0.8221536735838475,1261,17830
Random Forest,6560,0.054675671165906485,1169,14660,0.9270420301348137,0.8222097588334268,1261,17830
Random Forest,6561,0.05467060898542908,1169,14673,0.9270420301348137,0.8229388670779585,1261,17830
Random Forest,6562,0.05465947282124341,1169,14677,0.9270420301348137,0.823163208076276,1261,17830
Random Forest,6563,0.0546560548721063,1169,14678,0.9270420301348137,0.8232192933258553,1261,17830
Random Forest,6564,0.05465058865901806,1169,14679,0.9270420301348137,0.8232753785754346,1261,17830
Random Forest,6565,0.05464954665895465,1170,14679,0.9278350515463918,0.8232753785754346,1261,17830
Random Forest,6566,0.05464713861197964,1170,14680,0.9278350515463918,0.823331463825014,1261,17830
Random Forest,6567,0.05464611460634597,1170,14682,0.9278350515463918,0.8234436343241728,1261,17830
Random Forest,6568,0.05464275664773155,1170,14684,0.9278350515463918,0.8235558048233315,1261,17830
Random Forest,6569,0.054641610940047734,1170,14685,0.9278350515463918,0.8236118900729108,1261,17830
Random Forest,6570,0.054631441214488694,1170,14686,0.9278350515463918,0.8236679753224901,1261,17830
Random Forest,6571,0.054626690946384567,1171,14697,0.9286280729579699,0.8242849130678631,1261,17830
Random Forest,6572,0.05462386801350752,1171,14698,0.9286280729579699,0.8243409983174426,1261,17830
Random Forest,6573,0.054619600976325164,1171,14700,0.9286280729579699,0.8244531688166012,1261,17830
Random Forest,6574,0.0546159628902968,1171,14707,0.9286280729579699,0.8248457655636567,1261,17830
Random Forest,6575,0.05461432548908093,1172,14707,0.929421094369548,0.8248457655636567,1261,17830
Random Forest,6576,0.05460361194879933,1172,14708,0.929421094369548,0.8249018508132361,1261,17830
Random Forest,6577,0.05459874901161524,1172,14710,0.929421094369548,0.8250140213123949,1261,17830
Random Forest,6578,0.054582995708298596,1172,14711,0.929421094369548,0.8250701065619742,1261,17830
Random Forest,6579,0.05458214405891177,1172,14713,0.929421094369548,0.8251822770611329,1261,17830
Random Forest,6580,0.05457310649624021,1172,14714,0.929421094369548,0.8252383623107122,1261,17830
Random Forest,6581,0.05456380095858492,1172,14715,0.929421094369548,0.8252944475602917,1261,17830
Random Forest,6582,0.054555945360290556,1172,14716,0.929421094369548,0.825350532809871,1261,17830
Random Forest,6583,0.054555133712803884,1172,14717,0.929421094369548,0.8254066180594504,1261,17830
Random Forest,6584,0.054543863181943326,1172,14719,0.929421094369548,0.825518788558609,1261,17830
Random Forest,6585,0.054531019083726075,1172,14720,0.929421094369548,0.8255748738081884,1261,17830
Random Forest,6586,0.05452874529803643,1172,14724,0.929421094369548,0.8257992148065059,1261,17830
Random Forest,6587,0.054518352987570094,1172,14725,0.929421094369548,0.8258553000560852,1261,17830
Random Forest,6588,0.05451755796534893,1172,14727,0.929421094369548,0.825967470555244,1261,17830
Random Forest,6589,0.05451632559495377,1172,14728,0.929421094369548,0.8260235558048233,1261,17830
Random Forest,6590,0.054513619082041775,1172,14729,0.929421094369548,0.8260796410544027,1261,17830
Random Forest,6591,0.054511739613203256,1172,14730,0.929421094369548,0.826135726303982,1261,17830
Random Forest,6592,0.05449639221934788,1172,14731,0.929421094369548,0.8261918115535614,1261,17830
Random Forest,6593,0.05449615262010656,1172,14732,0.929421094369548,0.8262478968031408,1261,17830
Random Forest,6594,0.05448526009065334,1172,14734,0.929421094369548,0.8263600673022995,1261,17830
Random Forest,6595,0.05447756084589308,1172,14735,0.929421094369548,0.8264161525518788,1261,17830
Random Forest,6596,0.054454736840162186,1172,14742,0.929421094369548,0.8268087492989343,1261,17830
Random Forest,6597,0.05445223407795233,1175,14909,0.9318001586042823,0.8361749859786876,1261,17830
Random Forest,6598,0.05444918684568787,1176,14936,0.9325931800158604,0.8376892877173303,1261,17830
Random Forest,6599,0.054445098252372974,1176,14937,0.9325931800158604,0.8377453729669097,1261,17830
Random Forest,6600,0.05444359171068754,1176,14941,0.9325931800158604,0.8379697139652271,1261,17830
Random Forest,6601,0.054441655601369966,1176,14942,0.9325931800158604,0.8380257992148065,1261,17830
Random Forest,6602,0.054427742107695444,1176,14950,0.9325931800158604,0.8384744812114414,1261,17830
Random Forest,6603,0.05442669174608443,1176,14985,0.9325931800158604,0.840437464946719,1261,17830
Random Forest,6604,0.054423407059379876,1180,15063,0.9357652656621729,0.8448121144139091,1261,17830
Random Forest,6605,0.05441994585475393,1180,15064,0.9357652656621729,0.8448681996634885,1261,17830
Random Forest,6606,0.05441773018160069,1180,15065,0.9357652656621729,0.8449242849130678,1261,17830
Random Forest,6607,0.05441620838405635,1180,15066,0.9357652656621729,0.8449803701626473,1261,17830
Random Forest,6608,0.054409620164154494,1180,15068,0.9357652656621729,0.845092540661806,1261,17830
Random Forest,6609,0.054401747498233656,1180,15072,0.9357652656621729,0.8453168816601234,1261,17830
Random Forest,6610,0.054398905982569974,1180,15073,0.9357652656621729,0.8453729669097028,1261,17830
Random Forest,6611,0.05439830473091163,1180,15075,0.9357652656621729,0.8454851374088614,1261,17830
Random Forest,6612,0.05438218980905811,1180,15079,0.9357652656621729,0.8457094784071789,1261,17830
Random Forest,6613,0.05436120947005064,1180,15080,0.9357652656621729,0.8457655636567583,1261,17830
Random Forest,6614,0.054356222031868205,1180,15081,0.9357652656621729,0.8458216489063376,1261,17830
Random Forest,6615,0.05435391508054133,1180,15082,0.9357652656621729,0.845877734155917,1261,17830
Random Forest,6616,0.0543521347073803,1180,15083,0.9357652656621729,0.8459338194054964,1261,17830
Random Forest,6617,0.05435163612392667,1180,15084,0.9357652656621729,0.8459899046550757,1261,17830
Random Forest,6618,0.05434797202021756,1180,15085,0.9357652656621729,0.8460459899046551,1261,17830
Random Forest,6619,0.05434380477477323,1180,15086,0.9357652656621729,0.8461020751542344,1261,17830
Random Forest,6620,0.05434046124339466,1180,15089,0.9357652656621729,0.8462703309029725,1261,17830
Random Forest,6621,0.05434010050767984,1190,15296,0.943695479777954,0.8578799775659002,1261,17830
Random Forest,6622,0.054331019883425945,1190,15297,0.943695479777954,0.8579360628154795,1261,17830
Random Forest,6623,0.05432764154958312,1190,15298,0.943695479777954,0.8579921480650589,1261,17830
Random Forest,6624,0.05432038955150848,1190,15300,0.943695479777954,0.8581043185642176,1261,17830
Random Forest,6625,0.054306932542895335,1190,15301,0.943695479777954,0.858160403813797,1261,17830
Random Forest,6626,0.05429763096765457,1190,15304,0.943695479777954,0.858328659562535,1261,17830
Random Forest,6627,0.05429229533109991,1190,15305,0.943695479777954,0.8583847448121145,1261,17830
Random Forest,6628,0.05429188735707067,1190,15314,0.943695479777954,0.8588895120583286,1261,17830
Random Forest,6629,0.05428976961717841,1190,15315,0.943695479777954,0.858945597307908,1261,17830
Random Forest,6630,0.054287489330613316,1190,15316,0.943695479777954,0.8590016825574874,1261,17830
Random Forest,6631,0.05428459405877256,1190,15317,0.943695479777954,0.8590577678070668,1261,17830
Random Forest,6632,0.05428457641560638,1190,15318,0.943695479777954,0.8591138530566461,1261,17830
Random Forest,6633,0.054271544336587,1190,15319,0.943695479777954,0.8591699383062255,1261,17830
Random Forest,6634,0.05426466546851751,1190,15345,0.943695479777954,0.8606281547952889,1261,17830
Random Forest,6635,0.05426241212804928,1190,15350,0.943695479777954,0.8609085810431857,1261,17830
Random Forest,6636,0.05426118462316653,1190,15351,0.943695479777954,0.860964666292765,1261,17830
Random Forest,6637,0.05424956878269085,1190,15352,0.943695479777954,0.8610207515423444,1261,17830
Random Forest,6638,0.054248106600894956,1190,15353,0.943695479777954,0.8610768367919237,1261,17830
Random Forest,6639,0.05424018388332555,1190,15354,0.943695479777954,0.861132922041503,1261,17830
Random Forest,6640,0.0542369450041995,1190,15356,0.943695479777954,0.8612450925406618,1261,17830
Random Forest,6641,0.05423328426578068,1192,15362,0.9452815226011102,0.861581604038138,1261,17830
Random Forest,6642,0.054233046609919795,1192,15363,0.9452815226011102,0.8616376892877173,1261,17830
Random Forest,6643,0.05422804439336024,1192,15364,0.9452815226011102,0.8616937745372967,1261,17830
Random Forest,6644,0.05422478117902287,1192,15365,0.9452815226011102,0.861749859786876,1261,17830
Random Forest,6645,0.054217991167799774,1192,15366,0.9452815226011102,0.8618059450364555,1261,17830
Random Forest,6646,0.05420990241087834,1192,15367,0.9452815226011102,0.8618620302860348,1261,17830
Random Forest,6647,0.054209818629448854,1192,15368,0.9452815226011102,0.8619181155356141,1261,17830
Random Forest,6648,0.0542095947764974,1192,15369,0.9452815226011102,0.8619742007851935,1261,17830
Random Forest,6649,0.05420935779482547,1192,15370,0.9452815226011102,0.8620302860347728,1261,17830
Random Forest,6650,0.05420605700322849,1192,15371,0.9452815226011102,0.8620863712843522,1261,17830
Random Forest,6651,0.05420212801716279,1193,15385,0.9460745440126883,0.8628715647784633,1261,17830
Random Forest,6652,0.05419822499194197,1193,15387,0.9460745440126883,0.862983735277622,1261,17830
Random Forest,6653,0.05419766843188776,1193,15395,0.9460745440126883,0.8634324172742569,1261,17830
Random Forest,6654,0.054192538532864154,1193,15396,0.9460745440126883,0.8634885025238362,1261,17830
Random Forest,6655,0.054186909558699106,1193,15399,0.9460745440126883,0.8636567582725743,1261,17830
Random Forest,6656,0.054177311073258905,1193,15400,0.9460745440126883,0.8637128435221537,1261,17830
Random Forest,6657,0.0541741111987891,1193,15401,0.9460745440126883,0.8637689287717331,1261,17830
Random Forest,6658,0.054172127450485046,1193,15402,0.9460745440126883,0.8638250140213124,1261,17830
Random Forest,6659,0.05417143123450721,1193,15409,0.9460745440126883,0.8642176107683679,1261,17830
Random Forest,6660,0.054171033030336865,1193,15410,0.9460745440126883,0.8642736960179472,1261,17830
Random Forest,6661,0.05415908029300975,1193,15421,0.9460745440126883,0.8648906337633202,1261,17830
Random Forest,6662,0.05415512426371869,1193,15423,0.9460745440126883,0.865002804262479,1261,17830
Random Forest,6663,0.05414977167336099,1193,15424,0.9460745440126883,0.8650588895120583,1261,17830
Random Forest,6664,0.054147616142086206,1193,15425,0.9460745440126883,0.8651149747616377,1261,17830
Random Forest,6665,0.0541376124031222,1193,15426,0.9460745440126883,0.865171060011217,1261,17830
Random Forest,6666,0.05413368876245915,1193,15427,0.9460745440126883,0.8652271452607964,1261,17830
Random Forest,6667,0.05413021398418545,1194,15430,0.9468675654242664,0.8653954010095345,1261,17830
Random Forest,6668,0.054127655717708625,1194,15432,0.9468675654242664,0.8655075715086932,1261,17830
Random Forest,6669,0.05411889855094259,1194,15433,0.9468675654242664,0.8655636567582726,1261,17830
Random Forest,6670,0.05411680214125696,1194,15434,0.9468675654242664,0.865619742007852,1261,17830
Random Forest,6671,0.05411210853971949,1195,15445,0.9476605868358445,0.8662366797532249,1261,17830
Random Forest,6672,0.05409688018770954,1195,15447,0.9476605868358445,0.8663488502523836,1261,17830
Random Forest,6673,0.05409217008295394,1195,15448,0.9476605868358445,0.866404935501963,1261,17830
Random Forest,6674,0.05408952764380567,1195,15449,0.9476605868358445,0.8664610207515423,1261,17830
Random Forest,6675,0.05407089725572028,1195,15450,0.9476605868358445,0.8665171060011218,1261,17830
Random Forest,6676,0.05406279224532189,1195,15451,0.9476605868358445,0.8665731912507011,1261,17830
Random Forest,6677,0.05405798368731232,1196,15452,0.9484536082474226,0.8666292765002804,1261,17830
Random Forest,6678,0.05405375610414988,1196,15453,0.9484536082474226,0.8666853617498598,1261,17830
Random Forest,6679,0.054045161162078546,1196,15454,0.9484536082474226,0.8667414469994391,1261,17830
Random Forest,6680,0.05403376098816901,1196,15455,0.9484536082474226,0.8667975322490185,1261,17830
Random Forest,6681,0.05403317507015817,1196,15461,0.9484536082474226,0.8671340437464947,1261,17830
Random Forest,6682,0.05402795465548556,1196,15462,0.9484536082474226,0.8671901289960741,1261,17830
Random Forest,6683,0.05402486226604714,1196,15463,0.9484536082474226,0.8672462142456534,1261,17830
Random Forest,6684,0.054024598679175966,1196,15464,0.9484536082474226,0.8673022994952327,1261,17830
Random Forest,6685,0.05402354969508901,1196,15465,0.9484536082474226,0.8673583847448121,1261,17830
Random Forest,6686,0.054013567337136505,1196,15466,0.9484536082474226,0.8674144699943914,1261,17830
Random Forest,6687,0.05400184528937584,1202,15576,0.9532117367168914,0.8735838474481211,1261,17830
Random Forest,6688,0.05399569822348195,1202,15577,0.9532117367168914,0.8736399326977005,1261,17830
Random Forest,6689,0.053981296105447656,1202,15578,0.9532117367168914,0.8736960179472799,1261,17830
Random Forest,6690,0.05397500497694508,1202,15579,0.9532117367168914,0.8737521031968593,1261,17830
Random Forest,6691,0.053968987934050854,1202,15581,0.9532117367168914,0.8738642736960179,1261,17830
Random Forest,6692,0.05395784280457619,1202,15582,0.9532117367168914,0.8739203589455973,1261,17830
Random Forest,6693,0.053957672500807984,1202,15583,0.9532117367168914,0.8739764441951766,1261,17830
Random Forest,6694,0.05395759011203172,1202,15584,0.9532117367168914,0.8740325294447561,1261,17830
Random Forest,6695,0.05395742432912633,1202,15585,0.9532117367168914,0.8740886146943354,1261,17830
Random Forest,6696,0.05394652737133333,1202,15586,0.9532117367168914,0.8741446999439147,1261,17830
Random Forest,6697,0.05393765815326853,1204,15638,0.9547977795400476,0.8770611329220415,1261,17830
Random Forest,6698,0.05393399721311836,1204,15639,0.9547977795400476,0.8771172181716209,1261,17830
Random Forest,6699,0.05392930489014051,1204,15640,0.9547977795400476,0.8771733034212003,1261,17830
Random Forest,6700,0.053926295414841376,1204,15641,0.9547977795400476,0.8772293886707796,1261,17830
Random Forest,6701,0.05391853873767581,1206,15994,0.9563838223632039,0.8970274817722939,1261,17830
Random Forest,6702,0.053913491498543985,1206,15995,0.9563838223632039,0.8970835670218732,1261,17830
Random Forest,6703,0.053895083208958146,1206,15996,0.9563838223632039,0.8971396522714526,1261,17830
Random Forest,6704,0.05387897205614244,1206,16006,0.9563838223632039,0.8977005047672462,1261,17830
Random Forest,6705,0.05387238183770577,1206,16007,0.9563838223632039,0.8977565900168256,1261,17830
Random Forest,6706,0.05386824032286391,1206,16008,0.9563838223632039,0.897812675266405,1261,17830
Random Forest,6707,0.05386222311410622,1206,16009,0.9563838223632039,0.8978687605159843,1261,17830
Random Forest,6708,0.053861042617747254,1206,16010,0.9563838223632039,0.8979248457655636,1261,17830
Random Forest,6709,0.05385154170104605,1211,16068,0.9603489294210944,0.9011777902411666,1261,17830
Random Forest,6710,0.053845193998994095,1211,16069,0.9603489294210944,0.901233875490746,1261,17830
Random Forest,6711,0.053838745004243356,1211,16070,0.9603489294210944,0.9012899607403253,1261,17830
Random Forest,6712,0.0538376878776616,1211,16082,0.9603489294210944,0.9019629837352776,1261,17830
Random Forest,6713,0.05382953232792488,1211,16083,0.9603489294210944,0.902019068984857,1261,17830
Random Forest,6714,0.05382590797058016,1211,16087,0.9603489294210944,0.9022434099831744,1261,17830
Random Forest,6715,0.053809813135382606,1211,16088,0.9603489294210944,0.9022994952327538,1261,17830
Random Forest,6716,0.05380848507356557,1211,16089,0.9603489294210944,0.9023555804823331,1261,17830
Random Forest,6717,0.0537962858423431,1211,16090,0.9603489294210944,0.9024116657319126,1261,17830
Random Forest,6718,0.05378743803113505,1211,16091,0.9603489294210944,0.9024677509814919,1261,17830
Random Forest,6719,0.05378624159876765,1211,16093,0.9603489294210944,0.9025799214806506,1261,17830
Random Forest,6720,0.05378330019348396,1211,16096,0.9603489294210944,0.9027481772293887,1261,17830
Random Forest,6721,0.05378190666918565,1211,16097,0.9603489294210944,0.9028042624789681,1261,17830
Random Forest,6722,0.053780566247158774,1211,16100,0.9603489294210944,0.9029725182277061,1261,17830
Random Forest,6723,0.053769477519732024,1211,16101,0.9603489294210944,0.9030286034772854,1261,17830
Random Forest,6724,0.05376534778869508,1211,16107,0.9603489294210944,0.9033651149747617,1261,17830
Random Forest,6725,0.0537642553472005,1211,16109,0.9603489294210944,0.9034772854739204,1261,17830
Random Forest,6726,0.053762453783571806,1211,16110,0.9603489294210944,0.9035333707234997,1261,17830
Random Forest,6727,0.053753136776098186,1212,16113,0.9611419508326725,0.9037016264722378,1261,17830
Random Forest,6728,0.05374566022251879,1212,16114,0.9611419508326725,0.9037577117218172,1261,17830
Random Forest,6729,0.05373903227291153,1212,16115,0.9611419508326725,0.9038137969713965,1261,17830
Random Forest,6730,0.05373751852300572,1212,16134,0.9611419508326725,0.9048794167134043,1261,17830
Random Forest,6731,0.0537255543073891,1212,16136,0.9611419508326725,0.9049915872125631,1261,17830
Random Forest,6732,0.053705448504253676,1212,16138,0.9611419508326725,0.9051037577117218,1261,17830
Random Forest,6733,0.05370239850190774,1212,16140,0.9611419508326725,0.9052159282108806,1261,17830
Random Forest,6734,0.05369767031450327,1212,16141,0.9611419508326725,0.9052720134604599,1261,17830
Random Forest,6735,0.053695295821225564,1212,16142,0.9611419508326725,0.9053280987100393,1261,17830
Random Forest,6736,0.05369309756275622,1212,16143,0.9611419508326725,0.9053841839596186,1261,17830
Random Forest,6737,0.053689585353616696,1212,16146,0.9611419508326725,0.9055524397083567,1261,17830
Random Forest,6738,0.05368568232839588,1212,16149,0.9611419508326725,0.9057206954570948,1261,17830
Random Forest,6739,0.053683588178731506,1212,16150,0.9611419508326725,0.9057767807066741,1261,17830
Random Forest,6740,0.053679170521436795,1215,16183,0.9635210150674068,0.907627593942793,1261,17830
Random Forest,6741,0.05367870968681341,1215,16184,0.9635210150674068,0.9076836791923724,1261,17830
Random Forest,6742,0.05367786741024597,1215,16185,0.9635210150674068,0.9077397644419518,1261,17830
Random Forest,6743,0.053674366895153015,1215,16187,0.9635210150674068,0.9078519349411105,1261,17830
Random Forest,6744,0.053671392017007775,1215,16188,0.9635210150674068,0.9079080201906898,1261,17830
Random Forest,6745,0.05366858348454202,1215,16190,0.9635210150674068,0.9080201906898485,1261,17830
Random Forest,6746,0.05366814604101241,1215,16191,0.9635210150674068,0.908076275939428,1261,17830
Random Forest,6747,0.05366757688392992,1215,16204,0.9635210150674068,0.9088053841839596,1261,17830
Random Forest,6748,0.053666410993759586,1215,16205,0.9635210150674068,0.908861469433539,1261,17830
Random Forest,6749,0.053632455735080395,1215,16206,0.9635210150674068,0.9089175546831183,1261,17830
Random Forest,6750,0.053631362126182136,1215,16212,0.9635210150674068,0.9092540661805945,1261,17830
Random Forest,6751,0.05361717655763773,1215,16213,0.9635210150674068,0.9093101514301739,1261,17830
Random Forest,6752,0.05360607408932505,1215,16214,0.9635210150674068,0.9093662366797532,1261,17830
Random Forest,6753,0.0535995658761734,1215,16224,0.9635210150674068,0.9099270891755469,1261,17830
Random Forest,6754,0.053598196340539465,1215,16225,0.9635210150674068,0.9099831744251262,1261,17830
Random Forest,6755,0.053592141844767606,1215,16226,0.9635210150674068,0.9100392596747056,1261,17830
Random Forest,6756,0.05358847274961562,1216,16226,0.964314036478985,0.9100392596747056,1261,17830
Random Forest,6757,0.05357046345256124,1216,16227,0.964314036478985,0.9100953449242849,1261,17830
Random Forest,6758,0.05356715640915167,1216,16228,0.964314036478985,0.9101514301738642,1261,17830
Random Forest,6759,0.053554862295142065,1216,16232,0.964314036478985,0.9103757711721817,1261,17830
Random Forest,6760,0.05355406313559282,1216,16233,0.964314036478985,0.910431856421761,1261,17830
Random Forest,6761,0.053547426164046834,1216,16235,0.964314036478985,0.9105440269209198,1261,17830
Random Forest,6762,0.05354234231975585,1216,16237,0.964314036478985,0.9106561974200785,1261,17830
Random Forest,6763,0.05353611073080397,1216,16238,0.964314036478985,0.9107122826696579,1261,17830
Random Forest,6764,0.05352959733276358,1216,16239,0.964314036478985,0.9107683679192372,1261,17830
Random Forest,6765,0.05352746616781993,1216,16240,0.964314036478985,0.9108244531688166,1261,17830
Random Forest,6766,0.053520632406612076,1216,16241,0.964314036478985,0.910880538418396,1261,17830
Random Forest,6767,0.0535160963832645,1217,16278,0.9651070578905631,0.9129556926528323,1261,17830
Random Forest,6768,0.053507823148948835,1217,16280,0.9651070578905631,0.9130678631519911,1261,17830
Random Forest,6769,0.0534960185393816,1217,16282,0.9651070578905631,0.9131800336511497,1261,17830
Random Forest,6770,0.05349241906454031,1217,16283,0.9651070578905631,0.9132361189007291,1261,17830
Random Forest,6771,0.053485513951552655,1217,16284,0.9651070578905631,0.9132922041503084,1261,17830
Random Forest,6772,0.05347772783188014,1217,16285,0.9651070578905631,0.9133482893998879,1261,17830
Random Forest,6773,0.05346563693463116,1217,16286,0.9651070578905631,0.9134043746494672,1261,17830
Random Forest,6774,0.053464503791861635,1217,16287,0.9651070578905631,0.9134604598990466,1261,17830
Random Forest,6775,0.053461131736534294,1217,16288,0.9651070578905631,0.9135165451486259,1261,17830
Random Forest,6776,0.05345921133086637,1217,16289,0.9651070578905631,0.9135726303982052,1261,17830
Random Forest,6777,0.05344540257005231,1217,16291,0.9651070578905631,0.913684800897364,1261,17830
Random Forest,6778,0.05344512983726189,1217,16292,0.9651070578905631,0.9137408861469434,1261,17830
Random Forest,6779,0.0534383398260388,1217,16302,0.9651070578905631,0.914301738642737,1261,17830
Random Forest,6780,0.05343754420284868,1217,16303,0.9651070578905631,0.9143578238923163,1261,17830
Random Forest,6781,0.05342719469656414,1217,16312,0.9651070578905631,0.9148625911385305,1261,17830
Random Forest,6782,0.05342004027341606,1218,16314,0.9659000793021412,0.9149747616376893,1261,17830
Random Forest,6783,0.05341003048856153,1218,16315,0.9659000793021412,0.9150308468872687,1261,17830
Random Forest,6784,0.05340701004525648,1227,16522,0.9730372720063442,0.9266404935501963,1261,17830
Random Forest,6785,0.05340401364020586,1227,16523,0.9730372720063442,0.9266965787997756,1261,17830
Random Forest,6786,0.05338729908908511,1227,16524,0.9730372720063442,0.926752664049355,1261,17830
Random Forest,6787,0.05337994044421446,1228,16531,0.9738302934179223,0.9271452607964106,1261,17830
Random Forest,6788,0.053379081712583244,1228,16532,0.9738302934179223,0.9272013460459899,1261,17830
Random Forest,6789,0.05337206777829361,1228,16534,0.9738302934179223,0.9273135165451486,1261,17830
Random Forest,6790,0.053368625010971595,1228,16536,0.9738302934179223,0.9274256870443074,1261,17830
Random Forest,6791,0.053362904786876476,1228,16537,0.9738302934179223,0.9274817722938867,1261,17830
Random Forest,6792,0.053362521187093816,1228,16540,0.9738302934179223,0.9276500280426248,1261,17830
Random Forest,6793,0.053348499954201156,1228,16541,0.9738302934179223,0.9277061132922042,1261,17830
Random Forest,6794,0.05334170994297806,1228,16543,0.9738302934179223,0.9278182837913629,1261,17830
Random Forest,6795,0.053331575006094166,1228,16579,0.9738302934179223,0.9298373527762198,1261,17830
Random Forest,6796,0.053320961352511916,1228,16580,0.9738302934179223,0.9298934380257993,1261,17830
Random Forest,6797,0.05331336530703406,1228,16581,0.9738302934179223,0.9299495232753786,1261,17830
Random Forest,6798,0.053309021865427596,1228,16582,0.9738302934179223,0.930005608524958,1261,17830
Random Forest,6799,0.05330399253738508,1228,16592,0.9738302934179223,0.9305664610207516,1261,17830
Random Forest,6800,0.05329967930850666,1228,16593,0.9738302934179223,0.9306225462703309,1261,17830
Random Forest,6801,0.05329871328973224,1228,16594,0.9738302934179223,0.9306786315199103,1261,17830
Random Forest,6802,0.05329381048434144,1228,16596,0.9738302934179223,0.9307908020190689,1261,17830
Random Forest,6803,0.05328372861362067,1228,16600,0.9738302934179223,0.9310151430173864,1261,17830
Random Forest,6804,0.053274819067984015,1228,16601,0.9738302934179223,0.9310712282669658,1261,17830
Random Forest,6805,0.05325335752825356,1228,16602,0.9738302934179223,0.9311273135165451,1261,17830
Random Forest,6806,0.05325280512514899,1228,16603,0.9738302934179223,0.9311833987661245,1261,17830
Random Forest,6807,0.05324718544817465,1228,16604,0.9738302934179223,0.9312394840157039,1261,17830
Random Forest,6808,0.0532460151139259,1230,16620,0.9754163362410785,0.9321368480089737,1261,17830
Random Forest,6809,0.05323641577165421,1230,16621,0.9754163362410785,0.932192933258553,1261,17830
Random Forest,6810,0.053177772987365354,1230,16622,0.9754163362410785,0.9322490185081324,1261,17830
Random Forest,6811,0.05317337346493887,1230,16623,0.9754163362410785,0.9323051037577117,1261,17830
Random Forest,6812,0.05317330308977137,1230,16624,0.9754163362410785,0.932361189007291,1261,17830
Random Forest,6813,0.05315503422038382,1231,16640,0.9762093576526566,0.9332585530005608,1261,17830
Random Forest,6814,0.053150703386323335,1231,16641,0.9762093576526566,0.9333146382501402,1261,17830
Random Forest,6815,0.05314201480205835,1231,16642,0.9762093576526566,0.9333707234997196,1261,17830
Random Forest,6816,0.05314074390899572,1231,16643,0.9762093576526566,0.933426808749299,1261,17830
Random Forest,6817,0.05313330052513803,1231,16645,0.9762093576526566,0.9335389792484576,1261,17830
Random Forest,6818,0.053127288315703056,1231,16647,0.9762093576526566,0.9336511497476164,1261,17830
Random Forest,6819,0.05312462831168773,1231,16648,0.9762093576526566,0.9337072349971958,1261,17830
Random Forest,6820,0.0531243931011921,1231,16649,0.9762093576526566,0.9337633202467751,1261,17830
Random Forest,6821,0.053116377200490415,1231,16650,0.9762093576526566,0.9338194054963544,1261,17830
Random Forest,6822,0.053114236001221386,1231,16651,0.9762093576526566,0.9338754907459338,1261,17830
Random Forest,6823,0.05309591559962517,1231,16652,0.9762093576526566,0.9339315759955131,1261,17830
Random Forest,6824,0.05309554685029703,1231,16653,0.9762093576526566,0.9339876612450926,1261,17830
Random Forest,6825,0.05308114310430462,1231,16655,0.9762093576526566,0.9340998317442513,1261,17830
Random Forest,6826,0.053027099670687465,1231,16656,0.9762093576526566,0.9341559169938306,1261,17830
Random Forest,6827,0.053023568067257866,1231,16657,0.9762093576526566,0.93421200224341,1261,17830
Random Forest,6828,0.05302300964498667,1231,16658,0.9762093576526566,0.9342680874929894,1261,17830
Random Forest,6829,0.05301717690452947,1231,16659,0.9762093576526566,0.9343241727425687,1261,17830
Random Forest,6830,0.053016778056034775,1231,16667,0.9762093576526566,0.9347728547392036,1261,17830
Random Forest,6831,0.05301037722275382,1231,16670,0.9762093576526566,0.9349411104879417,1261,17830
Random Forest,6832,0.05298544827525244,1247,17322,0.9888977002379065,0.9715086932136848,1261,17830
Random Forest,6833,0.052973885461665066,1247,17323,0.9888977002379065,0.9715647784632642,1261,17830
Random Forest,6834,0.05295920802632839,1247,17324,0.9888977002379065,0.9716208637128435,1261,17830
Random Forest,6835,0.05295593824018104,1247,17326,0.9888977002379065,0.9717330342120022,1261,17830
Random Forest,6836,0.05294102731500295,1247,17336,0.9888977002379065,0.9722938867077958,1261,17830
Random Forest,6837,0.052927337782328186,1247,17337,0.9888977002379065,0.9723499719573752,1261,17830
Random Forest,6838,0.0529257971624927,1247,17338,0.9888977002379065,0.9724060572069546,1261,17830
Random Forest,6839,0.052906886015333665,1247,17339,0.9888977002379065,0.972462142456534,1261,17830
Random Forest,6840,0.05289147097665977,1247,17340,0.9888977002379065,0.9725182277061133,1261,17830
Random Forest,6841,0.05287504736595071,1247,17348,0.9888977002379065,0.9729669097027481,1261,17830
Random Forest,6842,0.05287124864459985,1247,17349,0.9888977002379065,0.9730229949523276,1261,17830
Random Forest,6843,0.05286739778066837,1247,17350,0.9888977002379065,0.9730790802019069,1261,17830
Random Forest,6844,0.052861735344429235,1247,17351,0.9888977002379065,0.9731351654514863,1261,17830
Random Forest,6845,0.052856361484837674,1247,17352,0.9888977002379065,0.9731912507010656,1261,17830
Random Forest,6846,0.052856082347425504,1248,17353,0.9896907216494846,0.9732473359506449,1261,17830
Random Forest,6847,0.05285598482358238,1249,17354,0.9904837430610627,0.9733034212002244,1261,17830
Random Forest,6848,0.052850270844295846,1249,17355,0.9904837430610627,0.9733595064498037,1261,17830
Random Forest,6849,0.05284997852354772,1249,17357,0.9904837430610627,0.9734716769489624,1261,17830
Random Forest,6850,0.0528492923362024,1249,17365,0.9904837430610627,0.9739203589455973,1261,17830
Random Forest,6851,0.05284318851232462,1249,17370,0.9904837430610627,0.9742007851934941,1261,17830
Random Forest,6852,0.05283687052521223,1250,17371,0.9912767644726408,0.9742568704430735,1261,17830
Random Forest,6853,0.05282916727943196,1250,17372,0.9912767644726408,0.9743129556926529,1261,17830
Random Forest,6854,0.0528241134855312,1250,17373,0.9912767644726408,0.9743690409422322,1261,17830
Random Forest,6855,0.05281805117216111,1250,17374,0.9912767644726408,0.9744251261918115,1261,17830
Random Forest,6856,0.052793772587095535,1250,17375,0.9912767644726408,0.9744812114413909,1261,17830
Random Forest,6857,0.05279246384496575,1250,17378,0.9912767644726408,0.974649467190129,1261,17830
Random Forest,6858,0.05279177464074718,1250,17380,0.9912767644726408,0.9747616376892877,1261,17830
Random Forest,6859,0.05278946743991513,1250,17381,0.9912767644726408,0.974817722938867,1261,17830
Random Forest,6860,0.05278631465947532,1250,17382,0.9912767644726408,0.9748738081884465,1261,17830
Random Forest,6861,0.05278058219587762,1251,17383,0.9920697858842189,0.9749298934380258,1261,17830
Random Forest,6862,0.0527659420035862,1251,17384,0.9920697858842189,0.9749859786876052,1261,17830
Random Forest,6863,0.05276041048476702,1251,17385,0.9920697858842189,0.9750420639371845,1261,17830
Random Forest,6864,0.05275728850711958,1251,17389,0.9920697858842189,0.975266404935502,1261,17830
Random Forest,6865,0.05274858987268807,1251,17390,0.9920697858842189,0.9753224901850813,1261,17830
Random Forest,6866,0.05273364397923829,1251,17391,0.9920697858842189,0.9753785754346607,1261,17830
Random Forest,6867,0.052733472450379806,1251,17392,0.9920697858842189,0.97543466068424,1261,17830
Random Forest,6868,0.05272805177633084,1251,17393,0.9920697858842189,0.9754907459338195,1261,17830
Random Forest,6869,0.052724708055612135,1251,17394,0.9920697858842189,0.9755468311833988,1261,17830
Random Forest,6870,0.05271865011406242,1251,17396,0.9920697858842189,0.9756590016825575,1261,17830
Random Forest,6871,0.052707334680819555,1251,17398,0.9920697858842189,0.9757711721817162,1261,17830
Random Forest,6872,0.05269810072443705,1251,17399,0.9920697858842189,0.9758272574312956,1261,17830
Random Forest,6873,0.052644055524809406,1251,17400,0.9920697858842189,0.975883342680875,1261,17830
Random Forest,6874,0.0526365738603107,1251,17411,0.9920697858842189,0.9765002804262479,1261,17830
Random Forest,6875,0.05263253366183993,1251,17413,0.9920697858842189,0.9766124509254066,1261,17830
Random Forest,6876,0.05263245778810923,1251,17414,0.9920697858842189,0.976668536174986,1261,17830
Random Forest,6877,0.05263082207607978,1252,17415,0.992862807295797,0.9767246214245653,1261,17830
Random Forest,6878,0.05262566777688614,1252,17416,0.992862807295797,0.9767807066741447,1261,17830
Random Forest,6879,0.05262179135739431,1252,17417,0.992862807295797,0.9768367919237241,1261,17830
Random Forest,6880,0.05261395145443349,1252,17418,0.992862807295797,0.9768928771733034,1261,17830
Random Forest,6881,0.052601124505010415,1252,17419,0.992862807295797,0.9769489624228828,1261,17830
Random Forest,6882,0.05259853678487708,1252,17420,0.992862807295797,0.9770050476724621,1261,17830
Random Forest,6883,0.052596802249181014,1252,17421,0.992862807295797,0.9770611329220416,1261,17830
Random Forest,6884,0.05259436386633732,1252,17422,0.992862807295797,0.9771172181716209,1261,17830
Random Forest,6885,0.05258757385511422,1252,17423,0.992862807295797,0.9771733034212002,1261,17830
Random Forest,6886,0.05258262167365118,1252,17432,0.992862807295797,0.9776780706674145,1261,17830
Random Forest,6887,0.05257434891168785,1252,17433,0.992862807295797,0.9777341559169939,1261,17830
Random Forest,6888,0.052562373336595226,1252,17434,0.992862807295797,0.9777902411665732,1261,17830
Random Forest,6889,0.05255518239238432,1252,17438,0.992862807295797,0.9780145821648907,1261,17830
Random Forest,6890,0.052545890695980806,1252,17439,0.992862807295797,0.97807066741447,1261,17830
Random Forest,6891,0.052538465281018666,1252,17444,0.992862807295797,0.9783510936623668,1261,17830
Random Forest,6892,0.05253474441943661,1252,17445,0.992862807295797,0.9784071789119462,1261,17830
Random Forest,6893,0.052524628316642494,1252,17447,0.992862807295797,0.9785193494111049,1261,17830
Random Forest,6894,0.052505312682246924,1252,17450,0.992862807295797,0.978687605159843,1261,17830
Random Forest,6895,0.05250423539248868,1252,17456,0.992862807295797,0.9790241166573191,1261,17830
Random Forest,6896,0.05250012131466942,1252,17457,0.992862807295797,0.9790802019068985,1261,17830
Random Forest,6897,0.05248941305617129,1252,17458,0.992862807295797,0.9791362871564778,1261,17830
Random Forest,6898,0.05248720723778097,1252,17460,0.992862807295797,0.9792484576556366,1261,17830
Random Forest,6899,0.05246238529802915,1252,17461,0.992862807295797,0.979304542905216,1261,17830
Random Forest,6900,0.052401212867074,1252,17463,0.992862807295797,0.9794167134043746,1261,17830
Random Forest,6901,0.05239947228255681,1252,17464,0.992862807295797,0.979472798653954,1261,17830
Random Forest,6902,0.052396430718995,1252,17466,0.992862807295797,0.9795849691531128,1261,17830
Random Forest,6903,0.05237090207496172,1255,17504,0.9952418715305313,0.9817162086371284,1261,17830
Random Forest,6904,0.05236510093821269,1255,17506,0.9952418715305313,0.9818283791362872,1261,17830
Random Forest,6905,0.05236164092154861,1256,17506,0.9960348929421095,0.9818283791362872,1261,17830
Random Forest,6906,0.05235406216545893,1256,17507,0.9960348929421095,0.9818844643858665,1261,17830
Random Forest,6907,0.05234727669791896,1256,17508,0.9960348929421095,0.9819405496354459,1261,17830
Random Forest,6908,0.05233674967265631,1257,17518,0.9968279143536876,0.9825014021312395,1261,17830
Random Forest,6909,0.05233064584877852,1257,17532,0.9968279143536876,0.9832865956253505,1261,17830
Random Forest,6910,0.05232700701644078,1257,17534,0.9968279143536876,0.9833987661245093,1261,17830
Random Forest,6911,0.052309964391236904,1257,17535,0.9968279143536876,0.9834548513740886,1261,17830
Random Forest,6912,0.05225797017988985,1257,17536,0.9968279143536876,0.983510936623668,1261,17830
Random Forest,6913,0.0522483164859546,1257,17537,0.9968279143536876,0.9835670218732473,1261,17830
Random Forest,6914,0.05224107780999782,1257,17543,0.9968279143536876,0.9839035333707234,1261,17830
Random Forest,6915,0.052234973986120044,1257,17544,0.9968279143536876,0.9839596186203029,1261,17830
Random Forest,6916,0.052233507792837613,1257,17545,0.9968279143536876,0.9840157038698822,1261,17830
Random Forest,6917,0.052231335153782296,1257,17546,0.9968279143536876,0.9840717891194616,1261,17830
Random Forest,6918,0.05223077334792744,1257,17547,0.9968279143536876,0.9841278743690409,1261,17830
Random Forest,6919,0.05222724513983342,1257,17548,0.9968279143536876,0.9841839596186203,1261,17830
Random Forest,6920,0.05222664039910752,1257,17550,0.9968279143536876,0.9842961301177791,1261,17830
Random Forest,6921,0.052208719101561656,1257,17551,0.9968279143536876,0.9843522153673584,1261,17830
Random Forest,6922,0.05218800200605036,1258,17554,0.9976209357652657,0.9845204711160964,1261,17830
Random Forest,6923,0.05212130767295611,1258,17555,0.9976209357652657,0.9845765563656759,1261,17830
Random Forest,6924,0.052118926250089063,1258,17556,0.9976209357652657,0.9846326416152552,1261,17830
Random Forest,6925,0.05211692647740832,1258,17557,0.9976209357652657,0.9846887268648346,1261,17830
Random Forest,6926,0.052116903511014646,1258,17559,0.9976209357652657,0.9848008973639932,1261,17830
Random Forest,6927,0.05211312511334004,1258,17562,0.9976209357652657,0.9849691531127314,1261,17830
Random Forest,6928,0.05210270680035122,1258,17563,0.9976209357652657,0.9850252383623107,1261,17830
Random Forest,6929,0.05210180968009718,1258,17565,0.9976209357652657,0.9851374088614694,1261,17830
Random Forest,6930,0.05209878473436296,1258,17566,0.9976209357652657,0.9851934941110488,1261,17830
Random Forest,6931,0.05209501966887408,1258,17568,0.9976209357652657,0.9853056646102075,1261,17830
Random Forest,6932,0.052053598542034396,1258,17569,0.9976209357652657,0.9853617498597869,1261,17830
Random Forest,6933,0.05205177146263541,1258,17570,0.9976209357652657,0.9854178351093662,1261,17830
Random Forest,6934,0.05203742572145942,1258,17571,0.9976209357652657,0.9854739203589455,1261,17830
Random Forest,6935,0.051993980208630435,1258,17574,0.9976209357652657,0.9856421761076837,1261,17830
Random Forest,6936,0.05199039030245005,1258,17575,0.9976209357652657,0.985698261357263,1261,17830
Random Forest,6937,0.05198692389438643,1258,17576,0.9976209357652657,0.9857543466068424,1261,17830
Random Forest,6938,0.05197879752305477,1258,17577,0.9976209357652657,0.9858104318564218,1261,17830
Random Forest,6939,0.051955996881320535,1258,17578,0.9976209357652657,0.9858665171060012,1261,17830
Random Forest,6940,0.051910600816374206,1258,17579,0.9976209357652657,0.9859226023555805,1261,17830
Random Forest,6941,0.05187899271157638,1258,17581,0.9976209357652657,0.9860347728547392,1261,17830
Random Forest,6942,0.05186734553167129,1258,17583,0.9976209357652657,0.986146943353898,1261,17830
Random Forest,6943,0.051866047161378895,1258,17584,0.9976209357652657,0.9862030286034773,1261,17830
Random Forest,6944,0.05186578261098295,1258,17585,0.9976209357652657,0.9862591138530566,1261,17830
Random Forest,6945,0.05186309308550075,1258,17586,0.9976209357652657,0.986315199102636,1261,17830
Random Forest,6946,0.05184986154334463,1258,17587,0.9976209357652657,0.9863712843522153,1261,17830
Random Forest,6947,0.05183445283020064,1258,17589,0.9976209357652657,0.9864834548513741,1261,17830
Random Forest,6948,0.05180547137178888,1258,17590,0.9976209357652657,0.9865395401009535,1261,17830
Random Forest,6949,0.051800950573863296,1258,17591,0.9976209357652657,0.9865956253505328,1261,17830
Random Forest,6950,0.05178624169213786,1258,17593,0.9976209357652657,0.9867077958496915,1261,17830
Random Forest,6951,0.051781997179659686,1258,17594,0.9976209357652657,0.9867638810992709,1261,17830
Random Forest,6952,0.051747770855589285,1258,17595,0.9976209357652657,0.9868199663488503,1261,17830
Random Forest,6953,0.051680610031252294,1258,17596,0.9976209357652657,0.9868760515984296,1261,17830
Random Forest,6954,0.051662702714904564,1258,17601,0.9976209357652657,0.9871564778463264,1261,17830
Random Forest,6955,0.051640807694036006,1258,17602,0.9976209357652657,0.9872125630959058,1261,17830
Random Forest,6956,0.05163526343363769,1258,17603,0.9976209357652657,0.9872686483454851,1261,17830
Random Forest,6957,0.05163349195813962,1258,17604,0.9976209357652657,0.9873247335950645,1261,17830
Random Forest,6958,0.051610451974959795,1258,17605,0.9976209357652657,0.9873808188446439,1261,17830
Random Forest,6959,0.051604360847468556,1258,17606,0.9976209357652657,0.9874369040942232,1261,17830
Random Forest,6960,0.05159052388309237,1258,17607,0.9976209357652657,0.9874929893438026,1261,17830
Random Forest,6961,0.05158701034570592,1258,17608,0.9976209357652657,0.9875490745933819,1261,17830
Random Forest,6962,0.05158247700532799,1258,17609,0.9976209357652657,0.9876051598429613,1261,17830
Random Forest,6963,0.05157241843862641,1258,17612,0.9976209357652657,0.9877734155916994,1261,17830
Random Forest,6964,0.05156703085224608,1258,17613,0.9976209357652657,0.9878295008412787,1261,17830
Random Forest,6965,0.0515342658672652,1258,17614,0.9976209357652657,0.9878855860908581,1261,17830
Random Forest,6966,0.05152587078429754,1258,17617,0.9976209357652657,0.9880538418395962,1261,17830
Random Forest,6967,0.05152009304722712,1258,17618,0.9976209357652657,0.9881099270891756,1261,17830
Random Forest,6968,0.051490554842488205,1258,17619,0.9976209357652657,0.9881660123387549,1261,17830
Random Forest,6969,0.051481437545084344,1258,17621,0.9976209357652657,0.9882781828379136,1261,17830
Random Forest,6970,0.05147784763890395,1258,17622,0.9976209357652657,0.988334268087493,1261,17830
Random Forest,6971,0.05145799718361609,1258,17624,0.9976209357652657,0.9884464385866517,1261,17830
Random Forest,6972,0.0514107268900319,1258,17630,0.9976209357652657,0.9887829500841279,1261,17830
Random Forest,6973,0.05140708805769416,1258,17631,0.9976209357652657,0.9888390353337072,1261,17830
Random Forest,6974,0.05138883186916335,1258,17633,0.9976209357652657,0.988951205832866,1261,17830
Random Forest,6975,0.05137239016184073,1258,17634,0.9976209357652657,0.9890072910824453,1261,17830
Random Forest,6976,0.05135082448864649,1258,17635,0.9976209357652657,0.9890633763320247,1261,17830
Random Forest,6977,0.05134671448660969,1258,17637,0.9976209357652657,0.9891755468311834,1261,17830
Random Forest,6978,0.05134163021583545,1258,17638,0.9976209357652657,0.9892316320807628,1261,17830
Random Forest,6979,0.05130088770021445,1258,17639,0.9976209357652657,0.9892877173303422,1261,17830
Random Forest,6980,0.05128572737949262,1258,17640,0.9976209357652657,0.9893438025799215,1261,17830
Random Forest,6981,0.05126336189292858,1258,17641,0.9976209357652657,0.9893998878295008,1261,17830
Random Forest,6982,0.051206751046422104,1258,17642,0.9976209357652657,0.9894559730790802,1261,17830
Random Forest,6983,0.05120314192320023,1258,17643,0.9976209357652657,0.9895120583286595,1261,17830
Random Forest,6984,0.051196014869961205,1258,17644,0.9976209357652657,0.989568143578239,1261,17830
Random Forest,6985,0.05118377598077514,1258,17645,0.9976209357652657,0.9896242288278183,1261,17830
Random Forest,6986,0.051174488590272675,1258,17646,0.9976209357652657,0.9896803140773976,1261,17830
Random Forest,6987,0.05115511223282149,1258,17648,0.9976209357652657,0.9897924845765563,1261,17830
Random Forest,6988,0.05115458573317679,1258,17649,0.9976209357652657,0.9898485698261357,1261,17830
Random Forest,6989,0.05115007976611682,1258,17651,0.9976209357652657,0.9899607403252945,1261,17830
Random Forest,6990,0.05111653855831846,1258,17652,0.9976209357652657,0.9900168255748738,1261,17830
Random Forest,6991,0.05105987577508031,1258,17653,0.9976209357652657,0.9900729108244531,1261,17830
Random Forest,6992,0.05105340112403561,1259,17678,0.9984139571768438,0.9914750420639372,1261,17830
Random Forest,6993,0.051029926931906416,1260,17690,0.9992069785884219,0.9921480650588895,1261,17830
Random Forest,6994,0.050957729261377135,1260,17694,0.9992069785884219,0.992372406057207,1261,17830
Random Forest,6995,0.05094776672644607,1260,17695,0.9992069785884219,0.9924284913067863,1261,17830
Random Forest,6996,0.0509254915780581,1260,17696,0.9992069785884219,0.9924845765563657,1261,17830
Random Forest,6997,0.050925152716605665,1260,17697,0.9992069785884219,0.992540661805945,1261,17830
Random Forest,6998,0.0508668913447936,1260,17698,0.9992069785884219,0.9925967470555244,1261,17830
Random Forest,6999,0.05086664152410321,1260,17699,0.9992069785884219,0.9926528323051037,1261,17830
Random Forest,7000,0.05085391295708513,1260,17700,0.9992069785884219,0.9927089175546832,1261,17830
Random Forest,7001,0.050849650147255496,1260,17701,0.9992069785884219,0.9927650028042625,1261,17830
Random Forest,7002,0.05084174205382868,1260,17702,0.9992069785884219,0.9928210880538418,1261,17830
Random Forest,7003,0.05078194126972756,1260,17703,0.9992069785884219,0.9928771733034212,1261,17830
Random Forest,7004,0.05077431227469603,1260,17706,0.9992069785884219,0.9930454290521593,1261,17830
Random Forest,7005,0.05076711229507214,1260,17707,0.9992069785884219,0.9931015143017387,1261,17830
Random Forest,7006,0.05075929249116215,1260,17708,0.9992069785884219,0.993157599551318,1261,17830
Random Forest,7007,0.05075922298558191,1260,17709,0.9992069785884219,0.9932136848008973,1261,17830
Random Forest,7008,0.050742220909232215,1260,17710,0.9992069785884219,0.9932697700504767,1261,17830
Random Forest,7009,0.05069254333591104,1260,17711,0.9992069785884219,0.9933258553000561,1261,17830
Random Forest,7010,0.050661213555128724,1260,17714,0.9992069785884219,0.9934941110487941,1261,17830
Random Forest,7011,0.050644176855770426,1260,17715,0.9992069785884219,0.9935501962983735,1261,17830
Random Forest,7012,0.05059760839367714,1260,17716,0.9992069785884219,0.9936062815479529,1261,17830
Random Forest,7013,0.050594960911123116,1260,17717,0.9992069785884219,0.9936623667975323,1261,17830
Random Forest,7014,0.05056902630865649,1260,17718,0.9992069785884219,0.9937184520471116,1261,17830
Random Forest,7015,0.05055092086419053,1260,17720,0.9992069785884219,0.9938306225462703,1261,17830
Random Forest,7016,0.050546186148015815,1260,17721,0.9992069785884219,0.9938867077958496,1261,17830
Random Forest,7017,0.050543721946856905,1260,17722,0.9992069785884219,0.9939427930454291,1261,17830
Random Forest,7018,0.05043678228412107,1260,17723,0.9992069785884219,0.9939988782950084,1261,17830
Random Forest,7019,0.05038570392758154,1260,17724,0.9992069785884219,0.9940549635445878,1261,17830
Random Forest,7020,0.0503303174724863,1260,17727,0.9992069785884219,0.9942232192933259,1261,17830
Random Forest,7021,0.05032910787985892,1260,17728,0.9992069785884219,0.9942793045429053,1261,17830
Random Forest,7022,0.050326965653862396,1260,17729,0.9992069785884219,0.9943353897924846,1261,17830
Random Forest,7023,0.05029900223807309,1260,17730,0.9992069785884219,0.9943914750420639,1261,17830
Random Forest,7024,0.05028449068609106,1260,17732,0.9992069785884219,0.9945036455412226,1261,17830
Random Forest,7025,0.050282914267470044,1261,17732,1.0,0.9945036455412226,1261,17830
Random Forest,7026,0.050268236788757366,1261,17733,1.0,0.9945597307908021,1261,17830
Random Forest,7027,0.05025456963152605,1261,17735,1.0,0.9946719012899607,1261,17830
Random Forest,7028,0.050251695507983016,1261,17736,1.0,0.9947279865395401,1261,17830
Random Forest,7029,0.05023532569770803,1261,17737,1.0,0.9947840717891194,1261,17830
Random Forest,7030,0.050225188052193254,1261,17739,1.0,0.9948962422882782,1261,17830
Random Forest,7031,0.05017906760562618,1261,17740,1.0,0.9949523275378576,1261,17830
Random Forest,7032,0.0501730755421745,1261,17741,1.0,0.9950084127874369,1261,17830
Random Forest,7033,0.05017232947100486,1261,17744,1.0,0.995176668536175,1261,17830
Random Forest,7034,0.050159154589986696,1261,17745,1.0,0.9952327537857544,1261,17830
Random Forest,7035,0.05002041583450429,1261,17747,1.0,0.9953449242849131,1261,17830
Random Forest,7036,0.05000641441845118,1261,17748,1.0,0.9954010095344924,1261,17830
Random Forest,7037,0.04997321127827335,1261,17749,1.0,0.9954570947840717,1261,17830
Random Forest,7038,0.04993692031095204,1261,17750,1.0,0.9955131800336512,1261,17830
Random Forest,7039,0.049873435736038876,1261,17751,1.0,0.9955692652832305,1261,17830
Random Forest,7040,0.04981325333196176,1261,17753,1.0,0.9956814357823892,1261,17830
Random Forest,7041,0.04964818886380883,1261,17754,1.0,0.9957375210319686,1261,17830
Random Forest,7042,0.04960262872039984,1261,17755,1.0,0.995793606281548,1261,17830
Random Forest,7043,0.04958148050004048,1261,17756,1.0,0.9958496915311273,1261,17830
Random Forest,7044,0.049547975312463896,1261,17759,1.0,0.9960179472798654,1261,17830
Random Forest,7045,0.04952877817960621,1261,17760,1.0,0.9960740325294447,1261,17830
Random Forest,7046,0.04946783826294014,1261,17761,1.0,0.9961301177790242,1261,17830
Random Forest,7047,0.04946104825171704,1261,17762,1.0,0.9961862030286035,1261,17830
Random Forest,7048,0.04945036331190276,1261,17763,1.0,0.9962422882781828,1261,17830
Random Forest,7049,0.049448688999375,1261,17765,1.0,0.9963544587773415,1261,17830
Random Forest,7050,0.04942977462123016,1261,17766,1.0,0.996410544026921,1261,17830
Random Forest,7051,0.04940290295366781,1261,17769,1.0,0.996578799775659,1261,17830
Random Forest,7052,0.04928001972620237,1261,17770,1.0,0.9966348850252383,1261,17830
Random Forest,7053,0.049160665255971916,1261,17771,1.0,0.9966909702748177,1261,17830
Random Forest,7054,0.04914573131357034,1261,17772,1.0,0.9967470555243971,1261,17830
Random Forest,7055,0.04911523925213365,1261,17773,1.0,0.9968031407739765,1261,17830
Random Forest,7056,0.049110433781070995,1261,17774,1.0,0.9968592260235558,1261,17830
Random Forest,7057,0.04902864263769469,1261,17775,1.0,0.9969153112731352,1261,17830
Random Forest,7058,0.04902712722937096,1261,17776,1.0,0.9969713965227145,1261,17830
Random Forest,7059,0.04900802284915091,1261,17777,1.0,0.9970274817722938,1261,17830
Random Forest,7060,0.04899101570690965,1261,17778,1.0,0.9970835670218733,1261,17830
Random Forest,7061,0.04896013019274121,1261,17779,1.0,0.9971396522714526,1261,17830
Random Forest,7062,0.048948505588170946,1261,17780,1.0,0.997195737521032,1261,17830
Random Forest,7063,0.04893782064835667,1261,17781,1.0,0.9972518227706113,1261,17830
Random Forest,7064,0.04892010869315682,1261,17782,1.0,0.9973079080201906,1261,17830
Random Forest,7065,0.048833015122879075,1261,17783,1.0,0.9973639932697701,1261,17830
Random Forest,7066,0.048674074687869724,1261,17784,1.0,0.9974200785193494,1261,17830
Random Forest,7067,0.04863063205182581,1261,17785,1.0,0.9974761637689288,1261,17830
Random Forest,7068,0.04860885922085958,1261,17786,1.0,0.9975322490185081,1261,17830
Random Forest,7069,0.04858601014213438,1261,17787,1.0,0.9975883342680875,1261,17830
Random Forest,7070,0.04851559853695163,1261,17789,1.0,0.9977005047672463,1261,17830
Random Forest,7071,0.048482934349898074,1261,17790,1.0,0.9977565900168256,1261,17830
Random Forest,7072,0.04845086385625413,1261,17791,1.0,0.9978126752664049,1261,17830
Random Forest,7073,0.04841852364995669,1261,17792,1.0,0.9978687605159843,1261,17830
Random Forest,7074,0.048414735152331856,1261,17793,1.0,0.9979248457655636,1261,17830
Random Forest,7075,0.048393938438045854,1261,17794,1.0,0.9979809310151431,1261,17830
Random Forest,7076,0.04837273760424951,1261,17795,1.0,0.9980370162647224,1261,17830
Random Forest,7077,0.04836049069942927,1261,17796,1.0,0.9980931015143018,1261,17830
Random Forest,7078,0.04826646880315135,1261,17797,1.0,0.9981491867638811,1261,17830
Random Forest,7079,0.0482617336320508,1261,17798,1.0,0.9982052720134604,1261,17830
Random Forest,7080,0.04817129262098274,1261,17799,1.0,0.9982613572630398,1261,17830
Random Forest,7081,0.0481176630276848,1261,17800,1.0,0.9983174425126192,1261,17830
Random Forest,7082,0.048094036766947595,1261,17801,1.0,0.9983735277621986,1261,17830
Random Forest,7083,0.04792656967708319,1261,17803,1.0,0.9984856982613572,1261,17830
Random Forest,7084,0.04786365758080348,1261,17804,1.0,0.9985417835109366,1261,17830
Random Forest,7085,0.04785997756004561,1261,17805,1.0,0.998597868760516,1261,17830
Random Forest,7086,0.047756081896927524,1261,17806,1.0,0.9986539540100954,1261,17830
Random Forest,7087,0.04775262698270523,1261,17807,1.0,0.9987100392596747,1261,17830
Random Forest,7088,0.0476709643428115,1261,17808,1.0,0.9987661245092541,1261,17830
Random Forest,7089,0.04749551505825409,1261,17813,1.0,0.9990465507571509,1261,17830
Random Forest,7090,0.04737291868478768,1261,17814,1.0,0.9991026360067302,1261,17830
Random Forest,7091,0.04733960594550153,1261,17815,1.0,0.9991587212563096,1261,17830
Random Forest,7092,0.04729338088575808,1261,17816,1.0,0.9992148065058889,1261,17830
Random Forest,7093,0.04702480899544215,1261,17817,1.0,0.9992708917554683,1261,17830
Random Forest,7094,0.04699347921465982,1261,17821,1.0,0.9994952327537857,1261,17830
Random Forest,7095,0.04666916033087697,1261,17822,1.0,0.9995513180033652,1261,17830
Random Forest,7096,0.046411811762872575,1261,17823,1.0,0.9996074032529445,1261,17830
Random Forest,7097,0.046392414610811485,1261,17824,1.0,0.9996634885025238,1261,17830
Random Forest,7098,0.0463789330143691,1261,17825,1.0,0.9997195737521032,1261,17830
Random Forest,7099,0.04631843096565107,1261,17826,1.0,0.9997756590016825,1261,17830
Random Forest,7100,0.046131107314126986,1261,17827,1.0,0.9998317442512619,1261,17830
Random Forest,7101,0.04580387876314979,1261,17828,1.0,0.9998878295008413,1261,17830
Random Forest,7102,0.04496696134608928,1261,17829,1.0,0.9999439147504207,1261,17830
Random Forest,7103,0.0449458009781884,1261,17830,1.0,1.0,1261,17830
